OBJECTID,UIDENTSTLA,ULAND,UREGBEZ,UKREIS,UGEMEINDE,UJAHR,UMONAT,USTUNDE,UWOCHENTAG,UKATEGORIE,UART,UTYP1,ULICHTVERH,IstRad,IstPKW,IstFuss,IstKrad,IstGkfz,IstSonstig,LINREFX,LINREFY,XGCSWGS84,YGCSWGS84,STRZUSTAN,Teilnehmer,color,symbol
88700,"9,21E+18",9,7,72,147,2021,2,2,2,3,8,7,2,0,1,0,0,0,0,"633572,753067","5364555,08981",10.805363972,48.419977418,1,2,#fc8d62,car
88701,"9,21E+18",9,1,74,115,2021,2,13,5,3,1,6,0,0,1,0,0,0,0,"683364,678764","5348899,74664",11.470970307,48.266742535,0,2,#fc8d62,car
88702,"9,21E+18",9,2,74,126,2021,2,13,6,3,5,3,0,0,1,0,0,0,0,"733146,454168","5382878,10285",12.15974764,48.555608451,0,2,#fc8d62,car
88708,"9,21E+18",9,1,62,0,2021,2,9,2,3,3,6,0,0,1,0,0,0,0,"693899,887931","5331659,34852",11.60492162,48.108656608,0,2,#fc8d62,car
88711,"9,21E+18",9,2,74,146,2021,2,16,7,3,1,6,1,0,1,0,0,0,0,"733145,15361","5377833,84659",12.156909119,48.51029806,0,2,#fc8d62,car
88717,"9,21E+18",9,7,71,130,2021,2,10,4,3,3,1,0,0,1,0,0,1,0,"645990,733457","5362805,35555",10.97249699,48.401490206,1,2,#fc8d62,car
88718,"9,21E+18",9,7,71,129,2021,2,15,6,3,0,1,0,0,1,0,0,0,0,"656188,199863","5355525,16223",11.107478695,48.333593808,1,2,#fc8d62,car
88719,"9,21E+18",9,7,77,158,2021,2,7,2,3,4,2,0,0,1,0,0,0,0,"618829,602344","5311893,65139",10.591449052,47.949326147,0,2,#fc8d62,car
88726,"9,21E+18",9,1,74,146,2021,2,21,2,3,9,1,2,0,1,0,0,0,0,"669031,063315","5349577,73845",11.27825095,48.276824585,1,2,#fc8d62,car
88734,"9,21E+18",9,1,78,120,2021,2,14,6,3,4,3,0,0,1,0,0,0,0,"695898,505777","5353599,26879",11.641871058,48.305226285,0,2,#fc8d62,car
88750,"9,21E+18",9,1,86,152,2021,2,8,5,2,8,1,0,0,1,0,0,0,0,"690164,486246","5378407,61588",11.575871333,48.52994008,2,2,#fc8d62,car
88752,"9,21E+18",9,1,62,0,2021,2,11,6,3,2,6,0,0,1,0,0,0,0,"690120,672579","5339079,09812",11.557515932,48.176484505,0,2,#fc8d62,car
88757,"9,21E+18",9,1,84,135,2021,2,15,5,3,2,6,0,0,1,0,0,0,0,"692119,251653","5344746,38622",11.586937808,48.226819331,0,2,#fc8d62,car
88759,"9,21E+18",9,1,79,118,2021,2,16,2,3,2,6,0,0,1,0,0,0,0,"672772,531675","5338199,92598",11.323999447,48.173535016,0,2,#fc8d62,car
88762,"9,21E+18",9,2,61,0,2021,2,18,4,3,2,6,0,0,1,0,1,0,0,"730395,99501","5381701,73683",12.121878939,48.54605758,2,2,#fc8d62,car
88764,"9,21E+18",9,7,61,0,2021,2,7,6,3,4,1,0,0,1,0,1,0,0,"638777,464834","5352381,2648",10.871655872,48.309387898,0,2,#fc8d62,car
88774,"9,21E+18",9,1,87,182,2021,2,15,5,3,3,6,0,0,1,0,0,0,0,"740699,32039","5327783,99288",12.230523264,48.057886484,0,2,#fc8d62,car
88775,"9,21E+18",9,1,74,115,2021,2,9,3,3,0,6,0,0,1,0,0,0,1,"683335,974484","5348651,25121",11.470476159,48.264517267,1,2,#fc8d62,car
88776,"9,21E+18",9,1,85,113,2021,2,8,5,3,2,6,1,0,1,0,0,0,0,"671943,931734","5378810,4913",11.329454924,48.538817682,1,2,#fc8d62,car
88778,"9,21E+18",9,1,78,136,2021,2,18,5,2,4,6,0,0,1,0,1,0,0,"696056,015106","5370618,68535",11.651931635,48.458130452,0,2,#fc8d62,car
88786,"9,21E+18",9,7,71,149,2021,2,18,1,3,9,6,1,0,1,0,0,0,0,"652966,557542","5364199,73828",11.067193997,48.412372754,1,2,#fc8d62,car
88788,"9,21E+18",9,1,79,145,2021,2,20,2,2,5,3,2,1,1,0,0,0,0,"676232,448447","5339289,33993",11.370950326,48.182377968,1,1,#66c2a5,bicycle
88790,"9,21E+18",9,7,77,121,2021,2,18,4,3,0,7,1,0,0,0,1,0,1,"627977,862539","5320737,86521",10.716550337,48.027100975,1,4,#e78ac3,marker
88793,"9,21E+18",9,1,74,146,2021,2,6,4,3,1,7,2,0,1,0,0,0,0,"668444,877632","5349980,61809",11.270517187,48.280602545,1,2,#fc8d62,car
88794,"9,21E+18",9,1,74,121,2021,2,13,6,3,5,3,0,0,1,0,0,0,0,"690751,722386","5353324,06656",11.572411265,48.304325669,0,2,#fc8d62,car
88796,"9,21E+18",9,1,90,140,2021,2,16,6,3,2,6,0,0,1,0,1,0,0,"642812,234078","5293880,29233",10.90652049,47.782444436,0,2,#fc8d62,car
88797,"9,21E+18",9,1,84,123,2021,2,18,5,2,5,3,2,1,1,0,0,0,0,"704189,148472","5332801,77168",11.743538003,48.115708362,0,1,#66c2a5,bicycle
88802,"9,21E+18",9,1,88,121,2021,2,15,1,3,5,3,0,0,1,0,0,0,0,"669398,267606","5330098,99674",11.275427094,48.101617206,0,2,#fc8d62,car
88808,"9,21E+18",9,7,72,163,2021,2,18,5,3,5,2,2,0,1,0,0,0,0,"639602,850208","5346126,01015",10.88071485,48.252959709,1,2,#fc8d62,car
88810,"9,21E+18",9,1,62,0,2021,2,8,6,3,6,3,0,0,1,1,0,0,0,"700598,058096","5332643,43325",11.695268565,48.115426628,1,2,#fc8d62,car
88812,"9,21E+18",9,1,86,143,2021,2,8,5,3,9,1,0,0,1,0,0,0,0,"692741,989836","5377412,06652",11.61028726,48.520206917,2,2,#fc8d62,car
88818,"9,21E+18",9,1,73,147,2021,2,9,5,3,2,3,0,0,1,0,0,0,0,"681627,352692","5308828,89293",11.430540222,47.9070506,0,2,#fc8d62,car
88820,"9,21E+18",9,1,62,0,2021,2,17,3,3,3,2,0,0,1,0,0,0,1,"689381,939523","5340819,27478",11.548364358,48.192345775,1,2,#fc8d62,car
88825,"9,21E+18",9,1,90,132,2021,2,19,4,3,8,6,2,0,1,0,0,0,0,"676717,171783","5296279,81856",11.359764369,47.795608913,2,2,#fc8d62,car
88828,"9,21E+18",9,7,72,159,2021,2,15,5,3,4,6,0,0,1,0,0,0,0,"622549,679821","5361799,18794",10.655639332,48.397434923,0,2,#fc8d62,car
88832,"9,21E+18",9,7,61,0,2021,2,9,4,2,4,6,0,0,0,0,1,1,0,"641884,479236","5347462,64598",10.911883339,48.264471696,0,4,#e78ac3,marker
88835,"9,21E+18",9,7,77,182,2021,2,13,5,3,4,2,0,0,1,0,0,0,0,"626506,552896","5308674,45191",10.693273311,47.918904347,1,2,#fc8d62,car
88842,"9,21E+18",9,2,61,0,2021,2,16,3,3,0,1,0,1,0,0,0,0,0,"731918,538565","5381037,9158",12.142107795,48.539533687,0,1,#66c2a5,bicycle
88857,"9,21E+18",9,1,62,0,2021,2,15,7,3,2,6,0,0,1,0,0,0,0,"698828,361282","5333048,24643",11.671706306,48.119619729,0,2,#fc8d62,car
88858,"9,21E+18",9,1,88,137,2021,1,19,7,3,9,1,2,0,1,0,0,0,0,"671955,705","5316314,761",11.30421561,47.97701425,1,2,#fc8d62,car
88859,"9,21E+18",9,1,62,0,2021,2,11,2,3,2,6,0,0,1,0,0,0,0,"687751,971642","5331603,88309",11.522388214,48.109999863,0,2,#fc8d62,car
88864,"9,21E+18",9,1,78,113,2021,2,11,5,1,2,6,0,0,0,0,0,1,0,"691488,888212","5368711,22233",11.589349026,48.442393927,0,5,#a6d854,bus
88871,"9,21E+18",9,1,75,139,2021,2,6,5,3,8,1,1,0,1,0,0,0,0,"710736,777727","5331497,70056",11.830759871,48.101857133,2,2,#fc8d62,car
88874,"9,21E+18",9,1,79,149,2021,2,14,6,3,4,6,0,0,1,0,1,0,0,"656266,306257","5330168,95274",11.099186722,48.10560267,0,2,#fc8d62,car
88877,"9,21E+18",9,1,87,129,2021,1,17,1,2,7,7,2,0,1,0,0,0,1,"726602,39737","5300525,46229",12.027262181,47.818139461,0,2,#fc8d62,car
88879,"9,21E+18",9,1,75,132,2021,2,6,5,3,2,6,1,0,1,0,0,0,0,"709185,57542","5337086,82371",11.812692353,48.152592942,0,2,#fc8d62,car
88880,"9,21E+18",9,1,73,126,2021,2,5,2,3,8,6,2,1,1,0,0,0,0,"681574,519001","5307247,54251",11.429168384,47.892850409,0,1,#66c2a5,bicycle
88887,"9,21E+18",9,1,62,0,2021,2,21,3,3,6,2,2,0,1,1,0,0,0,"694979,082517","5332976,90465",11.620006595,48.120168854,0,2,#fc8d62,car
88891,"9,21E+18",9,7,62,0,2021,2,17,4,2,4,1,0,0,1,0,0,0,0,"619441,329347","5303719,8476",10.597373845,47.87569864,2,2,#fc8d62,car
88893,"9,21E+18",9,1,86,152,2021,2,9,5,3,4,3,0,0,1,0,0,0,0,"690921,725617","5381077,70139",11.587341194,48.553706692,2,2,#fc8d62,car
88894,"9,21E+18",9,1,82,125,2021,2,16,6,3,2,6,0,0,1,0,0,0,0,"712728,249592","5297284,62297",11.840566114,47.793752087,0,2,#fc8d62,car
88896,"9,21E+18",9,1,87,182,2021,2,10,6,3,5,3,0,0,1,0,0,0,0,"739699,226002","5326472,88299",12.216388277,48.046485288,0,2,#fc8d62,car
88899,"9,21E+18",9,1,87,122,2021,1,17,6,3,5,3,2,0,1,0,0,0,0,"721645,538943","5307091,98011",11.964497682,47.878868451,1,2,#fc8d62,car
88900,"9,21E+18",9,1,78,143,2021,2,17,3,3,2,6,0,0,1,0,0,0,0,"719499,603022","5373295,46856",11.970023507,48.47444039,0,2,#fc8d62,car
88902,"9,21E+18",9,1,62,0,2021,2,13,6,3,2,6,0,0,1,0,0,1,0,"684771,29726","5342261,46276",11.487011706,48.206666804,0,2,#fc8d62,car
88904,"9,21E+18",9,1,82,120,2021,2,16,3,3,8,1,0,0,1,0,0,0,0,"703352,173211","5308767,5739",11.72091218,47.899981418,0,2,#fc8d62,car
88911,"9,21E+18",9,1,82,119,2021,2,13,5,3,2,6,0,0,1,0,0,0,0,"711871,895994","5295058,4008",11.828059415,47.774028303,0,2,#fc8d62,car
88915,"9,21E+18",9,1,77,112,2021,2,20,7,3,2,6,2,0,1,0,0,0,0,"714892,54836","5366032,14958",11.904044628,48.410771096,0,2,#fc8d62,car
88919,"9,21E+18",9,1,88,141,2021,2,13,2,3,5,3,0,0,1,0,0,0,0,"669120,456587","5307622,55364",11.262839839,47.899624788,0,2,#fc8d62,car
88925,"9,21E+18",9,1,84,114,2021,2,20,6,2,9,1,2,0,1,0,0,0,0,"696915,788684","5319923,96918",11.639992995,48.002259518,1,2,#fc8d62,car
88927,"9,21E+18",9,1,81,145,2021,2,6,5,3,8,1,0,0,1,0,0,0,0,"646052,494014","5330768,74752",10.962272291,48.113419708,2,2,#fc8d62,car
88928,"9,21E+18",9,2,74,126,2021,2,19,4,3,5,3,2,0,1,0,0,1,0,"733035,629069","5383329,41703",12.15850066,48.559703624,1,2,#fc8d62,car
88933,"9,21E+18",9,1,82,136,2021,2,15,4,3,5,3,0,1,1,0,0,0,0,"703317,878253","5304141,85955",11.718276708,47.858419919,0,1,#66c2a5,bicycle
88934,"9,21E+18",9,1,62,0,2021,1,17,7,3,2,6,1,0,1,0,0,0,0,"693811,645365","5331639,29075",11.603728295,48.108503189,1,2,#fc8d62,car
88935,"9,21E+18",9,1,78,124,2021,2,13,4,3,5,3,0,1,1,0,0,0,0,"702673,123912","5364176,61672",11.738218385,48.398144342,1,1,#66c2a5,bicycle
88942,"9,21E+18",9,1,84,135,2021,2,19,5,3,2,6,2,0,1,0,0,0,0,"692124,636206","5344718,70026",11.586997687,48.226568868,0,2,#fc8d62,car
88947,"9,21E+18",9,7,71,168,2021,2,16,4,1,4,6,0,0,1,0,0,0,0,"647496,77157","5342714,4007",10.985808414,48.220496478,2,2,#fc8d62,car
88948,"9,21E+18",9,1,79,137,2021,2,5,3,3,8,1,2,0,1,0,0,0,0,"655552,063755","5345062,30572",11.09504861,48.23968227,2,2,#fc8d62,car
88949,"9,21E+18",9,1,62,0,2021,2,15,4,3,5,3,0,1,1,0,0,0,0,"699139,474001","5333034,302",11.675875568,48.119397189,2,1,#66c2a5,bicycle
88950,"9,21E+18",9,2,61,0,2021,2,23,6,3,9,1,2,0,1,0,0,0,0,"724277,232242","5378267,17888",12.037244808,48.517419702,1,2,#fc8d62,car
88952,"9,21E+18",9,7,72,184,2021,2,13,5,3,5,3,0,0,1,0,0,0,0,"634885,321109","5362458,55519",10.822421314,48.400845764,0,2,#fc8d62,car
88964,"9,21E+18",9,1,62,0,2021,2,13,2,3,3,6,0,0,1,0,0,1,0,"687087,021394","5331389,7668",11.513369845,48.108270966,0,2,#fc8d62,car
88968,"9,21E+18",9,1,74,131,2021,2,7,5,3,4,1,1,0,1,0,0,0,0,"678010,090001","5358675,342",11.403004753,48.35614063,2,2,#fc8d62,car
88972,"9,21E+18",9,2,74,134,2021,2,14,7,3,8,7,0,1,0,0,0,0,1,"740814,543002","5373740,75899",12.258225843,48.470641691,0,1,#66c2a5,bicycle
88979,"9,21E+18",9,1,84,139,2021,2,13,1,3,2,7,0,0,1,0,0,0,0,"686973,341001","5325569,84",11.509297094,48.055992452,0,2,#fc8d62,car
88981,"9,21E+18",9,1,79,131,2021,2,7,4,2,4,6,0,0,1,0,0,0,0,"659707,17371","5332342,97362",11.146190208,48.124295246,0,2,#fc8d62,car
88989,"9,21E+18",9,1,87,132,2021,2,17,3,3,4,2,0,0,1,0,0,0,0,"745441,797962","5299485,85534",12.277946676,47.801892775,0,2,#fc8d62,car
88992,"9,21E+18",9,7,61,0,2021,2,7,4,3,4,1,0,0,1,0,0,0,0,"639556,830021","5352492,44963",10.882197869,48.310216164,1,2,#fc8d62,car
88993,"9,21E+18",9,1,86,126,2021,2,6,3,3,8,1,1,0,1,0,0,0,0,"686939,794648","5375296,72776",11.530842195,48.502949391,1,2,#fc8d62,car
88994,"9,21E+18",9,1,87,129,2021,2,9,5,3,2,6,0,0,1,0,0,0,0,"725580,991254","5300902,75705",12.013832781,47.821888295,0,2,#fc8d62,car
88996,"9,21E+18",9,1,63,0,2021,2,8,3,3,4,2,0,0,1,0,0,0,0,"733676,820365","5305029,09274",12.124059328,47.856070683,1,2,#fc8d62,car
89001,"9,21E+18",9,1,79,138,2021,2,13,6,3,5,3,0,0,1,0,0,0,0,"653364,112575","5334283,15634",11.061707271,48.143299496,0,2,#fc8d62,car
89004,"9,21E+18",9,7,78,116,2021,2,6,5,3,9,1,2,0,1,0,0,0,0,"616687,177319","5322211,52114",10.565572779,48.042517318,2,2,#fc8d62,car
89012,"9,21E+18",9,1,75,135,2021,2,17,6,2,0,6,2,0,0,0,1,0,1,"708591,609381","5339163,1819",11.805734004,48.171446446,0,4,#e78ac3,marker
89013,"9,21E+18",9,1,75,118,2021,2,11,2,3,3,6,0,0,1,0,0,0,0,"715723,415202","5339967,78679",11.901945564,48.176295865,0,2,#fc8d62,car
89016,"9,21E+18",9,1,79,136,2021,2,19,3,3,5,3,2,0,1,0,0,0,0,"661597,598","5341501,752",11.17505567,48.206159695,0,2,#fc8d62,car
89022,"9,21E+18",9,2,61,0,2021,2,7,5,3,2,1,0,0,1,0,0,0,0,"732312,783064","5379206,59678",12.146420375,48.522937558,0,2,#fc8d62,car
89026,"9,21E+18",9,1,75,116,2021,2,17,5,3,5,3,1,0,1,0,0,0,0,"708350,767001","5320716,227",11.793499623,48.005755424,0,2,#fc8d62,car
89027,"9,21E+18",9,7,61,0,2021,2,14,2,3,3,1,0,0,1,0,0,1,0,"641374,340223","5357485,31321",10.908371644,48.354706696,0,2,#fc8d62,car
89028,"9,21E+18",9,1,74,118,2021,2,10,5,3,2,6,0,0,1,0,0,0,0,"671164,51","5355666,673",11.309451349,48.33098738,0,2,#fc8d62,car
89043,"9,21E+18",9,2,74,111,2021,2,0,6,2,8,1,2,0,1,0,0,0,0,"741913,701922","5380099,73926",12.276755165,48.527334395,0,2,#fc8d62,car
89051,"9,21E+18",9,1,87,165,2021,2,22,7,3,4,7,2,0,1,0,0,0,0,"732871,944434","5294224,30145",12.107513822,47.759290222,0,2,#fc8d62,car
89055,"9,21E+18",9,1,62,0,2021,2,10,5,3,3,2,0,1,1,0,0,0,0,"694831,035631","5332430,07392",11.617769534,48.115299474,0,1,#66c2a5,bicycle
89056,"9,21E+18",9,1,90,157,2021,2,18,2,3,6,4,2,0,1,1,0,0,0,"660870,638251","5300544,34745",11.149904615,47.838105927,1,2,#fc8d62,car
89061,"9,21E+18",9,1,77,135,2021,2,6,5,3,8,1,1,0,0,0,0,0,1,"720374,468781","5343874,0857",11.966453166,48.209797602,2,6,#ffd92f,circle
89063,"9,21E+18",9,1,87,150,2021,2,5,7,2,4,6,2,0,1,0,0,0,0,"728189,387796","5304458,38451",12.050504814,47.852914803,0,2,#fc8d62,car
89066,"9,21E+18",9,1,75,115,2021,2,6,5,2,9,1,0,0,0,0,0,0,1,"718623,042729","5335050,08602",11.938372832,48.131119065,2,6,#ffd92f,circle
89067,"9,21E+18",9,1,79,121,2021,2,16,2,3,5,3,0,0,1,0,0,0,0,"667481,851204","5339062,58235",11.253231371,48.182706584,1,2,#fc8d62,car
89070,"9,21E+18",9,1,75,132,2021,2,14,2,2,5,3,0,1,1,0,0,1,0,"706374,909398","5332412,44433",11.7726826,48.111505162,0,1,#66c2a5,bicycle
89071,"9,21E+18",9,1,87,159,2021,2,11,4,3,0,1,0,1,0,0,0,0,0,"731817,27209","5326306,94256",12.110699195,48.047905057,0,1,#66c2a5,bicycle
89074,"9,21E+18",9,1,62,0,2021,2,21,1,3,5,3,2,0,1,0,0,0,0,"682683,625469","5335969,32436",11.456233957,48.150713387,1,2,#fc8d62,car
89077,"9,21E+18",9,1,77,131,2021,2,7,5,2,7,6,0,0,1,0,0,0,0,"712662,607575","5345726,03048",11.863709776,48.229068883,2,2,#fc8d62,car
89078,"9,21E+18",9,7,61,0,2021,2,20,1,3,0,1,2,0,1,0,0,0,0,"641462,059317","5363769,50729",10.911670551,48.411191865,2,2,#fc8d62,car
89082,"9,21E+18",9,1,77,117,2021,2,10,3,2,0,7,0,1,1,0,0,0,0,"716731,877734","5356589,83188",11.924002739,48.325303479,1,1,#66c2a5,bicycle
89084,"9,21E+18",9,7,61,0,2021,2,10,4,3,2,6,0,0,1,0,0,0,0,"643441,817352","5360542,21894",10.937306087,48.381726497,1,2,#fc8d62,car
89085,"9,21E+18",9,1,74,141,2021,2,11,5,3,5,3,0,1,1,0,0,0,0,"680277,426638","5356479,2183",11.432643462,48.335757531,0,1,#66c2a5,bicycle
89087,"9,21E+18",9,1,62,0,2021,2,14,5,3,2,6,0,0,1,0,0,0,1,"685392,847001","5342765,514",11.495589756,48.21101616,0,2,#fc8d62,car
89097,"9,21E+18",9,1,74,115,2021,2,17,2,3,2,6,1,0,1,0,0,0,0,"683369,431001","5347710,452",11.47051881,48.256051302,1,2,#fc8d62,car
89099,"9,21E+18",9,2,61,0,2021,2,10,4,3,8,6,0,0,1,0,0,1,0,"726688,695402","5379640,82718",12.070599684,48.528894027,0,2,#fc8d62,car
89100,"9,21E+18",9,1,81,130,2021,2,15,1,3,2,6,0,0,0,0,1,0,0,"641898,66454","5322996,87758",10.9039152,48.044473563,0,4,#e78ac3,marker
89101,"9,21E+18",9,7,72,178,2021,2,7,4,2,8,1,0,0,1,0,0,0,0,"620535,716897","5345223,8962",10.62370314,48.248760716,2,2,#fc8d62,car
89102,"9,21E+18",9,1,62,0,2021,2,13,3,3,4,2,0,0,1,0,0,0,0,"684635,802373","5329124,37704",11.479491881,48.088623517,1,2,#fc8d62,car
89109,"9,21E+18",9,7,72,131,2021,1,15,6,3,2,2,0,0,1,0,0,0,0,"616413,963109","5357364,7275",10.571551228,48.358717698,1,2,#fc8d62,car
89110,"9,21E+18",9,1,88,117,2021,2,16,3,3,4,2,1,1,1,0,0,0,0,"665674,919","5315967,314",11.219985424,47.975547587,0,1,#66c2a5,bicycle
89119,"9,21E+18",9,7,72,147,2021,2,20,1,3,9,1,2,0,1,0,0,0,0,"628920,035222","5364128,80096",10.742377788,48.417113355,2,2,#fc8d62,car
89122,"9,21E+18",9,1,87,122,2021,2,6,5,2,0,3,2,0,1,0,0,0,0,"718838,755839","5307991,10798",11.927463667,47.88791029,0,2,#fc8d62,car
89124,"9,21E+18",9,1,86,143,2021,2,20,1,3,4,6,2,0,1,0,0,0,0,"688102,270817","5382688,69155",11.549900216,48.569037245,2,2,#fc8d62,car
89125,"9,21E+18",9,1,74,113,2021,2,16,6,3,5,2,0,0,1,0,0,0,0,"677718,144592","5351085,38258",11.395868339,48.287998266,0,2,#fc8d62,car
89126,"9,21E+18",9,7,61,0,2021,2,18,2,3,2,7,2,0,1,0,0,0,0,"642800,745555","5359791,88605",10.928398052,48.375125322,1,2,#fc8d62,car
89128,"9,21E+18",9,1,81,146,2021,2,12,2,3,5,3,0,0,1,0,0,0,0,"651674,086687","5326548,31363",11.036252582,48.074158241,1,2,#fc8d62,car
89134,"9,21E+18",9,1,88,120,2021,2,9,4,3,0,7,0,0,1,0,0,0,0,"673088,531601","5326401,68097",11.32345621,48.067387809,0,2,#fc8d62,car
89139,"9,21E+18",9,1,78,120,2021,2,6,6,2,1,6,1,0,1,0,0,0,0,"694905,783588","5353409,39945",11.628410289,48.303826501,1,2,#fc8d62,car
89145,"9,21E+18",9,1,81,120,2021,2,7,5,3,9,1,0,0,1,0,0,0,0,"653018,121729","5317345,19828",11.050996866,47.991088671,1,2,#fc8d62,car
89148,"9,21E+18",9,1,87,173,2021,2,6,6,3,4,6,1,0,1,0,0,0,0,"744834,970873","5322032,05622",12.282649309,48.004647599,0,2,#fc8d62,car
89154,"9,21E+18",9,7,71,111,2021,2,20,2,3,8,1,2,0,1,0,0,0,0,"658368,800802","5357320,07054",11.137555731,48.349188031,2,2,#fc8d62,car
89155,"9,21E+18",9,1,77,137,2021,2,19,4,3,5,3,2,0,1,0,1,0,0,"733881,173002","5347634,39899",12.150063767,48.23874542,0,2,#fc8d62,car
89163,"9,21E+18",9,7,61,0,2021,2,14,5,3,2,6,0,0,1,0,0,0,0,"637452,847131","5359477,44004",10.856116775,48.373485472,0,2,#fc8d62,car
89166,"9,21E+18",9,2,61,0,2021,1,14,6,3,1,6,0,0,1,0,0,1,0,"732726,17948","5382083,8266",12.153616956,48.548629805,1,2,#fc8d62,car
89168,"9,21E+18",9,1,83,138,2021,2,8,5,2,8,1,0,0,1,0,0,0,0,"745186,631565","5345166,12453",12.300649309,48.212306118,1,2,#fc8d62,car
89169,"9,21E+18",9,1,62,0,2021,2,23,6,3,0,7,2,0,0,0,0,0,1,"689756,726996","5327397,59058",11.547424866,48.071599065,0,6,#ffd92f,circle
89170,"9,21E+18",9,1,87,177,2021,2,22,3,3,0,1,2,1,0,0,0,0,0,"735793,529028","5305472,24078",12.152555398,47.859278782,2,1,#66c2a5,bicycle
89171,"9,21E+18",9,1,62,0,2021,2,7,2,3,5,3,0,1,1,0,0,0,0,"688302,930816","5334977,9933",11.531273338,48.140164419,1,1,#66c2a5,bicycle
89173,"9,21E+18",9,1,84,135,2021,2,12,5,3,5,3,0,1,0,0,1,0,0,"689458,908001","5347332,94",11.552309582,48.25086707,0,1,#66c2a5,bicycle
89176,"9,21E+18",9,1,62,0,2021,2,16,4,3,2,6,2,0,1,0,0,0,0,"693255,690001","5338713,158",11.599477356,48.172249947,1,2,#fc8d62,car
89181,"9,21E+18",9,1,82,120,2021,2,12,7,3,2,6,0,0,1,0,0,0,0,"703325,275631","5306379,39766",11.719428033,47.878526897,0,2,#fc8d62,car
89187,"9,21E+18",9,2,61,0,2021,2,9,4,3,1,6,0,0,1,0,0,0,1,"733155,833377","5382513,95666",12.159670664,48.552333978,0,2,#fc8d62,car
89193,"9,21E+18",9,7,61,0,2021,2,10,6,3,5,3,0,0,1,0,0,0,0,"643042,873","5360488,609",10.93190294,48.381335047,1,2,#fc8d62,car
89198,"9,21E+18",9,7,62,0,2021,2,22,2,2,4,6,2,0,1,0,0,0,0,"618331,487723","5303365,51054",10.58243997,47.872717248,2,2,#fc8d62,car
89199,"9,21E+18",9,1,84,137,2021,2,18,4,3,8,1,2,0,1,0,0,0,0,"709034,56236","5312995,82666",11.798901985,47.936153061,2,2,#fc8d62,car
89208,"9,21E+18",9,2,74,113,2021,1,14,6,3,2,6,0,0,1,0,0,0,0,"728295,585953","5383974,19351",12.094707761,48.567239247,1,2,#fc8d62,car
89211,"9,21E+18",9,7,61,0,2021,2,9,4,3,0,7,0,0,0,0,0,0,1,"640301,313648","5360477,08933",10.894893514,48.381847123,1,6,#ffd92f,circle
89216,"9,21E+18",9,1,78,130,2021,2,17,5,3,0,1,0,0,0,0,1,0,1,"700976,698989","5354137,57783",11.71053287,48.308471105,1,4,#e78ac3,marker
89218,"9,21E+18",9,1,81,130,2021,2,10,5,3,2,6,0,0,1,0,0,0,0,"642245,321974","5324573,20951",10.90908781,48.058570955,0,2,#fc8d62,car
89221,"9,21E+18",9,7,61,0,2021,2,14,6,3,4,1,0,1,1,0,0,0,0,"637395,915545","5351506,95016",10.852748784,48.301827702,0,1,#66c2a5,bicycle
89222,"9,21E+18",9,1,82,120,2021,2,16,1,3,5,2,1,1,1,0,0,0,0,"701709,698645","5306667,56287",11.697979505,47.881626263,0,1,#66c2a5,bicycle
89224,"9,21E+18",9,1,84,145,2021,2,14,2,2,5,3,0,1,1,0,0,0,0,"699223,665092","5324805,08974",11.673168231,48.045412948,0,1,#66c2a5,bicycle
89225,"9,21E+18",9,2,74,194,2021,2,15,5,3,8,6,0,0,0,0,1,1,0,"720475,504261","5378950,40199",11.986194965,48.524904019,0,4,#e78ac3,marker
89229,"9,21E+18",9,1,90,133,2021,2,17,4,3,8,1,0,0,1,0,0,0,0,"633891,557512","5296574,12244",10.788324113,47.808586316,0,2,#fc8d62,car
89232,"9,21E+18",9,1,62,0,2021,2,18,4,3,5,2,2,1,1,0,0,0,0,"679431,72242","5334806,50043",11.412061657,48.141186501,1,1,#66c2a5,bicycle
89233,"9,21E+18",9,1,82,120,2021,2,12,7,3,2,6,0,0,1,0,0,0,0,"701978,170439","5306125,2525",11.701312779,47.876667925,0,2,#fc8d62,car
89235,"9,21E+18",9,1,77,114,2021,2,15,5,3,8,6,0,0,1,0,0,0,0,"722261,985344","5346671,7637",11.993291575,48.234275449,0,2,#fc8d62,car
89243,"9,21E+18",9,1,84,138,2021,1,20,1,2,8,7,2,0,1,0,0,0,0,"682350,794156","5330225,58509",11.449305863,48.099179848,0,2,#fc8d62,car
89246,"9,21E+18",9,1,81,141,2021,2,7,2,3,5,3,0,0,1,0,0,0,0,"643079,505236","5321493,87436",10.91924767,48.030694865,0,2,#fc8d62,car
89253,"9,21E+18",9,2,74,134,2021,2,17,1,3,5,2,2,0,1,0,0,0,0,"740747,351594","5374061,21492",12.257502704,48.473545707,0,2,#fc8d62,car
89261,"9,21E+18",9,1,62,0,2021,2,16,5,3,5,3,0,0,1,0,0,0,0,"694723,892171","5332173,50269",11.616214358,48.113026279,0,2,#fc8d62,car
89266,"9,21E+18",9,1,75,115,2021,2,8,5,3,4,6,0,0,1,0,0,0,0,"721793,219987","5334228,8838",11.980494479,48.122644078,2,2,#fc8d62,car
89267,"9,21E+18",9,7,72,200,2021,2,20,7,3,8,1,2,0,1,0,0,0,0,"631269,170092","5337540,25784",10.765843929,48.177532927,0,2,#fc8d62,car