OBJECTID,UIDENTSTLA,ULAND,UREGBEZ,UKREIS,UGEMEINDE,UJAHR,UMONAT,USTUNDE,UWOCHENTAG,UKATEGORIE,UART,UTYP1,ULICHTVERH,IstRad,IstPKW,IstFuss,IstKrad,IstGkfz,IstSonstig,LINREFX,LINREFY,XGCSWGS84,YGCSWGS84,STRZUSTAN,Teilnehmer,color,symbol
89268,"9,21E+18",9,1,88,141,2021,2,11,7,3,6,6,0,0,1,1,0,0,0,"669890,983377","5305567,72078",11.272332464,47.880947719,0,2,#fc8d62,car
89271,"9,21E+18",9,1,73,126,2021,2,19,4,3,5,3,2,0,1,0,0,0,0,"684752,384762","5304880,54221",11.470629937,47.870666527,0,2,#fc8d62,car
89274,"9,21E+18",9,7,72,147,2021,2,17,4,3,3,2,2,1,1,0,0,0,0,"639012,030334","5365230,78663",10.879064704,48.424876417,1,1,#66c2a5,bicycle
89278,"9,21E+18",9,1,87,169,2021,2,13,4,3,5,3,0,0,1,0,1,0,0,"736326,897994","5300971,11685",12.157218576,47.818645872,0,2,#fc8d62,car
89283,"9,21E+18",9,1,77,115,2021,2,8,2,2,5,3,0,0,1,0,0,0,0,"729648,841002","5353309,53999",12.096227845,48.291275514,0,2,#fc8d62,car
89286,"9,21E+18",9,1,78,113,2021,2,11,4,3,2,6,0,0,1,0,0,1,0,"691626,535565","5365459,90157",11.589722257,48.413131424,1,2,#fc8d62,car
89287,"9,21E+18",9,7,72,177,2021,2,6,4,3,5,3,2,0,1,0,0,0,0,"637216,828987","5376026,67399",10.858354627,48.522343557,0,2,#fc8d62,car
89293,"9,21E+18",9,1,82,137,2021,2,10,3,3,5,3,0,0,1,0,0,0,0,"709053,400717","5305066,91388",11.795312464,47.864892877,1,2,#fc8d62,car
89296,"9,21E+18",9,1,85,158,2021,2,14,1,2,6,4,0,0,1,1,0,0,0,"669147,093329","5380418,94277",11.29224909,48.554036439,0,2,#fc8d62,car
89302,"9,21E+18",9,1,62,0,2021,2,9,3,3,3,6,0,0,1,0,0,0,0,"694804,902092","5332098,00936",11.61726711,48.112323002,1,2,#fc8d62,car
89303,"9,21E+18",9,1,87,150,2021,2,14,2,3,4,3,0,0,1,0,0,0,0,"729330,070839","5303366,04458",12.06515245,47.842694684,0,2,#fc8d62,car
89308,"9,21E+18",9,1,81,140,2021,2,11,4,3,9,7,0,0,1,0,0,0,0,"642532,982","5324469,77",10.912911826,48.057576622,0,2,#fc8d62,car
89309,"9,21E+18",9,1,62,0,2021,2,16,4,3,8,1,0,0,1,0,0,0,0,"679445,080274","5333490,15312",11.411686547,48.129350096,1,2,#fc8d62,car
89310,"9,21E+18",9,1,86,125,2021,2,18,6,3,4,2,2,0,1,0,0,0,0,"673560,058001","5375310,067",11.349873966,48.506908178,0,2,#fc8d62,car
89321,"9,21E+18",9,1,84,135,2021,2,16,4,3,4,1,0,0,1,0,0,0,0,"691759,768969","5346796,17379",11.58303017,48.245350902,2,2,#fc8d62,car
89325,"9,21E+18",9,1,62,0,2021,2,1,1,3,9,1,2,0,1,0,0,0,0,"689124,438867","5339011,54669",11.544098218,48.176174616,0,2,#fc8d62,car
89328,"9,21E+18",9,1,81,138,2021,2,7,5,3,8,1,0,0,1,0,0,0,0,"642243,769643","5338600,98208",10.913748129,48.184708797,2,2,#fc8d62,car
89330,"9,21E+18",9,7,61,0,2021,2,21,7,3,5,1,2,1,1,0,0,0,0,"641393,70831","5355202,59368",10.907866474,48.334176945,2,1,#66c2a5,bicycle
89336,"9,21E+18",9,1,62,0,2021,2,8,4,3,1,6,0,0,1,0,0,0,0,"692557,383001","5339181,372",11.590306516,48.17667006,1,2,#fc8d62,car
89337,"9,21E+18",9,1,88,120,2021,2,15,5,3,2,2,0,1,0,0,1,0,0,"677201,976454","5326224,31868",11.378550847,48.06466403,0,1,#66c2a5,bicycle
89344,"9,21E+18",9,7,61,0,2021,2,14,5,3,2,6,0,0,1,0,0,1,0,"642399,952561","5363597,88122",10.924279265,48.409437476,0,2,#fc8d62,car
89345,"9,21E+18",9,1,81,126,2021,2,11,2,3,3,6,0,0,1,0,0,1,0,"636727,179084","5329430,61973",10.83662316,48.103457313,0,2,#fc8d62,car
89346,"9,21E+18",9,1,74,115,2021,2,12,4,3,3,6,0,1,1,0,0,0,0,"680685,428542","5348442,34304",11.434704213,48.263400973,0,1,#66c2a5,bicycle
89347,"9,21E+18",9,7,72,111,2021,1,18,6,3,2,6,2,0,1,0,0,0,0,"626072,773272","5364183,33736",10.703930822,48.41817993,1,2,#fc8d62,car
89352,"9,21E+18",9,1,82,123,2021,2,8,6,3,5,2,0,0,1,0,0,0,0,"717268,177055","5301398,11602",11.903169551,47.829200231,2,2,#fc8d62,car
89359,"9,21E+18",9,1,75,127,2021,2,7,3,3,0,1,0,1,0,0,0,0,0,"712819,99307","5341785,47918",11.863849714,48.193607902,0,1,#66c2a5,bicycle
89363,"9,21E+18",9,1,81,143,2021,2,10,3,3,6,7,0,0,1,1,0,0,0,"636384,397247","5315615,57531",10.827620052,47.979298619,1,2,#fc8d62,car
89364,"9,21E+18",9,1,73,112,2021,2,6,3,3,9,1,2,0,1,0,0,0,0,"693068,374028","5294310,99531",11.577013493,47.773218083,1,2,#fc8d62,car
89365,"9,21E+18",9,1,86,152,2021,2,10,5,2,2,6,0,0,0,0,0,1,0,"690981,05245","5378007,98693",11.586737359,48.526100631,0,5,#a6d854,bus
89371,"9,21E+18",9,1,63,0,2021,2,13,5,3,2,6,0,0,1,0,0,1,0,"734166,602924","5303605,72668",12.129826971,47.843104932,0,2,#fc8d62,car
89375,"9,21E+18",9,1,62,0,2021,2,8,2,3,4,6,0,1,0,0,0,0,0,"688161,433045","5328039,27253",11.526312709,48.077839327,0,1,#66c2a5,bicycle
89376,"9,21E+18",9,7,78,116,2021,2,13,4,3,9,1,0,0,1,0,0,0,0,"619793,040742","5322341,45531",10.607263233,48.043110607,0,2,#fc8d62,car
89377,"9,21E+18",9,1,62,0,2021,2,21,7,3,8,7,2,0,1,0,0,0,0,"694655,405377","5332039,6299",11.615234102,48.111844016,0,2,#fc8d62,car
89378,"9,21E+18",9,1,86,152,2021,2,5,3,2,4,2,2,0,1,0,0,0,0,"691078,796694","5375732,42734",11.587017711,48.505619998,0,2,#fc8d62,car
89381,"9,21E+18",9,1,74,115,2021,2,15,6,3,3,5,0,1,1,0,0,0,0,"680506,078735","5348304,06948",11.432230768,48.262209204,0,1,#66c2a5,bicycle
89388,"9,21E+18",9,1,82,120,2021,2,16,2,3,2,6,0,0,1,0,0,0,0,"701979,369168","5306124,96772",11.701328659,47.876664989,0,2,#fc8d62,car
89389,"9,21E+18",9,1,87,179,2021,2,19,1,3,8,1,2,0,1,0,0,0,0,"725302,806865","5313595,32925",12.016740707,47.936027499,1,2,#fc8d62,car
89392,"9,21E+18",9,1,84,135,2021,2,9,4,3,3,1,0,0,1,0,0,1,0,"692784,126777","5348396,56683",11.597542615,48.259423826,1,2,#fc8d62,car
89393,"9,21E+18",9,1,87,169,2021,2,6,2,3,3,7,2,0,1,0,0,0,0,"737483,354033","5299234,7949",12.171693009,47.802621612,1,2,#fc8d62,car
89396,"9,21E+18",9,1,74,136,2021,2,17,2,3,0,1,0,1,0,0,0,0,0,"682667,444332","5364663,80915",11.468418527,48.408636413,0,1,#66c2a5,bicycle
89401,"9,21E+18",9,7,77,172,2021,2,7,5,3,4,6,0,0,1,0,0,0,0,"629334,218522","5304873,99158",10.729964131,47.884161733,2,2,#fc8d62,car
89403,"9,21E+18",9,1,77,122,2021,2,11,4,3,1,2,0,0,1,0,0,0,0,"729093,463948","5358556,51195",12.091600487,48.338613406,0,2,#fc8d62,car
89404,"9,21E+18",9,1,85,166,2021,1,15,7,3,0,6,0,0,1,0,0,0,0,"675082,231738","5383585,7951",11.373942982,48.580873086,1,2,#fc8d62,car
89409,"9,21E+18",9,2,61,0,2021,2,15,6,3,2,6,0,0,1,0,0,0,0,"730977,220791","5383602,26648",12.13079656,48.562916103,0,2,#fc8d62,car
89412,"9,21E+18",9,2,74,194,2021,2,19,2,2,2,6,2,0,1,0,0,0,0,"722037,109656","5375916,22366",12.005701564,48.497094716,0,2,#fc8d62,car
89413,"9,21E+18",9,1,81,131,2021,2,13,1,3,9,1,0,0,1,0,0,0,0,"636305,200945","5334155,73835",10.832469078,48.146037843,0,2,#fc8d62,car
89414,"9,21E+18",9,1,63,0,2021,1,18,6,3,2,6,2,0,1,0,0,0,0,"733580,854726","5303180,18919",12.121780403,47.839494919,0,2,#fc8d62,car
89415,"9,21E+18",9,1,74,115,2021,2,10,3,2,8,1,0,0,1,0,0,0,0,"679915,726001","5347924,252",11.424121945,48.25896305,0,2,#fc8d62,car
89418,"9,21E+18",9,7,72,207,2021,2,14,2,2,2,6,0,0,1,0,0,0,0,"639804,844383","5380923,22148",10.895028346,48.565799417,0,2,#fc8d62,car
89421,"9,21E+18",9,7,61,0,2021,2,20,2,3,3,6,2,0,1,0,0,0,0,"639421,884477","5351492,84195",10.880048625,48.301257598,1,2,#fc8d62,car
89422,"9,21E+18",9,1,83,119,2021,2,18,5,3,5,3,0,0,1,0,0,0,0,"735216,245407","5339688,79145",12.163614276,48.166875329,0,2,#fc8d62,car
89425,"9,21E+18",9,1,77,114,2021,2,7,5,2,4,6,1,0,1,0,0,0,0,"725109,979421","5344647,03735",12.030516261,48.215080484,1,2,#fc8d62,car
89427,"9,21E+18",9,1,74,115,2021,2,20,7,3,2,6,2,0,1,0,0,0,0,"682037,344803","5345917,18512",11.451817818,48.240316488,0,2,#fc8d62,car
89428,"9,21E+18",9,1,77,116,2021,2,16,6,3,2,6,0,0,0,0,0,1,1,"708689,726617","5363682,74523",11.819159526,48.391744302,0,5,#a6d854,bus
89433,"9,21E+18",9,1,74,113,2021,1,10,1,3,5,6,0,0,1,0,0,0,0,"680004,793225","5344066,13734",11.423681112,48.224258154,1,2,#fc8d62,car
89434,"9,21E+18",9,1,84,121,2021,2,7,4,3,3,6,0,0,1,0,0,0,0,"705060,540116","5331917,48934",11.754807145,48.107481697,0,2,#fc8d62,car
89439,"9,21E+18",9,1,62,0,2021,2,8,6,3,2,7,0,0,1,0,0,0,0,"680438,563927","5339664,19309",11.427644573,48.184566847,0,2,#fc8d62,car
89441,"9,21E+18",9,1,90,157,2021,2,8,6,3,4,6,0,0,1,0,0,0,0,"661102,62834","5301859,68199",11.153492369,47.849874109,0,2,#fc8d62,car
89442,"9,21E+18",9,7,71,130,2021,2,8,5,2,4,6,0,0,1,0,0,0,1,"649738,972432","5357795,21327",11.021322655,48.355565007,2,2,#fc8d62,car
89444,"9,21E+18",9,1,79,142,2021,1,17,7,3,4,6,2,0,1,0,0,0,0,"671745,098292","5342247,05184",11.311827705,48.210195376,1,2,#fc8d62,car
89445,"9,21E+18",9,1,77,127,2021,2,17,2,3,9,6,2,0,1,0,0,1,0,"727755,665156","5348428,96791",12.068113175,48.248113216,1,2,#fc8d62,car
89446,"9,21E+18",9,1,86,128,2021,2,3,4,3,8,1,2,0,1,0,0,0,0,"676367,186389","5383680,64341",11.391390182,48.581365245,1,2,#fc8d62,car
89452,"9,21E+18",9,7,62,0,2021,2,11,6,2,5,3,0,0,1,0,0,0,0,"620179,562","5307062,152",10.608173365,47.905620948,0,2,#fc8d62,car
89453,"9,21E+18",9,1,84,136,2021,2,14,5,3,5,3,0,0,1,0,0,0,0,"698025,063279","5327340,92768",11.658277215,48.068576465,0,2,#fc8d62,car
89457,"9,21E+18",9,1,73,118,2021,2,15,1,3,0,7,0,1,0,0,0,0,0,"688880,534972","5306289,76044",11.526395477,47.882132791,1,1,#66c2a5,bicycle
89459,"9,21E+18",9,1,62,0,2021,2,22,4,3,9,6,2,0,1,0,0,0,0,"694720,794457","5332167,92328",11.616170236,48.112977081,2,2,#fc8d62,car
89462,"9,21E+18",9,1,63,0,2021,2,12,6,3,5,2,0,1,1,0,0,0,0,"732693,854461","5302158,58929",12.10939491,47.830638241,0,1,#66c2a5,bicycle
89469,"9,21E+18",9,1,81,146,2021,2,1,7,3,9,1,2,0,1,0,0,0,0,"651929,044929","5326569,98859",11.039680902,48.074292436,0,2,#fc8d62,car
89471,"9,21E+18",9,7,72,223,2021,2,6,4,3,8,1,1,0,1,0,0,0,0,"614558,540714","5364152,53022",10.548364419,48.42010177,2,2,#fc8d62,car
89475,"9,21E+18",9,1,74,131,2021,2,12,7,3,2,6,0,1,1,0,0,0,0,"676352,952757","5360077,43033",11.38124251,48.369208731,2,1,#66c2a5,bicycle
89477,"9,21E+18",9,1,86,162,2021,2,6,5,2,4,1,2,0,1,0,0,0,1,"696848,199542","5383991,44787",11.668944877,48.578059143,2,2,#fc8d62,car
89478,"9,21E+18",9,2,74,194,2021,2,18,4,3,8,1,0,0,1,0,0,0,0,"721930,243551","5380856,71915",12.006885134,48.541517773,2,2,#fc8d62,car
89483,"9,21E+18",9,7,72,211,2021,2,6,1,3,8,1,0,0,1,0,0,0,0,"622569,932647","5353460,36571",10.653483518,48.322441086,2,2,#fc8d62,car
89489,"9,21E+18",9,1,84,141,2021,2,17,1,3,2,6,0,0,1,0,0,0,0,"700372,528957","5317337,76214",11.685077405,47.977942554,0,2,#fc8d62,car
89492,"9,21E+18",9,1,77,139,2021,2,10,6,3,5,3,0,0,1,0,0,0,1,"731453,546539","5359477,28058",12.123906573,48.346025006,0,2,#fc8d62,car
89493,"9,21E+18",9,2,74,134,2021,2,8,6,2,4,6,0,0,1,0,0,0,0,"743486,731522","5375226,96368",12.295184019,48.482961584,0,2,#fc8d62,car
89496,"9,21E+18",9,7,77,130,2021,2,11,7,2,4,1,0,0,1,0,0,0,0,"624092,853815","5310217,7387",10.661425011,47.933255658,2,2,#fc8d62,car
89498,"9,21E+18",9,1,87,169,2021,2,12,3,3,5,3,0,1,1,0,0,0,0,"736582,565411","5303039,24568",12.161758156,47.837131487,0,1,#66c2a5,bicycle
89504,"9,21E+18",9,1,90,157,2021,2,14,3,3,5,3,0,0,1,0,0,0,0,"654283,059025","5304126,72166",11.063205194,47.871931617,1,2,#fc8d62,car
89508,"9,21E+18",9,1,78,143,2021,2,16,5,3,5,3,0,0,0,0,1,1,0,"721001,29643","5374030,59035",11.990702555,48.480519004,0,4,#e78ac3,marker
89509,"9,21E+18",9,1,84,135,2021,2,16,6,3,4,2,0,0,1,0,0,0,0,"693165,587001","5347229,131",11.602144045,48.248815331,0,2,#fc8d62,car
89511,"9,21E+18",9,1,75,132,2021,2,5,3,3,5,3,2,0,1,0,0,0,0,"707238,595398","5336750,00273",11.786381691,48.150203515,1,2,#fc8d62,car
89523,"9,21E+18",9,1,74,126,2021,2,19,2,3,6,3,2,0,1,1,0,0,0,"683100,313324","5344452,81183",11.465488154,48.226847936,1,2,#fc8d62,car
89524,"9,21E+18",9,1,62,0,2021,2,16,6,2,6,4,0,0,1,1,0,0,0,"692031,243344","5341049,43839",11.584080674,48.193618957,0,2,#fc8d62,car
89528,"9,21E+18",9,1,87,177,2021,1,15,6,3,2,6,0,0,1,0,0,0,0,"736335,548002","5305682,17199",12.159905519,47.860965647,0,2,#fc8d62,car
89532,"9,21E+18",9,1,62,0,2021,2,9,4,3,9,6,2,0,1,0,0,0,0,"694503,442701","5334973,54508",11.614533477,48.138259346,0,2,#fc8d62,car
89537,"9,21E+18",9,1,75,114,2021,2,13,5,3,0,1,0,1,0,0,0,0,0,"716830,652189","5324689,9442",11.909056444,48.038641886,0,1,#66c2a5,bicycle
89538,"9,21E+18",9,7,61,0,2021,2,6,2,2,4,3,2,0,1,0,0,0,0,"639829,488136","5352478,74837",10.88586859,48.310032741,0,2,#fc8d62,car
89539,"9,21E+18",9,1,81,137,2021,2,6,5,2,4,1,1,0,1,0,0,0,0,"646290,85898","5306099,43375",10.957061134,47.89154085,2,2,#fc8d62,car
89542,"9,21E+18",9,1,81,126,2021,2,12,1,2,9,1,0,0,1,0,0,0,0,"636543,526047","5330918,38568",10.834633792,48.116875287,1,2,#fc8d62,car
89551,"9,21E+18",9,1,62,0,2021,2,22,3,3,0,3,2,1,1,0,0,0,0,"691111,274024","5339242,44462",11.570901132,48.177655508,0,1,#66c2a5,bicycle
89552,"9,21E+18",9,1,75,121,2021,2,14,4,3,8,1,0,0,1,0,0,0,0,"711519,56288","5321575,90863",11.83635621,48.012440129,2,2,#fc8d62,car
89560,"9,21E+18",9,1,79,121,2021,2,11,3,3,2,6,0,0,1,0,0,0,0,"665292,823642","5337752,55654",11.223294759,48.1715026,0,2,#fc8d62,car
89562,"9,21E+18",9,2,74,145,2021,2,11,7,3,8,1,0,1,0,0,0,0,0,"745012,589484","5382811,97261",12.320251529,48.550491984,0,1,#66c2a5,bicycle
89564,"9,21E+18",9,7,71,122,2021,2,17,2,3,3,6,1,0,1,0,0,0,0,"657065,424523","5358995,32414",11.120601453,48.36457479,0,2,#fc8d62,car
89568,"9,21E+18",9,1,78,120,2021,2,4,5,3,9,1,2,0,1,0,0,0,0,"694176,321775","5354615,6208",11.619138856,48.314891465,0,2,#fc8d62,car
89572,"9,21E+18",9,1,62,0,2021,2,10,5,3,3,6,0,0,1,0,0,0,0,"685401,505457","5342754,47113",11.495701367,48.210914375,0,2,#fc8d62,car
89578,"9,21E+18",9,1,75,132,2021,2,15,5,2,0,7,0,0,0,0,1,0,0,"704125,679244","5335850,37165",11.744146504,48.143125435,0,4,#e78ac3,marker
89579,"9,21E+18",9,1,62,0,2021,1,20,7,3,6,2,2,0,1,1,0,0,0,"692075,913696","5341568,7922",11.584916093,48.198273252,1,2,#fc8d62,car
89581,"9,21E+18",9,1,62,0,2021,2,17,4,3,2,6,1,0,1,0,0,0,0,"688507,517345","5328580,90748",11.531193609,48.082605475,2,2,#fc8d62,car
89582,"9,21E+18",9,1,75,135,2021,2,8,5,3,5,3,0,1,1,0,0,0,0,"707918,453428","5338870,30751",11.796547485,48.169035168,0,1,#66c2a5,bicycle
89584,"9,21E+18",9,1,77,135,2021,2,7,4,3,2,6,0,0,1,0,0,0,1,"717181,739225","5341735,29922",11.922440213,48.191680628,0,2,#fc8d62,car
89593,"9,21E+18",9,7,61,0,2021,2,12,4,3,3,6,0,0,1,0,0,0,0,"640573,879253","5360224,7768",10.898488259,48.379517743,0,2,#fc8d62,car
89597,"9,21E+18",9,1,88,121,2021,2,11,6,3,1,6,0,0,1,0,0,0,0,"672338,142223","5329334,2852",11.314574819,48.093954259,2,2,#fc8d62,car
89598,"9,21E+18",9,1,84,139,2021,2,16,4,3,2,2,0,1,0,0,0,0,0,"686845,806341","5324337,30665",11.507049082,48.0449512,0,1,#66c2a5,bicycle
89605,"9,21E+18",9,1,87,117,2021,2,21,6,3,8,1,2,0,1,0,0,0,0,"725435,601548","5301853,16856",12.012387621,47.830478708,1,2,#fc8d62,car
89611,"9,21E+18",9,1,84,127,2021,2,13,7,3,0,7,0,1,0,0,0,0,0,"702062,447372","5320679,40138",11.709269666,48.007442948,0,1,#66c2a5,bicycle
89612,"9,21E+18",9,1,79,123,2021,2,19,4,3,2,6,2,0,1,0,0,0,0,"676159,315528","5333613,21856",11.367617228,48.13137422,2,2,#fc8d62,car
89620,"9,21E+18",9,1,75,132,2021,2,5,3,3,4,2,2,0,1,0,0,0,0,"707237,316369","5336756,30252",11.786367582,48.150260543,0,2,#fc8d62,car
89625,"9,21E+18",9,1,88,139,2021,2,6,5,3,9,1,2,0,1,0,0,0,0,"680310,047539","5321283,84482",11.418151129,48.019382779,2,2,#fc8d62,car
89626,"9,21E+18",9,1,78,113,2021,2,12,6,3,5,2,0,1,1,0,0,0,0,"690963,275215","5367227,16781",11.581572838,48.429215837,0,1,#66c2a5,bicycle
89632,"9,21E+18",9,1,77,113,2021,2,6,5,2,9,1,1,0,1,0,0,0,0,"720713,272019","5351856,41117",11.975167677,48.281398501,2,2,#fc8d62,car
89636,"9,21E+18",9,1,62,0,2021,2,16,2,3,5,2,0,0,1,0,0,0,1,"687785,016201","5335027,07572",11.524339901,48.140758643,0,2,#fc8d62,car
89638,"9,21E+18",9,1,86,151,2021,2,7,2,3,8,1,0,0,1,0,0,0,0,"680591,115705","5376397,99517",11.44545149,48.514704777,1,2,#fc8d62,car
89640,"9,21E+18",9,1,75,116,2021,2,16,4,3,8,1,1,0,1,0,0,0,0,"708110,750225","5319151,62661",11.78952686,47.991773301,2,2,#fc8d62,car
89641,"9,21E+18",9,1,62,0,2021,2,20,4,3,4,2,2,0,1,0,0,0,0,"692043,200838","5341282,83185",11.584346968,48.195713016,0,2,#fc8d62,car
89646,"9,21E+18",9,7,62,0,2021,2,5,6,3,5,3,2,0,1,0,0,0,0,"622182,555319","5304707,91028",10.634298492,47.884069214,0,2,#fc8d62,car
89649,"9,21E+18",9,7,78,169,2021,2,6,3,3,7,7,2,0,1,0,0,0,0,"617102,722852","5333712,89573",10.574301062,48.145880508,1,2,#fc8d62,car
89650,"9,21E+18",9,1,62,0,2021,1,15,6,3,5,2,0,1,1,0,0,0,0,"694440,494271","5331865,84438",11.612270625,48.110347735,1,1,#66c2a5,bicycle
89651,"9,21E+18",9,7,61,0,2021,2,5,7,2,5,3,2,0,1,0,0,0,0,"638434,635113","5355591,93142",10.868089069,48.338333,0,2,#fc8d62,car
89652,"9,21E+18",9,7,72,177,2021,2,17,3,3,1,6,1,0,1,0,0,0,0,"638008,91849","5380379,16049",10.870518059,48.561305479,1,2,#fc8d62,car
89660,"9,21E+18",9,1,84,135,2021,2,12,2,3,5,3,0,1,1,0,0,0,0,"689780,753055","5348990,65551",11.557384342,48.265670022,0,1,#66c2a5,bicycle
89663,"9,21E+18",9,1,87,179,2021,2,20,7,3,5,3,2,0,1,0,0,0,0,"720368,46746","5318250,89409",11.953148054,47.979574779,0,2,#fc8d62,car
89664,"9,21E+18",9,7,77,182,2021,2,20,2,2,5,3,2,0,1,0,0,0,0,"627200,537","5308417,321",10.702482077,47.916454568,0,2,#fc8d62,car
89666,"9,21E+18",9,7,72,147,2021,2,11,5,3,1,1,0,0,1,0,0,0,0,"638758,182397","5365835,40495",10.875835422,48.430368925,0,2,#fc8d62,car
89668,"9,21E+18",9,1,74,115,2021,2,8,5,2,8,1,0,0,1,0,0,0,0,"680042,155883","5348015,44413",11.425862636,48.259746839,0,2,#fc8d62,car
89674,"9,21E+18",9,1,78,138,2021,2,14,1,2,5,3,0,1,1,0,0,0,0,"709090,757747","5367444,87288",11.82644435,48.425416444,0,1,#66c2a5,bicycle
89676,"9,21E+18",9,1,74,131,2021,2,18,3,3,8,1,2,0,1,0,0,0,0,"677016,822546","5356409,37358",11.388656004,48.336051474,0,2,#fc8d62,car
89677,"9,21E+18",9,1,90,135,2021,2,6,5,3,7,7,1,0,1,0,0,0,0,"656147,281686","5293125,32136",11.084153316,47.772562012,0,2,#fc8d62,car
89680,"9,21E+18",9,1,73,112,2021,2,6,3,3,5,3,1,0,1,0,0,1,0,"693550,545384","5292872,87818",11.582802165,47.76014709,1,2,#fc8d62,car
89687,"9,21E+18",9,1,87,169,2021,2,7,5,3,5,3,0,0,1,0,0,1,0,"739928,961691","5298659,83644",12.203984735,47.796549954,0,2,#fc8d62,car
89688,"9,21E+18",9,1,88,139,2021,2,21,4,3,8,1,2,0,1,0,0,0,0,"680484,262156","5321578,8025",11.420609568,48.021985002,2,2,#fc8d62,car
89691,"9,21E+18",9,7,62,0,2021,2,21,2,3,5,3,2,0,1,0,0,0,0,"622165,015646","5308176,73959",10.635046263,47.91527009,0,2,#fc8d62,car
89697,"9,21E+18",9,1,75,124,2021,2,18,2,3,0,1,2,0,0,0,1,0,0,"713089,05052","5329306,19767",11.861223035,48.081382418,0,4,#e78ac3,marker
89702,"9,21E+18",9,1,84,135,2021,2,13,5,3,9,1,0,0,0,0,1,0,0,"691534,056883","5347534,14116",11.580326859,48.252051737,0,4,#e78ac3,marker
89707,"9,21E+18",9,1,74,113,2021,2,11,3,3,9,1,0,0,1,0,0,0,0,"675254,037334","5345494,00224",11.360362029,48.238423693,1,2,#fc8d62,car
89708,"9,21E+18",9,1,84,119,2021,2,17,4,3,2,6,2,0,1,0,0,0,0,"696105,628106","5345085,51755",11.640713763,48.228647446,2,2,#fc8d62,car
89713,"9,21E+18",9,1,62,0,2021,2,13,6,3,1,5,0,0,1,0,0,0,0,"688333,016581","5331632,27999",11.530199026,48.110083566,0,2,#fc8d62,car
89714,"9,21E+18",9,1,73,126,2021,1,7,6,2,4,6,1,0,1,0,0,0,0,"684722,860833","5304993,1956",11.470283657,47.871687662,1,2,#fc8d62,car
89719,"9,21E+18",9,7,72,200,2021,2,10,2,3,2,1,0,0,1,0,0,0,0,"623545,252945","5342299,65007",10.663373373,48.221883405,1,2,#fc8d62,car
89721,"9,21E+18",9,1,74,146,2021,2,15,5,3,9,7,0,0,1,0,0,1,1,"666590,122979","5351045,12326",11.245956219,48.290662989,0,2,#fc8d62,car
89723,"9,21E+18",9,1,90,148,2021,2,16,5,2,0,1,0,1,0,0,0,0,0,"642237,059417","5297495,88954",10.900031872,47.815085141,0,1,#66c2a5,bicycle
89724,"9,21E+18",9,1,90,157,2021,2,17,6,3,8,1,2,0,1,0,0,0,0,"665348,999316","5298687,30903",11.208999918,47.820273709,2,2,#fc8d62,car
89726,"9,21E+18",9,1,81,130,2021,2,7,5,3,8,1,0,0,1,0,0,0,0,"640685,38764","5325919,85071",10.888606721,48.071026088,2,2,#fc8d62,car
89728,"9,21E+18",9,1,90,159,2021,2,9,6,3,4,7,0,0,1,0,0,0,0,"663936,76704","5305784,28619",11.192837031,47.884442816,0,2,#fc8d62,car
89730,"9,21E+18",9,7,78,203,2021,2,18,7,2,4,6,2,0,1,0,0,0,0,"622722,25861","5326621,48068",10.647776227,48.081046029,0,2,#fc8d62,car
89756,"9,21E+18",9,1,77,115,2021,2,18,4,3,4,1,2,0,1,0,0,0,1,"732452,855546","5352749,41336",12.133666263,48.28522034,2,2,#fc8d62,car
89757,"9,21E+18",9,1,84,138,2021,2,9,5,3,2,5,0,0,1,0,0,0,1,"679704,58324","5331184,87497",11.414199338,48.108554738,2,2,#fc8d62,car
89758,"9,21E+18",9,1,86,126,2021,2,22,6,2,4,1,2,0,1,0,0,1,0,"687443,871165","5374947,58083",11.537502827,48.499661225,1,2,#fc8d62,car
89760,"9,21E+18",9,7,77,145,2021,2,8,5,3,8,1,0,0,1,0,0,0,0,"629328,055829","5329701,37813",10.737363337,48.107437405,2,2,#fc8d62,car
89761,"9,21E+18",9,1,87,113,2021,2,9,1,3,2,2,0,0,1,0,0,0,0,"746806,117333","5326001,36261",12.311317227,48.03954263,0,2,#fc8d62,car
89764,"9,21E+18",9,1,88,139,2021,2,12,1,3,0,1,0,1,0,0,0,0,0,"680499,641818","5321915,39776",11.420957404,48.025006349,0,1,#66c2a5,bicycle
89769,"9,21E+18",9,1,78,120,2021,2,11,6,2,0,1,0,1,0,0,0,0,0,"698118,230041","5351077,95344",11.67058974,48.281876171,0,1,#66c2a5,bicycle
89770,"9,21E+18",9,1,75,122,2021,2,12,2,3,6,4,0,0,1,1,0,0,0,"721001,856553","5325611,26919",11.965416995,48.0454902,0,2,#fc8d62,car
89776,"9,21E+18",9,1,86,143,2021,2,5,7,3,8,7,2,0,0,0,1,0,0,"683137,604464","5377389,57289",11.480336344,48.522879595,0,4,#e78ac3,marker
89782,"9,21E+18",9,1,87,182,2021,2,18,5,3,5,3,1,0,1,0,0,0,0,"738178,84225","5328281,14221",12.197026549,48.063298005,0,2,#fc8d62,car
89785,"9,21E+18",9,1,82,125,2021,2,14,5,3,5,3,0,1,1,0,0,0,0,"712711,067248","5297359,26515",11.840373553,47.794428529,0,1,#66c2a5,bicycle
89790,"9,21E+18",9,7,72,215,2021,2,22,6,3,8,1,2,0,1,0,0,0,0,"634651,404769","5346598,06624",10.814195082,48.258276019,1,2,#fc8d62,car