OBJECTID,UIDENTSTLA,ULAND,UREGBEZ,UKREIS,UGEMEINDE,UJAHR,UMONAT,USTUNDE,UWOCHENTAG,UKATEGORIE,UART,UTYP1,ULICHTVERH,IstRad,IstPKW,IstFuss,IstKrad,IstGkfz,IstSonstig,LINREFX,LINREFY,XGCSWGS84,YGCSWGS84,STRZUSTAN,Teilnehmer,color,symbol
89792,"9,21E+18",9,1,73,118,2021,2,12,6,3,3,6,0,0,1,0,0,1,0,"690643,118807","5299071,47801",11.546766605,47.816730214,0,2,#fc8d62,car
89795,"9,21E+18",9,7,61,0,2021,1,14,7,3,0,1,0,1,0,0,0,0,0,"641010,738471","5352324,05795",10.901739232,48.308379539,1,1,#66c2a5,bicycle
89796,"9,21E+18",9,1,79,126,2021,2,9,4,3,5,2,0,1,1,0,0,0,0,"676285,518405","5340432,87253",11.372138256,48.192642658,1,1,#66c2a5,bicycle
89805,"9,21E+18",9,7,61,0,2021,2,13,5,3,9,1,0,0,1,0,0,0,0,"642332,389067","5363590,56503",10.92336432,48.409386954,0,2,#fc8d62,car
89808,"9,21E+18",9,1,84,127,2021,2,17,2,3,2,6,1,0,1,0,0,0,0,"702312,22157","5322017,5158",11.713246039,48.019389677,0,2,#fc8d62,car
89810,"9,21E+18",9,1,78,124,2021,2,15,7,2,3,6,0,1,0,0,0,0,0,"701118,250219","5359124,48622",11.714819279,48.353241296,0,1,#66c2a5,bicycle
89813,"9,21E+18",9,7,72,147,2021,2,8,5,3,2,6,0,0,1,0,0,0,0,"638630,056075","5364104,57877",10.87353204,48.414834061,0,2,#fc8d62,car
89817,"9,21E+18",9,7,72,184,2021,2,16,6,3,1,6,0,0,1,0,0,0,0,"632858,665388","5358581,84398",10.793827708,48.366416091,0,2,#fc8d62,car
89824,"9,21E+18",9,1,79,138,2021,2,7,3,2,0,7,0,0,1,0,0,0,0,"652626,894624","5338921,15966",11.053467821,48.185177771,1,2,#fc8d62,car
89828,"9,21E+18",9,1,84,112,2021,2,12,2,3,8,7,0,0,1,0,0,0,0,"701959,365628","5338916,45013",11.71651325,48.171371055,0,2,#fc8d62,car
89830,"9,21E+18",9,7,71,112,2021,2,9,5,3,2,2,0,0,1,0,0,0,0,"646601,28952","5369849,71466",10.983205422,48.464685183,1,2,#fc8d62,car
89835,"9,21E+18",9,1,78,123,2021,2,5,5,3,9,1,2,0,1,0,0,0,0,"686081,227001","5362180,895",11.51340364,48.385321749,2,2,#fc8d62,car
89838,"9,21E+18",9,1,90,157,2021,2,12,7,3,0,7,0,0,0,0,1,0,0,"660477,443396","5300623,38682",11.144682998,47.838914836,0,4,#e78ac3,marker
89839,"9,21E+18",9,1,84,148,2021,2,11,2,3,0,3,0,0,0,0,1,0,1,"694755,526001","5326966,312",11.614264251,48.06621614,0,4,#e78ac3,marker
89842,"9,21E+18",9,1,78,144,2021,2,18,5,3,4,6,2,0,1,0,0,0,0,"707187,692582","5380140,24721",11.80704387,48.54012126,0,2,#fc8d62,car
89844,"9,21E+18",9,1,78,137,2021,2,14,5,3,5,3,0,0,1,0,0,0,0,"690863,997678","5362412,00957",11.578042451,48.385970071,0,2,#fc8d62,car
89847,"9,21E+18",9,1,74,136,2021,2,7,2,3,8,1,0,0,0,0,1,0,0,"681551,845512","5363412,44054",11.452816471,48.397711042,1,4,#e78ac3,marker
89849,"9,21E+18",9,2,74,113,2021,2,15,4,3,8,1,0,0,1,0,0,1,0,"727934,356232","5383727,27951",12.089683217,48.5651526,2,2,#fc8d62,car
89856,"9,21E+18",9,1,74,126,2021,2,17,4,3,5,3,2,1,1,0,0,0,0,"683068,958634","5344481,03997",11.465078554,48.227110714,1,1,#66c2a5,bicycle
89859,"9,21E+18",9,1,62,0,2021,2,0,4,3,0,1,2,0,0,0,1,0,0,"692802,437231","5339164,59285",11.593591903,48.176444954,2,4,#e78ac3,marker
89868,"9,21E+18",9,1,79,123,2021,2,15,3,3,5,3,0,1,1,0,0,0,0,"674936,822249","5332861,11323",11.350892315,48.12495043,0,1,#66c2a5,bicycle
89873,"9,21E+18",9,1,87,130,2021,2,7,5,3,9,1,0,0,1,0,0,0,0,"714924,515512","5312852,164",11.877593249,47.932914022,2,2,#fc8d62,car
89874,"9,21E+18",9,1,62,0,2021,2,16,5,3,6,7,0,0,1,1,0,0,0,"695384,48948","5331172,44751",11.624621718,48.103826923,0,2,#fc8d62,car
89878,"9,21E+18",9,1,86,152,2021,2,17,7,2,3,6,1,0,1,0,0,1,1,"690714,322435","5377052,46549",11.58269156,48.517594241,0,2,#fc8d62,car
89881,"9,21E+18",9,1,88,121,2021,2,15,5,2,8,1,0,0,0,0,1,0,0,"670581,911424","5333094,06267",11.292511195,48.128226441,0,4,#e78ac3,marker
89882,"9,21E+18",9,1,88,139,2021,2,18,2,3,2,6,2,0,1,0,0,0,0,"674999,071001","5319260,064",11.34616224,48.002666458,0,2,#fc8d62,car
89883,"9,21E+18",9,1,62,0,2021,2,13,7,3,5,2,0,0,1,0,0,0,0,"699198,262898","5333035,29908",11.676665098,48.119387762,0,2,#fc8d62,car
89891,"9,21E+18",9,1,79,113,2021,2,17,2,3,4,2,2,0,1,0,0,0,0,"671065,626797","5334535,56593",11.299585469,48.141055341,0,2,#fc8d62,car
89904,"9,21E+18",9,1,84,148,2021,2,12,4,3,0,4,0,0,1,1,0,0,0,"695017,929948","5327070,15367",11.617830133,48.067069274,0,2,#fc8d62,car
89906,"9,21E+18",9,1,62,0,2021,2,19,4,3,8,1,2,0,1,0,0,0,0,"678860,751443","5333344,13261",11.403779238,48.128201975,1,2,#fc8d62,car
89908,"9,21E+18",9,1,62,0,2021,2,13,1,3,0,1,0,1,0,0,0,0,0,"693346,154602","5337447,51598",11.600117484,48.160847288,0,1,#66c2a5,bicycle
89910,"9,21E+18",9,1,84,142,2021,2,15,3,3,3,2,0,1,1,0,0,0,0,"683978,068001","5317059,362",11.465485392,47.980363982,0,1,#66c2a5,bicycle
89921,"9,21E+18",9,1,84,138,2021,2,7,5,3,4,6,0,0,1,0,0,0,0,"677915,042876","5331476,13873",11.39030146,48.111675316,2,2,#fc8d62,car
89929,"9,21E+18",9,1,81,123,2021,2,6,3,3,3,6,1,0,1,0,0,0,0,"653190,777011","5326360,75403",11.056533674,48.0721093,0,2,#fc8d62,car
89934,"9,21E+18",9,1,79,118,2021,2,13,5,3,2,6,0,0,1,0,0,0,0,"672894,33673","5338294,98274",11.325675135,48.174356402,1,2,#fc8d62,car
89936,"9,21E+18",9,7,71,158,2021,2,17,2,2,4,6,0,0,1,0,0,0,0,"642329,099084","5371868,94174",10.926133559,48.483821916,0,2,#fc8d62,car
89937,"9,21E+18",9,2,61,0,2021,2,18,5,3,2,6,2,0,1,0,0,0,0,"732774,961187","5383078,80721",12.1548331,48.557549288,1,2,#fc8d62,car
89939,"9,21E+18",9,2,61,0,2021,2,14,2,2,0,2,0,1,1,0,0,0,0,"731820,423002","5381192,03899",12.14086631,48.540954397,0,1,#66c2a5,bicycle
89941,"9,21E+18",9,1,87,129,2021,2,20,4,3,8,1,2,0,1,0,0,0,0,"722617,481027","5299581,73073",11.973616429,47.811050533,2,2,#fc8d62,car
89942,"9,21E+18",9,1,74,115,2021,2,16,7,3,5,3,0,0,1,0,0,0,0,"683340,818157","5347776,20398",11.470162171,48.256650586,0,2,#fc8d62,car
89945,"9,21E+18",9,7,72,167,2021,2,9,3,3,4,6,0,0,1,0,0,0,0,"623746,412067","5353195,20866",10.66926958,48.319827362,1,2,#fc8d62,car
89946,"9,21E+18",9,1,87,132,2021,2,12,2,3,1,6,0,0,1,0,0,0,0,"747523,926106","5302130,60149",12.307216214,47.824852235,1,2,#fc8d62,car
89958,"9,21E+18",9,1,84,127,2021,2,17,7,3,0,7,1,1,0,0,0,0,0,"701861,737399","5323513,45763",11.707916152,48.032976305,0,1,#66c2a5,bicycle
89959,"9,21E+18",9,1,84,135,2021,2,17,4,3,4,6,1,0,1,0,0,1,1,"686182,301593","5347537,98926",11.508303045,48.253681032,2,2,#fc8d62,car
89974,"9,21E+18",9,7,62,0,2021,3,5,4,3,5,3,2,0,1,0,0,0,0,"622648,124335","5306477,99827",10.641026262,47.899900001,1,2,#fc8d62,car
89980,"9,21E+18",9,1,87,159,2021,3,16,5,2,0,7,0,1,0,0,0,0,1,"731798,986002","5327384,98699",12.111038081,48.057596663,0,1,#66c2a5,bicycle
89984,"9,21E+18",9,1,88,139,2021,3,18,7,3,2,6,1,0,1,0,0,0,0,"680264,583025","5320845,35364",11.417357592,48.015453947,0,2,#fc8d62,car
89985,"9,21E+18",9,1,84,135,2021,3,12,5,3,5,3,0,0,0,0,0,1,1,"693151,522118","5347226,9366",11.601953777,48.248799894,0,5,#a6d854,bus
89992,"9,21E+18",9,1,84,135,2021,3,9,2,3,5,7,0,0,1,0,0,0,0,"691720,124001","5347129,882",11.582647812,48.248362145,0,2,#fc8d62,car
89993,"9,21E+18",9,1,62,0,2021,3,12,5,3,2,6,0,0,1,0,0,0,0,"684494,396285","5333019,87037",11.479279222,48.123679464,0,2,#fc8d62,car
89994,"9,21E+18",9,7,73,182,2021,3,5,4,1,4,6,2,0,1,0,0,0,0,"626917,604074","5378572,35221",10.719713585,48.54740182,1,2,#fc8d62,car
89996,"9,21E+18",9,1,90,132,2021,3,14,4,3,8,1,0,0,1,0,0,0,0,"675977,7719","5294440,49561",11.34915388,47.77927598,2,2,#fc8d62,car
90001,"9,21E+18",9,1,87,129,2021,3,13,6,3,2,2,0,0,1,0,0,0,0,"725469,943962","5296861,38496",12.010250705,47.785615263,0,2,#fc8d62,car
90004,"9,21E+18",9,7,72,168,2021,3,9,7,3,9,1,0,0,1,0,0,0,0,"620535,716897","5345223,8962",10.62370314,48.248760716,0,2,#fc8d62,car
90005,"9,21E+18",9,7,71,112,2021,3,13,6,3,2,2,0,0,1,0,0,1,0,"642794,064","5367887,455",10.931063106,48.447917588,0,2,#fc8d62,car
90007,"9,21E+18",9,1,84,145,2021,3,21,4,3,2,7,2,0,1,0,0,0,0,"696413,744229","5322703,76703",11.634542888,48.02739778,0,2,#fc8d62,car
90008,"9,21E+18",9,7,77,158,2021,4,16,4,2,7,1,0,1,0,0,0,0,0,"620160,840767","5310072,60693",10.608762337,47.93269978,1,1,#66c2a5,bicycle
90015,"9,21E+18",9,1,62,0,2021,3,10,6,3,5,3,0,1,1,0,0,0,0,"689218,413444","5330141,3235",11.541420867,48.096420206,0,1,#66c2a5,bicycle
90016,"9,21E+18",9,1,79,145,2021,3,15,4,3,2,6,0,0,1,0,0,0,0,"672743,070778","5335664,20319",11.322573694,48.150748073,0,2,#fc8d62,car
90020,"9,21E+18",9,1,90,141,2021,4,18,1,2,3,6,0,1,0,0,0,0,0,"679583,772687","5295237,87286",11.397577599,47.785449182,0,1,#66c2a5,bicycle
90022,"9,21E+18",9,7,61,0,2021,3,13,5,3,5,3,0,1,1,0,0,0,0,"642837,338087","5360341,1431",10.929078553,48.380055678,0,1,#66c2a5,bicycle
90023,"9,21E+18",9,7,62,0,2021,2,17,1,3,2,6,0,0,1,0,0,0,0,"622321,887446","5307075,55517",10.636832529,47.905336514,0,2,#fc8d62,car
90024,"9,21E+18",9,1,74,146,2021,3,13,3,3,4,6,0,0,1,0,0,1,0,"667817,618798","5351173,98763",11.262543075,48.291497167,0,2,#fc8d62,car
90026,"9,21E+18",9,7,71,112,2021,3,15,4,3,5,3,0,0,0,0,1,1,0,"646600,810561","5369847,86054",10.983198297,48.464668624,0,4,#e78ac3,marker
90027,"9,21E+18",9,1,87,150,2021,3,17,2,3,2,6,0,0,1,0,1,0,0,"725526,575419","5303882,41312",12.01465857,47.848679533,0,2,#fc8d62,car
90033,"9,21E+18",9,1,81,130,2021,3,9,3,2,8,6,0,0,1,0,0,0,0,"638707,287545","5320893,01881",10.860437381,48.026256319,0,2,#fc8d62,car
90037,"9,21E+18",9,1,62,0,2021,4,12,5,2,3,6,0,0,1,0,0,0,0,"687327,382916","5332266,90921",11.516980921,48.116084364,0,2,#fc8d62,car
90040,"9,21E+18",9,1,81,137,2021,3,17,3,3,8,6,0,0,1,0,0,1,0,"646252,012479","5309944,10126",10.95784571,47.926121242,1,2,#fc8d62,car
90041,"9,21E+18",9,1,79,121,2021,4,7,4,2,4,6,0,0,1,0,0,1,0,"663987,323413","5338393,08496",11.205995619,48.177599293,2,2,#fc8d62,car
90044,"9,21E+18",9,1,74,115,2021,3,14,5,3,0,1,0,0,0,0,1,0,0,"680915,438834","5348405,00268",11.43778468,48.262999695,0,4,#e78ac3,marker
90046,"9,21E+18",9,7,71,158,2021,3,13,6,3,9,1,0,0,1,0,0,0,0,"638707,229173","5373523,10405",10.877695981,48.499505062,1,2,#fc8d62,car
90051,"9,21E+18",9,1,62,0,2021,3,10,6,3,6,4,0,0,1,1,0,0,0,"687391,349723","5335078,40222",11.519075852,48.14133604,0,2,#fc8d62,car
90055,"9,21E+18",9,7,77,151,2021,3,12,2,3,0,7,0,1,0,0,0,0,0,"621468,328544","5292899,70806",10.621436705,47.778003706,0,1,#66c2a5,bicycle
90056,"9,21E+18",9,1,84,112,2021,3,15,4,2,4,3,0,0,1,0,0,1,0,"702123,020427","5337209,73118",11.717900954,48.155981107,0,2,#fc8d62,car
90060,"9,21E+18",9,1,74,131,2021,3,16,4,3,0,1,0,1,0,0,0,0,0,"676009,797572","5358203,28",11.375829162,48.352458013,0,1,#66c2a5,bicycle
90064,"9,21E+18",9,1,86,152,2021,3,12,6,2,3,6,0,0,1,0,0,1,0,"691539,012975","5379427,53713",11.594938844,48.538688305,0,2,#fc8d62,car
90076,"9,21E+18",9,7,71,122,2021,3,18,3,3,2,6,0,0,1,0,0,0,0,"655572,483583","5359699,97063",11.100719479,48.371279645,1,2,#fc8d62,car
90078,"9,21E+18",9,1,62,0,2021,3,15,6,3,2,6,0,0,1,0,0,0,0,"701416,639748","5335945,10472",11.707815039,48.144840158,0,2,#fc8d62,car
90079,"9,21E+18",9,1,84,135,2021,3,15,3,2,3,6,0,0,1,0,1,0,0,"692931,7287","5345138,28029",11.598044769,48.230094931,0,2,#fc8d62,car
90083,"9,21E+18",9,2,74,185,2021,3,13,4,3,4,6,0,0,1,0,0,0,0,"732843,554068","5371882,07146",12.149516569,48.456946275,1,2,#fc8d62,car
90084,"9,21E+18",9,1,90,131,2021,4,7,3,2,5,3,0,0,1,0,0,0,0,"663026,241253","5293588,04335",11.176075923,47.775018958,2,2,#fc8d62,car
90085,"9,21E+18",9,1,87,182,2021,3,15,4,2,3,2,0,1,0,0,1,0,0,"736590,029263","5327963,43532",12.175558573,48.061035026,0,1,#66c2a5,bicycle
90092,"9,21E+18",9,1,88,139,2021,3,4,7,3,9,7,2,0,1,0,0,0,0,"680604,716778","5322029,15432",11.422413363,48.025999221,1,2,#fc8d62,car
90095,"9,21E+18",9,7,72,184,2021,4,15,4,3,3,6,0,0,1,0,0,0,0,"636041,712401","5361355,7682",10.837679599,48.390681106,0,2,#fc8d62,car
90098,"9,21E+18",9,1,87,129,2021,3,17,4,3,5,3,1,0,1,0,0,0,0,"725851,524002","5295503,97999",12.014632107,47.773285246,0,2,#fc8d62,car
90100,"9,21E+18",9,1,74,143,2021,3,2,4,3,8,7,2,0,1,0,0,0,0,"673718,378993","5353039,01076",11.342797528,48.306670151,1,2,#fc8d62,car
90102,"9,21E+18",9,7,77,121,2021,3,15,6,2,8,1,0,0,1,0,0,0,0,"628281,746321","5320643,75705",10.720596212,48.026193691,0,2,#fc8d62,car
90106,"9,21E+18",9,1,82,123,2021,3,7,7,3,2,1,0,0,1,0,0,1,0,"717088,745305","5301396,46807",11.900774309,47.829246,1,2,#fc8d62,car
90107,"9,21E+18",9,1,74,113,2021,3,13,6,3,5,2,0,0,1,0,0,0,0,"677718,504343","5351084,92211",11.395872991,48.287994026,1,2,#fc8d62,car
90108,"9,21E+18",9,1,62,0,2021,2,15,7,3,5,2,0,0,1,0,0,0,0,"692106,160737","5342031,7882",11.585532254,48.202425372,0,2,#fc8d62,car
90112,"9,21E+18",9,1,87,163,2021,3,16,2,2,2,6,0,0,1,0,0,0,0,"738811,057812","5309024,72192",12.194798438,47.890077918,0,2,#fc8d62,car
90115,"9,21E+18",9,7,72,223,2021,3,22,7,3,5,3,2,0,1,0,0,0,0,"618178,294","5361861,861",10.596624089,48.398833069,1,2,#fc8d62,car
90121,"9,21E+18",9,7,62,0,2021,3,18,4,3,3,6,1,0,1,0,0,0,0,"622502,777158","5306706,00083",10.639147094,47.901978349,1,2,#fc8d62,car
90122,"9,21E+18",9,7,61,0,2021,4,19,5,3,9,1,1,0,1,0,0,0,0,"641549,894906","5353197,47431",10.909299443,48.316112601,0,2,#fc8d62,car
90128,"9,21E+18",9,1,62,0,2021,4,16,4,3,2,6,0,0,0,0,0,1,0,"679490,479999","5337649,5992",11.414049975,48.166726411,0,5,#a6d854,bus
90130,"9,21E+18",9,1,81,114,2021,3,10,2,3,4,6,0,0,1,0,0,0,0,"654616,464498","5313785,12382",11.071124981,47.958694425,0,2,#fc8d62,car
90131,"9,21E+18",9,1,75,121,2021,3,12,5,3,6,4,0,0,1,1,0,0,0,"713698,678001","5318990,92",11.864252093,47.98848679,0,2,#fc8d62,car
90134,"9,21E+18",9,1,63,0,2021,3,21,1,3,6,2,2,0,1,1,0,0,0,"734692,548002","5304884,02099",12.137539028,47.854397283,1,2,#fc8d62,car
90138,"9,21E+18",9,1,62,0,2021,3,12,6,3,2,6,0,0,1,0,0,0,0,"693133,089147","5338183,62038",11.597589488,48.167527907,0,2,#fc8d62,car
90141,"9,21E+18",9,1,87,137,2021,4,15,5,3,8,7,0,0,0,0,0,1,0,"726886,1594","5308862,28509",12.035420224,47.892944106,0,5,#a6d854,bus
90146,"9,21E+18",9,1,87,165,2021,3,8,4,2,4,6,0,0,1,0,0,1,0,"727726,557955","5300080,68634",12.042024774,47.813746444,2,2,#fc8d62,car
90149,"9,21E+18",9,1,78,129,2021,3,17,1,2,0,1,0,0,0,0,1,0,0,"697627,939001","5369096,435",11.672451652,48.443958781,0,4,#e78ac3,marker
90151,"9,21E+18",9,1,75,132,2021,3,16,6,3,2,6,0,0,1,0,0,0,0,"705146,163232","5335835,14731",11.757841517,48.142660412,2,2,#fc8d62,car
90155,"9,21E+18",9,1,84,146,2021,3,20,5,2,6,4,2,0,1,1,0,0,0,"697500,459462","5328357,45539",11.651712473,48.077875072,0,2,#fc8d62,car
90157,"9,21E+18",9,1,84,145,2021,2,0,1,3,5,3,2,0,1,0,0,0,0,"698335,298164","5324483,79601",11.661112698,48.042801957,0,2,#fc8d62,car
90160,"9,21E+18",9,7,72,209,2021,3,19,4,3,5,3,0,1,0,0,0,0,0,"635248,611589","5335699,28732",10.818762489,48.160143607,0,1,#66c2a5,bicycle
90164,"9,21E+18",9,7,77,121,2021,3,16,3,3,8,1,0,0,1,0,0,0,0,"629818,716","5321527,35",10.74146899,48.033829294,1,2,#fc8d62,car
90165,"9,21E+18",9,7,71,165,2021,3,0,3,2,8,1,2,0,1,0,0,0,0,"659876,966622","5360235,50972",11.159004883,48.375018541,0,2,#fc8d62,car
90166,"9,21E+18",9,1,84,118,2021,3,14,6,3,4,6,0,1,0,1,0,0,0,"702789,788927","5336705,50734",11.726616059,48.151237515,0,1,#66c2a5,bicycle
90170,"9,21E+18",9,1,62,0,2021,3,7,6,3,2,6,0,0,1,0,0,1,0,"688539,341171","5335101,0141",11.534502539,48.141200142,0,2,#fc8d62,car
90174,"9,21E+18",9,1,84,135,2021,4,11,3,3,4,2,0,0,1,0,0,0,0,"689388,984318","5347112,75444",11.551270066,48.248908969,0,2,#fc8d62,car
90176,"9,21E+18",9,7,71,155,2021,3,12,1,3,0,1,0,0,0,0,1,0,0,"648911,874037","5375099,6602",11.016313858,48.511343928,0,4,#e78ac3,marker
90181,"9,21E+18",9,1,82,127,2021,3,11,1,3,3,1,0,0,1,0,0,0,0,"702020,689855","5312734,93093",11.704976415,47.936057764,1,2,#fc8d62,car
90183,"9,21E+18",9,7,72,223,2021,3,21,1,3,9,1,2,0,1,0,0,0,0,"617531,581775","5363042,90809",10.588221043,48.409575226,1,2,#fc8d62,car
90188,"9,21E+18",9,7,72,125,2021,4,6,5,3,4,1,1,0,1,0,0,0,0,"635280,411411","5347124,81437",10.822833862,48.262878664,0,2,#fc8d62,car
90189,"9,21E+18",9,1,75,115,2021,3,13,3,2,4,6,0,0,1,0,0,0,0,"721800,684483","5331747,02864",11.979304244,48.100342432,0,2,#fc8d62,car
90193,"9,21E+18",9,1,62,0,2021,3,12,5,3,3,6,0,0,1,0,0,0,0,"689086,535291","5331225,92674",11.540131931,48.106207956,0,2,#fc8d62,car
90195,"9,21E+18",9,1,86,152,2021,3,0,7,3,8,1,2,0,1,0,0,0,0,"690660,803715","5376359,34501",11.581650855,48.511381256,2,2,#fc8d62,car
90199,"9,21E+18",9,1,77,130,2021,4,6,4,3,5,3,0,0,1,0,0,1,0,"712229,141139","5351918,50153",11.860985662,48.284856908,2,2,#fc8d62,car
90200,"9,21E+18",9,7,72,147,2021,3,16,4,3,2,6,0,0,1,0,0,0,0,"632992,422664","5364547,87069",10.797521986,48.420035274,0,2,#fc8d62,car
90202,"9,21E+18",9,7,61,0,2021,3,13,4,2,6,1,0,1,0,1,0,0,0,"640800,918012","5352352,58598",10.898920628,48.3086828,0,1,#66c2a5,bicycle
90206,"9,21E+18",9,1,87,186,2021,3,0,1,3,9,1,2,0,1,0,0,0,0,"731912,321002","5333143,84499",12.115682696,48.109291645,1,2,#fc8d62,car
90207,"9,21E+18",9,1,83,126,2021,3,16,3,3,5,3,0,1,1,0,0,0,0,"732067,011345","5337214,26685",12.119973895,48.14580253,0,1,#66c2a5,bicycle
90209,"9,21E+18",9,1,88,113,2021,3,16,3,3,5,3,0,1,1,0,0,0,0,"675432,198926","5314093,19302",11.349854082,47.95609946,0,1,#66c2a5,bicycle
90211,"9,21E+18",9,1,78,124,2021,3,15,3,2,0,3,0,1,1,0,0,0,0,"705499,402316","5362586,20233",11.775578633,48.382938228,0,1,#66c2a5,bicycle
90216,"9,21E+18",9,1,62,0,2021,3,7,4,3,2,6,0,0,1,0,0,0,0,"691512,541816","5331945,38109",11.5730113,48.111949679,0,2,#fc8d62,car
90217,"9,21E+18",9,7,77,112,2021,3,17,2,3,2,6,0,0,1,0,1,0,0,"622848,116874","5298593,45869",10.641460132,47.828950563,0,2,#fc8d62,car
90218,"9,21E+18",9,1,77,122,2021,3,13,3,3,2,6,0,0,1,0,0,0,0,"726458,29665","5358206,84311",12.055904049,48.336421798,0,2,#fc8d62,car
90221,"9,21E+18",9,1,84,148,2021,3,13,1,3,5,3,0,1,0,0,0,0,0,"694950,924731","5326658,86933",11.61674416,48.063393258,0,1,#66c2a5,bicycle
90227,"9,21E+18",9,1,75,111,2021,3,11,6,3,4,2,0,0,1,0,0,0,0,"712222,59526","5337070,5871",11.853467622,48.151441011,0,2,#fc8d62,car
90232,"9,21E+18",9,1,75,135,2021,4,14,5,2,4,6,0,0,1,0,0,0,0,"710073,028001","5338735,096",11.825423807,48.167111817,0,2,#fc8d62,car
90235,"9,21E+18",9,1,84,119,2021,3,13,4,3,3,6,0,0,1,0,0,1,1,"696415,768277","5348064,29726",11.646266847,48.255322395,0,2,#fc8d62,car
90237,"9,21E+18",9,1,90,140,2021,3,7,4,2,2,1,0,0,1,0,0,0,0,"642380,642743","5294007,18714",10.900803709,47.783681082,2,2,#fc8d62,car
90238,"9,21E+18",9,1,87,137,2021,4,8,2,3,5,3,0,0,1,0,0,0,0,"729463,800281","5311954,20179",12.071499154,47.919806851,0,2,#fc8d62,car
90241,"9,21E+18",9,2,74,124,2021,3,13,4,2,3,6,0,0,1,0,0,1,0,"724418,121425","5377403,93514",12.038685781,48.509614241,0,2,#fc8d62,car
90242,"9,21E+18",9,1,81,130,2021,3,15,6,3,4,2,0,0,1,0,0,0,0,"638921,517291","5325468,5518",10.864794366,48.067354538,0,2,#fc8d62,car
90243,"9,21E+18",9,7,72,131,2021,3,13,6,2,8,1,0,0,1,0,0,0,0,"619381,174713","5356485,58562",10.611341987,48.350257426,0,2,#fc8d62,car
90244,"9,21E+18",9,1,78,150,2021,4,21,3,3,3,6,2,0,1,0,0,1,0,"691146,563268","5371855,49812",11.586160777,48.470756495,0,2,#fc8d62,car
90249,"9,21E+18",9,1,62,0,2021,3,18,3,3,2,6,1,0,1,0,0,0,0,"699222,47376","5333034,50434",11.676989685,48.119373045,0,2,#fc8d62,car
90251,"9,21E+18",9,1,78,136,2021,4,10,5,3,5,3,0,0,1,0,0,0,1,"696067,678001","5370637,424",11.652097994,48.458295219,0,2,#fc8d62,car
90254,"9,21E+18",9,2,61,0,2021,3,16,2,3,6,4,0,0,1,1,0,0,0,"732035,339002","5379924,04399",12.143067759,48.529484833,1,2,#fc8d62,car
90256,"9,21E+18",9,7,71,114,2021,3,15,3,3,2,2,0,0,1,0,0,0,1,"639381,729759","5374257,8154",10.887066928,48.505961955,0,2,#fc8d62,car
90257,"9,21E+18",9,1,86,143,2021,3,16,7,3,9,1,0,0,0,0,1,0,0,"680999,764001","5380753,097",11.452871131,48.553731226,0,4,#e78ac3,marker
90261,"9,21E+18",9,7,71,113,2021,3,12,6,3,2,6,0,0,1,0,0,1,0,"654788,269028","5365172,42835",11.092154617,48.420672956,2,2,#fc8d62,car
90268,"9,21E+18",9,1,77,126,2021,3,15,2,2,5,2,0,0,1,0,1,0,0,"717149,791028","5368114,69777",11.935585526,48.428708666,0,2,#fc8d62,car
90269,"9,21E+18",9,1,84,138,2021,3,21,4,3,5,3,2,0,1,0,0,0,0,"682488,557255","5331979,78144",11.451904846,48.114908482,0,2,#fc8d62,car
90270,"9,21E+18",9,1,62,0,2021,4,22,7,3,8,6,2,0,1,0,0,0,0,"695098,776269","5343613,77438",11.626493332,48.21573081,0,2,#fc8d62,car
90272,"9,21E+18",9,1,74,115,2021,3,15,2,3,3,7,0,0,1,0,0,0,0,"681490,396635","5346781,82953",11.444828654,48.248245226,0,2,#fc8d62,car
90274,"9,21E+18",9,1,62,0,2021,3,11,5,3,2,6,0,0,1,0,0,0,0,"679992,770427","5334944,3919",11.419655022,48.142267528,0,2,#fc8d62,car
90275,"9,21E+18",9,1,87,169,2021,3,7,2,2,5,3,0,0,1,0,0,0,0,"736636,459002","5298020,52899",12.159738033,47.792024663,1,2,#fc8d62,car
90276,"9,21E+18",9,1,78,140,2021,2,10,7,3,0,7,0,0,1,0,0,0,0,"706487,794214","5363350,00046",11.789287254,48.389478964,0,2,#fc8d62,car
90278,"9,21E+18",9,1,84,114,2021,3,16,5,3,2,6,0,0,1,0,0,0,0,"698729,331218","5323117,53387",11.665759674,48.030400319,1,2,#fc8d62,car
90281,"9,21E+18",9,7,74,198,2021,3,15,2,3,5,3,0,0,1,0,0,0,0,"615461,435","5350836,322",10.556908734,48.30018045,0,2,#fc8d62,car
90287,"9,21E+18",9,1,85,158,2021,3,7,4,3,5,3,0,0,1,0,0,0,0,"666814,764409","5381900,73462",11.261261591,48.567981437,0,2,#fc8d62,car
90297,"9,21E+18",9,1,78,133,2021,4,6,5,3,2,6,0,0,1,0,0,0,0,"686540,973659","5367949,74108",11.522171711,48.437035343,2,2,#fc8d62,car
90300,"9,21E+18",9,1,81,141,2021,3,16,4,2,5,3,0,1,1,0,0,0,0,"643869,514143","5319443,66385",10.929150312,48.012081802,0,1,#66c2a5,bicycle
90302,"9,21E+18",9,7,72,121,2021,3,13,3,3,9,1,0,0,1,0,0,0,0,"631477,217404","5376282,07003",10.780742423,48.525868421,0,2,#fc8d62,car