OBJECTID,UIDENTSTLA,ULAND,UREGBEZ,UKREIS,UGEMEINDE,UJAHR,UMONAT,USTUNDE,UWOCHENTAG,UKATEGORIE,UART,UTYP1,ULICHTVERH,IstRad,IstPKW,IstFuss,IstKrad,IstGkfz,IstSonstig,LINREFX,LINREFY,XGCSWGS84,YGCSWGS84,STRZUSTAN,Teilnehmer,color,symbol
90868,"9,21E+18",9,1,87,130,2021,3,0,7,3,8,1,2,0,0,0,0,0,1,"715793,72854","5311542,54596",11.888559869,47.92085394,2,6,#ffd92f,circle
90870,"9,21E+18",9,1,84,142,2021,3,16,4,3,2,6,0,0,1,0,0,0,0,"683233,779041","5318182,93944",11.456000074,47.990677326,0,2,#fc8d62,car
90873,"9,21E+18",9,7,72,147,2021,3,16,4,3,2,6,0,0,1,0,0,0,0,"632612,877212","5364531,64628",10.792389545,48.419969387,0,2,#fc8d62,car
90874,"9,21E+18",9,1,87,116,2021,3,17,2,3,0,1,0,0,0,0,1,0,0,"744219,704362","5331962,70378",12.280079583,48.094083693,0,4,#e78ac3,marker
90875,"9,21E+18",9,7,77,114,2021,3,7,4,3,4,6,1,0,1,0,0,0,0,"614366,245","5313559,174",10.532138116,47.965118535,0,2,#fc8d62,car
90879,"9,21E+18",9,7,78,127,2021,3,21,7,2,9,1,2,0,1,0,0,0,0,"613868,025412","5317976,53882",10.526637403,48.004937209,1,2,#fc8d62,car
90882,"9,21E+18",9,1,81,141,2021,3,15,3,3,2,6,0,0,1,0,0,0,0,"643955,322","5319887,543",10.930449266,48.016053863,0,2,#fc8d62,car
90886,"9,21E+18",9,1,62,0,2021,3,11,1,3,5,2,0,0,1,0,0,0,0,"692193,115904","5342945,01622",11.587114948,48.210606859,1,2,#fc8d62,car
90887,"9,21E+18",9,7,77,177,2021,3,17,3,2,9,1,0,0,1,0,0,0,0,"635484,539951","5315621,76009",10.815569748,47.979545429,2,2,#fc8d62,car
90888,"9,21E+18",9,1,62,0,2021,3,0,3,3,2,6,2,0,1,0,1,0,0,"690112,357901","5339172,16853",11.557445828,48.177323503,0,2,#fc8d62,car
90889,"9,21E+18",9,7,72,147,2021,3,11,6,3,6,4,0,0,1,1,0,0,0,"638796,202457","5365792,22478",10.87633482,48.429972285,0,2,#fc8d62,car
90890,"9,21E+18",9,1,84,130,2021,3,5,3,2,5,3,1,0,1,0,0,0,0,"698355,655854","5344763,58164",11.670827491,48.225054628,0,2,#fc8d62,car
90891,"9,21E+18",9,1,78,145,2021,3,14,6,3,5,3,0,0,1,1,0,0,0,"697031,594001","5354283,228",11.657454097,48.31102117,0,2,#fc8d62,car
90896,"9,21E+18",9,1,78,124,2021,3,15,5,3,5,2,0,0,1,0,1,0,0,"704410,878421","5365164,22049",11.762148919,48.406458159,0,2,#fc8d62,car
90898,"9,21E+18",9,1,63,0,2021,3,5,3,3,5,3,2,1,1,0,0,0,0,"734276,322482","5304541,31034",12.131797653,47.851470225,0,1,#66c2a5,bicycle
90900,"9,21E+18",9,1,62,0,2021,3,16,4,3,5,2,0,1,0,0,0,0,0,"684642,84524","5329113,871",11.479581826,48.088527042,0,1,#66c2a5,bicycle
90904,"9,21E+18",9,7,72,137,2021,3,13,7,3,0,7,0,0,1,0,0,0,0,"624588,41565","5368819,53617",10.685256975,48.460166699,0,2,#fc8d62,car
90910,"9,21E+18",9,1,82,134,2021,3,8,5,3,5,3,0,0,1,0,0,0,0,"703870,457001","5296500,546",11.722060414,47.789570185,1,2,#fc8d62,car
90911,"9,21E+18",9,7,72,147,2021,4,10,5,3,2,6,0,0,1,0,0,0,1,"636001,682","5364420,49",10.838132207,48.418247468,0,2,#fc8d62,car
90912,"9,21E+18",9,1,83,118,2021,4,16,6,3,8,1,0,0,0,0,1,0,0,"746294,456067","5336654,88559",12.310606545,48.135430549,0,4,#e78ac3,marker
90917,"9,21E+18",9,1,84,113,2021,4,12,3,3,8,6,0,0,1,0,0,0,0,"686160,780612","5322839,77352",11.497215659,48.031690644,1,2,#fc8d62,car
90919,"9,21E+18",9,1,79,134,2021,3,17,2,3,0,3,0,0,1,0,1,0,0,"668213,145067","5343308,65805",11.264744778,48.220684915,0,2,#fc8d62,car
90920,"9,21E+18",9,7,61,0,2021,3,16,4,3,5,3,0,1,0,0,0,0,0,"641378,033828","5355373,01806",10.907712283,48.335712851,0,1,#66c2a5,bicycle
90921,"9,21E+18",9,1,83,138,2021,4,13,7,2,5,3,0,0,1,0,1,0,0,"746295,238003","5346854,34899",12.316527614,48.227040202,0,2,#fc8d62,car
90923,"9,21E+18",9,1,75,111,2021,3,6,1,3,2,6,1,0,1,0,0,1,0,"713958,889527","5338642,87463",11.877573403,48.164987281,0,2,#fc8d62,car
90926,"9,21E+18",9,2,74,124,2021,3,19,2,3,8,7,2,0,0,0,0,1,0,"723462,622755","5377112,14107",12.025610682,48.507333422,0,5,#a6d854,bus
90946,"9,21E+18",9,1,79,121,2021,3,6,2,3,2,6,2,0,1,0,0,0,0,"666320,173345","5339286,3704",11.237702661,48.185023629,0,2,#fc8d62,car
90948,"9,21E+18",9,1,87,130,2021,4,13,4,2,9,1,0,0,1,0,0,0,0,"713174,401963","5313011,90621",11.854270504,47.93493394,1,2,#fc8d62,car
90949,"9,21E+18",9,1,87,165,2021,4,14,5,3,3,7,0,0,1,0,0,0,0,"729349,65174","5300267,32861",12.063773254,47.814847063,0,2,#fc8d62,car
90961,"9,21E+18",9,7,77,121,2021,3,7,4,3,2,1,0,0,1,0,0,0,0,"628232,115547","5320630,55462",10.719926892,48.026084926,1,2,#fc8d62,car
90964,"9,21E+18",9,1,77,115,2021,4,7,4,3,0,6,0,0,1,0,0,0,1,"730220,048002","5348741,05899",12.10143051,48.250026832,2,2,#fc8d62,car
90966,"9,21E+18",9,7,71,122,2021,3,3,1,1,2,1,2,0,1,0,0,1,0,"654812,533902","5360382,14006",11.090716074,48.37759963,0,2,#fc8d62,car
90970,"9,21E+18",9,1,77,123,2021,3,15,2,3,6,4,0,0,1,1,0,0,0,"726486,392213","5341398,2091",12.047285727,48.185402946,0,2,#fc8d62,car
90972,"9,21E+18",9,2,61,0,2021,3,8,6,3,3,6,0,0,1,0,0,0,0,"733250,32901","5380902,52667",12.160047044,48.53782397,0,2,#fc8d62,car
90979,"9,21E+18",9,1,77,115,2021,3,20,3,3,2,6,2,0,1,0,0,0,0,"729656,253646","5353308,19262",12.096326901,48.29126072,0,2,#fc8d62,car
90983,"9,21E+18",9,7,72,147,2021,3,13,2,3,5,3,0,1,1,0,0,0,0,"638983,181","5365587,979",10.878793378,48.42809454,1,1,#66c2a5,bicycle
90990,"9,21E+18",9,1,81,130,2021,3,18,6,3,0,1,1,0,0,0,1,0,0,"639961,058349","5323207,74732",10.878001031,48.046797542,0,4,#e78ac3,marker
90997,"9,21E+18",9,7,72,209,2021,3,17,2,3,5,3,0,0,1,0,0,0,0,"636063,006021","5337123,86264",10.830164169,48.172780089,0,2,#fc8d62,car
91007,"9,21E+18",9,1,90,132,2021,3,17,3,3,8,1,0,0,0,0,0,0,1,"676616,137786","5295790,40093",11.358217224,47.791236824,2,6,#ffd92f,circle
91010,"9,21E+18",9,1,84,134,2021,3,13,1,3,5,3,0,0,1,0,0,0,0,"694273,561001","5323343,845",11.606157292,48.033805142,0,2,#fc8d62,car
91012,"9,21E+18",9,7,72,160,2021,4,14,7,3,2,3,0,0,1,0,0,0,0,"637824,281259","5340409,90112",10.854908353,48.201949178,0,2,#fc8d62,car
91022,"9,21E+18",9,1,73,112,2021,4,16,5,3,5,3,0,0,1,0,0,0,0,"692845,820508","5292757,0945",11.573356543,47.759317528,0,2,#fc8d62,car
91026,"9,21E+18",9,1,73,145,2021,3,6,4,3,9,1,1,0,1,0,0,0,0,"690396,951775","5297064,29779",11.54260018,47.798761321,1,2,#fc8d62,car
91027,"9,21E+18",9,7,77,111,2021,4,14,1,2,7,7,0,0,0,0,0,0,1,"613749,501202","5297612,37287",10.51967546,47.821800079,0,6,#ffd92f,circle
91033,"9,21E+18",9,7,62,0,2021,4,11,1,2,9,1,0,0,1,0,0,0,0,"621629,982815","5308833,05146",10.62807365,47.921274464,0,2,#fc8d62,car
91036,"9,21E+18",9,1,84,122,2021,3,16,5,3,5,2,0,1,1,0,0,0,0,"688147,60418","5323874,75916",11.524295501,48.040411321,0,1,#66c2a5,bicycle
91040,"9,21E+18",9,1,81,111,2021,4,14,5,2,4,6,0,0,1,0,1,0,0,"645458,485841","5304340,12797",10.945339772,47.875910065,0,2,#fc8d62,car
91046,"9,21E+18",9,1,86,151,2021,3,21,7,2,9,7,2,0,1,0,0,0,0,"681276,180001","5371923,187",11.452777385,48.474287158,0,2,#fc8d62,car
91047,"9,21E+18",9,1,62,0,2021,3,16,2,3,3,6,0,0,1,0,0,0,0,"685250,018013","5341503,03096",11.493117895,48.199710242,0,2,#fc8d62,car
91050,"9,21E+18",9,7,72,147,2021,3,16,6,3,1,6,0,0,1,0,0,0,0,"636580,633567","5364246,5069",10.845896162,48.416557802,1,2,#fc8d62,car
91054,"9,21E+18",9,1,77,127,2021,4,6,4,3,4,6,1,0,1,0,0,0,0,"726732,891373","5350791,75295",12.055621626,48.269707026,2,2,#fc8d62,car
91057,"9,21E+18",9,7,72,200,2021,3,21,4,3,4,2,2,0,1,0,0,0,0,"629159,843688","5336770,4904",10.737248816,48.17104288,0,2,#fc8d62,car
91061,"9,21E+18",9,1,62,0,2021,3,12,7,3,2,6,0,0,1,0,0,0,0,"687624,190338","5335044,97966",11.522188027,48.140967012,0,2,#fc8d62,car
91064,"9,21E+18",9,7,72,200,2021,2,16,6,3,4,2,0,0,1,0,0,0,0,"629487,910951","5337068,10692",10.741749995,48.173652512,0,2,#fc8d62,car
91066,"9,21E+18",9,1,87,122,2021,3,17,5,3,4,1,0,0,1,0,0,0,0,"720944,446162","5307413,23819",11.955297835,47.881996675,2,2,#fc8d62,car
91069,"9,21E+18",9,1,87,172,2021,3,16,3,3,0,7,0,0,0,0,1,0,0,"740337,76762","5296082,33285",12.208008548,47.77324279,0,4,#e78ac3,marker
91070,"9,21E+18",9,1,74,151,2021,3,15,5,3,2,3,0,1,1,0,0,0,0,"678963,326221","5360672,13085",11.416710343,48.373819552,0,1,#66c2a5,bicycle
91074,"9,21E+18",9,2,61,0,2021,3,14,1,3,4,2,0,0,1,0,0,0,0,"733039,867417","5382106,62244",12.157873698,48.548718132,0,2,#fc8d62,car
91076,"9,21E+18",9,1,83,126,2021,3,7,6,3,8,1,0,0,1,0,0,0,0,"727916,330002","5336743,90699",12.06400275,48.143077187,2,2,#fc8d62,car
91083,"9,21E+18",9,1,84,137,2021,4,12,4,3,2,2,0,0,1,0,0,0,0,"706310,185614","5316867,41649",11.764324234,47.971829029,1,2,#fc8d62,car
91086,"9,21E+18",9,1,62,0,2021,3,18,3,2,6,4,2,0,1,1,0,0,0,"690248,978937","5329114,25296",11.554790718,48.086881978,0,2,#fc8d62,car
91091,"9,21E+18",9,7,72,125,2021,3,18,3,3,5,3,0,1,1,0,0,0,0,"633175,841974","5347851,10761",10.794719156,48.269855684,0,1,#66c2a5,bicycle
91093,"9,21E+18",9,1,87,124,2021,3,17,4,3,2,1,0,0,1,0,1,0,0,"735356,641348","5326698,32878",12.158334112,48.050126129,0,2,#fc8d62,car
91098,"9,21E+18",9,7,71,122,2021,3,12,6,3,2,6,0,0,1,0,0,0,1,"655566,593989","5359725,10492",11.100649305,48.371507067,2,2,#fc8d62,car
91105,"9,21E+18",9,1,78,130,2021,4,14,1,3,5,3,0,0,1,0,1,0,0,"703276,991001","5354334,179",11.741614457,48.30950286,0,2,#fc8d62,car
91106,"9,21E+18",9,1,84,135,2021,3,6,3,2,4,2,1,0,1,0,0,1,0,"687866,502126","5347462,76218",11.530936815,48.252507896,0,2,#fc8d62,car
91113,"9,21E+18",9,1,62,0,2021,4,19,5,3,4,2,2,1,1,0,0,0,0,"694057,408691","5340272,61333",11.610961744,48.186021366,1,1,#66c2a5,bicycle
91114,"9,21E+18",9,1,87,145,2021,4,10,3,2,8,1,0,0,1,0,0,0,0,"747982,916003","5315355,71699",12.320930967,47.943467131,2,2,#fc8d62,car
91116,"9,21E+18",9,1,74,146,2021,3,19,7,3,3,1,2,0,1,0,0,0,0,"668150,836576","5350157,76136",11.266627434,48.282273169,0,2,#fc8d62,car
91118,"9,21E+18",9,1,74,146,2021,3,6,6,3,4,3,0,0,1,0,0,0,0,"668396,752157","5349719,2709",11.269764885,48.278265919,1,2,#fc8d62,car
91119,"9,21E+18",9,7,72,170,2021,3,14,6,3,8,1,0,0,1,0,0,0,0,"629358,311543","5330502,62604",10.738012616,48.114636778,0,2,#fc8d62,car
91122,"9,21E+18",9,7,71,122,2021,3,12,6,2,2,6,0,0,1,0,0,0,0,"655566,47539","5359725,20673",11.100647743,48.371508012,2,2,#fc8d62,car
91123,"9,21E+18",9,1,63,0,2021,3,19,6,3,2,6,2,0,1,0,0,0,1,"734918,638494","5304972,05377",12.14060468,47.855105568,1,2,#fc8d62,car
91129,"9,21E+18",9,1,87,169,2021,4,0,1,3,8,7,2,0,1,0,0,0,0,"738859,085287","5299114,64331",12.189971005,47.801033392,0,2,#fc8d62,car
91131,"9,21E+18",9,1,84,135,2021,3,6,1,3,8,1,2,0,1,0,0,0,0,"688007,490695","5347091,91764",11.532669583,48.249132942,1,2,#fc8d62,car
91134,"9,21E+18",9,1,62,0,2021,3,10,2,2,5,3,0,1,1,0,0,0,0,"684812,286474","5335391,032",11.484575602,48.144900475,0,1,#66c2a5,bicycle
91139,"9,21E+18",9,2,74,134,2021,3,6,3,2,6,1,2,0,1,1,0,0,0,"740612,3595","5371950,50099",12.254465655,48.454639084,2,2,#fc8d62,car
91148,"9,21E+18",9,1,62,0,2021,3,12,5,3,3,6,0,0,1,0,0,0,0,"691955,89379","5331675,52421",11.578840142,48.109390774,0,2,#fc8d62,car
91150,"9,21E+18",9,1,78,124,2021,2,17,7,3,5,2,0,1,0,0,0,0,1,"701271,792001","5363882,515",11.719166975,48.395950239,0,1,#66c2a5,bicycle
91155,"9,21E+18",9,1,88,120,2021,3,18,3,3,4,2,0,0,1,0,0,0,0,"677071,391237","5326091,30399",11.376744511,48.063504576,0,2,#fc8d62,car
91160,"9,21E+18",9,2,74,146,2021,3,12,4,3,1,6,0,0,1,0,0,0,0,"735405,490593","5380274,55792",12.188843398,48.531378666,0,2,#fc8d62,car
91173,"9,21E+18",9,1,77,130,2021,3,7,4,2,5,3,0,0,1,0,0,0,0,"712779,833508","5349101,85559",11.866982392,48.259363166,0,2,#fc8d62,car
91181,"9,21E+18",9,1,62,0,2021,3,13,5,3,2,6,0,0,1,0,0,0,0,"686086,39844","5335237,133",11.501620343,48.143145768,0,2,#fc8d62,car
91187,"9,21E+18",9,1,62,0,2021,3,10,2,3,0,6,0,0,1,0,0,0,1,"693947,631935","5331669,81713",11.605567102,48.108736162,0,2,#fc8d62,car
91189,"9,21E+18",9,7,78,203,2021,3,14,4,3,2,6,0,0,1,0,0,0,0,"620729,214765","5322058,1064",10.61973879,48.040385932,0,2,#fc8d62,car
91196,"9,21E+18",9,1,62,0,2021,3,15,2,3,2,6,2,0,1,0,0,0,0,"691915,853062","5339253,97275",11.581718461,48.177516642,0,2,#fc8d62,car
91197,"9,21E+18",9,1,62,0,2021,2,17,6,3,4,6,2,0,0,0,1,0,1,"694349,903151","5340702,5794",11.615089607,48.189796277,0,4,#e78ac3,marker
91199,"9,21E+18",9,1,77,117,2021,3,5,5,3,5,3,2,0,1,0,0,1,0,"715971,862546","5353082,98069",11.911968161,48.29405428,1,2,#fc8d62,car
91200,"9,21E+18",9,7,72,147,2021,4,23,5,3,3,6,2,0,1,0,0,1,0,"634685,511738","5364431,28205",10.820356347,48.418627239,0,2,#fc8d62,car
91206,"9,21E+18",9,1,74,115,2021,4,23,4,3,8,1,2,0,1,0,0,0,0,"677770,408294","5351925,67848",11.396925959,48.295536883,1,2,#fc8d62,car
91209,"9,21E+18",9,1,77,118,2021,3,18,5,3,5,3,2,0,1,0,0,0,0,"708013,79622","5344548,55713",11.800609778,48.220029477,0,2,#fc8d62,car
91212,"9,21E+18",9,1,81,130,2021,3,6,7,2,8,7,1,0,1,0,0,0,0,"641226,93128","5324398,0992",10.895369855,48.057222568,0,2,#fc8d62,car
91213,"9,21E+18",9,7,72,151,2021,3,18,5,3,2,6,0,0,1,0,1,0,0,"632350,343464","5343363,69686",10.782196977,48.229675991,0,2,#fc8d62,car
91215,"9,21E+18",9,1,75,111,2021,3,13,7,3,2,6,0,0,1,0,0,0,0,"712323,503001","5338213,181",11.855392751,48.161674409,0,2,#fc8d62,car
91216,"9,21E+18",9,1,87,165,2021,3,1,2,3,8,7,2,0,0,0,0,1,0,"731386,163244","5298421,70959",12.089952764,47.797536419,0,5,#a6d854,bus
91217,"9,21E+18",9,1,81,140,2021,4,10,5,3,2,6,0,0,1,0,0,0,0,"642185,633322","5323513,40148",10.907934968,48.049054352,1,2,#fc8d62,car
91222,"9,21E+18",9,1,90,131,2021,3,11,5,3,2,6,0,0,1,0,0,0,1,"661498,207179","5292866,19038",11.155426357,47.768913423,0,2,#fc8d62,car
91231,"9,21E+18",9,1,78,124,2021,3,7,3,3,4,6,0,0,1,0,0,0,1,"701027,799586","5366259,71792",11.71701302,48.417390616,2,2,#fc8d62,car
91232,"9,21E+18",9,1,85,131,2021,4,6,4,2,8,1,1,0,1,0,0,0,0,"665789,850774","5378575,15194",11.246055264,48.538358391,2,2,#fc8d62,car
91235,"9,21E+18",9,1,62,0,2021,3,21,4,3,9,7,2,0,1,0,0,0,0,"699088,791027","5333046,25044",11.67520088,48.11952042,0,2,#fc8d62,car
91240,"9,21E+18",9,7,62,0,2021,3,19,5,3,2,6,2,0,1,0,0,0,0,"623066,405","5306085,676",10.646508546,47.896291499,0,2,#fc8d62,car
91247,"9,21E+18",9,1,78,124,2021,3,17,3,3,0,1,0,1,0,0,0,0,0,"701510,477001","5364070,718",11.72247811,48.397565286,0,1,#66c2a5,bicycle
91258,"9,21E+18",9,2,74,113,2021,3,14,5,3,5,3,0,0,1,0,0,0,0,"728244,74437","5383998,28154",12.094032828,48.567474145,0,2,#fc8d62,car
91260,"9,21E+18",9,1,84,134,2021,3,18,6,3,8,1,2,0,1,0,0,0,0,"692607,457387","5320221,38881",11.582427401,48.006245138,1,2,#fc8d62,car
91262,"9,21E+18",9,7,72,202,2021,3,12,3,3,2,6,0,0,1,0,0,0,0,"636379,294627","5357777,70002",10.841076569,48.358434403,0,2,#fc8d62,car
91263,"9,21E+18",9,7,72,200,2021,4,7,4,3,2,6,0,0,1,0,0,0,0,"629472,306596","5337075,75621",10.74154253,48.17372448,1,2,#fc8d62,car
91267,"9,21E+18",9,1,84,142,2021,3,16,2,3,8,1,0,0,1,0,0,0,0,"680855,770288","5316911,16339",11.423620265,47.979921978,1,2,#fc8d62,car
91268,"9,21E+18",9,1,84,147,2021,3,7,4,3,2,6,0,0,0,0,0,1,0,"699793,315721","5341372,33927",11.688566389,48.194126642,1,5,#a6d854,bus
91269,"9,21E+18",9,1,74,131,2021,3,13,4,3,0,1,0,1,0,0,0,0,0,"678964,124425","5357234,11006",11.415259033,48.342916277,0,1,#66c2a5,bicycle
91271,"9,21E+18",9,1,77,135,2021,3,13,4,3,0,6,0,1,1,0,0,0,0,"716441,051437","5342122,93617",11.912684322,48.195416455,0,1,#66c2a5,bicycle
91273,"9,21E+18",9,1,88,118,2021,3,16,6,3,4,1,0,0,1,0,0,0,0,"670496,735469","5311085,9805",11.282609209,47.930397369,1,2,#fc8d62,car
91274,"9,21E+18",9,1,77,120,2021,3,18,6,3,2,6,2,0,1,0,0,0,0,"724050,231704","5362182,86465",12.025572263,48.373000939,0,2,#fc8d62,car
91276,"9,21E+18",9,1,87,169,2021,3,9,7,3,2,1,0,0,1,0,0,0,0,"736096,035677","5299420,91711",12.153295147,47.804803862,1,2,#fc8d62,car
91277,"9,21E+18",9,1,78,120,2021,3,12,6,3,2,6,0,0,1,0,0,1,0,"694897,050925","5355238,31954",11.629137497,48.320266093,0,2,#fc8d62,car
91278,"9,21E+18",9,1,84,144,2021,2,16,7,2,4,1,0,0,1,0,0,0,0,"685163,610001","5316505,935",11.481118932,47.975047368,0,2,#fc8d62,car
91281,"9,21E+18",9,7,72,200,2021,3,10,4,3,5,3,0,0,1,0,1,0,0,"631000,412582","5339679,19511",10.76289008,48.196823069,0,2,#fc8d62,car
91286,"9,21E+18",9,1,87,177,2021,3,16,1,3,5,2,0,0,1,0,0,0,0,"736200,798486","5305706,43108",12.158119942,47.861233126,0,2,#fc8d62,car
91294,"9,21E+18",9,1,84,123,2021,4,17,5,3,5,3,0,0,1,0,0,0,1,"703323,681001","5331808,865",11.731449823,48.107062228,0,2,#fc8d62,car
91296,"9,21E+18",9,7,72,209,2021,3,17,4,3,5,3,0,1,1,0,0,0,0,"636846,194","5337309,994",10.84075302,48.174285662,0,1,#66c2a5,bicycle
91301,"9,21E+18",9,1,74,113,2021,3,16,2,1,2,6,0,1,1,0,0,0,0,"676928,939665","5347775,13781",11.383853155,48.258463703,0,1,#66c2a5,bicycle
91305,"9,21E+18",9,1,62,0,2021,3,19,7,3,5,3,2,0,1,0,0,0,0,"691750,437415","5331906,02137",11.576186435,48.111524343,0,2,#fc8d62,car
91309,"9,21E+18",9,7,72,159,2021,3,16,6,2,0,7,0,1,0,0,0,0,0,"625432,669682","5361518,73704",10.694487073,48.394345986,1,1,#66c2a5,bicycle
91310,"9,21E+18",9,1,73,126,2021,3,8,2,3,2,6,0,0,1,0,0,0,0,"685664,636281","5303796,96669",11.482351952,47.860663278,1,2,#fc8d62,car
91312,"9,21E+18",9,1,63,0,2021,4,12,5,3,5,2,0,0,1,0,0,0,0,"730988,70605","5303256,93514",12.087229869,47.841120727,0,2,#fc8d62,car
91314,"9,21E+18",9,1,87,126,2021,3,17,4,3,0,1,0,1,0,0,0,0,0,"742748,459738","5325820,68415",12.256866439,48.039474887,0,1,#66c2a5,bicycle
91316,"9,21E+18",9,1,90,115,2021,3,17,5,3,5,3,0,0,1,0,0,0,0,"671225,129","5303651,388",11.289402947,47.863365098,1,2,#fc8d62,car
91317,"9,21E+18",9,1,90,151,2021,3,7,4,3,4,1,0,0,1,0,0,0,0,"635891,123612","5299816,54243",10.81603464,47.837326134,2,2,#fc8d62,car
91319,"9,21E+18",9,2,74,194,2021,3,17,4,3,0,6,0,0,1,0,0,0,0,"722001,228593","5375844,99349",12.005178683,48.496467458,0,2,#fc8d62,car
91321,"9,21E+18",9,7,71,112,2021,3,15,3,3,4,2,0,0,1,0,0,0,0,"642945,598","5367026,139",10.932817178,48.440138786,0,2,#fc8d62,car
91324,"9,21E+18",9,2,61,0,2021,3,18,5,3,5,3,0,1,1,0,0,0,0,"731855,168878","5381137,46633",12.141305972,48.540451345,0,1,#66c2a5,bicycle
91329,"9,21E+18",9,1,74,115,2021,2,14,1,3,0,5,0,1,1,0,0,0,0,"680320,881855","5348273,90668",11.429724806,48.261990816,0,1,#66c2a5,bicycle
91331,"9,21E+18",9,1,83,119,2021,4,11,4,3,2,1,0,0,1,0,0,0,0,"737105,833932","5336259,89111",12.187078407,48.135371639,0,2,#fc8d62,car
91336,"9,21E+18",9,1,79,142,2021,3,0,2,3,2,6,2,0,1,0,0,0,0,"676451,823633","5343189,42921",11.375520292,48.217375512,1,2,#fc8d62,car
91341,"9,21E+18",9,7,72,130,2021,3,11,5,3,4,6,0,0,1,0,0,0,0,"629722,699613","5360137,99405",10.751987593,48.381061896,0,2,#fc8d62,car
91354,"9,21E+18",9,2,61,0,2021,4,14,4,3,2,6,0,0,1,0,0,0,0,"734961,411333","5381196,81769",12.183357353,48.539829185,1,2,#fc8d62,car
91355,"9,21E+18",9,1,78,155,2021,4,18,5,3,2,6,0,0,1,0,1,0,0,"721776,141044","5375398,39215",12.001898997,48.492534637,1,2,#fc8d62,car
91360,"9,21E+18",9,7,72,200,2021,3,16,3,3,0,3,0,0,1,0,1,0,0,"629375,385","5337126,301",10.740254839,48.174198757,0,2,#fc8d62,car
91361,"9,21E+18",9,1,62,0,2021,3,20,6,3,2,6,2,0,1,0,0,0,0,"694902,583682","5332741,89727",11.61887234,48.118080124,0,2,#fc8d62,car
91363,"9,21E+18",9,1,62,0,2021,3,8,5,3,2,6,0,0,1,0,0,0,0,"688674,648341","5336007,1385",11.536721147,48.149304399,0,2,#fc8d62,car
91364,"9,21E+18",9,1,84,114,2021,3,13,5,3,4,6,0,0,1,0,0,0,0,"703221,259651","5317139,15343",11.723113356,47.975259338,0,2,#fc8d62,car
91366,"9,21E+18",9,7,72,223,2021,3,13,6,3,5,3,0,0,1,0,0,0,0,"617400,923393","5363088,34636",10.586468856,48.410008209,1,2,#fc8d62,car
91368,"9,21E+18",9,1,73,147,2021,3,11,3,3,4,2,0,0,1,0,0,0,0,"681194,075592","5309501,74199",11.425030196,47.913221548,0,2,#fc8d62,car
91370,"9,21E+18",9,7,71,145,2021,3,11,4,3,0,1,0,1,0,0,0,0,0,"642603,567774","5347589,85006",10.92161025,48.265454006,0,1,#66c2a5,bicycle
91372,"9,21E+18",9,1,84,145,2021,3,10,4,3,1,6,0,0,1,0,0,0,0,"694344,399397","5323238,54828",11.607058791,48.032837203,0,2,#fc8d62,car
91381,"9,21E+18",9,7,77,158,2021,3,17,2,3,5,3,0,0,1,0,0,0,0,"621569,484845","5309214,70612",10.627371879,47.924718417,0,2,#fc8d62,car
91382,"9,21E+18",9,1,73,145,2021,3,11,5,3,4,6,0,0,1,0,0,0,0,"690783,949509","5297507,243",11.547957753,47.80262823,1,2,#fc8d62,car
91385,"9,21E+18",9,1,86,143,2021,3,18,3,2,8,1,0,0,0,0,1,0,0,"685397,046216","5377738,46015",11.51106192,48.52535217,0,4,#e78ac3,marker
91386,"9,21E+18",9,1,84,121,2021,3,14,4,3,5,3,0,0,1,0,0,0,0,"704766,259758","5331413,81222",11.750616776,48.103049989,0,2,#fc8d62,car
91391,"9,21E+18",9,7,74,198,2021,3,11,1,3,5,3,0,0,1,0,1,0,0,"613246,244192","5348880,79631",10.526525308,48.282993787,0,2,#fc8d62,car
91393,"9,21E+18",9,1,73,118,2021,4,12,7,3,5,3,0,1,1,0,0,0,0,"692223,861029","5303745,19441",11.569936664,47.858269159,0,1,#66c2a5,bicycle
91397,"9,21E+18",9,7,72,184,2021,3,9,5,3,5,3,0,0,1,0,0,0,0,"633757,188377","5363007,32494",10.807362027,48.406020701,0,2,#fc8d62,car
91402,"9,21E+18",9,7,78,137,2021,4,7,4,2,4,1,0,0,1,0,0,1,0,"624105,803716","5328549,42927",10.666905179,48.098116685,2,2,#fc8d62,car
91411,"9,21E+18",9,1,90,142,2021,3,18,4,3,5,3,0,0,1,0,0,0,0,"662505,983541","5295701,14498",11.169927611,47.794149408,0,2,#fc8d62,car
91412,"9,21E+18",9,1,75,139,2021,3,12,6,3,2,1,0,0,1,0,0,1,0,"710410,483675","5331092,6638",11.826182738,48.098325275,2,2,#fc8d62,car
91415,"9,21E+18",9,1,78,138,2021,4,19,3,3,5,2,1,0,1,0,0,0,0,"712090,920032","5368875,69501",11.867671353,48.437269919,0,2,#fc8d62,car
91417,"9,21E+18",9,7,72,168,2021,3,6,6,3,9,1,0,0,1,0,0,0,0,"618700,586383","5347217,76441",10.599552092,48.267038477,2,2,#fc8d62,car
91420,"9,21E+18",9,1,87,182,2021,3,15,4,2,5,3,0,0,1,0,1,0,0,"740453,656066","5326298,24489",12.226396866,48.044632874,0,2,#fc8d62,car