OBJECTID,UIDENTSTLA,ULAND,UREGBEZ,UKREIS,UGEMEINDE,UJAHR,UMONAT,USTUNDE,UWOCHENTAG,UKATEGORIE,UART,UTYP1,ULICHTVERH,IstRad,IstPKW,IstFuss,IstKrad,IstGkfz,IstSonstig,LINREFX,LINREFY,XGCSWGS84,YGCSWGS84,STRZUSTAN,Teilnehmer,color,symbol
91421,"9,21E+18",9,1,87,129,2021,4,6,4,2,4,2,0,0,1,0,0,1,0,"725643,756453","5300601,24224",12.014513164,47.819157178,1,2,#fc8d62,car
91422,"9,21E+18",9,1,88,120,2021,4,16,5,2,4,2,0,1,1,0,0,0,0,"671723,956098","5326298,38132",11.305112749,48.066827986,0,1,#66c2a5,bicycle
91436,"9,21E+18",9,1,62,0,2021,3,13,1,3,5,3,0,1,1,0,0,0,0,"686389,433001","5329049,271",11.502985591,48.087438074,0,1,#66c2a5,bicycle
91440,"9,21E+18",9,1,79,142,2021,3,2,2,3,8,7,2,0,1,0,0,0,0,"677939,219026","5342074,23431",11.395058788,48.206935706,0,2,#fc8d62,car
91443,"9,21E+18",9,2,61,0,2021,3,11,2,3,5,2,0,0,1,0,0,0,0,"731874,889492","5383857,45852",12.143087208,48.564877135,0,2,#fc8d62,car
91444,"9,21E+18",9,1,84,136,2021,2,11,6,3,2,6,0,0,1,0,1,0,0,"698354,211291","5326753,50029",11.662418257,48.063194782,0,2,#fc8d62,car
91449,"9,21E+18",9,1,84,113,2021,3,19,2,3,4,6,0,1,0,0,0,0,0,"686029,102001","5322449,988",11.495281774,48.028225385,0,1,#66c2a5,bicycle
91452,"9,21E+18",9,1,87,117,2021,3,20,4,3,8,7,2,0,1,0,0,0,0,"726767,389021","5308068,1517",12.033416477,47.885850998,1,2,#fc8d62,car
91458,"9,21E+18",9,1,79,138,2021,3,17,6,3,5,3,0,0,1,0,0,0,0,"658511,962","5333814,341",11.130687591,48.13782268,0,2,#fc8d62,car
91468,"9,21E+18",9,1,87,150,2021,3,18,2,3,2,6,1,0,1,0,0,0,0,"729602,215138","5303361,34826",12.068781962,47.842555373,0,2,#fc8d62,car
91470,"9,21E+18",9,1,87,167,2021,3,16,3,2,4,2,0,0,1,0,0,0,0,"740799,352732","5304162,52033",12.218646193,47.84565723,0,2,#fc8d62,car
91473,"9,21E+18",9,7,62,0,2021,4,19,5,3,4,2,1,1,1,0,0,0,0,"623020,085995","5306246,36366",10.645934922,47.897745547,1,1,#66c2a5,bicycle
91484,"9,21E+18",9,1,88,139,2021,3,20,6,3,8,1,2,0,0,0,1,0,0,"675870,443527","5322698,67483",11.359244895,48.033338836,0,4,#e78ac3,marker
91486,"9,21E+18",9,1,84,119,2021,3,17,6,2,0,1,0,0,0,0,1,0,0,"697271,329426","5348903,23778",11.6581719,48.262596294,1,4,#e78ac3,marker
91490,"9,21E+18",9,1,82,116,2021,4,18,5,2,4,1,0,0,1,0,1,0,0,"705870,084771","5294470,60833",11.747765486,47.77069082,0,2,#fc8d62,car
91493,"9,21E+18",9,7,72,163,2021,3,5,1,3,9,1,2,0,1,0,0,0,0,"639036,879122","5350042,41852",10.87438228,48.288300263,2,2,#fc8d62,car
91496,"9,21E+18",9,1,78,124,2021,3,10,4,3,5,2,0,0,1,0,0,0,0,"703010,701001","5363867,724",11.742624481,48.395259973,0,2,#fc8d62,car
91497,"9,21E+18",9,1,62,0,2021,3,22,6,3,5,2,2,0,1,0,0,0,0,"692116,966074","5339989,90616",11.584753764,48.18407025,0,2,#fc8d62,car
91499,"9,21E+18",9,1,87,122,2021,3,10,5,3,5,3,0,0,1,0,0,0,0,"718797,762002","5308440,738",11.927143877,47.891964461,1,2,#fc8d62,car
91504,"9,21E+18",9,7,72,216,2021,3,14,6,1,4,6,0,0,1,0,0,0,1,"623354,649","5366445,284",10.667876183,48.439058973,1,2,#fc8d62,car
91509,"9,21E+18",9,1,88,120,2021,4,9,5,3,5,3,0,1,1,0,0,0,0,"676900,468355","5326510,17844",11.374625627,48.067317401,0,1,#66c2a5,bicycle
91516,"9,21E+18",9,1,90,115,2021,3,18,3,3,8,1,0,0,0,0,1,0,0,"670252,123","5301736,36",11.27564998,47.846407004,0,4,#e78ac3,marker
91517,"9,21E+18",9,7,72,200,2021,3,15,5,3,5,3,0,0,1,0,0,1,0,"639162,609147","5344741,85696",10.874332281,48.240610263,0,2,#fc8d62,car
91522,"9,21E+18",9,1,90,132,2021,3,16,3,3,8,1,0,0,1,0,0,0,0,"676587,683795","5295695,3601",11.357798965,47.79039022,2,2,#fc8d62,car
91523,"9,21E+18",9,1,74,131,2021,4,6,4,3,8,1,0,0,0,0,0,1,0,"677070,883323","5354205,0713",11.388458964,48.316222197,2,5,#a6d854,bus
91525,"9,21E+18",9,1,84,120,2021,3,15,1,3,5,2,0,0,1,0,0,0,0,"682123,516518","5333123,36192",11.447493343,48.125292375,0,2,#fc8d62,car
91526,"9,21E+18",9,1,84,121,2021,3,13,4,3,4,6,0,0,1,0,0,0,0,"705430,701803","5326115,96729",11.756984605,48.055226358,0,2,#fc8d62,car
91527,"9,21E+18",9,7,61,0,2021,4,15,7,3,2,6,0,0,1,0,0,0,0,"636858,618223","5360311,08593",10.848368283,48.381110692,0,2,#fc8d62,car
91530,"9,21E+18",9,1,75,139,2021,3,20,7,3,5,3,2,0,1,0,0,0,0,"710383,848446","5331069,39802",11.825813965,48.098125001,1,2,#fc8d62,car
91531,"9,21E+18",9,1,84,147,2021,3,16,5,3,5,7,0,0,1,0,0,1,0,"700012,882623","5340673,79695",11.691188698,48.187779768,0,2,#fc8d62,car
91533,"9,21E+18",9,7,61,0,2021,2,12,6,3,0,6,0,0,1,0,0,0,0,"639792,903325","5352923,31719",10.885522772,48.314038311,0,2,#fc8d62,car
91534,"9,21E+18",9,7,71,130,2021,3,16,2,3,2,6,0,0,1,0,0,0,0,"644622,050119","5362980,68184",10.954076202,48.40338208,0,2,#fc8d62,car
91541,"9,21E+18",9,1,90,132,2021,3,13,4,3,8,1,0,0,1,0,0,0,0,"674772,766309","5292828,2631",11.332433339,47.765109868,1,2,#fc8d62,car
91549,"9,21E+18",9,2,74,183,2021,3,19,1,3,1,7,2,0,1,0,0,0,0,"741364,058568","5361961,32404",12.258871725,48.364629011,0,2,#fc8d62,car
91550,"9,21E+18",9,1,87,128,2021,3,5,7,3,8,1,1,0,1,0,0,0,0,"744423,231003","5310641,71599",12.270668288,47.902490747,2,2,#fc8d62,car
91553,"9,21E+18",9,1,62,0,2021,4,11,5,3,3,6,0,0,1,0,0,1,0,"686238,904487","5333306,37568",11.502824433,48.125746765,0,2,#fc8d62,car
91554,"9,21E+18",9,1,90,115,2021,4,13,5,2,2,2,0,0,1,0,1,0,0,"671032,191278","5303202,28218",11.286647701,47.859378927,0,2,#fc8d62,car
91558,"9,21E+18",9,1,74,113,2021,3,4,4,3,5,7,2,0,0,0,0,1,0,"674986,629504","5345381,18747",11.356717081,48.237483431,1,5,#a6d854,bus
91559,"9,21E+18",9,7,72,151,2021,3,18,3,3,3,6,0,0,0,1,1,0,0,"633158,952712","5344362,72409",10.793394001,48.238490393,0,3,#8da0cb,toilet
91561,"9,21E+18",9,1,75,123,2021,3,19,4,3,0,1,2,1,0,0,0,0,0,"725309,544054","5336392,62975",12.028823562,48.140849563,0,1,#66c2a5,bicycle
91562,"9,21E+18",9,1,81,145,2021,3,14,6,3,5,3,0,0,1,0,0,0,0,"642983,092816","5334572,74519",10.922334655,48.148321505,0,2,#fc8d62,car
91563,"9,21E+18",9,1,81,114,2021,3,8,6,2,8,1,0,0,1,0,0,0,0,"653517,392858","5315723,8668",11.057104901,47.976390973,0,2,#fc8d62,car
91564,"9,21E+18",9,1,84,145,2021,4,6,5,3,9,1,2,0,1,0,0,0,0,"696535,464953","5321990,57838",11.635846724,48.020950478,2,2,#fc8d62,car
91568,"9,21E+18",9,1,63,0,2021,3,16,3,3,5,3,0,1,1,0,0,0,0,"733679,037764","5305027,78137",12.124088219,47.856058095,0,1,#66c2a5,bicycle
91570,"9,21E+18",9,1,84,145,2021,3,12,4,3,5,3,0,0,1,0,0,0,0,"696496,729911","5322566,32006",11.63559175,48.026136939,0,2,#fc8d62,car
91577,"9,21E+18",9,1,88,141,2021,3,12,4,3,5,3,0,0,1,0,0,0,0,"670317,951331","5308530,58367",11.279207824,47.907471415,0,2,#fc8d62,car
91581,"9,21E+18",9,1,74,113,2021,3,12,4,3,5,3,0,1,1,0,0,0,0,"678044,856001","5350530,109",11.400034822,48.282915194,0,1,#66c2a5,bicycle
91583,"9,21E+18",9,1,79,123,2021,3,18,4,3,4,2,2,0,1,0,0,0,0,"677443,376276","5331964,45934",11.384173457,48.116196515,0,2,#fc8d62,car
91587,"9,21E+18",9,1,62,0,2021,3,23,5,3,2,1,2,0,1,0,0,0,1,"688348,068157","5340188,07873",11.53418662,48.186979971,1,2,#fc8d62,car
91594,"9,21E+18",9,1,90,159,2021,3,19,3,3,2,6,2,0,1,0,0,0,0,"662452,24943","5304542,78223",11.172527856,47.873657972,0,2,#fc8d62,car
91595,"9,21E+18",9,1,83,118,2021,4,7,4,3,9,1,0,0,1,0,0,0,0,"741594,05553","5338030,65308",12.248312078,48.149589829,2,2,#fc8d62,car
91596,"9,21E+18",9,7,72,147,2021,3,21,4,3,5,3,2,0,1,0,0,0,0,"637840,983147","5364981,68057",10.863162181,48.422893858,0,2,#fc8d62,car
91597,"9,21E+18",9,1,85,158,2021,3,13,2,2,0,1,0,1,0,0,0,0,0,"667632,57094","5380200,5242",11.271653517,48.552479689,0,1,#66c2a5,bicycle
91609,"9,21E+18",9,1,83,138,2021,3,7,3,3,9,1,0,0,1,0,0,1,1,"745163,299508","5349681,51226",12.302947709,48.252871747,2,2,#fc8d62,car
91612,"9,21E+18",9,7,72,215,2021,3,13,1,3,2,6,0,1,0,0,0,0,0,"632719,265","5346190,839",10.788048365,48.255021751,0,1,#66c2a5,bicycle
91613,"9,21E+18",9,1,79,123,2021,3,16,5,3,2,3,0,0,1,0,0,0,0,"676627,328613","5334061,57216",11.374087712,48.135274873,0,2,#fc8d62,car
91614,"9,21E+18",9,1,63,0,2021,4,15,7,3,5,3,0,0,1,0,0,0,0,"733583,168002","5303198,23199",12.121821006,47.839656177,0,2,#fc8d62,car
91616,"9,21E+18",9,1,77,116,2021,3,15,1,2,0,1,0,1,0,0,0,0,0,"712356,322755","5365619,04875",11.869606204,48.407918799,0,1,#66c2a5,bicycle
91617,"9,21E+18",9,1,62,0,2021,3,13,6,3,6,4,0,0,1,1,0,0,0,"693506,132892","5331528,83722",11.599578227,48.107603341,0,2,#fc8d62,car
91626,"9,21E+18",9,1,88,117,2021,3,22,5,3,4,6,2,0,1,0,0,0,0,"665480,413237","5315944,87174",11.217372494,47.975396149,1,2,#fc8d62,car
91627,"9,21E+18",9,7,61,0,2021,3,5,2,3,5,3,1,0,1,0,0,0,0,"644940,965","5355735,594",10.955885377,48.338165721,1,2,#fc8d62,car
91629,"9,21E+18",9,1,87,165,2021,3,7,4,3,5,3,0,0,1,0,0,0,0,"729837,33334","5294570,48666",12.067262374,47.763489261,2,2,#fc8d62,car
91632,"9,21E+18",9,1,87,169,2021,3,14,1,3,2,2,0,0,1,0,1,0,0,"741884,376708","5298538,09669",12.229986582,47.794724963,0,2,#fc8d62,car
91640,"9,21E+18",9,1,79,121,2021,3,14,2,3,2,6,0,0,1,0,0,1,0,"664560,719347","5335448,40624",11.212563711,48.150977777,0,2,#fc8d62,car
91641,"9,21E+18",9,7,77,121,2021,3,16,3,3,0,1,0,0,1,0,0,0,0,"627890,751823","5321656,74306",10.715656823,48.035381984,0,2,#fc8d62,car
91645,"9,21E+18",9,2,61,0,2021,3,16,4,3,0,1,0,1,0,0,0,0,0,"734421,007837","5381995,06717",12.17649658,48.547201549,0,1,#66c2a5,bicycle
91646,"9,21E+18",9,1,79,145,2021,3,17,2,2,4,7,0,1,0,0,0,0,0,"675911,307001","5338358,801",11.366248489,48.174102144,0,1,#66c2a5,bicycle
91648,"9,21E+18",9,1,62,0,2021,3,9,3,3,2,6,2,0,1,0,0,0,1,"689500,456768","5331882,69674",11.545978486,48.111988094,0,2,#fc8d62,car
91649,"9,21E+18",9,1,73,130,2021,3,23,7,3,9,1,2,0,1,0,0,0,0,"679359,359649","5310580,77896",11.400946497,47.923437189,0,2,#fc8d62,car
91650,"9,21E+18",9,7,71,130,2021,3,19,3,3,9,1,2,0,1,0,0,0,0,"648386,1984","5362739,65998",11.004818717,48.400340276,0,2,#fc8d62,car
91651,"9,21E+18",9,1,77,119,2021,3,8,6,3,5,3,0,0,1,0,0,0,0,"721293,529558","5340971,17481",11.977294429,48.183396073,1,2,#fc8d62,car
91652,"9,21E+18",9,1,84,130,2021,3,8,5,3,2,6,0,0,1,0,0,0,0,"698880,699254","5346171,87308",11.678550017,48.237546548,1,2,#fc8d62,car
91653,"9,21E+18",9,1,82,133,2021,4,16,6,3,4,2,0,0,1,0,1,0,0,"706810,11432","5307579,32372",11.766555799,47.88819765,0,2,#fc8d62,car
91654,"9,21E+18",9,1,82,136,2021,3,7,7,3,2,1,0,0,1,0,0,0,0,"703467,178152","5302604,47653",11.719547438,47.844555785,2,2,#fc8d62,car
91656,"9,21E+18",9,1,77,130,2021,3,15,5,3,5,3,0,1,1,0,0,0,0,"706872,897595","5350837,4481",11.788340894,48.276915316,0,1,#66c2a5,bicycle
91661,"9,21E+18",9,1,84,140,2021,3,16,4,3,9,1,0,0,1,0,0,0,0,"700227,65924","5328953,88823",11.688566831,48.082384846,0,2,#fc8d62,car
91664,"9,21E+18",9,7,61,0,2021,3,16,3,3,2,6,0,0,1,0,0,0,0,"637573,965884","5360507,68802",10.858088629,48.382722921,0,2,#fc8d62,car
91674,"9,21E+18",9,1,77,117,2021,3,21,3,3,9,7,2,0,1,0,0,0,0,"714251,106692","5350278,90036",11.887376306,48.269443595,0,2,#fc8d62,car
91675,"9,21E+18",9,1,87,129,2021,3,16,5,3,5,3,0,0,1,0,0,0,0,"725106,662057","5296373,74686",12.005154653,47.781360797,0,2,#fc8d62,car
91679,"9,21E+18",9,1,84,122,2021,3,14,1,3,5,3,0,1,1,0,0,0,0,"687608,214497","5320793,32641",11.515716911,48.012872706,0,1,#66c2a5,bicycle
91685,"9,21E+18",9,1,85,158,2021,3,10,6,3,4,3,0,0,1,0,0,0,0,"666570,448427","5379459,59407",11.256975595,48.546102214,0,2,#fc8d62,car
91689,"9,21E+18",9,7,71,169,2021,3,10,7,1,0,7,0,1,0,0,0,0,0,"641726,261618","5375417,06957",10.919184504,48.515860581,0,1,#66c2a5,bicycle
91694,"9,21E+18",9,1,81,135,2021,3,19,3,3,9,1,2,0,0,0,1,0,0,"643018,971819","5308999,862",10.914277543,47.918359909,0,4,#e78ac3,marker
91696,"9,21E+18",9,1,62,0,2021,3,10,2,3,3,5,0,0,1,0,0,0,0,"690306,05407","5329303,45573",11.555640676,48.088565513,0,2,#fc8d62,car
91703,"9,21E+18",9,2,74,113,2021,3,9,2,3,4,2,0,0,1,0,0,0,0,"728240,396261","5383997,65844",12.093973634,48.56747013,0,2,#fc8d62,car
91704,"9,21E+18",9,1,78,157,2021,3,10,3,2,5,3,0,0,1,0,0,0,0,"705140,600876","5370633,41527",11.77467391,48.455367096,0,2,#fc8d62,car
91707,"9,21E+18",9,1,79,142,2021,3,7,2,3,5,2,0,0,1,0,0,0,0,"673315,351648","5343817,12417",11.333588135,48.223882518,0,2,#fc8d62,car
91708,"9,21E+18",9,7,72,162,2021,3,16,4,3,5,3,0,1,1,0,0,0,0,"636239,683","5335474,144",10.832010821,48.157907437,0,1,#66c2a5,bicycle
91709,"9,21E+18",9,1,84,132,2021,4,13,7,3,3,6,0,0,1,0,0,1,0,"683145,586707","5325145,59731",11.457794176,48.053289046,0,2,#fc8d62,car
91717,"9,21E+18",9,1,79,114,2021,4,15,5,3,5,3,0,0,1,0,0,0,0,"653775,668944","5344410,75833",11.070903082,48.234257587,0,2,#fc8d62,car
91720,"9,21E+18",9,1,84,129,2021,3,14,4,3,5,3,0,0,1,0,0,0,0,"699886,767866","5324070,98732",11.68171291,48.038608114,0,2,#fc8d62,car
91723,"9,21E+18",9,1,81,130,2021,3,9,4,3,1,6,0,0,1,0,0,0,0,"641966,49087","5324257,42565",10.905242933,48.055793493,1,2,#fc8d62,car
91725,"9,21E+18",9,1,88,124,2021,3,12,4,2,5,3,0,1,0,0,0,0,0,"660847,52386","5316097,37038",11.155396823,47.97794855,0,1,#66c2a5,bicycle
91729,"9,21E+18",9,1,79,123,2021,3,9,2,3,3,6,0,0,1,0,0,1,0,"678359,639602","5332380,10763",11.396647329,48.119676857,0,2,#fc8d62,car
91735,"9,21E+18",9,1,84,131,2021,3,19,3,3,6,4,1,0,1,1,0,0,0,"705538,100589","5339506,65637",11.764877768,48.17552778,0,2,#fc8d62,car
91740,"9,21E+18",9,1,87,181,2021,3,15,2,3,2,6,0,0,1,0,0,0,0,"735813,831002","5309873,83199",12.155228862,47.898814041,1,2,#fc8d62,car
91741,"9,21E+18",9,7,62,0,2021,3,7,3,3,5,3,1,1,1,0,0,0,0,"621202,07092","5304485,02647",10.621126547,47.882250534,1,1,#66c2a5,bicycle
91745,"9,21E+18",9,7,71,160,2021,3,10,5,2,5,2,0,0,1,0,0,0,0,"655578,38215","5351104,91594",11.097625768,48.294003333,1,2,#fc8d62,car
91747,"9,21E+18",9,1,78,120,2021,4,8,6,3,2,6,0,0,1,0,0,1,0,"691471,208762","5352598,61703",11.581774765,48.297588304,0,2,#fc8d62,car
91749,"9,21E+18",9,1,62,0,2021,3,7,6,3,2,6,0,0,1,0,0,0,0,"693163,574359","5338256,18723",11.598032031,48.168170851,1,2,#fc8d62,car
91751,"9,21E+18",9,1,73,126,2021,3,5,3,3,4,2,2,0,1,0,0,0,0,"682733,589697","5307223,4791",11.444650102,47.892305132,2,2,#fc8d62,car
91753,"9,21E+18",9,1,88,139,2021,4,17,4,3,8,1,0,0,1,0,0,0,0,"675243,04261","5319746,3656",11.349628895,48.006971291,0,2,#fc8d62,car
91756,"9,21E+18",9,7,77,114,2021,3,6,4,2,4,1,0,0,1,0,0,0,0,"614276,799865","5315073,90399",10.531343102,47.978758015,0,2,#fc8d62,car
91759,"9,21E+18",9,1,79,119,2021,3,16,3,3,5,2,0,1,1,0,0,0,0,"669287,074443","5338716,10695",11.277360254,48.179113389,0,1,#66c2a5,bicycle
91763,"9,21E+18",9,1,73,112,2021,3,13,2,3,6,4,0,0,1,1,0,0,0,"692259,722884","5293049,88264",11.56567318,47.762124286,1,2,#fc8d62,car
91769,"9,21E+18",9,1,62,0,2021,3,22,2,3,0,1,2,1,0,0,0,0,0,"696963,170728","5329992,83585",11.645260682,48.092739159,0,1,#66c2a5,bicycle
91770,"9,21E+18",9,1,82,120,2021,3,11,5,3,9,7,0,0,0,0,0,1,0,"703073,413488","5309580,87852",11.717569472,47.907379037,0,5,#a6d854,bus
91771,"9,21E+18",9,7,61,0,2021,3,14,2,3,0,3,0,0,1,0,0,1,0,"637379,54337","5359177,06527",10.855029303,48.3708005,0,2,#fc8d62,car
91775,"9,21E+18",9,1,87,177,2021,3,20,1,3,0,7,2,1,0,0,0,0,0,"736335,812048","5305683,87092",12.159909973,47.860980813,0,1,#66c2a5,bicycle
91779,"9,21E+18",9,1,62,0,2021,3,19,2,3,9,6,2,0,1,0,0,0,0,"694760,550548","5329862,02207",11.615651458,48.092240324,1,2,#fc8d62,car
91780,"9,21E+18",9,1,82,119,2021,3,14,7,3,2,6,0,0,1,0,0,0,0,"712446,858001","5292499,131",11.834473657,47.750840076,0,2,#fc8d62,car
91781,"9,21E+18",9,1,87,142,2021,3,17,6,3,8,1,0,0,0,0,1,0,0,"730953,300002","5310624,50699",12.090694853,47.907325897,0,4,#e78ac3,marker
91783,"9,21E+18",9,1,75,111,2021,3,13,7,2,2,6,0,0,1,0,0,0,0,"712323,503001","5338213,181",11.855392751,48.161674409,0,2,#fc8d62,car
91786,"9,21E+18",9,1,78,120,2021,4,5,5,2,3,6,1,0,1,0,0,1,0,"694818,967988","5353610,44922",11.627333611,48.305660122,1,2,#fc8d62,car
91795,"9,21E+18",9,7,77,121,2021,3,14,6,3,2,6,0,0,1,0,0,0,0,"628471,745069","5321724,26986",10.723467471,48.035872624,0,2,#fc8d62,car
91796,"9,21E+18",9,1,74,115,2021,3,17,4,3,2,6,0,0,1,0,0,0,0,"680935,217518","5348089,10493",11.437915837,48.260154561,0,2,#fc8d62,car
91797,"9,21E+18",9,7,61,0,2021,3,16,5,2,9,7,0,0,1,0,0,0,0,"640033,171179","5355670,69475",10.889674373,48.338688958,1,2,#fc8d62,car
91799,"9,21E+18",9,1,62,0,2021,4,20,2,3,4,2,2,0,1,0,0,0,0,"694440,693661","5331865,98427",11.612273365,48.110348932,1,2,#fc8d62,car
91801,"9,21E+18",9,7,71,130,2021,3,13,6,2,3,6,0,0,1,0,0,1,0,"647188,863402","5362817,85793",10.988679338,48.401324031,1,2,#fc8d62,car
91802,"9,21E+18",9,1,73,140,2021,3,21,6,3,8,1,2,0,1,0,0,0,0,"697230,710995","5296346,57355",11.633435529,47.790253604,2,2,#fc8d62,car
91804,"9,21E+18",9,1,62,0,2021,3,17,2,2,2,6,1,0,1,0,0,0,0,"688684,362953","5344557,12966",11.540649498,48.226149263,0,2,#fc8d62,car
91808,"9,21E+18",9,1,63,0,2021,3,14,2,3,1,6,0,0,1,0,0,0,0,"733540,369895","5300644,29462",12.119873144,47.816726896,0,2,#fc8d62,car
91811,"9,21E+18",9,1,75,132,2021,3,23,1,3,2,6,2,0,1,0,1,0,0,"709012,22553","5336988,62188",11.81031619,48.151767477,1,2,#fc8d62,car
91812,"9,21E+18",9,1,84,119,2021,4,11,5,3,1,6,0,0,1,0,0,0,0,"695996,730829","5346587,60098",11.639943859,48.242180713,0,2,#fc8d62,car
91813,"9,21E+18",9,1,90,138,2021,4,11,5,2,5,2,0,0,1,0,0,0,0,"663512,566261","5307044,80972",11.187644621,47.895884115,0,2,#fc8d62,car
91816,"9,21E+18",9,1,83,139,2021,3,10,2,2,4,6,0,0,1,0,0,0,1,"735236,302184","5336112,07557",12.16190717,48.134737459,0,2,#fc8d62,car
91819,"9,21E+18",9,1,62,0,2021,4,17,1,3,1,6,0,0,1,0,0,0,0,"690871,458772","5330109,85559",11.563586156,48.095644408,0,2,#fc8d62,car
91824,"9,21E+18",9,1,83,139,2021,3,21,6,3,5,3,2,0,1,0,1,0,0,"735265,807199","5336209,49231",12.162356925,48.135601674,1,2,#fc8d62,car
91828,"9,21E+18",9,1,87,130,2021,3,14,6,3,5,3,0,0,1,0,0,0,0,"713408,864001","5308858,982",11.855350094,47.897537214,1,2,#fc8d62,car
91838,"9,21E+18",9,1,77,115,2021,3,9,4,3,6,6,0,1,0,1,0,0,0,"733210,884348","5350373,07736",12.142558567,48.26359449,0,1,#66c2a5,bicycle
91840,"9,21E+18",9,1,79,119,2021,3,17,3,3,1,6,0,0,1,0,0,0,0,"669925,951285","5338770,7687",11.285969615,48.179434248,0,2,#fc8d62,car
91843,"9,21E+18",9,7,72,223,2021,3,17,6,3,3,6,1,0,1,0,0,0,1,"616144,854523","5362626,20427",10.569374021,48.406084827,2,2,#fc8d62,car
91846,"9,21E+18",9,1,81,127,2021,3,6,3,3,8,1,0,0,1,0,0,0,0,"634969,40761","5322951,61523",10.810977476,48.045569303,1,2,#fc8d62,car
91847,"9,21E+18",9,1,62,0,2021,4,7,4,3,3,1,0,0,1,0,0,1,0,"686589,30297","5343742,51752",11.512109149,48.219447062,2,2,#fc8d62,car
91850,"9,21E+18",9,1,62,0,2021,3,6,4,3,2,6,0,0,1,0,0,0,0,"683814,54859","5342611,71473",11.474298155,48.210092786,0,2,#fc8d62,car
91855,"9,21E+18",9,1,84,119,2021,3,6,1,3,9,1,1,0,1,0,0,0,0,"695665,580818","5345521,28064",11.634995892,48.232699665,2,2,#fc8d62,car
91858,"9,21E+18",9,1,84,137,2021,2,11,6,3,5,3,0,1,1,0,0,0,0,"707273,006902","5316503,39994",11.777033782,47.968246678,0,1,#66c2a5,bicycle
91859,"9,21E+18",9,1,82,133,2021,3,21,3,2,4,6,2,0,1,0,0,0,1,"703732,647005","5307985,61415",11.725627947,47.892833136,0,2,#fc8d62,car
91863,"9,21E+18",9,1,87,165,2021,3,18,3,3,2,6,0,0,0,0,0,1,1,"730754,528578","5300001,49427",12.082370874,47.811956559,0,5,#a6d854,bus
91871,"9,21E+18",9,1,82,133,2021,3,17,6,3,2,1,1,0,1,0,0,0,1,"706260,749698","5306670,0088",11.758781337,47.880202454,2,2,#fc8d62,car
91873,"9,21E+18",9,7,61,0,2021,3,13,5,3,0,1,0,0,1,0,1,0,0,"637518,683804","5352312,46461",10.854665878,48.309044204,1,2,#fc8d62,car
91885,"9,21E+18",9,1,62,0,2021,3,14,3,3,5,2,0,0,1,0,0,0,0,"682892,248482","5335915,04908",11.459012953,48.150165572,0,2,#fc8d62,car
91888,"9,21E+18",9,1,75,131,2021,3,8,6,3,9,1,0,0,1,0,0,0,0,"711010,934018","5321867,72056",11.829687997,48.015230518,2,2,#fc8d62,car
91892,"9,21E+18",9,7,72,223,2021,3,11,6,3,2,6,0,0,1,0,0,0,0,"621339,654722","5363188,33264",10.639700552,48.410161344,0,2,#fc8d62,car
91893,"9,21E+18",9,1,78,124,2021,3,3,6,3,9,1,2,0,1,0,0,0,0,"702655,612001","5363235,992",11.737528251,48.389697247,1,2,#fc8d62,car
91897,"9,21E+18",9,1,62,0,2021,3,15,4,3,4,2,0,0,1,0,0,0,0,"692203,928886","5342912,09112",11.587245432,48.210307665,0,2,#fc8d62,car
91898,"9,21E+18",9,1,82,120,2021,3,18,2,1,4,1,0,0,0,0,1,0,1,"702589,013122","5305386,49381",11.709126584,47.86983606,0,4,#e78ac3,marker
91899,"9,21E+18",9,1,62,0,2021,4,14,7,3,2,6,0,0,1,0,0,0,0,"699236,943517","5333047,84664",11.677190132,48.119488428,0,2,#fc8d62,car
91901,"9,21E+18",9,7,72,223,2021,3,15,7,2,0,7,0,0,1,0,0,0,1,"618048,187962","5363106,80272",10.595217184,48.41005328,0,2,#fc8d62,car
91903,"9,21E+18",9,2,74,124,2021,3,16,6,2,2,6,0,0,1,0,1,0,0,"725226,154768","5376084,6802",12.048899092,48.497473354,0,2,#fc8d62,car
91908,"9,21E+18",9,1,73,137,2021,3,16,3,3,2,6,0,0,1,0,0,0,0,"676773,650357","5296675,35181",11.360679038,47.7991492,2,2,#fc8d62,car
91909,"9,21E+18",9,1,79,123,2021,4,12,4,3,2,6,0,0,1,0,0,0,0,"677745,746399","5334160,87124",11.389148539,48.135856089,1,2,#fc8d62,car
91912,"9,21E+18",9,1,74,135,2021,3,17,5,2,2,6,0,0,1,0,0,1,0,"663187,549078","5353342,59794",11.201006669,48.312203902,0,2,#fc8d62,car
91915,"9,21E+18",9,1,87,182,2021,3,15,1,3,0,7,0,0,0,0,1,0,0,"739471,966002","5327857,04799",12.214118259,48.05900443,0,4,#e78ac3,marker
91927,"9,21E+18",9,1,79,123,2021,4,12,3,3,5,3,0,0,1,0,0,0,0,"675954,702279","5333557,11604",11.364846446,48.130926496,0,2,#fc8d62,car
91930,"9,21E+18",9,1,86,146,2021,4,12,7,3,8,1,0,0,1,0,0,0,0,"684503,154793","5370482,05472",11.495761966,48.460395987,0,2,#fc8d62,car
91934,"9,21E+18",9,1,62,0,2021,4,7,6,2,6,2,0,0,1,1,0,0,0,"695142,06672","5334055,16019",11.622687944,48.129809808,0,2,#fc8d62,car
91935,"9,21E+18",9,7,72,178,2021,5,19,2,3,8,1,0,0,1,0,0,0,0,"620480,644863","5345202,60805",10.62295553,48.248579739,1,2,#fc8d62,car