OBJECTID,UIDENTSTLA,ULAND,UREGBEZ,UKREIS,UGEMEINDE,UJAHR,UMONAT,USTUNDE,UWOCHENTAG,UKATEGORIE,UART,UTYP1,ULICHTVERH,IstRad,IstPKW,IstFuss,IstKrad,IstGkfz,IstSonstig,LINREFX,LINREFY,XGCSWGS84,YGCSWGS84,STRZUSTAN,Teilnehmer,color,symbol
91938,"9,21E+18",9,1,75,111,2021,4,10,5,2,1,5,0,0,0,0,0,1,0,"711113,511302","5338017,47482",11.839044073,48.160318701,0,5,#a6d854,bus
91940,"9,21E+18",9,7,62,0,2021,5,10,4,3,5,3,0,1,1,0,0,0,0,"622540,410901","5304880,04094",10.639131954,47.885549086,1,1,#66c2a5,bicycle
91942,"9,21E+18",9,1,62,0,2021,4,13,7,3,1,3,0,1,1,0,0,0,0,"686231,574832","5335215,47415",11.503560593,48.142908612,0,1,#66c2a5,bicycle
91950,"9,21E+18",9,1,77,119,2021,4,9,2,3,5,3,0,0,1,0,0,0,0,"721360,686002","5340039,20199",11.977711297,48.174999147,1,2,#fc8d62,car
91951,"9,21E+18",9,1,81,146,2021,5,13,3,3,5,3,0,0,1,0,0,0,0,"651671,57","5326548,862",11.036219012,48.07416377,0,2,#fc8d62,car
91953,"9,21E+18",9,2,74,124,2021,5,15,1,2,4,2,0,0,0,0,1,0,1,"722893,455002","5374061,15599",12.016287724,48.480125789,0,4,#e78ac3,marker
91954,"9,21E+18",9,1,73,147,2021,5,10,4,2,5,3,0,0,1,0,0,0,0,"681427,201001","5308018,201",11.427523329,47.899819725,1,2,#fc8d62,car
91957,"9,21E+18",9,1,62,0,2021,5,16,6,2,6,4,0,1,0,1,0,0,0,"690052,123906","5331933,5307",11.553405279,48.112280619,0,1,#66c2a5,bicycle
91959,"9,21E+18",9,1,62,0,2021,5,0,6,3,5,3,2,0,1,0,0,0,0,"694995,819063","5333482,64816",11.62046258,48.124709136,0,2,#fc8d62,car
91965,"9,21E+18",9,7,61,0,2021,4,18,4,3,2,6,0,0,1,0,0,0,0,"640448,537","5360313,942",10.89682624,48.3803474,0,2,#fc8d62,car
91969,"9,21E+18",9,7,71,155,2021,5,22,4,3,8,1,2,0,1,0,0,0,0,"646703,421","5375106,928",10.98643212,48.511929037,1,2,#fc8d62,car
91974,"9,21E+18",9,1,90,130,2021,4,16,2,3,8,1,0,0,0,0,1,0,0,"651672,757","5296056,274",11.025493407,47.799985497,0,4,#e78ac3,marker
91975,"9,21E+18",9,7,77,121,2021,5,13,7,3,7,7,0,0,1,0,0,0,0,"627501,454248","5320480,20107",10.710086614,48.024879047,0,2,#fc8d62,car
91977,"9,21E+18",9,1,79,121,2021,4,11,1,3,0,1,0,1,0,0,0,0,0,"664185,23491","5338421,28831",11.208666815,48.17780174,0,1,#66c2a5,bicycle
91978,"9,21E+18",9,1,62,0,2021,5,16,4,3,3,6,0,0,1,0,0,1,0,"683682,2318","5342565,82923",11.472498916,48.20971865,0,2,#fc8d62,car
91981,"9,21E+18",9,1,62,0,2021,4,17,6,3,3,6,0,0,1,0,0,0,1,"695095,586981","5334056,91603",11.622064744,48.129839836,0,2,#fc8d62,car
91982,"9,21E+18",9,7,61,0,2021,5,10,5,3,4,3,0,1,1,0,0,0,0,"637518,81727","5352313,00408",10.854667852,48.309049026,0,1,#66c2a5,bicycle
91984,"9,21E+18",9,1,85,158,2021,5,13,6,3,0,3,0,0,1,0,0,1,0,"665770,682024","5381688,01092",11.247035125,48.566346178,0,2,#fc8d62,car
91992,"9,21E+18",9,7,77,151,2021,4,14,3,2,4,3,0,0,1,0,1,1,0,"621215,340732","5292837,67802",10.618043741,47.777493459,0,2,#fc8d62,car
91999,"9,21E+18",9,1,84,118,2021,5,18,2,3,2,6,0,0,1,0,0,0,0,"704231,501888","5336012,73393",11.7456453,48.144550564,0,2,#fc8d62,car
92005,"9,21E+18",9,1,62,0,2021,4,8,5,3,5,3,0,0,1,0,0,0,0,"677949,011001","5335310,51",11.392358627,48.146133517,0,2,#fc8d62,car
92016,"9,21E+18",9,1,87,128,2021,4,15,3,3,0,7,0,0,1,0,0,0,0,"746549,734506","5311277,37563",12.299438037,47.907387026,0,2,#fc8d62,car
92019,"9,21E+18",9,7,73,125,2021,4,16,6,3,2,6,0,0,1,0,0,0,0,"616375,137432","5379864,75963",10.577285076,48.561069096,0,2,#fc8d62,car
92020,"9,21E+18",9,7,72,151,2021,4,9,2,3,5,3,0,0,1,0,0,1,0,"633664,094438","5342632,79756",10.799648098,48.222827945,0,2,#fc8d62,car
92027,"9,21E+18",9,7,71,113,2021,5,8,4,3,1,6,0,0,1,0,0,0,0,"654416,236908","5363576,84477",11.086542333,48.406419054,0,2,#fc8d62,car
92030,"9,21E+18",9,1,87,181,2021,4,17,6,3,3,6,0,0,1,0,1,0,0,"737559,45207","5312713,82155",12.1801128,47.9236832,0,2,#fc8d62,car
92039,"9,21E+18",9,1,62,0,2021,5,6,4,3,3,6,0,0,1,0,0,1,0,"687035,42734","5331373,69979",11.512670366,48.108141701,1,2,#fc8d62,car
92040,"9,21E+18",9,2,74,121,2021,4,18,6,2,5,3,0,0,1,0,1,0,0,"721859,364227","5371574,11548",12.00099506,48.458147669,0,2,#fc8d62,car
92050,"9,21E+18",9,1,84,147,2021,5,19,3,3,5,2,0,1,1,0,0,0,0,"696033,630856","5340703,87465",11.63772092,48.189290532,0,1,#66c2a5,bicycle
92056,"9,21E+18",9,2,74,146,2021,4,7,2,3,5,3,0,0,1,0,0,0,0,"733408,215065","5377495,27845",12.16027617,48.507159126,0,2,#fc8d62,car
92057,"9,21E+18",9,1,77,143,2021,5,13,1,3,8,1,0,0,0,0,1,0,0,"722809,258474","5365398,99714",12.010543573,48.402334427,0,4,#e78ac3,marker
92060,"9,21E+18",9,7,72,202,2021,4,13,7,3,5,3,0,1,1,0,0,0,0,"636761,318","5359206,408",10.846695499,48.371198621,0,1,#66c2a5,bicycle
92065,"9,21E+18",9,1,62,0,2021,4,16,6,3,5,2,0,1,0,0,1,0,0,"684646,845252","5329121,4733",11.479638777,48.088594218,0,1,#66c2a5,bicycle
92067,"9,21E+18",9,1,74,131,2021,5,9,6,2,0,1,0,1,0,0,0,0,0,"676449,724841","5358337,55497",11.381818379,48.353542236,1,1,#66c2a5,bicycle
92072,"9,21E+18",9,7,72,200,2021,5,19,6,2,9,1,0,0,0,0,1,0,0,"625160,546344","5343154,19709",10.685363809,48.229251659,0,4,#e78ac3,marker
92080,"9,21E+18",9,7,61,0,2021,5,6,6,3,5,3,0,1,1,0,0,0,0,"643741,14","5357584,297",10.940335309,48.355062392,0,1,#66c2a5,bicycle
92086,"9,21E+18",9,1,73,137,2021,4,8,4,3,6,4,0,0,1,1,0,0,0,"676938,083635","5308219,99934",11.367594745,47.902887486,0,2,#fc8d62,car
92092,"9,21E+18",9,7,61,0,2021,4,14,1,3,3,3,0,0,1,0,0,0,0,"640978,00453","5363891,54652",10.905173974,48.412397655,0,2,#fc8d62,car
92093,"9,21E+18",9,7,77,130,2021,5,23,1,3,8,1,2,0,1,0,0,0,0,"625953,564309","5314526,94502",10.68758785,47.971646859,1,2,#fc8d62,car
92094,"9,21E+18",9,1,77,123,2021,4,11,2,3,0,7,0,0,1,0,0,0,1,"727108,165558","5342085,8795",12.056006742,48.191359091,0,2,#fc8d62,car
92098,"9,21E+18",9,1,90,159,2021,5,17,4,3,2,2,0,0,1,0,0,0,0,"662283,661511","5305098,28499",11.170483624,47.878695078,0,2,#fc8d62,car
92101,"9,21E+18",9,1,84,123,2021,4,17,5,3,4,2,0,1,1,0,1,0,0,"702191,320669","5332153,51811",11.716418814,48.11051999,0,1,#66c2a5,bicycle
92106,"9,21E+18",9,7,77,121,2021,5,14,5,2,9,1,0,0,1,0,0,0,0,"630557,359627","5321853,91358",10.751472388,48.036615463,1,2,#fc8d62,car
92113,"9,21E+18",9,7,73,139,2021,4,17,3,3,3,6,0,0,0,0,1,0,1,"617235,291184","5384573,63988",10.590266656,48.603254876,0,4,#e78ac3,marker
92115,"9,21E+18",9,1,81,144,2021,5,6,2,3,5,3,0,1,1,0,0,0,0,"655563,673","5321714,486",11.086678149,48.029759712,0,1,#66c2a5,bicycle
92127,"9,21E+18",9,1,84,114,2021,5,17,6,2,4,2,0,0,1,0,0,0,0,"700963,283001","5322848,785",11.695565741,48.027286105,0,2,#fc8d62,car
92132,"9,21E+18",9,1,75,135,2021,4,18,3,3,0,1,0,0,0,0,1,0,1,"708632,704709","5339236,66783",11.806322142,48.172093312,1,4,#e78ac3,marker
92135,"9,21E+18",9,1,77,137,2021,4,15,3,3,5,2,0,0,1,0,0,0,0,"733717,784298","5347373,77607",12.147722825,48.23646442,0,2,#fc8d62,car
92138,"9,21E+18",9,1,90,141,2021,4,13,7,2,5,7,0,1,1,0,0,0,0,"680013,878001","5292962,751",11.402371811,47.764876657,0,1,#66c2a5,bicycle
92140,"9,21E+18",9,1,62,0,2021,5,14,7,3,2,6,0,0,1,0,0,0,0,"686293,332391","5343548,9329",11.508043329,48.217794046,0,2,#fc8d62,car
92142,"9,21E+18",9,1,77,135,2021,5,7,2,3,8,1,0,0,1,0,0,0,0,"718466,414087","5346083,91504",11.941942624,48.230312374,0,2,#fc8d62,car
92143,"9,21E+18",9,1,62,0,2021,4,9,6,3,5,2,0,0,1,0,0,0,0,"698092,339001","5333319,709",11.661953412,48.122288833,0,2,#fc8d62,car
92145,"9,21E+18",9,1,78,157,2021,5,9,1,3,5,3,0,0,1,0,0,0,0,"704393,661009","5369533,58358",11.764046431,48.445727034,1,2,#fc8d62,car
92155,"9,21E+18",9,1,62,0,2021,5,15,2,3,5,3,0,0,1,0,0,0,0,"687363,776001","5335078,603",11.518705643,48.141345965,0,2,#fc8d62,car
92156,"9,21E+18",9,1,85,158,2021,4,14,2,3,2,6,0,0,1,0,0,0,0,"667099,891501","5380729,37965",11.264653131,48.557375871,1,2,#fc8d62,car
92164,"9,21E+18",9,1,87,170,2021,5,17,6,3,0,7,0,1,0,0,0,0,0,"735215,762639","5320819,11933",12.153220492,47.997362197,0,1,#66c2a5,bicycle
92168,"9,21E+18",9,1,62,0,2021,4,6,6,3,5,2,0,1,1,0,0,0,0,"698746,734795","5329536,1578",11.668974999,48.08808121,1,1,#66c2a5,bicycle
92178,"9,21E+18",9,1,62,0,2021,5,10,6,3,8,1,0,0,1,0,0,0,0,"689176,689335","5330722,07421",11.541118429,48.101652481,1,2,#fc8d62,car
92179,"9,21E+18",9,2,74,184,2021,4,17,2,3,3,6,0,1,1,0,0,0,0,"748204,400081","5371888,57495",12.356936449,48.451135274,0,1,#66c2a5,bicycle
92180,"9,21E+18",9,7,71,129,2021,5,21,1,2,9,7,2,0,1,0,0,0,0,"659550,393019","5356483,1119",11.153175292,48.341366165,0,2,#fc8d62,car
92181,"9,21E+18",9,1,79,126,2021,4,17,1,3,0,1,0,1,0,0,0,0,0,"677534,289676","5339399,23161",11.388494883,48.18300335,0,1,#66c2a5,bicycle
92185,"9,21E+18",9,1,88,120,2021,5,21,4,3,0,1,2,0,1,0,0,0,0,"678303,912031","5326984,38018",11.393645575,48.071189359,1,2,#fc8d62,car
92189,"9,21E+18",9,7,77,152,2021,5,14,5,3,4,6,0,0,1,0,0,0,0,"624215,239827","5303335,72746",10.661081087,47.871338229,0,2,#fc8d62,car
92190,"9,21E+18",9,7,71,160,2021,5,14,5,3,9,1,0,0,1,0,0,0,0,"656186,145951","5351300,54017",11.105886718,48.295612413,1,2,#fc8d62,car
92191,"9,21E+18",9,1,81,126,2021,5,15,6,2,7,7,0,1,0,0,0,0,1,"637626,069503","5330589,41597",10.84906512,48.113684021,0,1,#66c2a5,bicycle
92192,"9,21E+18",9,1,84,132,2021,5,15,4,3,2,7,0,0,1,0,0,0,0,"679920,328209","5327260,23284",11.415441412,48.073215093,1,2,#fc8d62,car
92195,"9,21E+18",9,1,73,137,2021,5,17,7,3,0,6,0,0,1,0,1,0,0,"675524,405785","5305473,80076",11.347578301,47.878588057,0,2,#fc8d62,car
92207,"9,21E+18",9,1,90,152,2021,5,0,3,3,9,1,2,0,1,0,0,0,0,"671960,847509","5296974,24131",11.296580264,47.803139672,1,2,#fc8d62,car
92209,"9,21E+18",9,1,82,125,2021,5,12,2,3,9,1,0,0,0,0,1,0,0,"715766,933697","5295629,65533",11.880266732,47.77786954,0,4,#e78ac3,marker
92221,"9,21E+18",9,1,62,0,2021,5,13,7,3,2,6,0,0,1,0,0,0,0,"687392,100372","5335078,268",11.519085874,48.141334612,0,2,#fc8d62,car
92228,"9,21E+18",9,1,63,0,2021,4,16,2,3,5,2,0,1,1,0,0,0,0,"734923,231422","5304977,16574",12.140668763,47.855149815,1,1,#66c2a5,bicycle
92231,"9,21E+18",9,1,87,165,2021,5,12,1,2,0,1,0,1,0,0,0,0,0,"733619,622998","5298213,54599",12.119621076,47.794859958,1,1,#66c2a5,bicycle
92232,"9,21E+18",9,7,78,116,2021,4,18,6,3,0,1,0,0,1,0,0,0,1,"620065,629675","5322354,5165",10.610922726,48.043176861,0,2,#fc8d62,car
92233,"9,21E+18",9,1,81,130,2021,5,16,3,3,9,1,0,0,0,0,0,1,0,"637127,692","5323202,7",10.840001757,48.047367163,0,5,#a6d854,bus
92251,"9,21E+18",9,7,61,0,2021,5,16,5,3,2,6,0,0,1,0,0,0,0,"642858,678","5360047,58",10.929266811,48.377411278,1,2,#fc8d62,car
92254,"9,21E+18",9,7,71,169,2021,5,13,7,2,8,1,0,0,0,0,1,0,0,"638639,203286","5373450,12351",10.87675139,48.498863867,0,4,#e78ac3,marker
92258,"9,21E+18",9,1,87,129,2021,5,14,3,3,5,3,0,0,1,0,0,0,0,"725584,671999","5296638,83519",12.011664642,47.783575475,0,2,#fc8d62,car
92259,"9,21E+18",9,1,87,139,2021,4,7,3,2,1,6,0,0,1,0,0,0,0,"743437,075833","5317114,03402",12.261151752,47.961004636,0,2,#fc8d62,car
92264,"9,21E+18",9,1,81,114,2021,5,12,7,3,5,3,0,0,1,0,1,0,0,"656210,476922","5312835,22032",11.092117558,47.949766691,0,2,#fc8d62,car
92267,"9,21E+18",9,1,77,117,2021,4,20,7,3,2,6,2,1,1,0,0,0,0,"714463,171398","5356960,47602",11.893624189,48.329407423,0,1,#66c2a5,bicycle
92269,"9,21E+18",9,1,82,134,2021,5,17,1,3,0,2,0,1,1,0,0,0,0,"700981,383001","5296936,627",11.683731716,47.794397439,0,1,#66c2a5,bicycle
92270,"9,21E+18",9,7,72,147,2021,4,8,4,3,2,6,0,0,1,0,0,1,0,"631893,280174","5364500,88276",10.782658741,48.419843815,0,2,#fc8d62,car
92272,"9,21E+18",9,1,73,123,2021,5,12,4,3,9,1,0,0,1,0,0,0,0,"677836,017497","5302029,30259",11.377051114,47.846987181,2,2,#fc8d62,car
92273,"9,21E+18",9,1,62,0,2021,4,8,3,3,3,7,0,0,1,0,1,0,0,"690176,006717","5328856,82831",11.553697196,48.084589992,0,2,#fc8d62,car
92277,"9,21E+18",9,1,87,128,2021,5,13,5,1,6,4,0,0,0,1,0,1,0,"746543,164424","5311291,27387",12.299358207,47.90751439,0,3,#8da0cb,toilet
92284,"9,21E+18",9,1,79,138,2021,5,9,4,3,6,3,0,0,1,1,0,0,0,"654787,50471","5335606,26369",11.081310375,48.154850832,0,2,#fc8d62,car
92286,"9,21E+18",9,1,83,139,2021,4,15,6,3,5,3,0,1,1,0,0,0,0,"735053,871942","5334790,92106",12.158730306,48.122936534,0,1,#66c2a5,bicycle
92288,"9,21E+18",9,1,81,132,2021,5,18,6,3,2,6,0,0,1,0,0,0,1,"647812,867236","5324982,12753",10.983906132,48.060982308,1,2,#fc8d62,car
92290,"9,21E+18",9,1,77,127,2021,5,17,7,3,9,6,0,0,1,0,0,0,1,"725684,596002","5349276,11399",12.040706255,48.256464717,0,2,#fc8d62,car
92293,"9,21E+18",9,1,87,117,2021,5,7,2,3,8,1,1,0,1,0,0,0,0,"726740,95745","5308724,40254",12.033408024,47.891756576,0,2,#fc8d62,car
92295,"9,21E+18",9,1,87,177,2021,4,10,4,3,3,2,0,1,1,0,0,0,0,"735413,851029","5305314,50067",12.14740118,47.858000866,0,1,#66c2a5,bicycle
92302,"9,21E+18",9,1,87,182,2021,4,19,2,3,8,1,0,0,0,0,1,0,0,"739556,696271","5327773,46907",12.215206831,48.05822185,0,4,#e78ac3,marker
92303,"9,21E+18",9,1,81,114,2021,5,15,1,2,5,3,0,0,1,0,1,0,0,"648376,221714","5316289,79196",10.988453323,47.982692491,0,2,#fc8d62,car
92307,"9,21E+18",9,7,71,114,2021,5,15,3,2,5,7,0,0,1,0,0,0,0,"643935,295792","5375385,52678",10.949069341,48.515074502,0,2,#fc8d62,car
92310,"9,21E+18",9,1,73,120,2021,4,18,6,2,4,6,0,0,1,0,0,0,0,"690821,264487","5311964,48683",11.554838036,47.932565568,0,2,#fc8d62,car
92313,"9,21E+18",9,1,86,143,2021,5,14,6,3,0,1,0,0,0,0,1,0,0,"685535,538103","5378669,26684",11.51335004,48.533677058,0,4,#e78ac3,marker
92317,"9,21E+18",9,1,84,129,2021,5,18,6,3,5,3,0,1,1,0,0,0,0,"701536,777207","5325576,7204",11.704533099,48.051621653,0,1,#66c2a5,bicycle
92321,"9,21E+18",9,1,87,177,2021,4,21,3,3,1,6,2,0,1,0,0,0,0,"736333,354637","5305672,42524",12.159870913,47.860878892,0,2,#fc8d62,car
92325,"9,21E+18",9,1,88,121,2021,4,18,6,3,9,1,0,0,1,0,0,0,0,"671335,665277","5329368,16974",11.301136015,48.09452918,1,2,#fc8d62,car
92327,"9,21E+18",9,1,88,139,2021,4,19,1,3,9,6,0,0,1,0,0,0,0,"679927,582116","5320641,74508",11.412757109,48.013718647,0,2,#fc8d62,car
92333,"9,21E+18",9,1,74,126,2021,4,17,5,3,5,3,0,1,1,0,0,0,0,"683101,343486","5344451,94538",11.465501638,48.226839851,0,1,#66c2a5,bicycle
92335,"9,21E+18",9,1,74,146,2021,5,6,5,1,3,6,0,0,1,0,1,0,1,"665290,290863","5351589,76082",11.228658971,48.295900027,0,2,#fc8d62,car
92337,"9,21E+18",9,1,75,133,2021,4,11,1,3,2,6,0,1,1,0,0,0,0,"708416,700001","5341878,175",11.804715979,48.195901052,0,1,#66c2a5,bicycle
92338,"9,21E+18",9,7,72,147,2021,5,19,6,3,8,1,0,0,1,0,0,0,0,"638487,851366","5363938,97743",10.871556597,48.413376287,1,2,#fc8d62,car
92339,"9,21E+18",9,1,78,130,2021,4,18,6,3,4,2,0,1,1,0,0,0,0,"703276,991001","5354334,179",11.741614457,48.30950286,1,1,#66c2a5,bicycle
92343,"9,21E+18",9,1,87,159,2021,4,21,6,3,4,2,2,1,1,0,0,0,0,"730518,446696","5329846,36478",12.095204597,48.080173342,0,1,#66c2a5,bicycle
92346,"9,21E+18",9,1,79,142,2021,5,12,3,3,3,6,0,0,1,0,0,1,0,"674433,739725","5344878,07224",11.349070132,48.233113137,1,2,#fc8d62,car
92348,"9,21E+18",9,1,82,133,2021,5,21,1,3,7,7,2,0,0,0,1,0,0,"709599,723725","5311621,61314",11.805791335,47.923619112,0,4,#e78ac3,marker
92349,"9,21E+18",9,7,72,130,2021,5,15,3,2,6,1,0,0,1,1,0,0,0,"631681,662642","5357248,72778",10.777526825,48.354674978,0,2,#fc8d62,car
92351,"9,21E+18",9,7,71,130,2021,4,23,1,2,2,7,2,0,1,0,0,1,0,"646939,058729","5362835,37138",10.985312448,48.401539768,0,2,#fc8d62,car
92354,"9,21E+18",9,1,81,130,2021,5,15,6,3,4,2,0,1,1,0,0,0,0,"640833,561131","5323624,83366",10.889838975,48.050356155,0,1,#66c2a5,bicycle
92359,"9,21E+18",9,1,84,114,2021,4,0,4,3,0,7,2,0,1,0,0,0,1,"699719,257225","5319470,60226",11.677325101,47.997315408,0,2,#fc8d62,car
92362,"9,21E+18",9,1,75,135,2021,4,7,4,3,0,7,0,0,0,0,0,0,1,"708989,269001","5339468,323",11.811226185,48.174057847,0,6,#ffd92f,circle
92365,"9,21E+18",9,2,74,114,2021,5,18,4,3,0,1,0,0,1,0,0,0,0,"737002,782002","5371307,91999",12.205359808,48.450236634,1,2,#fc8d62,car
92366,"9,21E+18",9,1,83,114,2021,5,12,3,2,8,1,0,0,1,0,0,0,0,"748386,143859","5356428,32323",12.350255522,48.312212766,0,2,#fc8d62,car
92369,"9,21E+18",9,1,82,134,2021,4,14,2,3,3,3,0,0,1,0,1,0,0,"701540,365334","5294563,88159",11.69008612,47.772897482,0,2,#fc8d62,car
92370,"9,21E+18",9,1,62,0,2021,5,16,7,3,2,6,0,0,1,0,1,0,0,"688498,122692","5340184,84576",11.536202088,48.186906405,0,2,#fc8d62,car
92371,"9,21E+18",9,1,87,159,2021,5,17,3,3,0,6,0,1,0,0,0,0,0,"731340,557791","5329106,10473",12.105825753,48.07322527,0,1,#66c2a5,bicycle
92372,"9,21E+18",9,1,79,123,2021,4,16,1,3,5,3,0,1,1,0,0,0,0,"674937,956137","5332861,90163",11.350907863,48.124957205,0,1,#66c2a5,bicycle
92374,"9,21E+18",9,1,62,0,2021,5,16,4,3,2,6,0,0,1,0,0,0,0,"682255,898446","5341943,04548",11.45305025,48.204531847,1,2,#fc8d62,car
92377,"9,21E+18",9,1,62,0,2021,5,18,6,3,2,6,0,0,1,0,0,0,0,"685553,718198","5342882,6015",11.497804336,48.212021569,1,2,#fc8d62,car
92379,"9,21E+18",9,1,63,0,2021,5,17,6,3,2,6,0,0,1,0,0,0,0,"729672,256717","5300574,22782",12.068238995,47.817489383,0,2,#fc8d62,car
92388,"9,21E+18",9,1,79,121,2021,4,17,5,3,2,6,0,0,1,0,0,0,0,"666886,446322","5339364,94239",11.24534621,48.185581479,0,2,#fc8d62,car
92389,"9,21E+18",9,1,62,0,2021,5,15,1,3,5,3,0,0,1,0,1,0,0,"687948,640459","5327765,45979",11.523338143,48.075440961,0,2,#fc8d62,car
92390,"9,21E+18",9,1,84,136,2021,4,16,3,3,4,2,0,0,1,0,1,0,0,"698059,610102","5327282,56337",11.658713417,48.068041197,0,2,#fc8d62,car
92397,"9,21E+18",9,7,72,223,2021,5,19,2,3,8,7,1,0,0,0,0,1,0,"615490,642052","5362386,16925",10.560471531,48.404046353,0,5,#a6d854,bus
92400,"9,21E+18",9,1,73,147,2021,4,16,2,2,4,2,0,0,1,0,1,0,0,"681193,085123","5309501,6276",11.425016904,47.9132208,0,2,#fc8d62,car
92405,"9,21E+18",9,1,84,140,2021,4,18,5,3,2,2,0,0,1,0,1,0,0,"700702,200662","5328862,94609",11.694888741,48.081418342,0,2,#fc8d62,car
92409,"9,21E+18",9,1,87,170,2021,4,13,1,2,8,1,0,1,0,0,0,0,0,"734559,811002","5321544,24799",12.144837062,48.004117381,0,1,#66c2a5,bicycle
92411,"9,21E+18",9,1,87,167,2021,5,11,6,3,9,1,0,0,0,0,1,0,0,"744165,047527","5305608,40773",12.264374708,47.857376112,0,4,#e78ac3,marker
92412,"9,21E+18",9,7,71,112,2021,5,15,7,3,3,2,0,1,0,0,0,0,0,"642325,235713","5366029,11454",10.924095318,48.431314664,1,1,#66c2a5,bicycle
92413,"9,21E+18",9,1,86,143,2021,5,17,2,3,0,3,0,0,1,0,0,0,0,"685833,018014","5378571,11623",11.517332033,48.532706902,1,2,#fc8d62,car
92416,"9,21E+18",9,1,75,123,2021,4,14,4,3,4,2,0,0,1,0,0,0,0,"725598,098035","5336311,87515",12.032654172,48.140021804,0,2,#fc8d62,car
92421,"9,21E+18",9,7,62,0,2021,4,18,1,3,0,1,0,1,0,0,0,0,0,"621501,953063","5303949,66126",10.624985309,47.877378901,0,1,#66c2a5,bicycle
92426,"9,21E+18",9,1,87,174,2021,4,21,7,2,0,1,2,1,0,0,0,0,0,"740205,319152","5309745,63886",12.213821625,47.896033888,0,1,#66c2a5,bicycle
92427,"9,21E+18",9,7,61,0,2021,5,16,3,3,5,1,0,1,0,0,0,0,0,"641718,351171","5358729,95581",10.913431892,48.365820911,0,1,#66c2a5,bicycle
92432,"9,21E+18",9,1,84,135,2021,5,14,5,3,3,6,0,0,1,0,0,0,0,"692204,140701","5344015,33178",11.587748221,48.220223157,0,2,#fc8d62,car
92434,"9,21E+18",9,1,83,113,2021,5,15,7,2,9,1,0,0,1,0,0,0,0,"748060,230174","5344024,09869",12.338597827,48.200932589,0,2,#fc8d62,car
92436,"9,21E+18",9,1,78,124,2021,5,11,6,3,2,6,0,0,1,0,0,0,0,"701506,194001","5358380,246",11.719693681,48.34642954,0,2,#fc8d62,car
92438,"9,21E+18",9,1,84,131,2021,4,2,6,3,8,1,2,0,1,0,0,0,0,"705460,648973","5339260,30268",11.763718089,48.173338982,1,2,#fc8d62,car
92440,"9,21E+18",9,2,61,0,2021,5,14,7,3,6,4,0,0,1,1,0,0,0,"732198,243622","5381526,61842",12.146163702,48.54382016,0,2,#fc8d62,car
92444,"9,21E+18",9,1,73,137,2021,5,8,3,3,8,1,0,0,1,0,0,0,0,"676642,653659","5299402,72962",11.360042455,47.823703856,1,2,#fc8d62,car
92450,"9,21E+18",9,1,90,118,2021,4,16,1,2,5,2,0,0,1,0,1,0,0,"635421,649107","5292510,14429",10.807482246,47.771718701,0,2,#fc8d62,car
92454,"9,21E+18",9,1,84,142,2021,5,13,7,3,2,6,0,1,1,0,0,0,0,"684208,221001","5316611,416",11.468374649,47.976271239,0,1,#66c2a5,bicycle
92456,"9,21E+18",9,1,62,0,2021,4,15,4,2,4,6,0,1,0,0,0,0,0,"685452,445247","5340935,63214",11.495591656,48.194551184,0,1,#66c2a5,bicycle
92460,"9,21E+18",9,1,77,139,2021,4,13,1,3,7,7,0,0,1,0,1,0,0,"731445,013262","5361381,80154",12.124838619,48.3631369,0,2,#fc8d62,car
92468,"9,21E+18",9,1,79,119,2021,4,17,2,3,5,2,0,0,1,0,0,0,1,"669499,471649","5338871,26401",11.280277102,48.180451591,1,2,#fc8d62,car
92479,"9,21E+18",9,1,62,0,2021,5,18,7,3,2,6,0,0,1,0,0,0,0,"685166,182545","5331924,48501",11.48782233,48.113638555,1,2,#fc8d62,car
92480,"9,21E+18",9,1,90,157,2021,5,20,2,2,8,1,0,0,1,0,0,0,0,"657854,689236","5301619,32876",11.110019547,47.848518951,1,2,#fc8d62,car
92485,"9,21E+18",9,1,78,124,2021,4,20,4,3,9,1,1,0,1,0,0,0,0,"703026,879101","5360280,63883",11.741110365,48.363020223,0,2,#fc8d62,car
92487,"9,21E+18",9,1,87,129,2021,5,13,4,3,4,6,0,0,1,0,1,0,0,"727869,549761","5294426,01813",12.040964238,47.762889655,0,2,#fc8d62,car
92488,"9,21E+18",9,7,72,184,2021,5,12,3,3,1,5,0,0,1,0,0,0,0,"633689,685412","5362984,74386",10.806443188,48.405831971,0,2,#fc8d62,car
92489,"9,21E+18",9,1,62,0,2021,5,13,2,3,2,6,0,0,1,0,0,0,0,"693229,330477","5338392,8822",11.598977618,48.169379434,0,2,#fc8d62,car
92492,"9,21E+18",9,1,90,157,2021,4,16,2,3,5,3,0,1,1,0,0,0,0,"661735,509454","5300026,56858",11.16126101,47.833233591,0,1,#66c2a5,bicycle
92494,"9,21E+18",9,1,87,129,2021,5,11,3,2,5,3,0,0,1,0,1,0,0,"725583,117679","5296641,5796",12.011645346,47.783600678,0,2,#fc8d62,car
92495,"9,21E+18",9,1,75,121,2021,4,13,1,2,4,1,0,0,1,0,1,0,0,"714730,289001","5321254,402",11.879193373,48.008480597,0,2,#fc8d62,car
92496,"9,21E+18",9,1,79,140,2021,5,18,4,2,0,1,0,1,0,0,0,0,0,"660504,632691","5344672,05195",11.161555741,48.234939365,1,1,#66c2a5,bicycle