OBJECTID,UIDENTSTLA,ULAND,UREGBEZ,UKREIS,UGEMEINDE,UJAHR,UMONAT,USTUNDE,UWOCHENTAG,UKATEGORIE,UART,UTYP1,ULICHTVERH,IstRad,IstPKW,IstFuss,IstKrad,IstGkfz,IstSonstig,LINREFX,LINREFY,XGCSWGS84,YGCSWGS84,STRZUSTAN,Teilnehmer,color,symbol
92497,"9,21E+18",9,1,81,127,2021,5,16,4,3,2,6,0,0,1,0,0,0,0,"631610,678344","5322130,48853",10.765681109,48.038886415,1,2,#fc8d62,car
92498,"9,21E+18",9,1,84,130,2021,4,14,5,3,5,3,0,0,1,0,1,0,0,"697495,738001","5343275,297",11.6585687,48.211947472,0,2,#fc8d62,car
92506,"9,21E+18",9,7,72,171,2021,5,15,6,2,5,3,0,0,1,0,1,0,0,"638382,81","5372394,012",10.872932627,48.489424261,0,2,#fc8d62,car
92509,"9,21E+18",9,1,87,129,2021,5,17,3,3,2,6,0,0,1,0,0,1,0,"724283,158105","5300806,13235",11.996467896,47.821473782,0,2,#fc8d62,car
92512,"9,21E+18",9,7,71,145,2021,5,10,1,3,5,2,0,0,1,0,1,0,0,"644025,127176","5347681,83017",10.940785998,48.265959432,0,2,#fc8d62,car
92516,"9,21E+18",9,1,82,133,2021,5,12,2,2,4,6,0,0,1,0,0,0,1,"707977,741001","5311743,586",11.784164277,47.925243434,0,2,#fc8d62,car
92520,"9,21E+18",9,1,82,127,2021,5,16,2,3,3,2,0,0,1,0,0,0,0,"700065,150319","5308493,27129",11.676853729,47.898549409,0,2,#fc8d62,car
92524,"9,21E+18",9,1,74,147,2021,4,17,1,3,9,1,0,0,0,0,1,0,0,"673858,330001","5366038,106",11.350055726,48.423481271,0,4,#e78ac3,marker
92526,"9,21E+18",9,7,61,0,2021,5,13,5,3,0,7,0,1,0,0,0,0,0,"643033,99415","5360470,76902",10.931777023,48.381176652,0,1,#66c2a5,bicycle
92529,"9,21E+18",9,1,75,137,2021,5,16,1,3,9,1,0,0,1,0,0,0,0,"727852,15481","5334942,82507",12.06217808,48.126919056,1,2,#fc8d62,car
92530,"9,21E+18",9,1,79,123,2021,4,20,3,2,5,2,2,0,1,0,0,0,0,"676445,27626","5334504,20813",11.371826246,48.139304343,0,2,#fc8d62,car
92532,"9,21E+18",9,1,84,134,2021,5,16,2,3,0,7,0,0,0,0,1,1,0,"693596,095483","5321545,64608",11.596266517,48.017848834,1,4,#e78ac3,marker
92533,"9,21E+18",9,1,90,157,2021,4,17,3,3,4,2,0,0,1,0,0,0,0,"660459,189601","5300623,4389",11.144439243,47.83891986,0,2,#fc8d62,car
92536,"9,21E+18",9,1,84,122,2021,4,14,6,3,0,1,0,1,0,0,0,0,0,"687788,776215","5324050,23826",11.519563049,48.042094234,0,1,#66c2a5,bicycle
92541,"9,21E+18",9,1,88,139,2021,4,13,7,2,5,3,0,1,1,0,0,0,0,"675180,176851","5320407,15046",11.349056632,48.012928715,0,1,#66c2a5,bicycle
92548,"9,21E+18",9,7,77,112,2021,4,14,7,3,1,6,0,0,1,0,0,0,0,"622848,876683","5298742,17282",10.641512467,47.830287917,0,2,#fc8d62,car
92549,"9,21E+18",9,1,77,117,2021,4,14,6,2,9,7,0,0,1,0,0,0,0,"715528,869436","5351781,1643",11.905339125,48.282508265,0,2,#fc8d62,car
92550,"9,21E+18",9,1,79,117,2021,4,17,1,3,9,1,0,0,0,0,1,0,0,"660822,474976","5348997,45919",11.167476733,48.273745749,0,4,#e78ac3,marker
92552,"9,21E+18",9,7,77,130,2021,4,13,1,2,0,1,0,0,0,0,1,0,0,"625770,345","5312809,19",10.684631562,47.956234524,0,4,#e78ac3,marker
92559,"9,21E+18",9,2,61,0,2021,4,17,5,3,2,6,0,0,1,0,0,0,0,"727639,245002","5380457,23399",12.083901694,48.535884113,0,2,#fc8d62,car
92560,"9,21E+18",9,1,84,140,2021,4,8,5,3,5,2,0,0,1,0,0,0,0,"702031,239449","5327273,03561",11.711962,48.066710135,0,2,#fc8d62,car
92562,"9,21E+18",9,1,63,0,2021,4,17,1,3,5,6,0,1,1,0,0,0,0,"732953,172029","5305450,5924",12.114626584,47.860120171,0,1,#66c2a5,bicycle
92574,"9,21E+18",9,1,63,0,2021,4,17,7,3,5,3,0,1,1,0,0,0,0,"730875,454161","5303377,23834",12.085782654,47.842242246,0,1,#66c2a5,bicycle
92575,"9,21E+18",9,7,62,0,2021,5,21,6,2,8,1,2,0,1,0,0,0,0,"622052,344497","5304663,6902",10.632545041,47.883696283,0,2,#fc8d62,car
92578,"9,21E+18",9,1,77,115,2021,5,22,3,3,4,6,2,0,1,0,0,0,0,"736891,016002","5348114,22599",12.190805749,48.241938558,0,2,#fc8d62,car
92582,"9,21E+18",9,1,88,139,2021,5,10,4,3,8,6,0,0,1,0,0,0,0,"680716,673928","5319510,82789",11.422852261,48.003330053,1,2,#fc8d62,car
92590,"9,21E+18",9,1,84,135,2021,4,0,1,2,0,1,2,1,0,0,0,0,0,"691210,295442","5347499,22314",11.575953987,48.251835659,0,1,#66c2a5,bicycle
92591,"9,21E+18",9,7,77,112,2021,5,10,2,3,2,6,0,0,1,0,0,0,1,"622207,833751","5295637,22812",10.632074843,47.802484742,0,2,#fc8d62,car
92592,"9,21E+18",9,7,73,182,2021,4,6,2,3,0,3,0,1,1,0,0,0,0,"624505,847","5379847,303",10.687430871,48.559350095,0,1,#66c2a5,bicycle
92593,"9,21E+18",9,1,90,158,2021,5,15,1,2,8,1,0,1,0,0,0,0,0,"652465,770149","5303089,95654",11.038553117,47.863043357,0,1,#66c2a5,bicycle
92600,"9,21E+18",9,1,84,137,2021,4,18,6,3,4,2,0,0,1,0,0,0,0,"706309,905523","5316871,49888",11.764322445,47.971865806,1,2,#fc8d62,car
92608,"9,21E+18",9,1,84,145,2021,5,18,3,2,4,2,0,0,1,0,0,0,0,"696496,159461","5322587,31879",11.635593735,48.026325843,0,2,#fc8d62,car
92612,"9,21E+18",9,1,84,135,2021,4,13,1,3,1,2,0,0,1,0,0,0,0,"690225,214726","5347466,72491",11.562682357,48.251839985,0,2,#fc8d62,car
92613,"9,21E+18",9,1,79,125,2021,5,10,1,2,2,6,0,0,1,0,1,0,0,"662122,955","5331738,071",11.178399953,48.118246237,0,2,#fc8d62,car
92619,"9,21E+18",9,1,84,122,2021,4,12,5,3,0,7,0,1,1,0,0,0,0,"688609,542927","5324695,02312",11.530848252,48.047647842,0,1,#66c2a5,bicycle
92621,"9,21E+18",9,1,78,130,2021,5,14,6,3,2,6,0,0,1,0,0,0,0,"702723,811163","5358432,11309",11.736133191,48.346506093,1,2,#fc8d62,car
92622,"9,21E+18",9,1,88,124,2021,5,14,6,3,2,6,0,0,1,0,1,0,0,"662180,97921","5318570,40426",11.174186308,47.999846317,1,2,#fc8d62,car
92624,"9,21E+18",9,1,62,0,2021,5,16,4,3,2,6,0,0,1,0,0,0,0,"693129,915132","5337643,81473",11.597301721,48.162677275,1,2,#fc8d62,car
92625,"9,21E+18",9,7,71,130,2021,4,11,6,3,3,6,0,0,1,0,0,0,0,"645436,492506","5358089,63819",10.963381321,48.359217896,0,2,#fc8d62,car
92632,"9,21E+18",9,1,88,121,2021,4,14,5,2,4,1,0,0,1,0,0,1,0,"670063,322751","5329078,30326",11.283946394,48.092264124,0,2,#fc8d62,car
92633,"9,21E+18",9,1,78,143,2021,5,21,2,3,5,3,2,0,1,0,0,0,0,"721803,618451","5374279,59862",12.001676615,48.482473635,0,2,#fc8d62,car
92647,"9,21E+18",9,1,62,0,2021,5,14,6,2,6,2,0,0,1,1,0,0,0,"689690,586427","5331911,26294",11.548543003,48.112188253,0,2,#fc8d62,car
92651,"9,21E+18",9,1,62,0,2021,5,12,1,2,9,1,0,0,0,0,1,0,0,"687475,960848","5333117,4074",11.519349238,48.123685168,1,4,#e78ac3,marker
92659,"9,21E+18",9,1,85,158,2021,4,22,1,2,8,1,2,0,1,0,0,0,0,"668056,85148","5384522,3317",11.279144628,48.591215594,0,2,#fc8d62,car
92662,"9,21E+18",9,1,75,116,2021,5,16,2,3,5,2,0,0,1,0,0,0,0,"708837,013001","5320622,99",11.799965616,48.004758909,0,2,#fc8d62,car
92666,"9,21E+18",9,1,84,146,2021,4,20,4,3,0,2,2,0,1,0,1,0,0,"697360,983755","5328733,13438",11.650015417,48.081294641,0,2,#fc8d62,car
92667,"9,21E+18",9,1,83,118,2021,4,18,5,2,8,1,0,0,1,0,0,0,0,"747982,299976","5338414,3842",12.334278735,48.150578557,0,2,#fc8d62,car
92669,"9,21E+18",9,1,78,113,2021,4,14,4,3,3,6,0,0,1,0,0,1,0,"691498,068964","5368411,23119",11.589335913,48.439695026,0,2,#fc8d62,car
92670,"9,21E+18",9,7,71,169,2021,4,11,7,3,1,2,0,0,1,0,0,0,0,"642154,320393","5375464,76948",10.924993908,48.516192704,0,2,#fc8d62,car
92673,"9,21E+18",9,1,63,0,2021,5,18,5,3,3,2,0,1,1,0,0,0,0,"734693,747228","5304875,89336",12.137550626,47.854323827,0,1,#66c2a5,bicycle
92676,"9,21E+18",9,1,73,137,2021,4,10,2,3,3,1,0,0,1,0,0,0,0,"677574,039534","5301210,99612",11.373216736,47.839703271,1,2,#fc8d62,car
92677,"9,21E+18",9,1,78,122,2021,5,17,2,3,5,3,0,0,1,0,0,1,0,"702633,710368","5384406,61226",11.747496761,48.579945776,1,2,#fc8d62,car
92679,"9,21E+18",9,1,82,137,2021,5,16,1,2,5,3,0,0,1,0,1,0,0,"712077,964078","5300406,36705",11.833420435,47.822020032,0,2,#fc8d62,car
92682,"9,21E+18",9,1,78,120,2021,4,19,6,2,2,6,0,0,1,0,0,0,0,"694534,210884","5354972,99939",11.624125789,48.31799333,0,2,#fc8d62,car
92683,"9,21E+18",9,1,81,133,2021,4,16,7,2,4,3,0,0,1,0,0,0,0,"644672,766949","5314511,74434",10.938252847,47.967552426,0,2,#fc8d62,car
92689,"9,21E+18",9,1,74,135,2021,5,7,2,2,8,7,0,0,1,0,0,0,0,"660998,42699","5354915,14839",11.172103262,48.326902541,0,2,#fc8d62,car
92690,"9,21E+18",9,7,78,116,2021,5,13,7,3,7,7,0,0,0,0,1,0,0,"621973,723589","5313897,47359",10.634108164,47.966756614,0,4,#e78ac3,marker
92691,"9,21E+18",9,7,72,111,2021,4,5,3,3,5,2,2,0,1,0,0,0,0,"628246,72","5363238,934",10.733010118,48.409248709,1,2,#fc8d62,car
92699,"9,21E+18",9,1,88,139,2021,5,12,1,3,0,1,0,1,0,0,0,0,0,"673638,939705","5317922,57765",11.327401891,47.991013636,0,1,#66c2a5,bicycle
92700,"9,21E+18",9,1,87,130,2021,5,8,3,2,6,4,0,0,0,1,0,1,0,"712573,264001","5310148,1",11.844819454,47.909398865,0,3,#8da0cb,toilet
92703,"9,21E+18",9,1,62,0,2021,5,17,3,3,4,6,0,0,1,0,0,0,0,"695777,987204","5343521,8781",11.635584683,48.214695743,0,2,#fc8d62,car
92708,"9,21E+18",9,1,90,157,2021,5,20,3,3,0,7,0,1,0,0,0,0,0,"660399,91752","5300424,5431",11.143573985,47.83714635,0,1,#66c2a5,bicycle
92712,"9,21E+18",9,1,86,143,2021,5,17,1,2,4,6,0,0,1,0,1,0,0,"680955,40607","5380661,14834",11.452230614,48.552917585,0,2,#fc8d62,car
92713,"9,21E+18",9,7,72,177,2021,5,9,3,3,2,6,0,0,1,0,0,1,0,"637481,415378","5374263,63285",10.86135503,48.506433066,0,2,#fc8d62,car
92717,"9,21E+18",9,1,87,169,2021,5,20,6,3,4,6,2,0,1,0,0,0,0,"742272,748282","5298096,50895",12.234917678,47.790612151,0,2,#fc8d62,car
92718,"9,21E+18",9,1,82,119,2021,4,16,1,3,2,6,0,0,1,0,0,0,0,"711741,665315","5294095,17171",11.825853958,47.765414954,0,2,#fc8d62,car
92721,"9,21E+18",9,1,90,115,2021,5,21,7,1,8,1,2,0,1,0,0,0,0,"671235,640928","5303605,16551",11.289525075,47.862946747,1,2,#fc8d62,car
92722,"9,21E+18",9,7,72,147,2021,4,14,6,2,2,6,0,0,1,0,0,1,0,"630713,66486","5364283,56476",10.766655345,48.418135485,0,2,#fc8d62,car
92725,"9,21E+18",9,1,78,138,2021,4,5,4,3,4,6,2,0,1,0,1,0,0,"709608,652811","5367953,71687",11.833690634,48.429816574,0,2,#fc8d62,car
92732,"9,21E+18",9,2,74,134,2021,5,21,7,3,8,1,2,0,1,0,0,0,0,"743791,828242","5375322,16025",12.299361383,48.483698386,0,2,#fc8d62,car
92734,"9,21E+18",9,7,72,178,2021,5,16,7,2,9,1,0,0,1,0,1,0,0,"622633,830326","5344523,18461",10.651751181,48.242056676,0,2,#fc8d62,car
92740,"9,21E+18",9,7,61,0,2021,4,15,5,3,0,6,0,0,1,0,0,0,1,"639487,975566","5360888,48565",10.884051423,48.385726639,0,2,#fc8d62,car
92744,"9,21E+18",9,1,86,125,2021,5,14,6,3,0,1,0,0,0,0,1,0,0,"674334,032847","5373914,03464",11.359760921,48.494145258,0,4,#e78ac3,marker
92747,"9,21E+18",9,2,61,0,2021,5,7,1,3,0,1,0,1,0,0,0,0,0,"732274,301532","5380654,99878",12.146706822,48.535962465,1,1,#66c2a5,bicycle
92748,"9,21E+18",9,1,74,131,2021,5,15,7,2,3,6,0,1,0,0,0,0,0,"673990,594158","5361431,17044",11.349932595,48.382033142,0,1,#66c2a5,bicycle
92752,"9,21E+18",9,7,71,122,2021,4,12,3,3,1,7,0,0,1,0,0,0,0,"653409,775626","5361735,97387",11.072279267,48.390114146,0,2,#fc8d62,car
92754,"9,21E+18",9,1,62,0,2021,5,10,1,3,0,7,0,0,0,0,1,0,0,"692176,208957","5342768,48307",11.586807643,48.209025355,0,4,#e78ac3,marker
92755,"9,21E+18",9,7,72,209,2021,4,17,6,3,5,3,0,1,1,0,0,0,0,"634648,065351","5336891,18177",10.811068218,48.170989106,0,1,#66c2a5,bicycle
92758,"9,21E+18",9,1,73,130,2021,4,16,1,3,2,6,0,0,1,0,0,0,0,"679729,910409","5312746,54366",11.406806037,47.942802227,0,2,#fc8d62,car
92760,"9,21E+18",9,1,90,158,2021,4,17,7,3,4,6,0,0,0,0,1,0,1,"651208,621912","5301369,62619",11.021153716,47.847871614,0,4,#e78ac3,marker
92762,"9,21E+18",9,1,90,157,2021,5,11,3,3,0,7,0,0,1,0,1,0,0,"661010,136042","5301721,13148",11.152205344,47.848651569,0,2,#fc8d62,car
92764,"9,21E+18",9,1,90,132,2021,4,11,5,3,9,1,0,0,1,0,0,0,0,"676394,673048","5295179,34084",11.355014448,47.785804142,1,2,#fc8d62,car
92770,"9,21E+18",9,7,71,142,2021,4,11,5,3,1,3,0,1,1,0,0,0,0,"645791,514726","5350778,85176",10.965642619,48.293402058,0,1,#66c2a5,bicycle
92774,"9,21E+18",9,1,62,0,2021,5,21,1,3,3,6,2,0,1,0,0,0,0,"700116,282111","5335428,89653",11.690110694,48.140611327,0,2,#fc8d62,car
92776,"9,21E+18",9,1,90,113,2021,4,16,3,3,4,1,0,0,1,0,0,1,0,"669621,280143","5293903,98807",11.264160317,47.7761573,2,2,#fc8d62,car
92778,"9,21E+18",9,1,82,125,2021,4,16,3,3,4,6,0,0,0,0,1,1,0,"715911,814018","5295492,58631",11.88213008,47.776589295,0,4,#e78ac3,marker
92782,"9,21E+18",9,1,73,118,2021,4,17,2,3,4,2,0,0,1,0,0,0,0,"689368,11189","5301078,90944",11.530628735,47.835150833,1,2,#fc8d62,car
92785,"9,21E+18",9,1,82,123,2021,5,7,1,3,8,1,0,0,1,0,0,0,0,"720052,864895","5301070,66927",11.940162319,47.825311405,1,2,#fc8d62,car
92786,"9,21E+18",9,1,62,0,2021,4,18,6,3,5,2,0,1,1,0,0,0,0,"694713,299242","5340875,80009",11.620053423,48.191241803,0,1,#66c2a5,bicycle
92787,"9,21E+18",9,7,77,177,2021,5,13,2,3,1,6,0,0,1,0,0,0,0,"632863,323385","5318271,01731",10.781281673,48.003919524,1,2,#fc8d62,car
92792,"9,21E+18",9,2,61,0,2021,4,21,4,3,5,3,2,0,1,0,0,0,0,"727661,211283","5380452,95438",12.084196491,48.535837701,0,2,#fc8d62,car
92801,"9,21E+18",9,1,84,137,2021,4,15,1,3,3,6,0,1,1,0,0,0,0,"707241,207001","5315862,316",11.776299254,47.962495767,0,1,#66c2a5,bicycle
92803,"9,21E+18",9,1,84,118,2021,5,14,4,3,0,7,0,0,0,0,0,0,1,"703660,418916","5335813,6556",11.737881671,48.142944575,0,6,#ffd92f,circle
92807,"9,21E+18",9,1,81,130,2021,5,11,6,3,3,6,0,0,1,0,0,1,0,"639683,048174","5325156,53336",10.874909078,48.064382468,0,2,#fc8d62,car
92808,"9,21E+18",9,1,81,145,2021,5,12,6,3,5,3,0,0,1,0,0,0,0,"642304,038058","5334470,26414",10.913176141,48.147552294,0,2,#fc8d62,car
92809,"9,21E+18",9,1,74,136,2021,5,12,7,3,0,7,0,1,0,1,0,0,0,"683378,510938","5364001,90918",11.4777288,48.402480714,0,1,#66c2a5,bicycle
92811,"9,21E+18",9,1,62,0,2021,4,14,6,3,9,1,0,0,1,0,1,0,0,"694877,690822","5332644,74661",11.618493822,48.117214591,0,2,#fc8d62,car
92819,"9,21E+18",9,1,82,125,2021,4,15,5,3,8,1,0,0,1,0,0,0,0,"708991,628788","5296151,20535",11.790186938,47.784789593,0,2,#fc8d62,car
92821,"9,21E+18",9,1,77,127,2021,5,17,7,3,3,6,0,0,1,0,0,0,0,"725429,312002","5348149,96799",12.036672117,48.246438115,0,2,#fc8d62,car
92824,"9,21E+18",9,1,86,151,2021,4,12,1,3,5,3,0,0,1,0,0,0,0,"680727,250001","5374997,779",11.446686897,48.502080229,0,2,#fc8d62,car
92826,"9,21E+18",9,7,72,147,2021,4,15,7,3,0,1,0,0,0,0,1,0,0,"637445,399142","5364896,93891",10.857790322,48.422218312,0,4,#e78ac3,marker
92831,"9,21E+18",9,1,62,0,2021,4,15,5,3,2,6,0,0,1,0,0,0,0,"687786,458716","5333541,69776",11.52370453,48.127407289,0,2,#fc8d62,car
92832,"9,21E+18",9,1,88,120,2021,5,13,6,3,5,3,0,0,1,0,0,0,0,"677706,133968","5326444,53227",11.385403513,48.066503354,1,2,#fc8d62,car
92837,"9,21E+18",9,2,74,114,2021,5,12,5,3,8,1,0,0,1,0,0,0,0,"736005,407255","5371414,13058",12.191952433,48.45156536,1,2,#fc8d62,car
92841,"9,21E+18",9,1,90,115,2021,5,11,7,3,2,2,0,0,1,0,0,0,0,"671099,570869","5304539,66845",11.288077165,47.871384382,0,2,#fc8d62,car
92848,"9,21E+18",9,1,62,0,2021,4,17,7,3,2,6,0,0,1,0,0,0,0,"686856,495944","5331203,15256",11.510194265,48.106661272,0,2,#fc8d62,car
92850,"9,21E+18",9,1,62,0,2021,5,8,2,3,2,6,0,0,1,0,0,0,0,"687255,525226","5344124,74512",11.52123851,48.222686312,0,2,#fc8d62,car
92851,"9,21E+18",9,1,78,137,2021,4,17,7,3,2,6,1,0,1,0,0,0,0,"692277,550397","5362749,92899",11.597269929,48.388577821,0,2,#fc8d62,car
92855,"9,21E+18",9,1,62,0,2021,4,16,4,3,0,7,0,0,0,0,1,0,0,"688679,198161","5336329,51803",11.536925164,48.152200636,0,4,#e78ac3,marker
92857,"9,21E+18",9,1,77,115,2021,5,16,5,3,0,1,0,0,0,0,1,0,0,"738422,913666","5356999,71442",12.216418092,48.321179034,1,4,#e78ac3,marker
92859,"9,21E+18",9,1,62,0,2021,4,14,7,3,3,2,0,0,1,0,0,0,1,"688630,269574","5331668,38524",11.534204451,48.110320129,0,2,#fc8d62,car
92860,"9,21E+18",9,7,71,169,2021,5,17,6,2,4,1,0,0,1,0,0,0,0,"639209,096752","5373920,31534",10.884618443,48.502965599,1,2,#fc8d62,car
92861,"9,21E+18",9,7,78,216,2021,4,18,5,3,3,6,0,0,1,0,0,0,0,"624986,632628","5320786,02821",10.676461418,48.028126474,1,2,#fc8d62,car
92869,"9,21E+18",9,7,61,0,2021,5,14,5,2,5,3,0,1,1,0,0,0,0,"641397,385019","5355158,57946",10.907901286,48.333780361,0,1,#66c2a5,bicycle
92872,"9,21E+18",9,7,71,122,2021,5,14,5,3,3,1,0,0,1,0,0,0,0,"654379,690241","5360797,01118",11.085027008,48.381435632,1,2,#fc8d62,car
92875,"9,21E+18",9,1,62,0,2021,5,9,6,3,2,6,0,0,1,0,0,0,0,"693296,996773","5338626,72402",11.599993081,48.171460548,0,2,#fc8d62,car
92877,"9,21E+18",9,1,62,0,2021,4,15,3,3,5,3,0,1,1,0,0,0,0,"687914,761198","5327723,68287",11.522865379,48.07507544,1,1,#66c2a5,bicycle
92881,"9,21E+18",9,1,83,126,2021,5,14,5,3,2,1,0,0,1,0,0,0,1,"728940,87134","5335020,75375",12.07682972,48.127228611,0,2,#fc8d62,car
92895,"9,21E+18",9,7,78,203,2021,5,7,6,3,5,3,0,0,1,0,0,0,0,"620717,003674","5322064,02294",10.619576699,48.040441452,0,2,#fc8d62,car
92896,"9,21E+18",9,1,62,0,2021,4,22,5,3,4,2,2,0,1,0,0,0,0,"684381,514892","5332119,28802",11.477374297,48.115617211,1,2,#fc8d62,car
92902,"9,21E+18",9,1,84,118,2021,4,9,2,3,4,2,0,0,1,0,0,1,0,"704291,841629","5336431,75592",11.746656589,48.148296778,1,2,#fc8d62,car
92908,"9,21E+18",9,1,87,169,2021,4,17,2,2,0,7,0,0,0,0,0,1,0,"736603,693952","5303064,72008",12.162053998,47.83735257,1,5,#a6d854,bus
92909,"9,21E+18",9,1,74,113,2021,5,9,7,3,0,7,0,1,0,0,0,0,1,"674762,187797","5347692,77429",11.354651156,48.25832463,0,1,#66c2a5,bicycle
92911,"9,21E+18",9,1,77,115,2021,5,7,2,3,0,7,0,0,0,0,1,0,0,"735513,29758","5350590,55503",12.17365587,48.264696537,0,4,#e78ac3,marker
92913,"9,21E+18",9,1,75,135,2021,5,9,3,3,2,6,0,1,1,0,0,0,0,"707655,804958","5338784,00586",11.792977022,48.168345494,0,1,#66c2a5,bicycle
92914,"9,21E+18",9,1,75,122,2021,5,13,1,2,5,2,0,1,1,0,0,0,0,"719440,82183","5324567,92648",11.943965035,48.036653967,0,1,#66c2a5,bicycle
92915,"9,21E+18",9,1,87,124,2021,4,17,4,3,5,2,0,0,1,0,0,0,0,"733298,926053","5329522,8336",12.132304404,48.076255757,0,2,#fc8d62,car
92916,"9,21E+18",9,1,62,0,2021,4,17,4,2,2,6,0,0,1,0,1,0,0,"684671,021902","5342453,23838",11.485746789,48.208419735,0,2,#fc8d62,car
92931,"9,21E+18",9,1,87,179,2021,4,13,6,2,4,1,0,0,1,0,1,0,0,"722575,981323","5312833,241",11.979886924,47.930132837,0,2,#fc8d62,car
92932,"9,21E+18",9,1,78,124,2021,4,14,7,2,9,1,0,0,1,0,0,0,0,"702191,456927","5361586,11313",11.730472043,48.375019796,0,2,#fc8d62,car
92935,"9,21E+18",9,7,71,130,2021,5,8,6,3,8,6,0,0,1,0,1,0,0,"645356,963412","5358143,5576",10.962326967,48.359721018,0,2,#fc8d62,car
92936,"9,21E+18",9,1,88,139,2021,5,17,6,3,0,1,0,1,0,0,0,0,0,"676237,091001","5318677,314",11.362506128,47.997087738,0,1,#66c2a5,bicycle
92938,"9,21E+18",9,1,74,131,2021,5,12,2,2,8,1,0,0,0,0,1,0,0,"676105,970847","5361828,02734",11.378643915,48.385013515,0,4,#e78ac3,marker
92941,"9,21E+18",9,1,79,126,2021,4,11,4,3,6,2,0,0,1,1,0,0,0,"676472,858132","5340301,75731",11.37460241,48.191412017,0,2,#fc8d62,car
92944,"9,21E+18",9,1,78,157,2021,4,20,5,2,0,7,2,0,0,0,1,0,0,"703073,886767","5370781,64862",11.746825634,48.457369398,1,4,#e78ac3,marker
92945,"9,21E+18",9,7,71,169,2021,5,5,1,2,5,3,1,0,1,0,0,0,0,"641393,73813","5377684,92833",10.915453345,48.536326609,0,2,#fc8d62,car
92950,"9,21E+18",9,1,74,122,2021,5,18,3,3,5,2,0,0,1,0,0,0,0,"684546,15109","5353138,24395",11.488727261,48.304496114,0,2,#fc8d62,car
92957,"9,21E+18",9,1,88,127,2021,5,7,4,3,5,2,0,0,1,0,0,0,1,"680159,110842","5330123,79089",11.419851954,48.098888272,1,2,#fc8d62,car
92965,"9,21E+18",9,1,81,114,2021,4,16,3,3,6,4,0,0,1,1,0,0,0,"656621,12598","5312761,2904",11.097586636,47.949001682,0,2,#fc8d62,car
92972,"9,21E+18",9,1,73,137,2021,5,13,1,3,8,1,0,0,1,0,0,0,0,"679198,138901","5307267,04495",11.397413404,47.893693657,1,2,#fc8d62,car
92974,"9,21E+18",9,1,75,133,2021,5,13,3,3,2,6,0,0,1,0,0,0,0,"707935,516935","5343877,34049",11.799228089,48.214023516,0,2,#fc8d62,car
92978,"9,21E+18",9,1,90,151,2021,5,15,4,3,9,1,0,0,1,0,0,0,0,"636530,758568","5301064,95842",10.824972044,47.848417465,1,2,#fc8d62,car
92981,"9,21E+18",9,7,61,0,2021,4,7,5,2,1,6,0,0,0,0,0,1,0,"641056,078854","5363874,15324",10.906222613,48.412223792,0,5,#a6d854,bus
92983,"9,21E+18",9,1,62,0,2021,5,7,4,3,2,6,0,0,1,0,1,0,0,"688933,339808","5331718,94409",11.538294384,48.110684736,0,2,#fc8d62,car
92985,"9,21E+18",9,1,73,118,2021,4,14,6,3,2,6,0,0,1,0,0,0,0,"687880,492283","5305163,87332",11.512542974,47.872305932,0,2,#fc8d62,car
92987,"9,21E+18",9,7,72,163,2021,5,19,2,3,9,1,0,0,1,0,0,0,0,"638674,754114","5346048,56069",10.868193186,48.252467058,1,2,#fc8d62,car
92988,"9,21E+18",9,7,77,158,2021,4,10,2,3,4,6,0,0,1,0,0,0,0,"620301,457615","5311364,69704",10.611005269,47.944294098,0,2,#fc8d62,car
92992,"9,21E+18",9,1,77,130,2021,4,13,1,3,5,3,0,0,1,0,0,0,0,"712594,074736","5348947,4593",11.864405173,48.258038179,0,2,#fc8d62,car
92999,"9,21E+18",9,1,86,132,2021,4,15,4,3,9,1,0,0,1,0,0,0,0,"680718,837988","5367391,95849",11.443287284,48.433719623,0,2,#fc8d62,car
93001,"9,21E+18",9,1,81,130,2021,5,12,4,3,5,3,0,1,1,0,0,0,0,"640045,386801","5323231,70643",10.879139762,48.046994492,1,1,#66c2a5,bicycle
93004,"9,21E+18",9,1,88,121,2021,5,6,4,3,7,1,0,0,1,0,0,0,0,"672749,91281","5329621,25107",11.320216501,48.096422497,1,2,#fc8d62,car
93007,"9,21E+18",9,1,75,123,2021,5,15,2,3,2,6,0,0,1,0,0,0,0,"722740,897252","5338179,89125",11.995277724,48.157811771,0,2,#fc8d62,car
93008,"9,21E+18",9,1,75,133,2021,4,11,2,3,4,7,0,0,1,0,0,0,1,"706544,709227","5340984,92484",11.77912061,48.188485619,0,2,#fc8d62,car
93011,"9,21E+18",9,1,75,114,2021,4,16,1,3,5,3,0,1,0,0,1,0,0,"716732,891338","5322843,11432",11.906812434,48.022080301,0,1,#66c2a5,bicycle
93015,"9,21E+18",9,1,82,137,2021,4,12,6,3,2,6,0,0,1,0,0,0,0,"709196,960568","5304718,57301",11.797061137,47.861715725,0,2,#fc8d62,car
93019,"9,21E+18",9,1,81,141,2021,5,16,3,2,4,6,0,0,1,0,0,1,0,"643320,347223","5321433,68545",10.92245627,48.03009964,0,2,#fc8d62,car
93021,"9,21E+18",9,1,85,166,2021,5,17,1,2,0,1,0,0,0,0,1,0,0,"675752,971407","5384144,02652",11.383265397,48.58570295,0,4,#e78ac3,marker