OBJECTID,UIDENTSTLA,ULAND,UREGBEZ,UKREIS,UGEMEINDE,UJAHR,UMONAT,USTUNDE,UWOCHENTAG,UKATEGORIE,UART,UTYP1,ULICHTVERH,IstRad,IstPKW,IstFuss,IstKrad,IstGkfz,IstSonstig,LINREFX,LINREFY,XGCSWGS84,YGCSWGS84,STRZUSTAN,Teilnehmer,color,symbol
93025,"9,21E+18",9,1,74,118,2021,5,15,7,2,8,1,0,0,0,0,1,0,0,"668682,594424","5352957,33297",11.274907836,48.307298819,0,4,#e78ac3,marker
93026,"9,21E+18",9,1,77,134,2021,5,21,7,3,7,7,1,0,0,0,1,0,0,"713725,802872","5345039,79401",11.877662069,48.222545419,0,4,#e78ac3,marker
93028,"9,21E+18",9,7,72,137,2021,5,3,7,3,8,1,2,0,1,0,0,0,0,"622627,963587","5371021,75802",10.659396154,48.480355743,1,2,#fc8d62,car
93032,"9,21E+18",9,7,61,0,2021,4,5,4,3,2,6,2,0,1,0,0,0,1,"637707,306542","5360929,21139",10.860026704,48.386484097,0,2,#fc8d62,car
93033,"9,21E+18",9,1,73,137,2021,5,12,4,3,8,1,0,0,1,0,0,0,0,"676813,270517","5297274,16581",11.361451761,47.804521569,1,2,#fc8d62,car
93034,"9,21E+18",9,1,84,148,2021,4,11,3,2,5,2,0,1,1,0,0,0,0,"694993,002391","5326959,29416",11.617445325,48.066080524,0,1,#66c2a5,bicycle
93036,"9,21E+18",9,1,74,115,2021,5,7,5,3,5,3,0,1,1,0,0,0,0,"680779,534868","5347719,20346",11.435662106,48.256874087,1,1,#66c2a5,bicycle
93038,"9,21E+18",9,1,81,145,2021,5,18,3,3,5,3,0,0,1,0,0,0,0,"642988,31249","5334568,43085",10.922403341,48.148281537,1,2,#fc8d62,car
93044,"9,21E+18",9,1,62,0,2021,4,10,7,3,2,6,0,0,1,0,0,0,0,"695014,551288","5333375,47549",11.620665009,48.123740177,0,2,#fc8d62,car
93046,"9,21E+18",9,1,78,120,2021,5,8,4,3,0,7,0,0,1,0,0,0,0,"694937,832264","5355269,95069",11.629701651,48.320537797,1,2,#fc8d62,car
93048,"9,21E+18",9,1,75,114,2021,4,9,7,2,5,3,0,0,1,0,0,0,0,"715765,321976","5322252,97619",11.893555614,48.017104971,0,2,#fc8d62,car
93051,"9,21E+18",9,1,78,124,2021,5,7,6,3,2,6,0,0,1,0,0,1,0,"701002,177752","5357716,15084",11.712582081,48.340622176,0,2,#fc8d62,car
93058,"9,21E+18",9,1,79,118,2021,5,12,4,3,2,6,0,0,1,0,0,0,0,"673048,81894","5337072,01934",11.327253633,48.163320539,1,2,#fc8d62,car
93059,"9,21E+18",9,7,77,118,2021,4,9,3,2,4,6,0,1,1,0,0,0,0,"625430,413839","5297644,2403",10.675674069,47.819915223,0,1,#66c2a5,bicycle
93063,"9,21E+18",9,1,63,0,2021,5,22,7,3,0,2,2,1,0,0,0,0,0,"733350,714489","5305217,68601",12.119807999,47.857883496,0,1,#66c2a5,bicycle
93073,"9,21E+18",9,1,62,0,2021,5,13,4,3,2,6,0,0,1,0,0,0,1,"688022,335371","5331598,92288",11.526014621,48.109875529,0,2,#fc8d62,car
93074,"9,21E+18",9,1,79,113,2021,4,20,1,3,8,1,2,0,1,0,0,0,0,"670291,511839","5336514,42993",11.289979639,48.159052517,0,2,#fc8d62,car
93076,"9,21E+18",9,7,61,0,2021,5,16,5,3,3,3,0,1,1,1,0,0,0,"642848,894033","5360037,31122",10.92913127,48.377321162,1,1,#66c2a5,bicycle
93078,"9,21E+18",9,7,73,179,2021,4,11,6,2,5,3,0,0,1,0,0,0,0,"617361,439035","5376916,46375",10.589816608,48.534371625,0,2,#fc8d62,car
93079,"9,21E+18",9,1,87,177,2021,5,10,1,3,2,6,0,0,1,0,0,0,0,"736759,571907","5306054,80758",12.165769979,47.864157196,1,2,#fc8d62,car
93081,"9,21E+18",9,7,62,0,2021,4,5,2,3,5,3,2,1,0,0,0,0,0,"622228,513003","5304619,46286",10.634887921,47.883264995,1,1,#66c2a5,bicycle
93086,"9,21E+18",9,1,79,134,2021,4,15,7,2,0,1,0,0,0,0,1,0,0,"669546,7299","5342263,67174",11.282267062,48.210935837,0,4,#e78ac3,marker
93087,"9,21E+18",9,7,72,130,2021,4,22,2,3,5,3,2,0,1,0,1,0,0,"632004,36778","5357642,75731",10.782004326,48.35815082,0,2,#fc8d62,car
93088,"9,21E+18",9,7,61,0,2021,5,13,6,3,5,1,0,0,1,0,0,0,0,"641155,069924","5354496,26559",10.90441172,48.327879212,0,2,#fc8d62,car
93099,"9,21E+18",9,1,90,132,2021,4,9,6,3,9,1,0,0,1,0,0,0,0,"676722,518082","5296228,50962",11.3598148,47.795146185,0,2,#fc8d62,car
93102,"9,21E+18",9,1,82,123,2021,4,13,6,3,7,7,0,0,1,0,0,1,0,"715607,666316","5301879,21259",11.88125016,47.834082088,0,2,#fc8d62,car
93106,"9,21E+18",9,1,73,112,2021,5,12,1,3,4,2,0,0,1,0,1,0,0,"692150,70949","5293152,81515",11.564265418,47.763081997,0,2,#fc8d62,car
93109,"9,21E+18",9,1,75,112,2021,4,18,2,3,8,1,0,0,1,0,0,0,0,"720785,159748","5318826,132",11.959020055,47.984599782,1,2,#fc8d62,car
93110,"9,21E+18",9,1,63,0,2021,5,14,6,3,2,6,0,0,1,0,0,0,0,"732562,961945","5305931,73714",12.10967612,47.864584173,1,2,#fc8d62,car
93114,"9,21E+18",9,1,62,0,2021,4,16,6,3,4,2,0,0,1,0,0,0,0,"697042,287001","5330403,778",11.646511712,48.096408019,1,2,#fc8d62,car
93124,"9,21E+18",9,7,72,168,2021,4,11,1,3,0,6,0,0,1,0,1,0,0,"619116,049633","5346973,29225",10.605079537,48.264761883,0,2,#fc8d62,car
93125,"9,21E+18",9,1,78,124,2021,5,18,7,3,0,1,0,1,0,0,0,0,0,"703358,756101","5367201,88323",11.748936631,48.425109204,0,1,#66c2a5,bicycle
93127,"9,21E+18",9,1,79,121,2021,5,13,1,3,1,6,0,0,1,0,1,0,0,"666757,429104","5339201,1608",11.24354746,48.184142965,0,2,#fc8d62,car
93128,"9,21E+18",9,1,63,0,2021,5,7,3,3,5,3,0,0,1,0,0,0,1,"733747,067483","5304987,54838",12.124974579,47.855671904,0,2,#fc8d62,car
93129,"9,21E+18",9,7,78,116,2021,4,15,7,3,2,6,0,0,1,0,0,0,0,"618944,408261","5319829,86355",10.595184257,48.020680939,0,2,#fc8d62,car
93130,"9,21E+18",9,1,74,131,2021,5,7,4,3,6,7,0,0,1,1,0,0,0,"677003,348191","5355132,56297",11.387938128,48.324578198,0,2,#fc8d62,car
93131,"9,21E+18",9,1,63,0,2021,5,9,4,3,2,6,0,0,1,0,0,0,0,"733740,865408","5301994,74265",12.123275852,47.828786655,1,2,#fc8d62,car
93135,"9,21E+18",9,7,71,146,2021,5,14,5,3,2,6,0,0,1,0,0,0,0,"648625,742891","5349201,05254",11.00327614,48.278556411,0,2,#fc8d62,car
93141,"9,21E+18",9,1,88,120,2021,5,14,7,3,1,5,0,1,1,0,0,0,0,"677128,977271","5326677,29378",11.377759519,48.068756244,0,1,#66c2a5,bicycle
93147,"9,21E+18",9,1,62,0,2021,5,18,1,3,5,3,0,0,1,0,1,0,0,"693663,525001","5337044,046",11.60419725,48.157124464,0,2,#fc8d62,car
93150,"9,21E+18",9,2,61,0,2021,4,15,1,3,0,1,0,1,0,0,0,0,0,"725781,374002","5378998,21399",12.057979981,48.523448058,0,1,#66c2a5,bicycle
93151,"9,21E+18",9,1,87,182,2021,5,7,2,2,5,7,0,0,1,0,1,0,0,"737678,534964","5327676,72684",12.18998602,48.058055009,1,2,#fc8d62,car
93155,"9,21E+18",9,1,83,123,2021,5,11,2,3,0,7,0,0,1,0,0,0,0,"737378,208171","5343671,22683",12.194870314,48.201845689,0,2,#fc8d62,car
93162,"9,21E+18",9,1,74,115,2021,4,11,6,3,3,7,0,1,1,0,0,0,0,"680766,2103","5348496,34608",11.435814789,48.263863343,0,1,#66c2a5,bicycle
93167,"9,21E+18",9,1,78,155,2021,4,10,2,3,2,6,0,0,1,0,0,0,0,"721550,040593","5374950,77509",11.9986056,48.488592941,0,2,#fc8d62,car
93170,"9,21E+18",9,1,74,113,2021,4,4,3,3,7,7,2,0,1,0,0,0,0,"676816,697706","5351526,01862",11.383911088,48.292211561,0,2,#fc8d62,car
93178,"9,21E+18",9,1,84,136,2021,5,7,6,3,0,7,0,1,0,0,0,0,0,"700023,235383","5327686,7131",11.685231965,48.071060688,0,1,#66c2a5,bicycle
93183,"9,21E+18",9,7,61,0,2021,4,17,4,3,3,1,0,1,0,0,0,0,0,"642462,03664","5359319,69002",10.923666776,48.37095612,0,1,#66c2a5,bicycle
93202,"9,21E+18",9,1,74,115,2021,4,14,3,3,2,6,0,0,1,0,0,0,0,"683358,71078","5347734,58503",11.470384974,48.256271321,0,2,#fc8d62,car
93205,"9,21E+18",9,1,75,124,2021,4,17,3,3,5,3,0,0,1,0,1,0,0,"715037,695995","5328660,56485",11.88702905,48.074926838,0,2,#fc8d62,car
93212,"9,21E+18",9,7,72,214,2021,5,8,7,3,8,1,0,0,1,0,0,0,0,"618046,369026","5342466,50446",10.589414908,48.22443109,1,2,#fc8d62,car
93213,"9,21E+18",9,1,81,127,2021,4,11,7,3,9,6,0,0,1,0,0,0,0,"636643,503157","5327490,76385",10.83487881,48.086031274,0,2,#fc8d62,car
93218,"9,21E+18",9,2,61,0,2021,5,10,4,3,4,2,0,0,1,0,0,0,0,"733058,893874","5381064,41072",12.157548134,48.539349237,0,2,#fc8d62,car
93221,"9,21E+18",9,1,85,158,2021,4,21,6,3,0,6,2,1,0,0,0,0,0,"667015,643607","5380955,80109",11.263603128,48.559433682,1,1,#66c2a5,bicycle
93223,"9,21E+18",9,1,73,112,2021,5,16,5,3,6,4,0,0,1,1,0,0,0,"692262,553468","5293047,68521",11.565709942,47.76210369,0,2,#fc8d62,car
93226,"9,21E+18",9,2,74,126,2021,4,14,2,3,5,3,0,0,1,0,0,0,0,"733073,132175","5382814,19847",12.158719737,48.555061672,0,2,#fc8d62,car
93234,"9,21E+18",9,1,79,123,2021,5,15,6,3,2,6,0,0,1,0,0,0,0,"678693,303134","5332763,92323",11.401287624,48.123033456,1,2,#fc8d62,car
93243,"9,21E+18",9,7,62,0,2021,5,7,3,2,6,4,0,0,1,1,0,0,0,"621421,694683","5304206,75556",10.623984644,47.879706329,1,2,#fc8d62,car
93244,"9,21E+18",9,1,90,132,2021,4,13,4,2,4,2,0,0,1,0,1,0,0,"674429,318422","5295156,10853",11.328788528,47.78613046,0,2,#fc8d62,car
93248,"9,21E+18",9,1,87,165,2021,5,11,7,3,5,3,0,1,0,0,0,0,0,"733193,422714","5297713,08805",12.113669673,47.790518183,0,1,#66c2a5,bicycle
93252,"9,21E+18",9,1,84,114,2021,5,15,3,3,2,6,0,0,1,0,0,0,0,"700519,558805","5316530,67097",11.686668847,47.97064291,0,2,#fc8d62,car
93255,"9,21E+18",9,1,62,0,2021,5,16,3,3,7,1,0,1,0,0,0,0,0,"684181,158857","5335413,49352",11.476108811,48.145285403,0,1,#66c2a5,bicycle
93257,"9,21E+18",9,1,78,123,2021,4,7,6,3,2,6,0,0,1,0,0,1,0,"692247,769977","5361079,99645",11.596104289,48.373578647,0,2,#fc8d62,car
93258,"9,21E+18",9,1,85,113,2021,4,16,7,3,0,7,0,0,0,0,1,0,0,"670334,473249","5376769,60501",11.306834989,48.520911028,0,4,#e78ac3,marker
93262,"9,21E+18",9,1,62,0,2021,5,6,4,3,3,6,1,0,1,0,0,1,0,"690002,82398","5331933,77045",11.552743709,48.112297483,1,2,#fc8d62,car
93267,"9,21E+18",9,1,74,115,2021,4,11,4,3,1,6,0,0,1,0,0,0,1,"679997,151675","5347967,5064",11.425236426,48.259328727,0,2,#fc8d62,car
93269,"9,21E+18",9,1,75,132,2021,4,11,3,3,9,6,0,0,1,0,0,1,0,"708529,923369","5336860,72013",11.803776703,48.150776431,0,2,#fc8d62,car
93275,"9,21E+18",9,1,90,141,2021,4,13,1,3,0,1,0,1,0,0,0,0,0,"677389,227922","5292482,73142",11.367179811,47.761288919,0,1,#66c2a5,bicycle
93281,"9,21E+18",9,7,72,125,2021,4,16,4,3,9,6,0,0,1,0,0,0,0,"630066,215625","5346753,04572",10.75249577,48.260627566,0,2,#fc8d62,car
93282,"9,21E+18",9,1,62,0,2021,4,17,4,3,5,7,0,0,1,0,0,0,0,"689023,440001","5331964,074",11.539612266,48.112861272,0,2,#fc8d62,car
93283,"9,21E+18",9,1,63,0,2021,5,19,5,3,5,3,1,0,1,0,0,0,1,"733759,828461","5303290,97089",12.124228504,47.840425157,0,2,#fc8d62,car
93289,"9,21E+18",9,1,62,0,2021,5,10,5,3,6,4,0,0,1,1,0,0,0,"690051,151312","5339312,30346",11.556685974,48.178601336,1,2,#fc8d62,car
93305,"9,21E+18",9,1,74,135,2021,5,15,3,3,1,6,0,0,1,0,0,0,0,"663716,676225","5352833,46472",11.207940266,48.307490038,0,2,#fc8d62,car
93307,"9,21E+18",9,1,81,143,2021,4,19,4,1,9,6,0,0,1,0,0,0,0,"638329,90041","5315355,27054",10.853592935,47.976540145,1,2,#fc8d62,car
93312,"9,21E+18",9,7,72,162,2021,5,12,4,3,8,1,0,0,1,0,0,0,0,"636908,043704","5335341,73711",10.840950834,48.156573231,1,2,#fc8d62,car
93313,"9,21E+18",9,1,73,126,2021,5,10,4,3,2,6,0,0,1,0,0,0,0,"684642,712397","5303969,46088",11.468775557,47.862508324,0,2,#fc8d62,car
93316,"9,21E+18",9,1,75,114,2021,5,17,2,3,9,1,0,0,1,0,0,0,0,"716787,743002","5324656,837",11.908464774,48.038358968,1,2,#fc8d62,car
93317,"9,21E+18",9,1,79,123,2021,4,13,2,3,4,2,0,0,1,0,0,0,0,"677443,644292","5331963,52589",11.384176666,48.11618805,0,2,#fc8d62,car
93321,"9,21E+18",9,1,77,137,2021,5,17,4,3,4,6,0,0,1,0,0,0,0,"733154,438184","5346956,23786",12.139917762,48.23292089,0,2,#fc8d62,car
93324,"9,21E+18",9,1,87,182,2021,5,6,6,3,1,6,0,0,1,0,0,0,0,"738521,888561","5328441,58696",12.201713218,48.064611148,0,2,#fc8d62,car
93331,"9,21E+18",9,1,90,157,2021,4,12,6,3,3,6,0,1,1,0,0,0,0,"660721,568","5298981,989",11.147334022,47.824095847,0,1,#66c2a5,bicycle
93332,"9,21E+18",9,2,61,0,2021,4,10,2,3,5,3,0,1,1,0,0,0,0,"732275,210919","5380654,73557",12.146718976,48.535959764,0,1,#66c2a5,bicycle
93335,"9,21E+18",9,7,61,0,2021,5,13,7,3,1,5,0,0,1,0,0,0,0,"643942,533506","5357570,73613",10.943047621,48.354894584,0,2,#fc8d62,car
93336,"9,21E+18",9,1,74,115,2021,4,17,7,3,0,3,0,1,1,0,0,0,0,"683274,006666","5348265,18347",11.469474682,48.261065063,0,1,#66c2a5,bicycle
93337,"9,21E+18",9,7,71,144,2021,5,17,2,3,4,6,0,1,0,0,0,0,0,"660953,480109","5374091,37779",11.17885403,48.499309186,0,1,#66c2a5,bicycle
93346,"9,21E+18",9,7,61,0,2021,5,17,4,3,1,6,0,0,1,0,0,0,0,"638388,33","5362345,241",10.869686861,48.399067669,1,2,#fc8d62,car
93349,"9,21E+18",9,1,90,159,2021,4,11,2,3,5,3,0,0,1,0,0,0,0,"662851,26088","5305238,05535",11.178122088,47.879808024,1,2,#fc8d62,car
93355,"9,21E+18",9,7,73,179,2021,4,14,5,3,5,3,0,0,1,0,0,0,0,"617362,087834","5376919,25111",10.589826178,48.53439657,0,2,#fc8d62,car
93356,"9,21E+18",9,7,77,140,2021,4,20,7,3,5,2,1,0,1,0,0,0,1,"629334,833196","5314295,35619",10.732800889,47.968889729,0,2,#fc8d62,car
93360,"9,21E+18",9,1,74,143,2021,5,17,6,2,2,6,0,0,1,0,1,0,0,"675123,514409","5352583,26924",11.361541681,48.302186031,0,2,#fc8d62,car
93363,"9,21E+18",9,7,72,157,2021,5,11,7,2,5,3,0,0,1,0,0,0,0,"625591,682","5332312,969",10.687962084,48.131671408,0,2,#fc8d62,car
93364,"9,21E+18",9,1,83,119,2021,4,10,4,3,2,1,0,0,1,0,0,0,0,"736917,571041","5337361,4493",12.185164614,48.145337095,0,2,#fc8d62,car
93367,"9,21E+18",9,7,61,0,2021,4,14,3,3,3,6,0,0,1,0,0,0,0,"642505,659274","5363537,95381",10.925686511,48.408874749,0,2,#fc8d62,car
93368,"9,21E+18",9,2,74,126,2021,4,13,5,3,5,2,0,0,1,0,0,0,0,"733141,691769","5382877,97574",12.159683128,48.55560908,0,2,#fc8d62,car
93372,"9,21E+18",9,1,79,125,2021,5,14,1,2,2,6,0,0,1,0,1,0,0,"660179,157753","5331282,01061",11.152129605,48.114637921,0,2,#fc8d62,car
93373,"9,21E+18",9,1,79,134,2021,5,7,3,3,0,6,0,0,0,0,1,0,0,"670322,266375","5341755,83214",11.292494026,48.206162894,0,4,#e78ac3,marker
93375,"9,21E+18",9,1,62,0,2021,5,19,4,3,2,6,2,0,1,0,0,0,1,"679629,234642","5337794,01801",11.415975434,48.167985386,0,2,#fc8d62,car
93378,"9,21E+18",9,2,74,185,2021,4,8,5,2,5,3,0,0,1,0,0,0,0,"732843,397411","5371883,15884",12.149515058,48.4569561,0,2,#fc8d62,car
93383,"9,21E+18",9,1,84,112,2021,5,12,4,3,5,3,0,0,1,0,0,0,0,"703169,054368","5338333,35472",11.73248679,48.16574546,1,2,#fc8d62,car
93386,"9,21E+18",9,1,79,113,2021,5,10,7,2,0,1,0,1,0,0,0,0,0,"671216,323627","5334730,25708",11.301687831,48.14276502,0,1,#66c2a5,bicycle
93398,"9,21E+18",9,1,63,0,2021,5,9,3,3,2,6,0,0,1,0,0,0,0,"733579,928934","5303172,96832",12.121764153,47.839430383,1,2,#fc8d62,car
93400,"9,21E+18",9,1,79,123,2021,5,20,2,3,2,6,0,0,1,0,0,0,0,"677380,530943","5332213,00922",11.383433206,48.118448291,0,2,#fc8d62,car
93402,"9,21E+18",9,7,61,0,2021,4,11,5,3,0,1,0,1,0,0,0,0,0,"642534,560453","5359417,78232",10.924678742,48.371821744,0,1,#66c2a5,bicycle
93403,"9,21E+18",9,1,62,0,2021,5,13,4,3,2,6,0,0,1,0,0,0,0,"693920,844637","5336919,13512",11.60759679,48.155923398,1,2,#fc8d62,car
93407,"9,21E+18",9,1,62,0,2021,4,15,6,3,2,6,0,0,1,0,0,0,1,"686437,932302","5333290,78286",11.505489654,48.125548355,0,2,#fc8d62,car
93410,"9,21E+18",9,7,61,0,2021,5,17,4,3,3,6,0,0,1,0,0,1,0,"640377,861596","5363997,89561",10.897103874,48.413487873,1,2,#fc8d62,car
93419,"9,21E+18",9,1,75,123,2021,4,12,2,3,8,1,0,0,1,0,0,0,0,"726564,950002","5335113,02299",12.044994802,48.128907528,0,2,#fc8d62,car
93422,"9,21E+18",9,1,90,148,2021,5,19,6,3,2,6,0,0,1,0,0,0,0,"640014,516","5296407,917",10.870007775,47.805788802,0,2,#fc8d62,car
93424,"9,21E+18",9,1,78,123,2021,5,11,2,2,4,1,0,0,1,0,1,0,0,"688988,022887","5359120,47477",11.551250306,48.356951631,0,2,#fc8d62,car
93429,"9,21E+18",9,1,82,133,2021,4,18,4,3,5,3,0,0,1,0,1,0,0,"708249,680441","5305900,08658",11.784980261,47.872641416,0,2,#fc8d62,car
93431,"9,21E+18",9,7,72,156,2021,5,19,4,3,9,1,1,0,1,0,0,0,0,"628609,215324","5368759,35718",10.739600518,48.458816458,1,2,#fc8d62,car
93435,"9,21E+18",9,1,63,0,2021,5,7,2,3,2,6,0,0,1,0,0,0,0,"733535,517213","5303191,19177",12.121181336,47.839610233,1,2,#fc8d62,car
93436,"9,21E+18",9,1,87,165,2021,4,15,2,3,5,3,0,0,1,0,1,0,0,"732707,441968","5297073,28507",12.106847662,47.784945754,0,2,#fc8d62,car
93438,"9,21E+18",9,2,61,0,2021,5,10,3,3,0,6,0,1,0,0,0,0,1,"736552,801496","5383980,74563",12.206464394,48.564237234,0,1,#66c2a5,bicycle
93439,"9,21E+18",9,1,88,126,2021,4,13,1,2,0,1,0,1,0,0,0,0,0,"660166,563921","5328344,42537",11.150857982,48.088230208,0,1,#66c2a5,bicycle
93442,"9,21E+18",9,2,74,194,2021,4,13,7,2,9,1,0,0,0,0,1,0,0,"720369,610932","5383236,83445",11.987030008,48.563450942,0,4,#e78ac3,marker
93443,"9,21E+18",9,7,72,170,2021,5,14,5,3,5,3,0,0,1,0,0,0,0,"630728,137017","5334612,53197",10.75766945,48.151316352,0,2,#fc8d62,car
93445,"9,21E+18",9,1,82,133,2021,4,18,1,2,0,1,0,1,0,0,0,0,0,"708320,981001","5305225,902",11.785607674,47.866559569,0,1,#66c2a5,bicycle
93451,"9,21E+18",9,1,88,120,2021,5,19,7,2,5,3,0,1,1,0,0,0,0,"677203,945999","5326242,10594",11.378584631,48.064823379,1,1,#66c2a5,bicycle
93453,"9,21E+18",9,7,72,148,2021,4,11,3,3,9,1,0,0,1,0,0,0,0,"627837,598223","5353408,27131",10.724496415,48.320929338,0,2,#fc8d62,car
93454,"9,21E+18",9,1,63,0,2021,5,15,4,3,2,6,0,0,1,0,0,0,0,"733687,112494","5305023,00599",12.124193425,47.856012257,1,2,#fc8d62,car
93456,"9,21E+18",9,1,78,145,2021,4,12,5,2,0,7,0,1,0,0,0,0,0,"697031,594001","5354283,228",11.657454097,48.31102117,0,1,#66c2a5,bicycle
93457,"9,21E+18",9,1,79,113,2021,5,17,2,3,5,3,0,1,1,0,0,0,0,"670900,184892","5333451,92227",11.296928555,48.131358134,0,1,#66c2a5,bicycle
93459,"9,21E+18",9,1,82,133,2021,5,17,7,3,5,3,0,0,1,0,0,0,0,"705885,784001","5311161,896",11.75591539,47.920691074,0,2,#fc8d62,car
93469,"9,21E+18",9,1,85,158,2021,5,15,5,3,5,3,0,1,1,0,0,0,0,"667477,88273","5380480,71658",11.269671704,48.555039735,0,1,#66c2a5,bicycle
93470,"9,21E+18",9,1,63,0,2021,4,14,1,3,0,7,0,1,0,0,0,0,0,"732618,386658","5302062,38709",12.108336337,47.829801235,0,1,#66c2a5,bicycle
93477,"9,21E+18",9,1,84,145,2021,4,15,2,3,5,3,0,0,1,0,0,0,0,"694326,543063","5323227,16368",11.606814347,48.032740314,1,2,#fc8d62,car
93481,"9,21E+18",9,1,62,0,2021,5,6,4,3,2,6,0,0,1,0,0,0,1,"692960,601281","5338925,32073",11.595608655,48.174246451,0,2,#fc8d62,car
93482,"9,21E+18",9,1,78,120,2021,4,1,7,3,2,6,2,0,1,0,0,0,0,"691869,786313","5352906,24386",11.587283247,48.300232388,0,2,#fc8d62,car
93487,"9,21E+18",9,1,75,132,2021,4,16,5,3,0,7,0,0,0,0,0,0,1,"706272,385196","5332079,77703",11.771145988,48.108548863,0,6,#ffd92f,circle
93490,"9,21E+18",9,1,82,125,2021,5,14,7,3,2,6,0,0,1,0,0,0,0,"712634,047675","5296800,44891",11.839072645,47.789432185,0,2,#fc8d62,car
93495,"9,21E+18",9,7,72,202,2021,5,13,3,3,2,6,0,0,1,0,0,0,0,"635840,92348","5359333,4321",10.834315045,48.372539603,0,2,#fc8d62,car
93504,"9,21E+18",9,1,74,111,2021,5,17,6,2,8,1,0,0,0,0,1,0,0,"662878,734134","5364473,37606",11.20115392,48.412349022,0,4,#e78ac3,marker
93505,"9,21E+18",9,1,87,117,2021,5,12,5,3,2,6,0,0,1,0,0,0,1,"723565,910558","5304860,42941",11.988992412,47.858152011,1,2,#fc8d62,car
93511,"9,21E+18",9,2,61,0,2021,5,18,3,3,2,6,0,0,1,0,0,0,0,"732948,182545","5382925,27491",12.157091181,48.556105849,0,2,#fc8d62,car
93512,"9,21E+18",9,1,81,123,2021,4,18,3,3,5,6,0,0,1,0,1,0,0,"653588,171267","5326209,09442",11.061810485,48.070650111,0,2,#fc8d62,car
93514,"9,21E+18",9,1,87,142,2021,5,11,5,3,2,6,0,0,1,0,0,0,1,"734004,075935","5312502,00837",12.13247757,47.923087673,0,2,#fc8d62,car
93515,"9,21E+18",9,1,62,0,2021,4,7,6,3,5,2,0,1,1,0,0,0,0,"694833,998988","5332439,91857",11.617813805,48.115387048,0,1,#66c2a5,bicycle
93516,"9,21E+18",9,2,74,134,2021,5,13,7,3,6,4,0,0,1,1,0,0,0,"740780,663905","5373956,18975",12.257892231,48.472589633,0,2,#fc8d62,car
93517,"9,21E+18",9,1,77,133,2021,5,22,2,3,0,7,2,0,0,0,1,0,0,"713192,335371","5356043,57708",11.876036455,48.321598651,0,4,#e78ac3,marker
93519,"9,21E+18",9,1,75,132,2021,5,6,3,2,2,6,0,0,1,0,0,1,0,"707044,453493","5336515,82971",11.783660701,48.148162381,1,2,#fc8d62,car
93520,"9,21E+18",9,1,84,135,2021,5,20,1,3,8,6,1,0,1,0,0,0,1,"692967,592478","5344992,09803",11.598460642,48.2287702,1,2,#fc8d62,car
93522,"9,21E+18",9,1,62,0,2021,4,10,5,3,3,6,0,0,1,0,0,1,0,"694424,671029","5341286,44658",11.616361869,48.1950209,0,2,#fc8d62,car
93524,"9,21E+18",9,1,62,0,2021,5,15,4,3,0,6,0,0,1,1,0,0,1,"691934,122001","5331791,658",11.578600207,48.110441132,0,2,#fc8d62,car
93526,"9,21E+18",9,1,77,144,2021,4,13,1,3,0,1,0,1,0,0,0,0,0,"715036,488606","5347612,10865",11.89659152,48.245215648,0,1,#66c2a5,bicycle
93528,"9,21E+18",9,1,88,139,2021,4,11,6,3,0,3,0,1,0,0,0,0,1,"674301,278272","5318454,20131",11.336487896,47.995612619,0,1,#66c2a5,bicycle
93534,"9,21E+18",9,1,84,129,2021,4,12,1,3,4,2,0,0,1,0,0,0,0,"701363,214793","5325181,20246",11.702020571,48.048121875,0,2,#fc8d62,car
93535,"9,21E+18",9,1,62,0,2021,5,16,2,3,2,6,0,0,1,0,0,0,0,"694370,552449","5336616,69486",11.613499222,48.153067907,0,2,#fc8d62,car
93537,"9,21E+18",9,1,73,145,2021,5,11,1,2,9,1,0,0,0,0,1,0,0,"690849,696944","5297810,98751",11.548968577,47.805338976,0,4,#e78ac3,marker
93538,"9,21E+18",9,1,84,112,2021,5,9,4,3,3,6,0,0,1,0,0,1,0,"703302,212585","5339157,53062",11.734669609,48.173109484,0,2,#fc8d62,car
93541,"9,21E+18",9,1,73,112,2021,5,14,7,3,4,2,0,0,1,0,0,0,0,"692377,112269","5292996,86625",11.567214636,47.761612731,0,2,#fc8d62,car
93544,"9,21E+18",9,7,61,0,2021,5,0,7,3,8,1,2,0,1,0,0,0,1,"638786,222763","5361118,2842",10.874654114,48.387947725,1,2,#fc8d62,car
93547,"9,21E+18",9,1,85,158,2021,4,16,4,2,0,1,0,1,0,0,0,0,0,"668006,298613","5381798,49397",11.277358924,48.566744147,0,1,#66c2a5,bicycle
93549,"9,21E+18",9,1,83,126,2021,5,14,4,3,5,3,0,0,1,0,0,1,0,"730977,353002","5338305,24599",12.105938557,48.156000085,0,2,#fc8d62,car
93550,"9,21E+18",9,1,63,0,2021,4,19,4,3,0,7,0,0,0,0,1,0,0,"732583,280342","5305810,96513",12.109882426,47.863491787,0,4,#e78ac3,marker
93552,"9,21E+18",9,7,72,202,2021,5,20,4,3,5,3,1,0,1,0,0,0,1,"636422,154356","5356774,16625",10.841329572,48.34940139,1,2,#fc8d62,car
93554,"9,21E+18",9,1,77,120,2021,5,16,3,3,2,6,0,0,1,0,1,0,0,"720420,053666","5360386,23883",11.975678422,48.358137348,0,2,#fc8d62,car