OBJECTID,UIDENTSTLA,ULAND,UREGBEZ,UKREIS,UGEMEINDE,UJAHR,UMONAT,USTUNDE,UWOCHENTAG,UKATEGORIE,UART,UTYP1,ULICHTVERH,IstRad,IstPKW,IstFuss,IstKrad,IstGkfz,IstSonstig,LINREFX,LINREFY,XGCSWGS84,YGCSWGS84,STRZUSTAN,Teilnehmer,color,symbol
93556,"9,21E+18",9,2,74,183,2021,5,10,2,2,5,3,0,0,1,0,0,0,0,"739649,156004","5360905,96511",12.235154879,48.355802687,0,2,#fc8d62,car
93560,"9,21E+18",9,1,78,143,2021,4,18,1,2,9,1,0,0,0,0,1,0,0,"713434,441877","5372083,54664",11.887448205,48.46563873,0,4,#e78ac3,marker
93563,"9,21E+18",9,1,87,182,2021,4,16,6,3,2,6,0,0,1,0,0,0,0,"738272,589002","5328118,12299",12.198192055,48.061798595,0,2,#fc8d62,car
93566,"9,21E+18",9,2,61,0,2021,5,17,6,3,2,6,0,0,1,0,0,0,0,"731755,466795","5382256,0951",12.140579543,48.550536595,0,2,#fc8d62,car
93571,"9,21E+18",9,7,73,179,2021,5,16,6,3,8,1,0,0,0,0,1,0,0,"617611,167554","5376310,64762",10.593027202,48.528876842,0,4,#e78ac3,marker
93584,"9,21E+18",9,7,62,0,2021,5,12,3,3,5,3,0,0,1,0,0,0,0,"621755,31638","5303434,32312",10.628227168,47.872696084,0,2,#fc8d62,car
93588,"9,21E+18",9,7,73,182,2021,4,20,5,3,5,3,2,0,1,0,0,0,0,"624798,158899","5379596,77102",10.691315661,48.557039096,0,2,#fc8d62,car
93589,"9,21E+18",9,1,77,117,2021,5,14,5,3,3,6,0,0,1,0,0,0,1,"714645,466821","5351829,88417",11.89347137,48.283246106,0,2,#fc8d62,car
93595,"9,21E+18",9,1,87,139,2021,5,16,1,3,5,3,0,0,1,0,0,0,0,"744143,322178","5315811,83066",12.269858015,47.949038628,0,2,#fc8d62,car
93597,"9,21E+18",9,7,71,122,2021,4,15,2,3,1,6,0,0,0,0,0,1,0,"653376,566374","5362548,03553",11.072127539,48.397423208,1,5,#a6d854,bus
93599,"9,21E+18",9,1,74,115,2021,4,12,3,3,5,3,0,1,1,0,0,0,0,"680896,494145","5347655,02878",11.437208997,48.256263867,0,1,#66c2a5,bicycle
93602,"9,21E+18",9,1,78,130,2021,4,16,7,3,0,1,0,1,0,0,0,0,0,"703723,343921","5354406,86656",11.747662364,48.310012464,0,1,#66c2a5,bicycle
93604,"9,21E+18",9,1,87,173,2021,5,18,7,2,2,2,0,0,1,0,0,0,0,"743154,717069","5320289,0851",12.259171783,47.989632318,0,2,#fc8d62,car
93607,"9,21E+18",9,7,78,137,2021,5,10,2,3,0,1,0,1,0,0,0,0,0,"624875,446991","5335609,8978",10.67930734,48.161461932,0,1,#66c2a5,bicycle
93614,"9,21E+18",9,1,78,130,2021,4,17,6,3,0,1,0,1,0,0,0,0,0,"703435,477488","5355083,47235",11.744110727,48.316185336,1,1,#66c2a5,bicycle
93622,"9,21E+18",9,1,81,145,2021,5,7,4,2,5,2,0,0,1,0,1,0,0,"643194,241107","5331212,61276",10.924042285,48.118060043,1,2,#fc8d62,car
93623,"9,21E+18",9,1,90,152,2021,4,12,6,3,2,2,0,0,1,0,0,0,0,"671963,705111","5299569,68218",11.297648076,47.826472542,0,2,#fc8d62,car
93624,"9,21E+18",9,1,77,130,2021,4,14,1,3,2,6,0,0,1,0,0,0,0,"703959,59826","5350218,81312",11.748822768,48.272300992,0,2,#fc8d62,car
93632,"9,21E+18",9,1,88,139,2021,4,13,4,2,0,1,0,1,1,0,0,0,0,"680730,849704","5322297,73578",11.424216871,48.028377849,0,1,#66c2a5,bicycle
93634,"9,21E+18",9,1,78,150,2021,5,6,4,3,0,1,0,0,1,0,0,0,0,"691406,437147","5370993,95611",11.589278887,48.46293457,1,2,#fc8d62,car
93635,"9,21E+18",9,1,78,143,2021,4,12,4,3,2,6,0,0,1,0,0,0,0,"719680,27223","5373388,35331",11.972513489,48.475211821,0,2,#fc8d62,car
93639,"9,21E+18",9,1,87,174,2021,4,12,7,3,5,3,0,0,1,0,0,0,0,"741030,081493","5309922,07911",12.224936991,47.897309679,0,2,#fc8d62,car
93642,"9,21E+18",9,7,61,0,2021,4,8,4,3,3,6,0,0,1,0,0,0,0,"642980,054958","5360442,40226",10.931039316,48.38093382,0,2,#fc8d62,car
93644,"9,21E+18",9,7,61,0,2021,5,6,4,3,0,3,1,0,1,0,1,0,0,"641628,654455","5359712,85239",10.912552579,48.374678843,1,2,#fc8d62,car
93652,"9,21E+18",9,1,62,0,2021,4,8,2,3,3,6,0,0,1,0,0,0,1,"686243,501126","5330706,70324",11.501750878,48.10237848,1,2,#fc8d62,car
93660,"9,21E+18",9,7,77,130,2021,5,12,6,3,5,3,0,0,1,0,0,0,0,"623609,533722","5307123,77419",10.654069411,47.905523323,0,2,#fc8d62,car
93661,"9,21E+18",9,1,62,0,2021,5,13,5,3,2,6,0,0,1,0,1,0,0,"695573,876947","5333967,87406",11.62844504,48.128892797,1,2,#fc8d62,car
93662,"9,21E+18",9,1,81,130,2021,5,21,7,3,8,1,2,0,1,0,0,0,0,"642285,452989","5324455,38924",10.90958691,48.057502556,1,2,#fc8d62,car
93665,"9,21E+18",9,1,62,0,2021,4,13,3,3,3,6,0,1,0,0,0,0,0,"699875,061942","5332933,33798",11.685701237,48.11825935,0,1,#66c2a5,bicycle
93670,"9,21E+18",9,1,62,0,2021,5,17,4,3,2,6,0,0,1,0,0,0,0,"694650,952947","5342106,58788",11.619779671,48.202322574,1,2,#fc8d62,car
93671,"9,21E+18",9,7,77,167,2021,5,10,2,1,2,6,0,1,1,0,0,0,0,"617663,50948","5293717,68089",10.57088927,47.786066796,0,1,#66c2a5,bicycle
93678,"9,21E+18",9,1,62,0,2021,4,13,7,3,2,2,0,0,1,0,0,0,0,"692542,861047","5339188,87033",11.590114769,48.176741852,0,2,#fc8d62,car
93679,"9,21E+18",9,1,77,119,2021,5,14,4,3,3,2,0,1,1,0,0,0,0,"721104,59729","5341325,48123",11.974940458,48.186645201,0,1,#66c2a5,bicycle
93684,"9,21E+18",9,1,81,130,2021,5,13,6,3,2,6,0,0,1,0,0,0,0,"639670,243279","5323246,66475",10.874113733,48.047211201,1,2,#fc8d62,car
93687,"9,21E+18",9,1,78,136,2021,5,18,5,3,4,6,1,0,1,0,0,0,0,"695744,383023","5371096,97944",11.647944772,48.46252582,1,2,#fc8d62,car
93690,"9,21E+18",9,1,77,116,2021,5,10,7,3,5,2,0,0,1,0,0,0,0,"714716,108001","5359438,18",11.898295183,48.351584064,0,2,#fc8d62,car
93696,"9,21E+18",9,1,87,117,2021,4,6,5,3,0,3,0,0,1,0,1,0,0,"726715,344002","5304881,69499",12.031049804,47.857239771,0,2,#fc8d62,car
93697,"9,21E+18",9,1,74,141,2021,5,15,2,3,4,6,0,0,1,0,0,0,1,"685059,482392","5357189,26736",11.497420991,48.340757289,0,2,#fc8d62,car
93704,"9,21E+18",9,1,73,118,2021,5,15,2,2,3,6,0,0,1,0,1,0,0,"693373,230783","5305114,52901",11.585899517,47.870232203,0,2,#fc8d62,car
93706,"9,21E+18",9,1,87,132,2021,4,18,6,3,4,6,0,0,1,0,0,0,0,"747136,175003","5301538,62999",12.30170673,47.819683886,0,2,#fc8d62,car
93709,"9,21E+18",9,1,77,116,2021,4,18,1,2,2,6,0,0,1,0,1,0,0,"713482,441635","5365262,4662",11.884622279,48.404334525,0,2,#fc8d62,car
93712,"9,21E+18",9,7,61,0,2021,5,11,4,3,5,3,0,0,1,0,0,0,0,"640745,072097","5352361,69986",10.898170928,48.308777179,1,2,#fc8d62,car
93714,"9,21E+18",9,7,72,170,2021,5,16,7,2,3,2,0,0,1,0,1,0,0,"632246,720481","5329965,88645",10.776634683,48.109216727,0,2,#fc8d62,car
93715,"9,21E+18",9,1,84,120,2021,4,13,2,3,5,3,0,0,1,0,0,0,1,"682187,3826","5333476,66119",11.448501835,48.128449825,0,2,#fc8d62,car
93718,"9,21E+18",9,2,61,0,2021,4,21,3,3,0,1,2,0,0,0,1,0,0,"734963,947019","5381147,77273",12.183364001,48.539387692,0,4,#e78ac3,marker
93721,"9,21E+18",9,1,82,120,2021,4,7,7,3,2,6,0,0,1,0,0,0,0,"703025,174968","5309806,93468",11.717031096,47.909425918,0,2,#fc8d62,car
93729,"9,21E+18",9,1,84,141,2021,4,4,5,3,3,6,2,0,1,0,0,1,0,"700486,676684","5316676,55494",11.686296822,47.971964318,1,2,#fc8d62,car
93733,"9,21E+18",9,7,72,184,2021,4,13,7,3,2,6,0,0,1,0,0,0,0,"633080,143173","5358887,2465",10.796913163,48.369115668,0,2,#fc8d62,car
93744,"9,21E+18",9,1,62,0,2021,4,12,5,3,0,7,0,1,0,1,0,0,0,"701497,240634","5332272,55759",11.707160964,48.111809731,0,1,#66c2a5,bicycle
93746,"9,21E+18",9,2,61,0,2021,5,7,6,3,5,3,0,1,1,0,0,0,0,"731683,913822","5383831,65882",12.140488204,48.564715977,0,1,#66c2a5,bicycle
93761,"9,21E+18",9,1,84,149,2021,5,8,6,3,5,3,0,0,1,0,0,0,0,"690056,434614","5349963,60719",11.561532707,48.274332036,1,2,#fc8d62,car
93763,"9,21E+18",9,1,62,0,2021,5,16,1,3,0,7,0,0,0,0,1,0,0,"681356,999575","5338793,20932",11.439618008,48.176476283,0,4,#e78ac3,marker
93764,"9,21E+18",9,1,84,130,2021,5,6,3,3,9,6,1,0,1,0,0,0,0,"697588,625949","5342300,19684",11.65936365,48.203155185,0,2,#fc8d62,car
93766,"9,21E+18",9,2,74,184,2021,5,18,4,3,5,3,1,0,1,0,1,0,0,"746483,024003","5372306,27699",12.333942064,48.455563064,1,2,#fc8d62,car
93767,"9,21E+18",9,1,62,0,2021,5,11,3,2,6,4,0,0,1,1,0,0,0,"691090,038922","5330692,8415",11.566779828,48.100818779,0,2,#fc8d62,car
93770,"9,21E+18",9,1,79,138,2021,4,18,6,2,9,1,0,0,1,0,0,0,0,"653170,574457","5334153,50097",11.059060597,48.142180374,0,2,#fc8d62,car
93774,"9,21E+18",9,7,61,0,2021,5,5,5,1,8,1,2,0,1,0,0,0,0,"639915,493605","5354119,09869",10.8875721,48.324763424,1,2,#fc8d62,car
93776,"9,21E+18",9,7,61,0,2021,4,6,6,3,5,3,0,1,1,0,0,0,0,"643596,888","5357587,713",10.938390403,48.355125926,0,1,#66c2a5,bicycle
93780,"9,21E+18",9,1,62,0,2021,4,17,3,2,4,6,0,1,0,0,0,0,0,"687219,770139","5331954,67007",11.51539938,48.113309503,0,1,#66c2a5,bicycle
93784,"9,21E+18",9,1,73,112,2021,5,10,5,3,5,2,0,0,1,0,0,0,1,"692150,88782","5293152,39311",11.564267609,47.76307815,0,2,#fc8d62,car
93786,"9,21E+18",9,1,62,0,2021,4,12,1,3,5,2,0,1,1,0,0,0,0,"693282,421014","5331431,68095",11.59653205,48.106798039,0,1,#66c2a5,bicycle
93797,"9,21E+18",9,1,87,130,2021,4,11,2,3,0,1,0,1,0,0,0,0,0,"711320,923606","5308864,43678",11.827452076,47.898277173,0,1,#66c2a5,bicycle
93799,"9,21E+18",9,1,88,121,2021,5,22,3,3,5,3,2,0,1,0,0,0,0,"669696,026876","5329287,96912",11.279101004,48.094246906,0,2,#fc8d62,car
93800,"9,21E+18",9,7,61,0,2021,4,18,7,3,7,1,0,1,0,0,0,0,0,"644658,689","5357651,051",10.952736624,48.355453074,0,1,#66c2a5,bicycle
93802,"9,21E+18",9,1,62,0,2021,5,13,3,3,3,6,0,0,1,0,0,0,1,"687694,096854","5333448,86132",11.52242362,48.126600091,0,2,#fc8d62,car
93807,"9,21E+18",9,1,75,132,2021,5,15,6,3,2,6,0,0,1,0,0,0,0,"706363,663364","5330684,29914",11.771696011,48.09597886,0,2,#fc8d62,car
93811,"9,21E+18",9,7,72,148,2021,5,19,1,2,5,2,0,0,1,0,1,0,0,"626535,212119","5353938,51899",10.70709486,48.325959705,0,2,#fc8d62,car
93812,"9,21E+18",9,1,84,129,2021,5,16,6,3,0,7,0,1,0,0,0,0,0,"701358,638533","5325180,10025",11.701958716,48.048113413,0,1,#66c2a5,bicycle
93820,"9,21E+18",9,1,84,122,2021,4,19,1,3,0,7,0,1,0,0,0,0,0,"687751,446001","5324092,429",11.519081192,48.04248444,0,1,#66c2a5,bicycle
93826,"9,21E+18",9,1,87,177,2021,5,16,2,2,4,6,0,0,1,0,0,0,0,"736106,471021","5304296,47882",12.156091199,47.848601136,0,2,#fc8d62,car
93831,"9,21E+18",9,1,88,120,2021,4,12,1,3,5,2,0,0,1,0,1,0,0,"676685,585843","5323294,96381",11.370416084,48.038474136,0,2,#fc8d62,car
93833,"9,21E+18",9,1,79,145,2021,4,15,6,3,1,6,0,0,1,0,0,0,1,"675909,561131","5338514,19302",11.366289334,48.175499482,0,2,#fc8d62,car
93834,"9,21E+18",9,1,62,0,2021,5,15,5,3,5,2,0,1,1,0,0,0,0,"694723,922891","5334148,84927",11.617117037,48.130779899,0,1,#66c2a5,bicycle
93844,"9,21E+18",9,1,84,127,2021,5,18,4,3,5,3,0,0,1,0,0,0,0,"701742,044031","5323391,43462",11.706254894,48.031917491,0,2,#fc8d62,car
93845,"9,21E+18",9,7,72,145,2021,4,19,6,3,2,7,0,0,1,0,0,0,0,"636772,99572","5369490,7119",10.850206783,48.463670935,0,2,#fc8d62,car
93846,"9,21E+18",9,1,79,121,2021,4,13,1,2,5,3,0,0,1,0,0,0,0,"665474,137779","5339730,80621",11.226502021,48.18924009,1,2,#fc8d62,car
93856,"9,21E+18",9,1,73,112,2021,4,18,4,3,2,6,0,0,1,0,1,0,0,"693565,262718","5292926,46118",11.583022208,47.760624298,0,2,#fc8d62,car
93860,"9,21E+18",9,1,87,179,2021,5,11,5,3,0,3,0,0,1,0,1,0,0,"726323,972858","5315184,41487",12.031229441,47.949945136,0,2,#fc8d62,car
93863,"9,21E+18",9,7,71,129,2021,4,16,2,3,2,6,0,0,1,0,0,0,0,"659668,418568","5356390,84194",11.154731931,48.340506816,1,2,#fc8d62,car
93867,"9,21E+18",9,1,84,135,2021,5,16,3,3,4,2,0,0,1,0,0,0,0,"687867,497126","5347462,71417",11.530950184,48.252507169,0,2,#fc8d62,car
93873,"9,21E+18",9,1,81,116,2021,5,14,7,2,4,2,0,0,1,0,1,0,0,"647861,949874","5340368,92231",10.989904358,48.199322289,0,2,#fc8d62,car
93876,"9,21E+18",9,1,88,117,2021,5,15,2,3,2,6,0,1,1,0,0,0,0,"662522,084367","5314660,84398",11.177276433,47.964609992,1,1,#66c2a5,bicycle
93878,"9,21E+18",9,1,88,132,2021,4,16,4,3,9,1,0,0,1,0,0,0,0,"664594,873338","5322653,00877",11.208089593,48.035934017,0,2,#fc8d62,car
93879,"9,21E+18",9,1,84,140,2021,4,8,4,3,4,6,0,0,1,0,0,0,0,"702499,277171","5329358,11276",11.719225291,48.085300179,0,2,#fc8d62,car
93880,"9,21E+18",9,1,85,158,2021,5,15,4,3,9,1,0,1,0,0,0,0,0,"668704,140377","5381792,36395",11.286807987,48.566501622,0,1,#66c2a5,bicycle
93882,"9,21E+18",9,1,63,0,2021,4,7,5,2,4,7,0,0,1,0,0,0,0,"729989,384627","5301125,77071",12.072761951,47.822331481,0,2,#fc8d62,car
93885,"9,21E+18",9,1,88,139,2021,5,10,7,3,2,6,0,0,1,0,0,0,1,"675422,507189","5319037,04679",11.351743005,48.000545579,0,2,#fc8d62,car
93887,"9,21E+18",9,1,74,141,2021,5,19,1,3,5,3,0,1,1,0,0,0,0,"680154,278001","5356607,178",11.431037977,48.336942822,0,1,#66c2a5,bicycle
93900,"9,21E+18",9,7,72,147,2021,4,8,6,3,3,6,0,0,1,0,0,0,0,"638484,687","5364070,667",10.871557329,48.4145611,0,2,#fc8d62,car
93903,"9,21E+18",9,1,90,138,2021,5,16,7,3,3,6,0,1,1,0,0,0,0,"661954,571898","5312376,46601",11.168819192,47.944215429,0,1,#66c2a5,bicycle
93905,"9,21E+18",9,1,75,121,2021,4,17,3,3,4,1,0,0,0,0,0,1,1,"712715,240672","5320016,29398",11.851595828,47.998028609,2,5,#a6d854,bus
93918,"9,21E+18",9,1,82,120,2021,4,9,5,3,3,6,0,0,1,0,0,1,0,"703347,803588","5308828,57308",11.720882528,47.900531014,0,2,#fc8d62,car
93919,"9,21E+18",9,1,78,145,2021,5,22,5,2,2,6,2,0,1,0,0,0,0,"693129,887049","5357633,68288",11.60642205,48.342336284,0,2,#fc8d62,car
93921,"9,21E+18",9,1,78,155,2021,4,17,1,3,4,3,0,0,1,0,1,0,0,"716163,592967","5374734,83805",11.925690334,48.48852806,0,2,#fc8d62,car
93923,"9,21E+18",9,1,78,124,2021,4,19,6,3,5,2,0,1,1,0,0,0,0,"703492,936001","5364744,747",11.749556566,48.402985658,1,1,#66c2a5,bicycle
93928,"9,21E+18",9,1,84,135,2021,5,14,7,3,1,6,0,0,1,0,0,0,0,"692058,054001","5344764,329",11.586122767,48.226999125,0,2,#fc8d62,car
93932,"9,21E+18",9,1,87,117,2021,5,13,1,3,2,6,0,0,1,0,1,0,0,"725415,541727","5302052,63257",12.012223759,47.832277923,0,2,#fc8d62,car
93935,"9,21E+18",9,1,81,131,2021,4,16,1,3,0,1,0,0,0,0,1,0,0,"634357,53583","5334199,53848",10.806312347,48.146846103,0,4,#e78ac3,marker
93936,"9,21E+18",9,1,90,138,2021,5,17,7,2,4,6,0,0,1,0,1,0,0,"662094,678","5306707,33",11.168561971,47.893209604,0,2,#fc8d62,car
93942,"9,21E+18",9,1,62,0,2021,4,15,4,2,3,6,0,0,0,0,1,1,0,"684494,396285","5333019,87037",11.479279222,48.123679464,0,4,#e78ac3,marker
93945,"9,21E+18",9,1,62,0,2021,4,10,3,3,5,3,0,0,1,0,0,0,0,"685302,371267","5335336,44326",11.491133984,48.144267248,0,2,#fc8d62,car
93950,"9,21E+18",9,7,72,223,2021,4,8,4,3,3,6,0,0,1,0,0,1,0,"619852,011966","5363180,42112",10.61960372,48.410374867,0,2,#fc8d62,car
93951,"9,21E+18",9,1,86,152,2021,4,4,5,3,3,6,2,0,1,0,0,1,1,"691512,849883","5379615,88826",11.594671337,48.540389022,0,2,#fc8d62,car
93954,"9,21E+18",9,7,72,131,2021,4,9,7,2,5,3,0,1,0,0,0,0,1,"617424,780905","5353057,02657",10.583990628,48.319790451,0,1,#66c2a5,bicycle
93973,"9,21E+18",9,7,78,169,2021,4,8,6,2,5,3,0,0,1,0,0,0,0,"617173,775","5331659,392",10.574690916,48.127399096,0,2,#fc8d62,car
93974,"9,21E+18",9,1,74,143,2021,5,17,3,3,5,3,0,1,1,0,0,0,0,"674424,810001","5352841,69",11.352234706,48.304702019,0,1,#66c2a5,bicycle
93975,"9,21E+18",9,1,79,117,2021,5,17,1,2,8,1,0,0,0,0,1,0,0,"660366,83","5346987,662",11.160578326,48.255792488,0,4,#e78ac3,marker
93977,"9,21E+18",9,1,88,139,2021,4,8,4,3,2,6,0,0,1,0,0,0,0,"671169,23","5318768,036",11.294663516,47.999280018,0,2,#fc8d62,car
93979,"9,21E+18",9,1,82,114,2021,4,13,4,3,8,1,0,0,0,0,0,1,0,"717942,054756","5294878,90847",11.908887305,47.770391461,0,5,#a6d854,bus
93983,"9,21E+18",9,7,61,0,2021,5,15,2,3,0,1,0,0,0,0,0,0,1,"637950,549369","5361381,39196",10.863458892,48.390496869,0,6,#ffd92f,circle
93984,"9,21E+18",9,1,79,123,2021,4,6,2,3,3,1,0,0,1,0,0,1,0,"674845,258604","5331229,66253",11.348993909,48.110309773,1,2,#fc8d62,car
93986,"9,21E+18",9,1,90,148,2021,4,11,2,3,2,6,0,0,1,0,0,0,0,"641595,583725","5297698,6765",10.891533999,47.817050195,0,2,#fc8d62,car
93990,"9,21E+18",9,1,84,114,2021,5,14,4,3,2,6,0,0,1,0,0,0,0,"701633,015043","5313547,65388",11.700172171,47.943484023,0,2,#fc8d62,car
93991,"9,21E+18",9,1,87,150,2021,4,17,6,3,4,6,0,0,1,0,1,0,0,"728809,139002","5303655,42799",12.058353078,47.845480257,0,2,#fc8d62,car
93993,"9,21E+18",9,1,86,143,2021,5,17,6,3,8,7,0,0,1,0,0,0,0,"680844,606462","5380985,8017",11.450871556,48.555867553,1,2,#fc8d62,car
93995,"9,21E+18",9,1,81,130,2021,5,16,7,3,8,1,0,0,1,0,0,0,0,"640311,649373","5323360,586",10.88275275,48.048094933,0,2,#fc8d62,car
93996,"9,21E+18",9,1,85,131,2021,5,12,6,3,0,1,0,0,0,0,1,0,0,"667574,054","5375317,713",11.268898362,48.508602345,1,4,#e78ac3,marker
93998,"9,21E+18",9,2,74,184,2021,5,21,2,3,9,1,2,0,1,0,0,0,0,"745207,762014","5372875,79708",12.31705656,48.461176219,1,2,#fc8d62,car
94006,"9,21E+18",9,1,75,121,2021,5,13,2,3,0,7,0,1,0,0,0,0,0,"716515,433888","5318828,43102",11.901873983,47.986079603,0,1,#66c2a5,bicycle
94010,"9,21E+18",9,7,61,0,2021,5,11,7,3,0,1,0,0,0,0,0,0,1,"641506,49193","5357819,72016",10.910266936,48.357683956,0,6,#ffd92f,circle
94031,"9,21E+18",9,1,87,132,2021,5,16,5,3,0,1,0,1,0,0,0,0,0,"747804,888924","5298452,02835",12.308862013,47.79170146,1,1,#66c2a5,bicycle
94039,"9,21E+18",9,1,84,122,2021,4,18,4,3,8,1,0,1,0,0,0,0,0,"687782,675896","5324056,52997",11.519484042,48.042152581,0,1,#66c2a5,bicycle
94043,"9,21E+18",9,1,62,0,2021,4,18,7,3,2,6,0,0,1,0,0,0,0,"694055,285264","5340283,83528",11.610938331,48.186122873,0,2,#fc8d62,car
94046,"9,21E+18",9,1,75,122,2021,5,17,5,3,0,7,0,1,0,0,0,0,1,"721092,657946","5325610,01371",11.966633034,48.045447483,0,1,#66c2a5,bicycle
94049,"9,21E+18",9,1,62,0,2021,4,19,1,3,1,6,0,0,1,0,0,0,0,"679025,879794","5334690,73022",11.406562331,48.140260163,0,2,#fc8d62,car
94050,"9,21E+18",9,1,74,115,2021,5,16,3,3,2,6,0,0,1,0,1,0,0,"681096,203191","5347379,21977",11.439779114,48.253727685,0,2,#fc8d62,car
94051,"9,21E+18",9,7,62,0,2021,4,17,2,3,4,6,0,0,1,0,0,0,0,"622151,446865","5307629,13184",10.634709575,47.910347679,0,2,#fc8d62,car
94057,"9,21E+18",9,1,62,0,2021,5,13,6,3,5,3,0,0,1,0,0,0,0,"686186,132001","5335258,844",11.502969261,48.143311736,0,2,#fc8d62,car
94064,"9,21E+18",9,1,86,143,2021,5,6,4,3,5,2,0,0,1,0,0,0,0,"684675,362671","5377297,00363",11.501101503,48.521597167,0,2,#fc8d62,car
94065,"9,21E+18",9,1,75,111,2021,4,6,4,3,2,6,0,0,1,0,0,0,0,"711754,089825","5338135,7306",11.847706379,48.161168335,0,2,#fc8d62,car
94068,"9,21E+18",9,1,63,0,2021,5,7,4,3,5,2,0,1,1,0,0,0,0,"734692,548002","5304884,02099",12.137539028,47.854397283,0,1,#66c2a5,bicycle
94071,"9,21E+18",9,1,87,179,2021,5,12,2,3,8,1,0,0,1,0,0,0,0,"720692,082515","5318767,34688",11.957744129,47.984103697,0,2,#fc8d62,car
94072,"9,21E+18",9,1,74,115,2021,4,15,2,3,2,6,0,1,1,0,0,0,0,"680893,047001","5348433,298",11.437495339,48.263260425,0,1,#66c2a5,bicycle
94074,"9,21E+18",9,1,62,0,2021,5,16,3,3,2,6,0,0,1,0,0,0,0,"678359,632651","5336253,28925",11.398269111,48.154493222,0,2,#fc8d62,car
94075,"9,21E+18",9,1,75,119,2021,4,12,1,2,8,1,0,0,0,0,1,0,0,"727587,341118","5322576,0986",12.052041269,48.015907781,0,4,#e78ac3,marker
94076,"9,21E+18",9,1,87,126,2021,5,16,4,3,0,1,0,1,0,0,0,0,0,"741176,723003","5326817,76599",12.236375596,48.049026906,0,1,#66c2a5,bicycle
94083,"9,21E+18",9,1,74,131,2021,5,16,6,3,2,6,0,0,1,0,1,0,0,"677010,75906","5355300,109",11.388108365,48.32608217,0,2,#fc8d62,car
94085,"9,21E+18",9,1,62,0,2021,4,22,6,3,9,6,2,0,1,0,0,0,0,"693393,306063","5331489,85399",11.598046447,48.107287232,1,2,#fc8d62,car
94096,"9,21E+18",9,1,87,150,2021,5,18,2,3,2,6,0,0,1,0,0,0,0,"729318,662654","5303368,16294",12.065001319,47.842717785,0,2,#fc8d62,car
94098,"9,21E+18",9,7,72,148,2021,5,14,3,3,2,6,0,0,1,0,0,0,0,"628492,893601","5354609,02637",10.733698022,48.331594341,0,2,#fc8d62,car
94102,"9,21E+18",9,1,62,0,2021,4,5,5,3,3,2,1,1,1,0,0,0,0,"687777,235787","5335018,73957",11.524231741,48.140686012,0,1,#66c2a5,bicycle
94103,"9,21E+18",9,1,81,133,2021,5,19,5,2,0,1,0,0,0,0,1,0,0,"642975,837249","5313821,84327",10.915302028,47.961730003,0,4,#e78ac3,marker
94104,"9,21E+18",9,1,74,126,2021,4,13,1,3,5,3,0,0,1,0,1,0,0,"683779,772445","5346839,88406",11.475663966,48.248107438,0,2,#fc8d62,car
94107,"9,21E+18",9,2,74,183,2021,5,11,2,2,5,3,0,0,1,0,0,0,0,"740883,395945","5362329,73293",12.25260368,48.368121643,0,2,#fc8d62,car
94108,"9,21E+18",9,1,62,0,2021,4,14,1,3,1,6,0,0,1,0,1,0,0,"694243,088727","5340555,16733",11.613586497,48.188504081,0,2,#fc8d62,car
94109,"9,21E+18",9,7,71,142,2021,5,9,7,3,2,2,0,0,1,0,0,0,0,"646946,750655","5350175,16808",10.980998484,48.287706931,0,2,#fc8d62,car
94110,"9,21E+18",9,7,71,122,2021,5,19,2,3,8,1,0,0,1,0,0,0,0,"654416,339036","5360762,78415",11.085509064,48.381118941,0,2,#fc8d62,car
94116,"9,21E+18",9,1,62,0,2021,5,19,5,3,0,7,0,1,0,0,0,0,0,"681357,409038","5335271,23014",11.438121998,48.144817891,0,1,#66c2a5,bicycle
94118,"9,21E+18",9,1,88,120,2021,5,15,6,3,5,3,0,0,1,0,0,0,0,"673719,118555","5323526,42992",11.330746236,48.041368903,0,2,#fc8d62,car
94120,"9,21E+18",9,1,78,124,2021,5,20,7,3,4,2,2,0,1,0,0,0,0,"703301,402535","5361057,63612",11.745187851,48.369914201,1,2,#fc8d62,car
94122,"9,21E+18",9,1,62,0,2021,5,20,6,2,4,6,1,1,0,0,0,0,0,"685372,989745","5335328,07898",11.492078779,48.144171494,0,1,#66c2a5,bicycle
94127,"9,21E+18",9,7,61,0,2021,4,12,4,3,2,6,0,0,1,0,0,0,0,"643369,796118","5361315,02368",10.93659765,48.388691493,0,2,#fc8d62,car
94134,"9,21E+18",9,1,73,120,2021,4,17,7,3,2,6,0,0,1,0,1,0,0,"686567,275354","5314382,42537",11.498987582,47.955552172,0,2,#fc8d62,car
94139,"9,21E+18",9,1,81,130,2021,4,7,6,3,2,6,0,0,1,0,0,0,0,"641931,217657","5324221,48399",10.9047579,48.055478148,0,2,#fc8d62,car
94141,"9,21E+18",9,1,81,130,2021,4,3,1,2,3,6,2,0,0,0,1,0,0,"638484,068675","5317395,55771",10.856315615,47.994854045,0,4,#e78ac3,marker
94143,"9,21E+18",9,1,84,127,2021,5,15,5,3,0,7,0,1,0,0,0,0,1,"702986,355113","5322119,50336",11.722324704,48.02009245,0,1,#66c2a5,bicycle
94147,"9,21E+18",9,1,82,127,2021,4,17,3,2,8,1,0,0,0,0,0,0,1,"702410,942337","5311866,93921",11.709787822,47.928133795,0,6,#ffd92f,circle