OBJECTID,UIDENTSTLA,ULAND,UREGBEZ,UKREIS,UGEMEINDE,UJAHR,UMONAT,USTUNDE,UWOCHENTAG,UKATEGORIE,UART,UTYP1,ULICHTVERH,IstRad,IstPKW,IstFuss,IstKrad,IstGkfz,IstSonstig,LINREFX,LINREFY,XGCSWGS84,YGCSWGS84,STRZUSTAN,Teilnehmer,color,symbol
94150,"9,21E+18",9,1,87,174,2021,4,15,3,1,5,3,0,0,1,0,0,0,0,"741035,800348","5309923,14099",12.225013976,47.897317071,0,2,#fc8d62,car
94153,"9,21E+18",9,1,84,123,2021,4,18,6,3,0,1,0,0,0,0,1,0,0,"704103,335874","5333349,95773",11.742648764,48.120662243,0,4,#e78ac3,marker
94154,"9,21E+18",9,1,62,0,2021,5,12,6,3,2,6,0,0,1,0,0,0,1,"688549,649709","5335260,24695",11.534711478,48.142628296,0,2,#fc8d62,car
94155,"9,21E+18",9,1,74,113,2021,5,10,1,3,8,7,0,0,1,0,0,1,0,"671053,70124","5347254,34219",11.304550222,48.255395326,1,2,#fc8d62,car
94156,"9,21E+18",9,1,75,118,2021,4,18,7,2,8,1,0,0,0,0,1,0,0,"718358,342934","5338776,47153",11.936731238,48.164691982,0,4,#e78ac3,marker
94157,"9,21E+18",9,1,77,139,2021,5,16,3,3,5,3,0,0,1,0,0,0,0,"734631,192002","5357741,17899",12.165760662,48.32925777,0,2,#fc8d62,car
94158,"9,21E+18",9,1,84,135,2021,5,21,1,2,2,6,2,0,1,0,1,0,0,"688108,011216","5348241,68021",11.534533343,48.259437158,0,2,#fc8d62,car
94169,"9,21E+18",9,1,82,134,2021,4,12,2,2,5,3,0,0,1,0,0,0,0,"703870,457001","5296500,546",11.722060414,47.789570185,1,2,#fc8d62,car
94172,"9,21E+18",9,1,90,152,2021,5,13,1,2,8,1,0,0,0,0,1,0,0,"668861,258","5300142,083",11.256452241,47.83244061,0,4,#e78ac3,marker
94174,"9,21E+18",9,1,73,123,2021,4,11,6,2,4,2,0,0,1,0,0,0,0,"679733,317712","5298438,70956",11.40089845,47.81418171,0,2,#fc8d62,car
94177,"9,21E+18",9,1,62,0,2021,5,9,6,3,2,6,0,0,1,0,0,0,0,"694599,230678","5334164,96893",11.615450329,48.13096291,0,2,#fc8d62,car
94180,"9,21E+18",9,1,74,131,2021,5,0,2,3,0,7,2,0,1,0,0,0,0,"675939,78898","5363873,60271",11.377258228,48.403447186,0,2,#fc8d62,car
94181,"9,21E+18",9,7,71,122,2021,5,0,7,3,0,6,2,1,0,0,0,0,0,"652405,373024","5362732,00046",11.05908227,48.39931268,1,1,#66c2a5,bicycle
94189,"9,21E+18",9,1,84,145,2021,5,15,3,2,5,3,0,0,1,0,0,0,0,"694324,664932","5323225,95952",11.606788633,48.032730062,0,2,#fc8d62,car
94200,"9,21E+18",9,1,77,133,2021,4,13,6,3,2,6,0,1,1,0,1,0,0,"711744,722335","5354423,62448",11.8557199,48.307528981,0,1,#66c2a5,bicycle
94201,"9,21E+18",9,7,61,0,2021,4,17,6,2,3,7,0,1,0,0,0,0,1,"641441,331913","5352777,03697",10.907694948,48.312356448,0,1,#66c2a5,bicycle
94205,"9,21E+18",9,1,62,0,2021,5,14,4,3,3,6,0,0,1,0,0,0,0,"691506,483498","5331944,89254",11.572929771,48.11194711,1,2,#fc8d62,car
94213,"9,21E+18",9,1,81,144,2021,4,13,5,3,5,3,0,0,1,0,0,0,1,"652818,858","5322347,244",11.050110525,48.036111731,0,2,#fc8d62,car
94218,"9,21E+18",9,1,63,0,2021,5,12,2,3,5,3,0,0,1,0,0,0,0,"733736,236075","5302015,55065",12.123225316,47.828975278,0,2,#fc8d62,car
94224,"9,21E+18",9,1,63,0,2021,4,11,6,3,2,2,0,0,1,0,1,0,0,"733878,202712","5304870,08987",12.126661531,47.854568953,0,2,#fc8d62,car
94225,"9,21E+18",9,7,72,223,2021,5,12,4,3,9,1,0,0,1,0,0,0,0,"624929,152267","5364293,30359",10.688514038,48.419396616,1,2,#fc8d62,car
94228,"9,21E+18",9,1,62,0,2021,5,19,6,3,2,6,0,0,1,0,0,0,1,"691482,557001","5331834,613",11.572559144,48.110963118,1,2,#fc8d62,car
94229,"9,21E+18",9,1,78,124,2021,4,22,6,3,7,1,2,0,1,0,0,0,0,"704214,108076","5368503,07857",11.761118945,48.436525149,1,2,#fc8d62,car
94232,"9,21E+18",9,1,90,152,2021,4,14,6,3,4,6,0,0,0,0,0,0,1,"671657,523389","5297717,99661",11.292827059,47.80990719,0,6,#ffd92f,circle
94239,"9,21E+18",9,1,88,124,2021,5,12,5,2,4,6,0,0,1,0,0,0,0,"663222,460406","5318899,46176",11.18826299,48.002539719,0,2,#fc8d62,car
94242,"9,21E+18",9,1,78,136,2021,5,13,7,3,0,1,0,0,0,0,1,0,0,"696815,658599","5370562,6306",11.662168994,48.457389575,0,4,#e78ac3,marker
94245,"9,21E+18",9,7,62,0,2021,5,19,2,3,4,2,0,0,1,0,0,0,0,"621422,629","5304213,339",10.623998986,47.879765362,1,2,#fc8d62,car
94250,"9,21E+18",9,1,63,0,2021,4,13,4,3,2,6,0,0,1,0,0,0,0,"733733,591225","5301967,12657",12.123163903,47.828541193,0,2,#fc8d62,car
94256,"9,21E+18",9,1,88,139,2021,5,10,3,3,5,2,0,0,1,0,0,0,0,"669695,12969","5319010,74396",11.275014181,48.001854912,0,2,#fc8d62,car
94261,"9,21E+18",9,1,84,135,2021,5,20,4,3,8,6,1,0,1,0,0,0,0,"687999,920859","5347170,87535",11.532602776,48.249844858,1,2,#fc8d62,car
94272,"9,21E+18",9,7,71,144,2021,5,16,4,3,4,2,0,0,1,0,0,0,0,"663005,303","5373574,5",11.206406843,48.494133644,0,2,#fc8d62,car
94277,"9,21E+18",9,1,75,122,2021,5,14,2,3,0,1,0,1,0,0,0,0,0,"720578,645002","5324215,60599",11.959027342,48.033096365,0,1,#66c2a5,bicycle
94280,"9,21E+18",9,1,75,127,2021,5,16,1,2,8,1,0,1,1,1,0,0,0,"713100,355832","5340536,24439",11.866990898,48.182288759,0,1,#66c2a5,bicycle
94287,"9,21E+18",9,1,90,157,2021,5,11,5,3,5,2,0,0,1,0,0,0,0,"661310,267137","5300384,23301",11.155715941,47.836556184,0,2,#fc8d62,car
94290,"9,21E+18",9,1,74,118,2021,4,15,2,3,4,1,0,0,1,0,0,0,0,"672319,327803","5355973,79917",11.325145117,48.33343442,1,2,#fc8d62,car
94291,"9,21E+18",9,1,63,0,2021,5,13,2,3,5,3,0,1,1,0,0,0,0,"733187,834561","5302891,34115",12.116380215,47.837042504,0,1,#66c2a5,bicycle
94303,"9,21E+18",9,7,71,130,2021,4,20,6,2,8,1,0,0,0,0,1,0,0,"651697,906356","5352893,55245",11.04598419,48.311027031,0,4,#e78ac3,marker
94305,"9,21E+18",9,7,78,203,2021,5,15,7,2,9,1,0,0,1,0,0,0,0,"623585,940819","5324592,28972",10.658780997,48.062630062,0,2,#fc8d62,car
94306,"9,21E+18",9,1,84,122,2021,4,8,3,3,5,3,0,1,1,0,0,0,0,"688083,735001","5323730,175",11.523375951,48.03913056,1,1,#66c2a5,bicycle
94307,"9,21E+18",9,1,88,113,2021,4,10,4,3,0,1,0,0,0,0,1,0,0,"676469,981319","5314100,65455",11.363745673,47.95588139,0,4,#e78ac3,marker
94309,"9,21E+18",9,2,74,184,2021,4,17,4,3,4,6,0,1,0,0,0,0,0,"747058,001718","5374240,87992",12.342847567,48.472712583,0,1,#66c2a5,bicycle
94315,"9,21E+18",9,1,75,111,2021,4,8,2,3,2,6,0,0,1,0,0,0,0,"710039,396526","5337606,80669",11.824414959,48.156984137,0,2,#fc8d62,car
94317,"9,21E+18",9,2,74,185,2021,5,12,3,3,0,1,0,1,0,0,0,0,0,"729783,505772","5371051,98171",12.107733627,48.450614047,0,1,#66c2a5,bicycle
94322,"9,21E+18",9,1,74,126,2021,4,19,6,3,5,3,0,0,1,0,0,0,0,"683505,164179","5344101,90476",11.470782402,48.223576839,0,2,#fc8d62,car
94324,"9,21E+18",9,7,71,149,2021,5,19,5,2,8,1,0,0,0,0,1,0,0,"652942,59562","5364144,40432",11.066850224,48.41188108,0,4,#e78ac3,marker
94325,"9,21E+18",9,1,62,0,2021,5,15,5,2,6,4,0,0,1,1,0,0,0,"696806,637953","5333689,3505",11.644866051,48.126009658,1,2,#fc8d62,car
94328,"9,21E+18",9,7,71,130,2021,4,8,6,3,0,4,0,0,1,1,0,0,0,"648835,060547","5354788,1975",11.008065945,48.328742285,0,2,#fc8d62,car
94336,"9,21E+18",9,7,72,223,2021,5,19,1,3,9,1,0,0,1,0,0,0,0,"618872,312631","5366982,92046",10.607448463,48.444756193,0,2,#fc8d62,car
94337,"9,21E+18",9,7,71,156,2021,5,16,5,3,2,6,0,0,1,0,0,0,0,"655804,908927","5380007,90989",11.111417943,48.553798115,1,2,#fc8d62,car
94345,"9,21E+18",9,1,87,150,2021,5,16,2,3,3,7,0,1,1,0,0,0,0,"729602,986065","5303361,46207",12.068792311,47.84255612,0,1,#66c2a5,bicycle
94348,"9,21E+18",9,1,88,124,2021,5,21,5,2,0,1,2,1,0,0,0,0,0,"663003,0366","5318805,25267",11.185287683,48.001748704,0,1,#66c2a5,bicycle
94350,"9,21E+18",9,1,74,131,2021,4,11,1,3,2,6,0,0,0,0,1,0,0,"675616,673117","5357746,61136",11.370336892,48.348462487,0,4,#e78ac3,marker
94354,"9,21E+18",9,1,62,0,2021,5,10,5,3,2,6,0,0,1,0,0,0,0,"688668,044891","5335808,76621",11.536544534,48.147523363,1,2,#fc8d62,car
94357,"9,21E+18",9,1,84,138,2021,5,14,7,3,4,2,0,0,1,0,0,0,0,"681736,110798","5330693,84214",11.441256722,48.103564554,0,2,#fc8d62,car
94359,"9,21E+18",9,1,73,134,2021,4,19,3,3,8,1,0,0,1,0,0,0,0,"687036,037299","5298255,05375",11.498275817,47.810449971,1,2,#fc8d62,car
94360,"9,21E+18",9,1,62,0,2021,5,16,3,3,2,6,0,0,1,0,0,0,0,"679052,229531","5333338,30794",11.406347786,48.128095785,0,2,#fc8d62,car
94361,"9,21E+18",9,7,61,0,2021,4,6,2,3,2,6,0,0,1,0,0,1,0,"642068,64092","5364068,10848",10.919964026,48.413740285,0,2,#fc8d62,car
94369,"9,21E+18",9,1,84,113,2021,4,17,6,3,4,7,0,1,0,0,0,0,0,"686290,061175","5323107,9056",11.499064764,48.034063073,0,1,#66c2a5,bicycle
94375,"9,21E+18",9,1,84,119,2021,4,17,3,3,2,6,0,0,1,0,0,0,0,"696403,567031","5346628,52146",11.645436586,48.242422583,0,2,#fc8d62,car
94380,"9,21E+18",9,7,77,121,2021,5,11,2,3,1,3,0,1,1,0,0,0,0,"628019,433","5321449,54",10.717320343,48.033492802,0,1,#66c2a5,bicycle
94382,"9,21E+18",9,1,84,135,2021,4,14,1,3,5,3,0,1,1,0,0,0,0,"690345,157552","5347479,64277",11.564302336,48.251920079,0,1,#66c2a5,bicycle
94384,"9,21E+18",9,1,87,129,2021,4,9,2,3,3,2,0,0,1,0,1,0,0,"729076,100002","5294364,38399",12.057009805,47.761908376,0,2,#fc8d62,car
94386,"9,21E+18",9,7,73,182,2021,5,7,3,3,4,3,0,0,1,0,0,0,0,"624589,043001","5380542,24917",10.688766002,48.565582795,0,2,#fc8d62,car
94393,"9,21E+18",9,1,86,132,2021,5,15,7,3,8,1,0,0,0,0,1,0,0,"678857,015188","5369560,39428",11.419065154,48.453742034,0,4,#e78ac3,marker
94397,"9,21E+18",9,7,61,0,2021,5,21,7,3,2,1,2,0,1,0,0,0,0,"642142,381984","5359015,73645",10.919250257,48.368295181,1,2,#fc8d62,car
94399,"9,21E+18",9,7,71,130,2021,4,15,3,3,2,6,0,0,1,0,0,0,0,"645593,717378","5357759,05901",10.96538817,48.356209315,0,2,#fc8d62,car
94400,"9,21E+18",9,1,79,121,2021,5,14,4,3,5,3,0,1,1,0,0,0,0,"666723,11918","5339452,3669",11.243184813,48.186410311,1,1,#66c2a5,bicycle
94406,"9,21E+18",9,1,75,111,2021,5,18,1,3,9,1,0,0,1,0,0,0,0,"711400,245001","5337862,992",11.842818374,48.158835283,0,2,#fc8d62,car
94408,"9,21E+18",9,7,72,184,2021,5,17,2,3,5,3,0,0,1,0,0,0,0,"633078,304","5358935,789",10.796903704,48.369552558,0,2,#fc8d62,car
94414,"9,21E+18",9,7,71,142,2021,4,13,5,3,5,3,0,1,0,0,0,0,0,"645667,474588","5351500,98526",10.964220407,48.299923634,0,1,#66c2a5,bicycle
94415,"9,21E+18",9,7,72,216,2021,5,16,5,2,8,1,0,0,0,0,1,0,0,"619861,504","5367182,578",10.620876382,48.446364105,0,4,#e78ac3,marker
94424,"9,21E+18",9,1,62,0,2021,4,16,5,3,2,6,0,0,1,0,0,0,0,"685338,611074","5335332,15342",11.491618833,48.144218133,0,2,#fc8d62,car
94425,"9,21E+18",9,1,84,129,2021,4,13,7,3,2,6,0,0,1,0,0,0,0,"699906,427797","5324049,96123",11.681966557,48.038412993,0,2,#fc8d62,car
94426,"9,21E+18",9,1,73,118,2021,5,16,7,2,5,3,0,1,0,0,1,0,0,"688505,347927","5302775,54467",11.519849641,47.850654894,0,1,#66c2a5,bicycle
94431,"9,21E+18",9,7,71,130,2021,4,8,6,3,3,6,0,1,1,0,0,0,0,"647324,630341","5357732,97421",10.988730305,48.35557331,0,1,#66c2a5,bicycle
94433,"9,21E+18",9,7,62,0,2021,5,22,7,3,8,1,2,0,1,0,0,0,0,"622365,115848","5301032,76587",10.63569878,47.85098121,1,2,#fc8d62,car
94442,"9,21E+18",9,1,81,145,2021,5,17,1,3,9,3,0,0,0,0,1,0,0,"643293,164163","5331318,44461",10.925406266,48.118989418,0,4,#e78ac3,marker
94444,"9,21E+18",9,1,74,146,2021,5,14,3,3,7,7,0,0,1,0,0,0,1,"666701,067965","5350998,51592",11.247432382,48.290214787,0,2,#fc8d62,car
94445,"9,21E+18",9,7,72,163,2021,4,19,7,3,4,2,0,0,1,0,0,0,0,"639603,540502","5346125,56769",10.880723998,48.252955578,0,2,#fc8d62,car
94451,"9,21E+18",9,7,61,0,2021,5,21,5,3,0,7,2,1,0,0,0,0,0,"640189,154832","5360561,18669",10.893407625,48.382628232,0,1,#66c2a5,bicycle
94452,"9,21E+18",9,2,74,185,2021,5,11,5,3,5,3,0,0,1,0,0,0,0,"732575,520002","5371122,69099",12.145474947,48.450223938,0,2,#fc8d62,car
94453,"9,21E+18",9,1,87,182,2021,5,23,6,3,0,1,2,0,0,0,1,0,0,"740836,856003","5327968,39299",12.23246994,48.059491023,0,4,#e78ac3,marker
94457,"9,21E+18",9,1,73,118,2021,5,8,7,3,2,6,0,0,1,0,0,0,0,"687576,796723","5306609,13145",11.509113233,47.885385753,1,2,#fc8d62,car
94459,"9,21E+18",9,1,62,0,2021,4,18,3,3,2,6,0,0,1,0,0,0,0,"691046,567152","5332034,78145",11.566797398,48.112893148,1,2,#fc8d62,car
94461,"9,21E+18",9,1,88,139,2021,4,16,3,3,5,3,0,1,1,0,0,0,0,"675510,636793","5319037,63739",11.352923695,48.000526702,0,1,#66c2a5,bicycle
94469,"9,21E+18",9,1,87,169,2021,5,18,3,3,5,3,0,0,1,0,0,0,0,"736712,069502","5299919,85834",12.161782256,47.809060061,0,2,#fc8d62,car
94472,"9,21E+18",9,1,81,146,2021,4,19,5,3,3,6,0,0,1,0,0,0,0,"650031,18311","5325550,3234",11.013860228,48.065573447,0,2,#fc8d62,car
94474,"9,21E+18",9,2,61,0,2021,5,19,5,3,5,2,0,0,1,0,0,0,0,"732970,522308","5381156,48321",12.156404215,48.540209105,0,2,#fc8d62,car
94484,"9,21E+18",9,7,61,0,2021,5,15,7,2,9,1,0,0,1,0,0,0,0,"644467,500235","5357620,83953",10.950146966,48.355225201,0,2,#fc8d62,car
94485,"9,21E+18",9,1,84,129,2021,4,13,2,3,5,3,0,0,1,0,0,0,0,"700290,082772","5323631,65684",11.686912243,48.03453338,1,2,#fc8d62,car
94486,"9,21E+18",9,1,75,132,2021,5,17,3,3,3,6,0,0,1,0,0,0,0,"705255,906004","5335198,99599",11.759008473,48.136908231,0,2,#fc8d62,car
94491,"9,21E+18",9,1,77,119,2021,4,14,1,3,5,6,0,0,1,0,1,0,0,"721292,602537","5340973,5919",11.977283233,48.183418113,0,2,#fc8d62,car
94493,"9,21E+18",9,1,87,150,2021,5,12,7,3,5,3,0,1,1,0,0,0,0,"728437,61378","5304452,04463",12.053814956,47.852769673,0,1,#66c2a5,bicycle
94496,"9,21E+18",9,7,77,130,2021,4,17,6,3,2,6,0,0,1,0,1,0,0,"624651,944026","5309210,89179",10.668615774,47.924092088,0,2,#fc8d62,car
94497,"9,21E+18",9,1,77,117,2021,5,13,3,2,4,6,0,0,1,0,1,0,0,"717328,487858","5353663,39778",11.930533579,48.29880494,0,2,#fc8d62,car
94502,"9,21E+18",9,1,62,0,2021,4,18,3,3,5,2,0,1,1,0,0,0,0,"688679,33537","5336282,17517",11.536906019,48.151775072,0,1,#66c2a5,bicycle
94508,"9,21E+18",9,1,84,123,2021,5,15,1,3,1,6,0,0,1,0,0,0,0,"702266,403629","5332133,20016",11.717416736,48.110313557,0,2,#fc8d62,car
94509,"9,21E+18",9,1,84,119,2021,4,13,1,3,3,6,0,0,0,0,1,0,0,"696133,174168","5345331,81759",11.641198266,48.230852491,0,4,#e78ac3,marker
94511,"9,21E+18",9,7,61,0,2021,5,10,3,3,2,6,0,0,1,0,0,0,0,"638311,722978","5356768,17922",10.866817685,48.348936582,0,2,#fc8d62,car
94512,"9,21E+18",9,1,81,138,2021,4,15,1,2,2,6,0,0,1,0,1,0,0,"639024,894808","5334679,88686",10.869183497,48.150162459,0,2,#fc8d62,car
94514,"9,21E+18",9,1,86,151,2021,4,17,6,3,1,6,0,1,1,0,0,0,0,"681482,177812","5374489,93553",11.456676645,48.497298063,0,1,#66c2a5,bicycle
94516,"9,21E+18",9,1,78,136,2021,5,10,6,3,5,3,0,0,1,0,0,0,0,"697657,670583","5372470,31972",11.674446587,48.474269401,0,2,#fc8d62,car
94518,"9,21E+18",9,1,90,152,2021,5,11,6,3,0,7,0,1,0,0,0,0,0,"673494,243098","5298816,86247",11.317779286,47.819293643,0,1,#66c2a5,bicycle
94522,"9,21E+18",9,7,72,202,2021,5,12,6,2,4,2,0,0,1,0,1,0,0,"636722,674805","5358895,14627",10.846072779,48.36840815,0,2,#fc8d62,car
94524,"9,21E+18",9,1,88,145,2021,4,11,4,3,0,7,0,0,1,0,1,0,0,"664020,217911","5325849,51837",11.201611486,48.064819976,0,2,#fc8d62,car
94525,"9,21E+18",9,1,77,115,2021,5,16,4,3,9,1,0,0,1,0,0,0,0,"729654,722727","5348578,10973",12.09373784,48.248767998,1,2,#fc8d62,car
94527,"9,21E+18",9,1,62,0,2021,4,17,4,3,3,6,0,0,1,0,1,0,0,"689262,486978","5331791,20205",11.542743981,48.111236484,0,2,#fc8d62,car
94529,"9,21E+18",9,1,82,120,2021,4,12,1,3,9,6,0,0,1,0,1,0,0,"698132,948779","5305278,20073",11.649554739,47.870252725,0,2,#fc8d62,car
94530,"9,21E+18",9,1,84,135,2021,5,9,6,2,6,4,0,0,1,1,0,0,0,"690235,291974","5347473,11466",11.562820847,48.25189439,1,2,#fc8d62,car
94540,"9,21E+18",9,1,84,148,2021,5,13,5,3,9,1,0,0,1,0,0,0,0,"693515,768955","5327497,61948",11.597880871,48.071368712,0,2,#fc8d62,car
94541,"9,21E+18",9,1,63,0,2021,4,12,1,3,2,6,0,0,1,0,1,0,0,"733524,350789","5302754,03115",12.120796563,47.835686802,0,2,#fc8d62,car
94543,"9,21E+18",9,1,62,0,2021,5,6,5,3,2,2,0,1,1,0,0,0,0,"694721,352536","5332189,57597",11.616187611,48.113171516,1,1,#66c2a5,bicycle
94548,"9,21E+18",9,1,75,135,2021,4,20,3,3,2,6,1,0,1,0,0,0,1,"709872,683123","5337497,06981",11.822121851,48.156053078,0,2,#fc8d62,car
94554,"9,21E+18",9,1,84,138,2021,5,10,6,3,5,3,0,1,1,0,0,0,0,"680867,397001","5330718,38",11.429608616,48.10403234,1,1,#66c2a5,bicycle
94560,"9,21E+18",9,7,72,223,2021,5,12,4,3,9,1,0,0,1,0,0,0,0,"625077,334624","5364272,8916",10.690509843,48.419183658,1,2,#fc8d62,car
94563,"9,21E+18",9,1,75,132,2021,4,16,6,3,0,1,0,1,0,0,0,0,0,"705736,683073","5334864,09138",11.765301448,48.133743372,0,1,#66c2a5,bicycle
94567,"9,21E+18",9,1,73,141,2021,4,17,6,2,5,3,0,0,1,0,1,0,0,"699192,185192","5298620,731",11.660640376,47.810089678,1,2,#fc8d62,car
94569,"9,21E+18",9,7,71,144,2021,5,16,2,3,2,1,0,0,1,0,0,0,0,"660562,798839","5372471,56282",11.172946683,48.484847114,0,2,#fc8d62,car
94577,"9,21E+18",9,1,84,136,2021,6,18,5,2,8,7,0,1,0,0,0,0,1,"700530,069001","5327917,76",11.692136613,48.072977999,1,1,#66c2a5,bicycle
94580,"9,21E+18",9,7,71,112,2021,6,17,7,3,2,2,0,0,1,0,0,0,1,"642791,85958","5367878,37205",10.931030215,48.44783642,0,2,#fc8d62,car
94592,"9,21E+18",9,1,87,177,2021,6,15,7,3,9,7,0,0,1,0,0,0,0,"736449,884014","5303921,32061",12.160469506,47.845104608,0,2,#fc8d62,car
94593,"9,21E+18",9,1,85,158,2021,6,17,4,3,5,3,0,1,1,0,0,0,0,"666443,796777","5381223,41128",11.255966049,48.561991379,0,1,#66c2a5,bicycle
94599,"9,21E+18",9,1,75,118,2021,6,8,4,3,2,6,0,0,1,0,0,0,0,"715133,879207","5339426,79432",11.893751779,48.17163465,0,2,#fc8d62,car
94600,"9,21E+18",9,1,74,115,2021,6,17,1,3,1,6,0,1,0,0,0,0,0,"681171,02944","5347255,63618",11.440733345,48.252595454,0,1,#66c2a5,bicycle
94611,"9,21E+18",9,7,71,169,2021,6,18,4,3,0,7,0,1,0,0,0,0,0,"639034,88769","5373739,92046",10.882201243,48.501382152,0,1,#66c2a5,bicycle
94612,"9,21E+18",9,2,74,134,2021,5,13,2,2,8,1,0,0,0,0,1,0,0,"740893,939963","5372635,48752",12.258661997,48.46068387,0,4,#e78ac3,marker
94615,"9,21E+18",9,1,62,0,2021,5,18,1,3,3,6,0,0,1,0,0,1,0,"686961,982375","5333203,42868",11.512486893,48.124609499,0,2,#fc8d62,car
94618,"9,21E+18",9,1,84,137,2021,6,12,5,3,2,2,0,0,1,0,0,0,0,"706307,915264","5316866,70996",11.764293511,47.971823411,0,2,#fc8d62,car
94620,"9,21E+18",9,2,74,126,2021,6,15,3,3,5,3,0,1,1,0,0,0,0,"734332,687882","5384364,31229",12.176635252,48.568516226,0,1,#66c2a5,bicycle
94623,"9,21E+18",9,1,62,0,2021,5,16,1,3,0,1,0,1,0,0,0,0,0,"694143,041777","5340420,11409",11.612180069,48.187320871,0,1,#66c2a5,bicycle
94624,"9,21E+18",9,1,88,120,2021,6,13,6,3,5,2,0,0,1,0,1,0,0,"675413,980606","5326765,59309",11.354794078,48.07002395,0,2,#fc8d62,car
94634,"9,21E+18",9,7,72,131,2021,6,16,5,3,4,6,0,0,1,0,0,0,0,"619092,972834","5356406,44685",10.6074312,48.349600138,0,2,#fc8d62,car
94637,"9,21E+18",9,1,62,0,2021,6,10,6,3,1,6,0,0,1,0,0,0,0,"693356,398855","5331477,64508",11.597545631,48.107188704,0,2,#fc8d62,car
94642,"9,21E+18",9,1,85,158,2021,6,15,5,2,9,1,0,0,0,0,1,0,0,"667089,450113","5382266,47649",11.265128982,48.571196022,1,4,#e78ac3,marker
94646,"9,21E+18",9,1,84,141,2021,6,12,6,3,4,2,0,1,1,0,0,0,0,"697985,623271","5313192,00348",11.651219115,47.941425077,0,1,#66c2a5,bicycle
94647,"9,21E+18",9,1,81,128,2021,6,11,4,3,5,3,0,1,1,0,0,0,0,"638561,736","5327018,369",10.860470034,48.081369255,0,1,#66c2a5,bicycle
94652,"9,21E+18",9,7,61,0,2021,6,17,6,3,0,1,0,1,0,0,0,0,0,"641353,927","5355602,638",10.907464225,48.33778291,0,1,#66c2a5,bicycle
94657,"9,21E+18",9,7,73,116,2021,5,10,2,2,2,6,0,0,0,0,1,0,0,"621107,729614","5380334,6081",10.641537905,48.564397873,0,4,#e78ac3,marker
94671,"9,21E+18",9,1,79,118,2021,6,17,6,3,5,3,0,0,1,0,0,0,0,"672655,594673","5337973,08414",11.322335714,48.171527597,0,2,#fc8d62,car
94683,"9,21E+18",9,1,74,146,2021,6,23,7,3,8,1,2,0,1,0,0,0,0,"664879,708719","5351816,77679",11.223215954,48.298047999,1,2,#fc8d62,car
94687,"9,21E+18",9,1,82,134,2021,6,13,7,3,2,6,0,0,1,0,0,0,0,"701589,034848","5294586,63521",11.69074556,47.773086762,0,2,#fc8d62,car
94690,"9,21E+18",9,7,71,145,2021,6,9,5,3,0,1,0,1,0,0,0,0,0,"651137,006697","5344178,80801",11.035308853,48.232806464,1,1,#66c2a5,bicycle
94695,"9,21E+18",9,1,90,148,2021,6,18,2,3,0,1,0,1,0,0,0,0,0,"641325,479873","5298099,7347",10.888058588,47.820716127,0,1,#66c2a5,bicycle
94696,"9,21E+18",9,1,84,118,2021,6,14,3,3,0,1,0,1,0,0,0,0,0,"702833,951407","5336616,50108",11.727166736,48.150423558,0,1,#66c2a5,bicycle
94698,"9,21E+18",9,7,71,142,2021,6,17,4,3,5,3,0,0,1,0,1,0,0,"645395,899","5353054,228",10.961095825,48.313951975,0,2,#fc8d62,car
94700,"9,21E+18",9,1,77,126,2021,6,15,4,3,2,6,0,0,1,0,0,0,0,"717110,684722","5367732,94561",11.934859914,48.425292216,0,2,#fc8d62,car
94705,"9,21E+18",9,1,78,124,2021,6,14,2,3,1,6,0,0,1,0,0,0,0,"702704,215001","5363368,746",11.738248066,48.390874596,0,2,#fc8d62,car
94706,"9,21E+18",9,7,71,146,2021,6,17,3,3,1,1,0,0,1,0,0,0,0,"646345,164012","5348129,2805",10.972185022,48.269450895,0,2,#fc8d62,car
94709,"9,21E+18",9,1,84,119,2021,5,14,1,3,5,3,0,0,1,0,0,0,0,"696315,656273","5346426,66313",11.644160228,48.240635664,0,2,#fc8d62,car
94710,"9,21E+18",9,2,74,121,2021,6,16,6,3,0,3,0,1,1,0,0,0,0,"722709,28021","5371732,62917",12.012559332,48.459271569,0,1,#66c2a5,bicycle
94713,"9,21E+18",9,1,74,143,2021,6,10,5,2,5,3,0,0,1,0,1,0,0,"671406,056","5353062,285",11.311649128,48.307510162,0,2,#fc8d62,car
94723,"9,21E+18",9,7,62,0,2021,6,17,3,3,4,6,0,1,1,0,0,0,0,"622307,525518","5307104,1688",10.636648543,47.905596594,0,1,#66c2a5,bicycle
94724,"9,21E+18",9,1,62,0,2021,6,16,7,3,2,6,0,0,1,0,0,0,0,"698667,386444","5333080,34729",11.66956064,48.11995847,0,2,#fc8d62,car
94725,"9,21E+18",9,1,77,139,2021,6,18,5,3,5,3,0,0,1,0,0,0,0,"731914,649836","5359213,02658",12.129974901,48.343482078,0,2,#fc8d62,car
94726,"9,21E+18",9,1,73,120,2021,5,14,2,3,7,7,0,0,1,0,0,0,0,"691374,691331","5312300,37563",11.562389265,47.935419622,0,2,#fc8d62,car
94729,"9,21E+18",9,1,62,0,2021,5,15,7,3,1,6,0,0,1,0,0,0,0,"693233,811807","5331406,34172",11.595868259,48.106585042,0,2,#fc8d62,car
94731,"9,21E+18",9,7,78,203,2021,6,23,5,3,0,1,2,1,0,0,0,0,0,"622642,455726","5322221,20422",10.645443237,48.041488058,0,1,#66c2a5,bicycle