OBJECTID,UIDENTSTLA,ULAND,UREGBEZ,UKREIS,UGEMEINDE,UJAHR,UMONAT,USTUNDE,UWOCHENTAG,UKATEGORIE,UART,UTYP1,ULICHTVERH,IstRad,IstPKW,IstFuss,IstKrad,IstGkfz,IstSonstig,LINREFX,LINREFY,XGCSWGS84,YGCSWGS84,STRZUSTAN,Teilnehmer,color,symbol
94737,"9,21E+18",9,1,62,0,2021,5,12,1,3,1,1,0,0,1,0,0,0,1,"686039,466384","5335263,7048",11.501001654,48.143398331,0,2,#fc8d62,car
94738,"9,21E+18",9,1,81,130,2021,6,18,6,2,0,1,0,1,0,0,0,0,0,"639919,188792","5323521,47576",10.877542109,48.049627854,1,1,#66c2a5,bicycle
94746,"9,21E+18",9,1,87,124,2021,6,18,5,2,5,3,0,0,1,0,1,0,0,"735820,030958","5329503,31909",12.166089071,48.075153319,0,2,#fc8d62,car
94747,"9,21E+18",9,7,72,185,2021,5,19,2,2,0,7,0,1,0,0,0,0,0,"634000,651857","5384594,52493",10.817579369,48.600078533,0,1,#66c2a5,bicycle
94751,"9,21E+18",9,7,61,0,2021,6,17,6,3,4,2,0,0,1,0,1,0,0,"639050,298061","5361003,83656",10.878181238,48.386860479,0,2,#fc8d62,car
94752,"9,21E+18",9,1,62,0,2021,6,22,6,3,0,1,2,0,0,0,1,0,0,"698141,394656","5333296,39966",11.662601047,48.122064082,1,4,#e78ac3,marker
94757,"9,21E+18",9,1,62,0,2021,6,19,4,3,2,6,0,0,1,0,0,0,0,"678585,821617","5334580,73451",11.400606099,48.139395071,0,2,#fc8d62,car
94762,"9,21E+18",9,1,88,126,2021,6,8,6,3,4,2,0,0,1,0,0,0,0,"660211,19003","5328122,31758",11.151373502,48.086222088,0,2,#fc8d62,car
94763,"9,21E+18",9,1,62,0,2021,6,12,5,3,2,6,0,0,1,0,0,0,0,"687915,809909","5333683,31386",11.525503605,48.128641997,0,2,#fc8d62,car
94764,"9,21E+18",9,7,72,147,2021,6,17,2,3,2,6,0,0,1,0,0,0,1,"638608,952182","5363741,30161",10.873126963,48.411572216,0,2,#fc8d62,car
94765,"9,21E+18",9,1,77,114,2021,6,18,2,3,1,6,0,0,0,0,1,0,0,"722547,261227","5344572,63356",11.996026183,48.215315752,0,4,#e78ac3,marker
94766,"9,21E+18",9,7,61,0,2021,6,9,3,3,1,1,0,0,1,0,0,0,1,"639890,051819","5354231,79627",10.887266462,48.325782408,0,2,#fc8d62,car
94778,"9,21E+18",9,1,88,113,2021,6,11,4,3,8,6,0,0,1,0,0,0,0,"678398,96357","5314460,0888",11.389709569,47.95857802,0,2,#fc8d62,car
94783,"9,21E+18",9,1,62,0,2021,6,18,2,3,9,1,0,0,1,0,0,0,0,"688876,173072","5344587,92242",11.543243316,48.226368949,0,2,#fc8d62,car
94788,"9,21E+18",9,7,61,0,2021,6,13,3,3,2,6,0,0,1,0,0,0,0,"637481,098342","5359494,84165",10.856503752,48.37363579,0,2,#fc8d62,car
94789,"9,21E+18",9,1,83,147,2021,5,18,1,3,9,1,0,0,0,0,1,0,0,"748244,580698","5333989,66785",12.335221793,48.110734746,0,4,#e78ac3,marker
94793,"9,21E+18",9,1,87,169,2021,6,18,4,3,5,2,0,0,0,0,1,0,1,"738532,578572","5300469,01124",12.186362308,47.813321468,0,4,#e78ac3,marker
94794,"9,21E+18",9,7,77,158,2021,5,17,1,3,0,7,0,1,0,0,0,0,0,"619495,722411","5311352,05868",10.600216206,47.944331252,0,1,#66c2a5,bicycle
94798,"9,21E+18",9,2,61,0,2021,6,22,2,3,0,1,2,1,0,0,0,0,0,"732285,259529","5380651,93617",12.146853334,48.535930899,0,1,#66c2a5,bicycle
94800,"9,21E+18",9,1,90,152,2021,6,15,5,3,1,5,0,0,1,0,1,0,0,"672779,62262","5299214,6396",11.308399021,47.823062018,0,2,#fc8d62,car
94806,"9,21E+18",9,1,73,137,2021,6,11,6,3,0,7,0,1,0,0,0,0,0,"674997,856209","5299483,33225",11.338118621,47.824877994,0,1,#66c2a5,bicycle
94808,"9,21E+18",9,1,62,0,2021,6,23,1,2,5,3,2,0,1,0,0,0,1,"693854,289003","5339966,97488",11.608092336,48.183336435,1,2,#fc8d62,car
94809,"9,21E+18",9,1,77,115,2021,6,16,4,2,3,1,0,0,1,0,0,0,0,"733743,291912","5349362,7249",12.149163564,48.254322149,1,2,#fc8d62,car
94810,"9,21E+18",9,1,87,120,2021,6,13,1,3,0,7,0,0,1,0,0,0,0,"733820,227002","5293026,89399",12.119505004,47.748189329,0,2,#fc8d62,car
94811,"9,21E+18",9,7,72,223,2021,6,6,4,3,2,6,0,0,1,0,0,1,0,"618437,96677","5363093,04346",10.600478352,48.409856411,0,2,#fc8d62,car
94815,"9,21E+18",9,1,85,158,2021,5,13,1,3,0,1,0,1,0,0,0,0,0,"665253,585837","5379981,42535",11.23935386,48.551141483,0,1,#66c2a5,bicycle
94816,"9,21E+18",9,1,74,136,2021,6,17,5,3,0,1,0,1,0,0,0,0,0,"683224,563518","5364253,56992",11.475760594,48.404787434,0,1,#66c2a5,bicycle
94817,"9,21E+18",9,1,77,117,2021,6,18,6,3,5,3,0,0,1,0,0,0,0,"714310,377739","5355553,36117",11.890850236,48.316816015,0,2,#fc8d62,car
94819,"9,21E+18",9,7,61,0,2021,6,8,2,3,1,6,0,0,1,0,0,0,0,"644689,483247","5357249,79966",10.953014126,48.351838209,0,2,#fc8d62,car
94820,"9,21E+18",9,1,87,165,2021,6,6,1,3,8,1,0,0,1,0,0,0,0,"730482,711575","5300067,01784",12.07878025,47.812642637,1,2,#fc8d62,car
94825,"9,21E+18",9,1,62,0,2021,6,17,5,3,0,7,0,0,0,0,0,0,1,"680411,25047","5335045,10763",11.425318128,48.143054324,0,6,#ffd92f,circle
94840,"9,21E+18",9,1,87,169,2021,6,11,1,3,2,6,0,0,1,0,0,0,0,"736089,165208","5299421,28384",12.153203728,47.804809676,0,2,#fc8d62,car
94847,"9,21E+18",9,7,71,145,2021,6,16,2,2,1,2,0,0,1,0,0,0,0,"648647,573332","5344766,1524",11.002012056,48.238675869,0,2,#fc8d62,car
94850,"9,21E+18",9,7,61,0,2021,6,11,7,3,2,6,0,0,1,0,0,0,0,"642824,791","5360295,375",10.928893646,48.379646995,0,2,#fc8d62,car
94851,"9,21E+18",9,7,72,186,2021,6,15,4,3,5,6,0,1,1,0,0,0,0,"637778,861867","5344174,57093",10.855520741,48.235811408,0,1,#66c2a5,bicycle
94855,"9,21E+18",9,7,61,0,2021,5,2,7,3,0,1,2,0,0,0,0,0,1,"636654,116651","5360553,85601",10.845686788,48.383337989,0,6,#ffd92f,circle
94856,"9,21E+18",9,1,62,0,2021,6,17,5,3,8,1,0,0,1,0,0,0,0,"685173,217436","5342651,2661",11.492586342,48.210053376,0,2,#fc8d62,car
94867,"9,21E+18",9,2,74,183,2021,6,15,6,2,0,7,0,0,0,0,0,0,1,"741884,510002","5364306,38399",12.267235782,48.385493097,0,6,#ffd92f,circle
94876,"9,21E+18",9,1,62,0,2021,6,7,5,3,2,6,0,0,1,0,0,0,0,"694235,368771","5340704,26779",11.613550918,48.189846485,0,2,#fc8d62,car
94877,"9,21E+18",9,1,87,179,2021,6,15,6,3,5,3,0,0,1,0,0,0,0,"721572,237661","5312946,19467",11.966525401,47.931495476,0,2,#fc8d62,car
94883,"9,21E+18",9,1,82,120,2021,5,19,2,3,0,1,0,0,0,0,1,0,0,"702356,665137","5306005,59818",11.706312998,47.875473399,0,4,#e78ac3,marker
94884,"9,21E+18",9,1,78,124,2021,6,22,6,3,0,1,2,1,0,0,0,0,0,"702532,897673","5365577,94946",11.737002182,48.410782158,0,1,#66c2a5,bicycle
94891,"9,21E+18",9,1,84,120,2021,6,5,6,2,4,2,0,0,1,0,1,0,0,"681562,922001","5332287,69",11.439610891,48.117940793,0,2,#fc8d62,car
94899,"9,21E+18",9,1,88,121,2021,6,16,4,3,3,6,0,0,1,0,0,1,0,"672268,353105","5329608,21646",11.313748853,48.096435686,0,2,#fc8d62,car
94903,"9,21E+18",9,1,78,132,2021,6,17,4,2,5,3,0,0,1,0,1,0,0,"712663,089234","5383205,73171",11.882695283,48.565832762,0,2,#fc8d62,car
94907,"9,21E+18",9,1,84,135,2021,6,14,2,2,2,6,0,1,0,0,0,0,0,"687403,242779","5347469,10915",11.524704897,48.252702089,0,1,#66c2a5,bicycle
94917,"9,21E+18",9,1,78,113,2021,6,11,6,3,2,6,0,0,1,0,0,0,0,"691563,991818","5366569,35228",11.589384577,48.423121441,0,2,#fc8d62,car
94919,"9,21E+18",9,1,87,129,2021,6,13,3,3,9,1,0,0,0,0,1,0,0,"724794,713002","5295143,48999",12.000359493,47.77041561,0,4,#e78ac3,marker
94925,"9,21E+18",9,1,81,144,2021,6,17,7,2,0,1,0,1,0,0,0,0,0,"655685,827378","5322993,9869",11.088780682,48.041234128,0,1,#66c2a5,bicycle
94931,"9,21E+18",9,1,78,140,2021,6,11,3,3,4,2,0,0,1,0,0,0,1,"706623,970702","5361610,8382",11.790269557,48.37380643,0,2,#fc8d62,car
94942,"9,21E+18",9,1,62,0,2021,6,14,7,3,8,1,0,0,1,0,0,0,0,"695048,380225","5344354,7457",11.626156434,48.222405693,0,2,#fc8d62,car
94953,"9,21E+18",9,1,87,137,2021,6,12,7,3,5,2,0,0,1,0,1,0,0,"729702,901246","5311119,39454",12.074250143,47.912221051,0,2,#fc8d62,car
94954,"9,21E+18",9,7,72,147,2021,6,15,6,2,3,1,0,0,1,0,0,1,0,"638022,657194","5364089,20942",10.865322757,48.414829199,1,2,#fc8d62,car
94955,"9,21E+18",9,1,63,0,2021,6,17,2,3,5,3,0,0,1,0,0,0,0,"734876,408046","5304942,54163",12.140024958,47.854855867,0,2,#fc8d62,car
94963,"9,21E+18",9,2,61,0,2021,6,9,6,2,5,3,0,0,1,0,1,0,0,"732383,509002","5380326,48899",12.148000841,48.532971119,0,2,#fc8d62,car
94965,"9,21E+18",9,7,62,0,2021,6,12,2,3,5,3,0,1,0,0,0,0,0,"621199,631841","5304470,89043",10.621089969,47.882123858,0,1,#66c2a5,bicycle
94972,"9,21E+18",9,7,72,159,2021,5,17,7,3,5,2,0,1,1,0,0,0,0,"626020,756443","5361246,4387",10.702346271,48.391780062,0,1,#66c2a5,bicycle
94973,"9,21E+18",9,1,84,119,2021,6,7,4,3,4,2,0,0,1,0,0,0,0,"697579,490868","5349504,77217",11.662600603,48.26790629,0,2,#fc8d62,car
94974,"9,21E+18",9,1,77,135,2021,6,11,6,3,3,6,0,0,1,0,0,0,1,"719018,025976","5344351,98694",11.948466021,48.214560951,0,2,#fc8d62,car
94978,"9,21E+18",9,1,82,133,2021,6,23,7,2,8,1,2,1,0,0,0,0,0,"704704,632976","5306220,07861",11.737779417,47.876656859,0,1,#66c2a5,bicycle
94981,"9,21E+18",9,1,87,129,2021,6,12,6,3,5,3,0,0,1,0,1,0,0,"725104,685312","5296372,60811",12.00512771,47.781351256,0,2,#fc8d62,car
94982,"9,21E+18",9,2,74,184,2021,6,18,7,2,8,1,0,0,0,0,1,0,0,"747971,924704","5369000,54958",12.352089046,48.425289304,1,4,#e78ac3,marker
94986,"9,21E+18",9,1,77,144,2021,6,16,7,3,2,6,0,0,1,0,0,0,0,"717719,53055","5348415,35359",11.933096876,48.251517156,0,2,#fc8d62,car
94988,"9,21E+18",9,1,78,120,2021,6,15,5,3,0,1,0,0,0,0,1,0,0,"695499,620161","5351985,81476",11.635750598,48.290849263,0,4,#e78ac3,marker
94990,"9,21E+18",9,1,75,112,2021,6,17,4,2,5,2,0,0,1,0,1,0,0,"720799,400976","5318834,70438",11.959215063,47.984671892,0,2,#fc8d62,car
94992,"9,21E+18",9,1,77,117,2021,6,5,3,3,0,1,2,1,0,0,0,0,0,"715094,003305","5355205,95611",11.901229441,48.313428504,0,1,#66c2a5,bicycle
94999,"9,21E+18",9,1,88,124,2021,6,12,1,3,0,1,0,0,0,0,1,0,0,"661737,337","5317105,067",11.167691182,47.986784217,0,4,#e78ac3,marker
95000,"9,21E+18",9,1,84,121,2021,6,11,4,3,2,6,0,0,1,0,0,0,0,"705297,452999","5331188,16312",11.757635172,48.100851238,0,2,#fc8d62,car
95004,"9,21E+18",9,1,82,120,2021,5,12,1,3,2,6,0,0,1,0,0,0,0,"703403,91612","5306805,78209",11.720679385,47.882334003,0,2,#fc8d62,car
95005,"9,21E+18",9,1,88,137,2021,6,17,5,3,2,6,0,0,1,0,0,0,0,"672368,065601","5317075,0397",11.310041681,47.983738134,0,2,#fc8d62,car
95006,"9,21E+18",9,1,75,135,2021,6,16,6,3,0,1,0,1,0,0,0,0,0,"709211,326483","5338462,85167",11.813714773,48.164949569,0,1,#66c2a5,bicycle
95008,"9,21E+18",9,2,74,124,2021,6,0,1,2,3,6,2,0,1,0,0,0,0,"724890,721259","5377568,0073",12.045163915,48.510919206,1,2,#fc8d62,car
95013,"9,21E+18",9,1,73,147,2021,6,10,6,3,5,3,0,1,1,0,0,0,0,"680644,674001","5309383,472",11.417634454,47.912313369,0,1,#66c2a5,bicycle
95016,"9,21E+18",9,1,83,144,2021,6,14,1,3,9,1,0,0,0,0,1,0,0,"743600,87528","5352563,59937",12.283593624,48.279360947,0,4,#e78ac3,marker
95024,"9,21E+18",9,7,72,223,2021,6,18,1,3,3,1,0,0,1,0,0,0,0,"617779,017765","5363082,58273",10.591574477,48.40988583,1,2,#fc8d62,car
95028,"9,21E+18",9,1,74,115,2021,5,16,2,3,2,6,0,0,1,0,0,0,0,"679834,600164","5348645,17376",11.42333636,48.265466243,0,2,#fc8d62,car
95031,"9,21E+18",9,7,72,171,2021,5,8,7,3,9,1,0,0,0,0,1,0,0,"634576,406857","5373342,86372",10.821748354,48.498782783,0,4,#e78ac3,marker
95036,"9,21E+18",9,1,87,132,2021,6,16,1,3,0,1,0,1,0,0,0,0,0,"747762,474999","5300307,00637",12.309355826,47.808380081,0,1,#66c2a5,bicycle
95037,"9,21E+18",9,1,73,147,2021,6,12,7,3,2,2,0,0,1,0,0,0,0,"682449,402001","5309560,926",11.441840303,47.913397673,0,2,#fc8d62,car
95047,"9,21E+18",9,7,71,122,2021,5,11,2,2,0,1,0,0,0,0,1,0,0,"648602,993769","5359974,47716",11.00676783,48.375427319,0,4,#e78ac3,marker
95061,"9,21E+18",9,1,62,0,2021,6,14,4,3,6,6,0,1,0,1,0,0,0,"682675,990001","5335564,41",11.455957625,48.147075936,0,1,#66c2a5,bicycle
95062,"9,21E+18",9,1,84,142,2021,6,11,5,3,6,4,0,1,0,1,0,0,0,"683450,452234","5318317,05318",11.458958821,47.991820753,0,1,#66c2a5,bicycle
95064,"9,21E+18",9,7,77,140,2021,6,12,7,3,8,1,0,0,1,0,0,0,0,"628185,80078","5317817,22695",10.718464885,48.000793651,1,2,#fc8d62,car
95068,"9,21E+18",9,1,87,124,2021,5,17,2,3,2,6,0,0,1,0,0,0,0,"735053,525245","5328559,05289",12.155295144,48.066953513,0,2,#fc8d62,car
95069,"9,21E+18",9,1,79,123,2021,6,6,6,3,2,6,0,0,1,0,0,0,0,"677545,326792","5335178,82178",11.386881443,48.145062549,0,2,#fc8d62,car
95075,"9,21E+18",9,2,74,184,2021,6,17,3,3,8,1,0,0,0,0,1,0,0,"744995,812949","5367146,65881",12.31084569,48.409802789,0,4,#e78ac3,marker
95076,"9,21E+18",9,1,74,118,2021,6,15,7,2,5,3,0,1,1,0,0,0,0,"671794,848931","5354312,84997",11.317397358,48.318646431,0,1,#66c2a5,bicycle
95077,"9,21E+18",9,1,62,0,2021,6,15,4,3,9,6,0,0,1,0,0,1,0,"683481,455272","5342558,05125",11.469795559,48.209706807,0,2,#fc8d62,car
95085,"9,21E+18",9,1,75,132,2021,6,13,1,3,2,6,0,0,1,0,0,0,0,"706133,945875","5330799,62117",11.768670066,48.097089546,0,2,#fc8d62,car
95086,"9,21E+18",9,1,84,140,2021,6,9,5,2,2,6,0,0,1,0,0,0,0,"703188,959731","5328118,65697",11.727886331,48.073941942,0,2,#fc8d62,car
95087,"9,21E+18",9,7,77,151,2021,5,14,2,3,0,1,0,1,0,0,0,0,0,"623894,749009","5293611,68116",10.65401546,47.783945001,0,1,#66c2a5,bicycle
95091,"9,21E+18",9,2,74,114,2021,6,19,3,3,5,3,0,0,1,0,0,0,0,"734292,96194","5371995,64245",12.169154167,48.457428578,0,2,#fc8d62,car
95100,"9,21E+18",9,1,81,130,2021,6,14,1,3,2,6,0,0,1,0,0,0,1,"637288,691863","5323658,14429",10.842307038,48.051428115,0,2,#fc8d62,car
95102,"9,21E+18",9,7,72,184,2021,5,18,2,3,4,6,0,1,0,0,0,0,0,"635722,010247","5361719,13759",10.833480721,48.394017391,0,1,#66c2a5,bicycle
95103,"9,21E+18",9,7,71,113,2021,6,16,3,3,5,3,0,1,1,0,0,0,0,"657427,017284","5371202,26041",11.130061992,48.474228943,0,1,#66c2a5,bicycle
95109,"9,21E+18",9,7,61,0,2021,6,16,3,2,9,1,0,0,1,0,1,0,0,"639309,130184","5360880,94939",10.881634631,48.385698399,0,2,#fc8d62,car
95115,"9,21E+18",9,1,81,144,2021,5,13,1,3,0,1,0,0,0,0,1,0,0,"654955,760279","5320031,67274",11.077920953,48.014776936,0,4,#e78ac3,marker
95117,"9,21E+18",9,1,88,113,2021,6,18,6,3,5,2,0,0,1,0,1,0,0,"675861,067337","5315268,22066",11.356074137,47.966544893,0,2,#fc8d62,car
95120,"9,21E+18",9,1,62,0,2021,6,20,7,3,1,7,1,0,1,0,0,0,0,"695066,88243","5331493,93114",11.620506865,48.106813612,0,2,#fc8d62,car
95124,"9,21E+18",9,1,81,138,2021,5,18,2,3,4,2,0,0,1,0,1,0,0,"639972,386908","5334743,7458",10.881936384,48.150528861,0,2,#fc8d62,car
95125,"9,21E+18",9,1,84,148,2021,6,18,5,3,5,3,0,0,1,0,0,0,0,"696628,619164","5326467,87125",11.639150684,48.061161821,0,2,#fc8d62,car
95134,"9,21E+18",9,1,81,146,2021,6,17,4,3,2,6,0,0,1,0,0,0,0,"650831,014112","5325810,2169",11.024681073,48.067721646,0,2,#fc8d62,car
95137,"9,21E+18",9,7,72,163,2021,6,11,6,3,2,3,0,0,1,0,0,0,0,"638557,818682","5346556,0701",10.866784901,48.257056163,0,2,#fc8d62,car
95138,"9,21E+18",9,1,87,122,2021,6,11,7,3,0,3,0,1,1,0,0,0,0,"717680,800607","5307175,43949",11.911583021,47.880974592,0,1,#66c2a5,bicycle
95139,"9,21E+18",9,1,84,137,2021,6,8,6,3,5,3,0,0,1,0,0,0,0,"706316,367047","5316869,37437",11.764407898,47.971844631,0,2,#fc8d62,car
95141,"9,21E+18",9,1,87,165,2021,6,8,4,3,4,2,0,0,1,0,0,0,0,"732351,057002","5295790,71899",12.10141077,47.773551367,0,2,#fc8d62,car
95142,"9,21E+18",9,1,81,130,2021,6,11,1,2,8,1,0,1,0,0,0,0,0,"639332,148","5322890,117",10.869463566,48.044078904,0,1,#66c2a5,bicycle
95143,"9,21E+18",9,1,87,177,2021,6,19,5,3,0,7,0,0,0,0,1,0,0,"735795,156772","5305473,11862",12.152577606,47.859286071,0,4,#e78ac3,marker
95146,"9,21E+18",9,1,90,140,2021,5,18,1,3,8,1,0,0,0,0,1,0,0,"646770,082259","5300550,31676",10.961583887,47.841533145,0,4,#e78ac3,marker
95152,"9,21E+18",9,1,75,122,2021,6,19,1,3,0,1,0,0,0,0,1,0,0,"721583,856579","5325760,32298",11.973292575,48.046627727,0,4,#e78ac3,marker
95153,"9,21E+18",9,7,72,147,2021,6,18,4,3,0,7,0,1,0,0,0,0,0,"639528,433154","5365155,31749",10.886016023,48.424083653,0,1,#66c2a5,bicycle
95157,"9,21E+18",9,1,77,143,2021,5,22,1,3,7,7,2,0,1,0,0,0,0,"718842,732004","5363820,28762",11.95620118,48.389539519,0,2,#fc8d62,car
95159,"9,21E+18",9,1,87,113,2021,5,18,1,3,0,1,0,0,0,0,1,0,0,"745322,166598","5323850,16868",12.290210143,48.020791741,0,4,#e78ac3,marker
95165,"9,21E+18",9,1,84,129,2021,6,15,7,3,5,3,0,1,0,0,0,0,1,"700129,934211","5325000,68214",11.685406115,48.046887332,0,1,#66c2a5,bicycle
95167,"9,21E+18",9,1,90,142,2021,5,15,2,2,2,2,0,0,1,0,0,0,1,"662505,871005","5295701,27849",11.169926159,47.794150637,0,2,#fc8d62,car
95170,"9,21E+18",9,1,77,115,2021,5,15,1,3,1,6,0,0,0,0,1,0,0,"734108,709178","5351195,55081",12.155093092,48.270651794,0,4,#e78ac3,marker
95171,"9,21E+18",9,7,73,122,2021,6,8,4,3,0,7,0,1,0,0,0,0,0,"626447,024718","5382431,35759",10.714513146,48.582198082,0,1,#66c2a5,bicycle
95172,"9,21E+18",9,1,78,145,2021,6,12,6,3,6,1,0,0,1,1,0,0,0,"699060,031275","5354809,26395",11.685029684,48.315113455,0,2,#fc8d62,car
95182,"9,21E+18",9,1,90,151,2021,6,0,3,3,9,1,2,0,1,0,0,0,0,"634213,625398","5299347,70991",10.793482813,47.833462266,1,2,#fc8d62,car
95184,"9,21E+18",9,1,81,128,2021,6,16,7,3,8,1,0,0,0,0,1,0,0,"639804,51","5328083,864",10.877496318,48.090679094,0,4,#e78ac3,marker
95187,"9,21E+18",9,1,75,111,2021,6,16,3,3,5,3,0,0,1,0,0,0,0,"712222,53431","5337068,41981",11.853465723,48.151421557,0,2,#fc8d62,car
95193,"9,21E+18",9,1,62,0,2021,6,9,6,2,6,2,0,0,1,1,0,0,0,"689066,515518","5331339,32594",11.539913517,48.107233149,0,2,#fc8d62,car
95196,"9,21E+18",9,1,86,143,2021,6,18,2,2,4,1,0,0,1,0,1,0,0,"680933,863391","5380818,97038",11.452007539,48.554342316,0,2,#fc8d62,car
95197,"9,21E+18",9,1,77,115,2021,6,12,4,3,5,3,0,0,1,0,0,0,0,"730245,540109","5347609,80519",12.101158395,48.239854835,0,2,#fc8d62,car
95201,"9,21E+18",9,1,75,123,2021,6,16,4,3,0,1,0,1,0,0,0,0,0,"722223,161716","5338636,37976",11.988563807,48.162094295,0,1,#66c2a5,bicycle
95207,"9,21E+18",9,1,78,113,2021,6,16,2,3,2,6,0,0,1,0,0,0,0,"691402,983018","5367183,40697",11.58749083,48.428689089,0,2,#fc8d62,car
95208,"9,21E+18",9,7,71,130,2021,6,10,3,3,1,6,0,0,1,0,0,0,1,"645640,314","5357735,813",10.966008754,48.355989557,0,2,#fc8d62,car
95211,"9,21E+18",9,1,78,124,2021,5,8,2,3,3,6,0,0,1,0,0,0,0,"701367,46572","5359908,71533",11.718554607,48.360209357,0,2,#fc8d62,car
95212,"9,21E+18",9,2,74,146,2021,6,10,6,3,2,6,0,0,1,0,0,0,0,"733338,409673","5377624,90604",12.159404975,48.50834946,0,2,#fc8d62,car
95215,"9,21E+18",9,1,74,131,2021,6,12,5,3,0,1,0,1,0,0,0,0,0,"676366,376201","5358800,86759",11.380888446,48.357730166,0,1,#66c2a5,bicycle
95216,"9,21E+18",9,1,78,124,2021,6,16,6,3,2,3,0,0,1,0,1,0,0,"703257,3779","5361323,24756",11.744722463,48.372315234,0,2,#fc8d62,car
95218,"9,21E+18",9,1,63,0,2021,6,14,3,3,0,7,0,1,1,0,0,1,0,"734734,860442","5304893,87603",12.138109161,47.854470369,0,1,#66c2a5,bicycle
95222,"9,21E+18",9,1,86,152,2021,6,10,4,3,0,1,0,0,0,0,1,0,0,"691017,411985","5380711,58101",11.588468591,48.550387186,0,4,#e78ac3,marker
95224,"9,21E+18",9,7,61,0,2021,6,15,5,3,0,1,0,0,0,0,0,0,1,"642868,592671","5359728,43839",10.929292166,48.374539475,0,6,#ffd92f,circle
95232,"9,21E+18",9,1,74,113,2021,6,15,5,2,5,3,0,0,1,0,1,0,0,"677965,482001","5346939,432",11.397454933,48.250661355,0,2,#fc8d62,car
95233,"9,21E+18",9,1,62,0,2021,6,9,5,3,4,3,0,0,1,0,0,0,0,"689655,704324","5340122,70183",11.551733377,48.18600332,0,2,#fc8d62,car
95240,"9,21E+18",9,1,74,115,2021,6,17,6,3,8,1,0,0,0,0,1,0,0,"683329,671287","5349125,30339",11.470596787,48.268780059,0,4,#e78ac3,marker
95245,"9,21E+18",9,2,74,146,2021,6,9,4,3,1,6,0,0,1,0,0,0,0,"736575,533751","5378604,58359",12.203720101,48.515938645,0,2,#fc8d62,car
95247,"9,21E+18",9,1,79,117,2021,6,19,5,3,0,1,0,1,0,0,0,0,0,"660984,458","5350808,845",11.170348303,48.289989465,0,1,#66c2a5,bicycle
95252,"9,21E+18",9,7,72,223,2021,6,11,6,3,3,6,0,0,1,0,0,1,0,"619057,593848","5363108,97659",10.608852605,48.409882947,0,2,#fc8d62,car
95253,"9,21E+18",9,1,79,113,2021,6,15,7,3,2,6,0,1,0,0,0,0,0,"670966,458454","5335862,53063",11.298786418,48.153011021,0,1,#66c2a5,bicycle
95256,"9,21E+18",9,1,88,120,2021,6,8,4,3,0,7,0,0,0,0,1,0,0,"677534,061673","5326392,73911",11.383074302,48.066085682,0,4,#e78ac3,marker
95258,"9,21E+18",9,1,62,0,2021,6,16,4,3,3,6,0,0,1,0,0,0,1,"690181,88919","5331936,11498",11.555148069,48.112265112,0,2,#fc8d62,car
95260,"9,21E+18",9,1,75,127,2021,6,17,4,3,5,3,0,1,1,0,0,0,0,"712448,468818","5341357,40081",11.858642567,48.189885706,0,1,#66c2a5,bicycle
95263,"9,21E+18",9,2,74,184,2021,6,18,6,3,2,6,0,0,1,0,0,0,0,"748461,440125","5372107,49273",12.360536551,48.452999981,0,2,#fc8d62,car
95266,"9,21E+18",9,7,73,125,2021,6,20,3,3,8,7,0,0,0,0,1,0,0,"619201,513484","5382262,79695",10.616263874,48.5821029,0,4,#e78ac3,marker
95267,"9,21E+18",9,1,62,0,2021,6,20,7,3,1,6,0,0,1,0,0,0,1,"682482,749384","5335560,10146",11.453360258,48.147092671,0,2,#fc8d62,car
95270,"9,21E+18",9,1,62,0,2021,6,17,6,3,0,6,0,0,1,0,0,0,0,"691177,981768","5344798,76125",11.574300292,48.227574427,0,2,#fc8d62,car
95272,"9,21E+18",9,1,75,122,2021,5,13,1,3,0,1,0,1,0,0,0,0,0,"719928,812298","5327079,29202",11.951793067,48.059051142,0,1,#66c2a5,bicycle
95277,"9,21E+18",9,1,90,152,2021,6,17,4,2,4,2,0,1,1,0,0,0,0,"674036,54969","5298886,2951",11.325045907,47.819771389,0,1,#66c2a5,bicycle
95282,"9,21E+18",9,1,88,124,2021,6,6,2,3,6,4,0,0,1,1,0,0,0,"662714,491427","5318554,40766",11.181327109,47.999566945,1,2,#fc8d62,car
95285,"9,21E+18",9,1,87,179,2021,6,3,5,3,8,1,2,0,1,0,0,0,0,"723690,510057","5312589,20535",11.994660697,47.927552239,0,2,#fc8d62,car
95292,"9,21E+18",9,1,87,154,2021,6,15,6,3,0,7,0,1,0,0,0,0,0,"734211,483374","5296795,80339",12.126747489,47.781907867,0,1,#66c2a5,bicycle
95295,"9,21E+18",9,7,72,130,2021,6,5,3,3,5,3,1,0,1,0,1,0,0,"632182,215806","5359204,62845",10.784894816,48.372158337,1,2,#fc8d62,car
95297,"9,21E+18",9,7,78,203,2021,6,13,4,2,5,2,0,0,1,0,1,0,0,"620721,621726","5322384,71682",10.619729066,48.043324746,0,2,#fc8d62,car
95301,"9,21E+18",9,1,84,140,2021,5,18,1,3,2,6,0,0,1,0,0,0,0,"703272,811961","5328192,37809",11.729045814,48.074577743,0,2,#fc8d62,car