OBJECTID,UIDENTSTLA,ULAND,UREGBEZ,UKREIS,UGEMEINDE,UJAHR,UMONAT,USTUNDE,UWOCHENTAG,UKATEGORIE,UART,UTYP1,ULICHTVERH,IstRad,IstPKW,IstFuss,IstKrad,IstGkfz,IstSonstig,LINREFX,LINREFY,XGCSWGS84,YGCSWGS84,STRZUSTAN,Teilnehmer,color,symbol
95302,"9,21E+18",9,1,79,121,2021,6,17,5,2,0,7,0,1,0,0,0,0,0,"666691,120133","5338368,10312",11.242329253,48.176671175,0,1,#66c2a5,bicycle
95303,"9,21E+18",9,1,88,141,2021,6,20,6,3,5,3,0,0,1,0,0,0,0,"668837,878963","5312283,80406",11.260888081,47.94160527,0,2,#fc8d62,car
95305,"9,21E+18",9,1,62,0,2021,6,13,3,3,5,3,0,0,1,0,1,0,0,"684404,518644","5329145,43965",11.476398053,48.088879792,0,2,#fc8d62,car
95307,"9,21E+18",9,1,86,152,2021,6,17,5,3,2,6,0,0,1,0,0,0,0,"691696,976869","5375627,99297",11.595330377,48.504493105,0,2,#fc8d62,car
95308,"9,21E+18",9,2,61,0,2021,6,17,6,2,5,3,0,1,1,0,0,0,0,"723939,328002","5378186,94099",12.032632401,48.516819441,0,1,#66c2a5,bicycle
95313,"9,21E+18",9,1,62,0,2021,6,19,4,3,5,2,0,1,1,0,0,0,0,"689206,881481","5329897,86614",11.54115824,48.094235392,0,1,#66c2a5,bicycle
95318,"9,21E+18",9,1,62,0,2021,6,16,4,2,1,3,0,0,1,0,1,0,0,"692116,699577","5341993,82577",11.585656762,48.202080989,0,2,#fc8d62,car
95325,"9,21E+18",9,1,83,114,2021,5,12,2,3,0,6,0,0,1,0,1,0,0,"747649,218538","5356227,49381",12.340215529,48.310697951,0,2,#fc8d62,car
95326,"9,21E+18",9,1,75,111,2021,6,19,6,2,8,6,0,0,1,0,0,0,0,"711704,254574","5338128,39165",11.847033393,48.161118982,1,2,#fc8d62,car
95333,"9,21E+18",9,1,81,130,2021,6,18,4,3,0,1,0,1,0,0,0,0,0,"639319,885538","5322879,3748",10.869295631,48.043984983,0,1,#66c2a5,bicycle
95338,"9,21E+18",9,2,74,126,2021,6,20,2,3,5,2,1,1,0,0,0,1,0,"733188,289025","5382735,00341",12.160233576,48.554307492,0,1,#66c2a5,bicycle
95340,"9,21E+18",9,1,74,126,2021,6,17,1,3,0,7,0,0,1,0,0,0,0,"683081,532878","5344469,55388",11.465242746,48.227003843,0,2,#fc8d62,car
95341,"9,21E+18",9,1,81,146,2021,6,3,5,3,9,1,2,0,1,0,0,0,0,"648145,469446","5325122,60076",10.988416112,48.062168249,0,2,#fc8d62,car
95345,"9,21E+18",9,1,78,144,2021,6,17,3,3,5,3,0,0,1,0,0,0,0,"707064,15872","5378949,14246",11.804780578,48.5294593,0,2,#fc8d62,car
95346,"9,21E+18",9,1,82,133,2021,6,15,5,2,8,1,0,0,1,0,0,0,0,"705386,309793","5307156,47365",11.747330781,47.884854613,0,2,#fc8d62,car
95358,"9,21E+18",9,1,85,158,2021,6,9,6,3,0,1,0,1,0,0,0,0,0,"666492,104699","5381334,19701",11.256664606,48.56297444,0,1,#66c2a5,bicycle
95363,"9,21E+18",9,1,87,126,2021,6,10,7,3,2,6,0,0,1,0,0,0,0,"741177,639947","5326816,75913",12.236387313,48.049017515,0,2,#fc8d62,car
95366,"9,21E+18",9,2,74,184,2021,6,14,6,3,4,6,0,0,0,0,0,0,1,"744916,223619","5367086,0375",12.309736624,48.409289241,0,6,#ffd92f,circle
95371,"9,21E+18",9,1,74,113,2021,6,22,3,3,8,7,2,0,1,0,0,0,0,"672672,939735","5348178,30003",11.326724174,48.263261973,0,2,#fc8d62,car
95372,"9,21E+18",9,1,79,142,2021,6,16,3,3,2,6,0,0,1,0,0,0,0,"670990,031711","5341073,33652",11.301199491,48.199848011,0,2,#fc8d62,car
95375,"9,21E+18",9,7,71,130,2021,5,16,1,3,0,1,0,0,0,0,1,0,0,"651695,656486","5353327,44439",11.046109895,48.314928672,0,4,#e78ac3,marker
95381,"9,21E+18",9,1,77,116,2021,6,10,6,3,5,3,0,0,1,0,1,0,0,"712990,208001","5361687,601",11.876167745,48.372380042,0,2,#fc8d62,car
95388,"9,21E+18",9,1,84,113,2021,6,13,6,3,2,6,0,0,1,0,1,0,0,"684058,284203","5319473,18587",11.467594142,48.002038414,0,2,#fc8d62,car
95394,"9,21E+18",9,1,74,126,2021,6,13,7,3,5,3,0,1,1,0,0,0,0,"683659,456756","5343967,53364",11.472799638,48.222324405,0,1,#66c2a5,bicycle
95397,"9,21E+18",9,1,79,126,2021,6,7,4,2,6,2,0,0,1,1,0,0,0,"675866,241153","5340593,93011",11.36656807,48.194206677,0,2,#fc8d62,car
95401,"9,21E+18",9,1,84,112,2021,6,10,3,3,5,3,0,1,1,0,0,0,0,"702233,628466","5338230,05855",11.719871567,48.165115409,0,1,#66c2a5,bicycle
95403,"9,21E+18",9,1,79,123,2021,6,16,3,3,0,3,0,1,1,0,0,0,0,"676441,158539","5334512,22411",11.371774265,48.139377542,0,1,#66c2a5,bicycle
95404,"9,21E+18",9,1,87,129,2021,6,21,5,3,8,1,1,0,1,0,0,0,0,"721726,26722","5299332,48264",11.96160105,47.809118524,1,2,#fc8d62,car
95409,"9,21E+18",9,7,71,142,2021,6,18,4,3,1,6,0,0,1,0,0,0,0,"645201,719261","5354173,95191",10.958863878,48.324064502,0,2,#fc8d62,car
95420,"9,21E+18",9,1,88,113,2021,6,11,7,3,8,7,0,0,1,0,0,0,0,"680802,914198","5316827,38971",11.422877348,47.97918386,0,2,#fc8d62,car
95429,"9,21E+18",9,1,78,143,2021,6,17,3,2,8,1,0,1,0,0,0,0,0,"721097,870945","5371535,35033",11.990688827,48.458067383,0,1,#66c2a5,bicycle
95431,"9,21E+18",9,1,77,133,2021,6,12,7,2,0,6,0,0,1,0,0,0,1,"708570,437429","5354558,09046",11.813030018,48.309791773,0,2,#fc8d62,car
95435,"9,21E+18",9,7,61,0,2021,6,7,5,3,5,3,0,1,1,0,0,0,0,"643198,533515","5360562,563",10.934029208,48.381964688,1,1,#66c2a5,bicycle
95439,"9,21E+18",9,1,74,131,2021,6,15,2,3,5,3,0,1,1,0,0,0,0,"676209,268394","5359107,07174",11.378897664,48.360526453,0,1,#66c2a5,bicycle
95442,"9,21E+18",9,1,62,0,2021,6,15,4,3,5,3,0,1,1,0,0,0,0,"689021,858911","5331986,09125",11.539600802,48.113059636,0,1,#66c2a5,bicycle
95445,"9,21E+18",9,1,78,144,2021,6,15,4,2,2,6,0,1,1,0,0,0,0,"708696,980816","5377400,02291",11.826094904,48.514999117,0,1,#66c2a5,bicycle
95452,"9,21E+18",9,7,72,130,2021,6,13,5,1,8,1,0,0,1,0,0,0,0,"630518,986","5359463,61",10.762527262,48.374833373,0,2,#fc8d62,car
95457,"9,21E+18",9,1,82,134,2021,6,13,4,3,5,3,0,1,1,0,0,0,0,"701120,617146","5296521,3407",11.68539638,47.790621538,0,1,#66c2a5,bicycle
95459,"9,21E+18",9,1,62,0,2021,6,19,5,3,2,6,0,0,1,0,0,0,0,"687102,105065","5331401,97",11.513577632,48.108376223,0,2,#fc8d62,car
95461,"9,21E+18",9,1,75,139,2021,6,16,4,3,5,3,0,0,1,0,0,0,0,"709188,240971","5328975,64262",11.808749485,48.079703643,0,2,#fc8d62,car
95465,"9,21E+18",9,7,77,175,2021,6,10,5,3,2,2,0,0,1,0,1,0,0,"613885,646684","5293766,47943",10.520483645,47.787184792,0,2,#fc8d62,car
95473,"9,21E+18",9,7,78,137,2021,5,13,7,1,5,3,0,1,0,0,1,0,0,"624575,007","5328749,433",10.673262801,48.099823787,0,1,#66c2a5,bicycle
95474,"9,21E+18",9,1,81,140,2021,6,8,5,2,3,6,0,0,1,0,0,1,1,"644943,825275","5324368,09468",10.945213743,48.056119265,0,2,#fc8d62,car
95475,"9,21E+18",9,1,85,166,2021,6,11,6,3,2,6,0,0,1,0,0,0,0,"675151,041069","5383906,76076",11.375010371,48.583738866,0,2,#fc8d62,car
95477,"9,21E+18",9,1,88,121,2021,6,14,3,3,2,6,0,0,0,0,0,1,0,"671146,527983","5329302,38981",11.298571543,48.093988655,0,5,#a6d854,bus
95482,"9,21E+18",9,1,84,122,2021,6,14,5,3,1,7,0,1,1,0,0,0,0,"688506,330629","5324530,20347",11.529392117,48.046196874,0,1,#66c2a5,bicycle
95483,"9,21E+18",9,1,73,145,2021,6,4,7,3,8,1,1,0,1,0,0,0,0,"689039,044184","5293109,31248",11.522763016,47.763610861,0,2,#fc8d62,car
95484,"9,21E+18",9,7,62,0,2021,6,9,5,3,5,3,0,1,1,0,0,0,0,"620948,189058","5304446,46596",10.617721376,47.881951614,0,1,#66c2a5,bicycle
95489,"9,21E+18",9,1,86,143,2021,6,22,5,2,0,7,2,0,0,0,1,0,0,"680826,671625","5381009,78583",11.450639146,48.556088296,0,4,#e78ac3,marker
95491,"9,21E+18",9,1,87,130,2021,6,23,4,3,0,7,2,0,1,0,0,0,0,"712457,10442","5312297,7085",11.844326365,47.928754201,0,2,#fc8d62,car
95495,"9,21E+18",9,1,87,168,2021,6,15,6,3,2,6,0,0,1,0,0,0,1,"748503,868055","5305873,81601",12.322435268,47.858097221,0,2,#fc8d62,car
95505,"9,21E+18",9,1,62,0,2021,6,16,4,3,5,3,0,1,1,0,0,0,0,"698745,658785","5329536,73317",11.668960833,48.088086716,0,1,#66c2a5,bicycle
95506,"9,21E+18",9,1,78,145,2021,6,15,6,3,2,6,0,0,1,0,0,0,0,"693168,715475","5357542,22453",11.606903561,48.341502448,0,2,#fc8d62,car
95518,"9,21E+18",9,1,79,114,2021,6,15,3,2,9,1,0,1,0,0,0,0,0,"652746,239487","5344297,22363",11.05700809,48.233485589,0,1,#66c2a5,bicycle
95520,"9,21E+18",9,1,81,130,2021,6,7,4,2,5,3,0,0,0,0,1,1,0,"641883,66","5324149,633",10.904096198,48.054842632,0,4,#e78ac3,marker
95528,"9,21E+18",9,1,90,130,2021,6,21,6,3,8,1,2,0,0,0,1,0,0,"651537,09383","5295881,65894",11.023621882,47.798447324,0,4,#e78ac3,marker
95537,"9,21E+18",9,1,62,0,2021,6,18,4,2,2,7,0,0,1,0,0,0,0,"678162,636939","5334923,46065",11.395066067,48.142594502,0,2,#fc8d62,car
95540,"9,21E+18",9,7,71,112,2021,6,17,6,3,5,2,0,0,1,0,0,0,0,"645925,263777","5367998,34402",10.973420397,48.448196464,0,2,#fc8d62,car
95542,"9,21E+18",9,1,73,126,2021,6,16,2,3,5,3,0,0,1,0,0,0,0,"684915,031261","5302324,4099",11.471709814,47.84764259,0,2,#fc8d62,car
95546,"9,21E+18",9,1,62,0,2021,6,19,3,3,2,6,0,0,1,0,0,0,0,"697529,167974","5333578,87055",11.654514077,48.124792967,0,2,#fc8d62,car
95548,"9,21E+18",9,1,75,122,2021,6,23,3,2,1,4,2,0,1,1,0,0,1,"721111,129453","5325875,76347",11.967017799,48.047828858,0,2,#fc8d62,car
95549,"9,21E+18",9,1,87,179,2021,6,19,5,3,9,1,0,0,0,0,1,0,0,"723391,181002","5309434,59899",11.989024824,47.899312283,1,4,#e78ac3,marker
95553,"9,21E+18",9,1,73,123,2021,6,14,4,2,8,1,0,0,1,0,0,0,0,"676810,326777","5299642,50437",11.362378549,47.825813324,1,2,#fc8d62,car
95560,"9,21E+18",9,1,84,131,2021,6,17,5,3,3,6,0,0,1,0,0,1,0,"704398,767745","5337538,55384",11.748624024,48.158208763,0,2,#fc8d62,car
95565,"9,21E+18",9,1,78,120,2021,6,16,1,3,5,2,0,1,1,0,0,0,0,"694393,288934","5352594,44901",11.621131306,48.29665998,0,1,#66c2a5,bicycle
95580,"9,21E+18",9,7,72,163,2021,6,9,6,2,9,1,0,0,1,0,0,0,0,"638859,510458","5349413,95873",10.871785897,48.282688134,0,2,#fc8d62,car
95583,"9,21E+18",9,1,82,136,2021,6,16,1,2,3,2,0,0,1,0,1,0,0,"703637,295474","5298519,63163",11.71989853,47.807790182,0,2,#fc8d62,car
95584,"9,21E+18",9,1,83,118,2021,6,14,5,2,2,1,0,0,1,0,1,0,0,"746831,500726","5340245,80017",12.319894839,48.167475542,0,2,#fc8d62,car
95588,"9,21E+18",9,1,63,0,2021,6,14,5,3,2,6,0,0,1,0,0,0,0,"734362,083752","5304480,91995",12.132909625,47.85089642,0,2,#fc8d62,car
95589,"9,21E+18",9,1,87,117,2021,6,17,6,3,4,7,0,0,1,0,0,0,0,"723515,964002","5306220,28699",11.989028575,47.870387904,0,2,#fc8d62,car
95590,"9,21E+18",9,7,71,156,2021,6,16,1,2,5,3,0,0,1,0,0,0,0,"655939,807479","5378817,31762",11.112798927,48.543060923,0,2,#fc8d62,car
95599,"9,21E+18",9,1,82,120,2021,6,17,1,3,5,2,0,1,1,0,0,0,0,"701796,450061","5306511,64828",11.699065682,47.88019774,0,1,#66c2a5,bicycle
95603,"9,21E+18",9,1,87,174,2021,5,14,1,3,5,3,0,0,1,0,0,0,0,"742857,413355","5310291,98339",12.24955397,47.899943652,0,2,#fc8d62,car
95605,"9,21E+18",9,2,74,124,2021,6,21,6,3,0,7,0,1,0,0,0,0,0,"725248,175678","5373716,93601",12.047920667,48.476194421,0,1,#66c2a5,bicycle
95615,"9,21E+18",9,7,72,147,2021,6,20,4,3,0,7,0,0,0,0,1,0,0,"638992,609829","5365560,05901",10.878911509,48.427841412,1,4,#e78ac3,marker
95616,"9,21E+18",9,1,86,143,2021,6,19,6,3,2,6,0,0,1,0,0,0,1,"685413,197163","5377410,71319",11.51113474,48.522401704,0,2,#fc8d62,car
95622,"9,21E+18",9,1,78,145,2021,5,11,2,2,3,1,0,0,1,0,1,1,0,"696581,295051","5354956,62764",11.651701268,48.317213153,0,2,#fc8d62,car
95623,"9,21E+18",9,1,84,149,2021,6,17,6,2,8,1,0,0,1,0,0,0,0,"688553,763798","5349385,01314",11.541042848,48.269580853,0,2,#fc8d62,car
95624,"9,21E+18",9,1,88,121,2021,6,23,7,2,2,1,2,0,1,0,0,0,0,"674385,053729","5330824,39684",11.342650895,48.106792808,1,2,#fc8d62,car
95629,"9,21E+18",9,1,81,145,2021,6,16,3,3,2,6,0,0,1,0,1,0,0,"643255,845","5331281,833",10.924892806,48.118668608,0,2,#fc8d62,car
95630,"9,21E+18",9,1,87,165,2021,6,16,3,3,5,3,0,0,1,0,0,0,0,"732708,783806","5294276,89878",12.105368009,47.759821671,0,2,#fc8d62,car
95632,"9,21E+18",9,1,81,146,2021,6,16,4,3,2,6,0,0,1,0,0,0,0,"650831,014112","5325810,2169",11.024681073,48.067721646,0,2,#fc8d62,car
95634,"9,21E+18",9,1,62,0,2021,6,19,2,3,0,6,0,0,0,0,1,0,1,"688069,27911","5340234,90776",11.530460099,48.187483473,1,4,#e78ac3,marker
95637,"9,21E+18",9,1,75,121,2021,6,11,7,3,0,1,0,1,0,0,0,0,0,"714730,981667","5319225,05468",11.878187339,47.990245016,0,1,#66c2a5,bicycle
95640,"9,21E+18",9,1,82,123,2021,6,8,4,3,2,6,0,0,1,0,0,0,0,"719333,1545","5300686,437",11.930364682,47.822104573,0,2,#fc8d62,car
95641,"9,21E+18",9,1,79,147,2021,6,18,1,3,9,7,0,0,0,0,1,0,0,"663929,871484","5332949,60161",11.203126418,48.128675674,0,4,#e78ac3,marker
95644,"9,21E+18",9,1,62,0,2021,6,7,3,3,0,4,0,1,0,1,0,0,0,"688549,679191","5335260,63274",11.534712045,48.142631755,0,1,#66c2a5,bicycle
95645,"9,21E+18",9,1,90,157,2021,5,16,1,3,2,6,0,0,1,0,0,0,0,"660928,677185","5301646,72999",11.151089612,47.84800302,0,2,#fc8d62,car
95646,"9,21E+18",9,1,73,130,2021,6,20,5,2,8,1,1,0,1,0,0,0,0,"679637,654963","5312626,40858",11.405521618,47.941748166,1,2,#fc8d62,car
95648,"9,21E+18",9,1,84,135,2021,6,7,2,2,5,3,0,0,1,0,1,0,0,"686623,879071","5347511,10838",11.514234313,48.253309549,0,2,#fc8d62,car
95651,"9,21E+18",9,1,75,122,2021,6,14,1,3,5,3,0,0,1,0,1,0,0,"721052,717002","5325584,61199",11.966084733,48.045233077,0,2,#fc8d62,car
95652,"9,21E+18",9,7,78,116,2021,6,17,4,1,8,1,0,0,1,0,0,1,0,"617897,419337","5322220,49665",10.581806491,48.042375669,0,2,#fc8d62,car
95658,"9,21E+18",9,1,62,0,2021,6,15,5,3,0,7,0,1,0,0,0,0,0,"695024,533248","5333286,99889",11.620758526,48.12294193,0,1,#66c2a5,bicycle
95661,"9,21E+18",9,1,82,119,2021,6,18,7,3,0,1,0,0,0,0,1,0,0,"711746,87229","5294078,6139",11.825915296,47.765264445,0,4,#e78ac3,marker
95663,"9,21E+18",9,1,62,0,2021,5,16,2,3,2,6,0,0,1,0,0,0,0,"687211,637715","5333145,40736",11.515813049,48.12401462,0,2,#fc8d62,car
95664,"9,21E+18",9,1,84,113,2021,6,17,5,3,2,6,0,1,0,0,0,0,0,"685878,170001","5322271,907",11.493182,48.026668621,0,1,#66c2a5,bicycle
95684,"9,21E+18",9,1,75,127,2021,6,22,7,3,0,1,2,1,0,0,0,0,0,"712506,506911","5341372,65246",11.859430131,48.190003339,1,1,#66c2a5,bicycle
95687,"9,21E+18",9,1,62,0,2021,6,9,3,3,2,6,0,0,1,0,0,0,0,"684211,387897","5342575,24003",11.479618921,48.20964989,0,2,#fc8d62,car
95689,"9,21E+18",9,1,82,137,2021,6,18,7,3,5,3,0,0,1,0,1,0,0,"709425,735001","5304338,455",11.7999321,47.858225213,0,2,#fc8d62,car
95690,"9,21E+18",9,1,90,148,2021,6,14,4,2,0,7,0,0,0,0,1,0,1,"644183,092699","5297829,72832",10.92612337,47.817654043,0,4,#e78ac3,marker
95695,"9,21E+18",9,1,85,158,2021,6,15,7,2,0,1,0,1,0,0,0,0,0,"666497,338891","5381331,46213",11.256734399,48.562948466,0,1,#66c2a5,bicycle
95697,"9,21E+18",9,1,87,117,2021,6,16,2,2,5,2,0,0,1,0,0,0,0,"724943,573657","5313199,22675",12.011730698,47.932594761,0,2,#fc8d62,car
95698,"9,21E+18",9,1,75,122,2021,6,17,4,3,9,1,0,0,1,0,0,0,0,"718922,839967","5324768,41026",11.937127861,48.03863314,0,2,#fc8d62,car
95715,"9,21E+18",9,1,74,115,2021,6,10,5,3,0,1,0,1,0,0,0,0,0,"680860,996033","5347674,38137",11.436739454,48.256447953,0,1,#66c2a5,bicycle
95716,"9,21E+18",9,1,75,111,2021,6,16,6,3,2,6,0,0,1,0,0,0,0,"713715,096195","5338527,34825",11.874240818,48.164031202,0,2,#fc8d62,car
95721,"9,21E+18",9,1,87,126,2021,6,17,4,3,0,2,0,0,1,0,0,0,0,"744698,725642","5327016,21564",12.283671312,48.049469295,0,2,#fc8d62,car
95723,"9,21E+18",9,2,61,0,2021,6,18,7,3,5,3,0,1,1,0,0,0,0,"730870,815149","5381868,03856",12.128394962,48.547376917,0,1,#66c2a5,bicycle
95726,"9,21E+18",9,7,61,0,2021,6,8,6,2,0,1,0,1,0,0,0,0,0,"642743,994538","5359731,25913",10.927611545,48.374593035,0,1,#66c2a5,bicycle
95728,"9,21E+18",9,1,82,125,2021,6,10,7,3,5,3,0,0,1,0,0,0,0,"712495,935388","5298331,04945",11.837980427,47.803232441,0,2,#fc8d62,car
95730,"9,21E+18",9,1,90,142,2021,6,17,5,3,5,3,0,0,1,0,0,0,0,"659712,176754","5298619,52079",11.133724047,47.821088214,0,2,#fc8d62,car
95733,"9,21E+18",9,1,84,129,2021,6,11,3,3,2,6,0,0,1,0,1,0,0,"699890,466977","5324067,01234",11.681760626,48.038571232,0,2,#fc8d62,car
95741,"9,21E+18",9,1,74,137,2021,6,17,1,3,2,6,0,0,1,0,0,0,0,"658661,620455","5351272,12012",11.139229335,48.294741074,0,2,#fc8d62,car
95742,"9,21E+18",9,1,84,121,2021,6,11,4,3,2,6,0,0,1,0,1,0,0,"705224,894333","5331222,0231",11.756677986,48.101178897,0,2,#fc8d62,car
95750,"9,21E+18",9,7,71,114,2021,5,11,1,3,0,7,0,1,0,0,0,0,0,"644870,338666","5375147,46049",10.961640659,48.512719002,0,1,#66c2a5,bicycle
95752,"9,21E+18",9,7,61,0,2021,6,22,6,1,8,1,2,0,1,0,0,0,0,"639188,126976","5350637,06076",10.876616119,48.293613983,0,2,#fc8d62,car
95753,"9,21E+18",9,1,81,111,2021,6,16,7,2,0,1,0,1,0,0,0,0,0,"645413,880718","5305018,15286",10.944971854,47.882017095,0,1,#66c2a5,bicycle
95758,"9,21E+18",9,1,86,143,2021,6,18,1,3,0,1,0,1,0,0,0,0,0,"685359,726222","5379907,57433",11.511521644,48.54485853,0,1,#66c2a5,bicycle
95774,"9,21E+18",9,1,78,155,2021,5,11,1,2,4,6,0,0,1,0,1,0,0,"716265,15629","5374520,45263",11.926952145,48.486566947,0,2,#fc8d62,car
95776,"9,21E+18",9,1,62,0,2021,6,8,5,3,2,6,0,0,1,0,0,0,0,"688539,621213","5335107,86683",11.534509334,48.141261653,0,2,#fc8d62,car
95796,"9,21E+18",9,7,74,144,2021,6,18,1,2,9,1,0,0,1,0,0,0,0,"613923,114707","5361957,36862",10.539183244,48.40047527,1,2,#fc8d62,car
95798,"9,21E+18",9,1,62,0,2021,6,16,7,3,5,2,0,1,1,0,0,0,0,"694708,404001","5340873,153",11.619986411,48.191219513,0,1,#66c2a5,bicycle
95804,"9,21E+18",9,1,84,132,2021,6,16,4,3,6,7,0,1,0,1,0,0,0,"683641,819484","5329563,53314",11.466345304,48.092858099,0,1,#66c2a5,bicycle
95805,"9,21E+18",9,7,77,167,2021,6,18,5,3,5,3,0,0,1,0,1,0,0,"618932,825243","5297386,58741",10.588834954,47.818831943,0,2,#fc8d62,car
95810,"9,21E+18",9,1,63,0,2021,5,8,2,3,5,2,0,0,1,0,0,1,0,"734285,123002","5304534,97099",12.131911683,47.851410065,0,2,#fc8d62,car
95811,"9,21E+18",9,1,74,118,2021,6,18,6,3,8,1,0,0,1,0,0,0,0,"672320,50424","5355973,57973",11.325160887,48.333432127,1,2,#fc8d62,car
95816,"9,21E+18",9,1,90,111,2021,6,22,3,3,5,3,2,0,1,0,0,0,0,"640725,73676","5298698,42646",10.880245178,47.826231401,0,2,#fc8d62,car
95818,"9,21E+18",9,1,84,136,2021,6,16,1,3,0,3,0,0,1,0,1,0,0,"697655,937017","5327971,41119",11.653619112,48.074357364,0,2,#fc8d62,car
95821,"9,21E+18",9,1,88,120,2021,7,19,7,3,0,7,0,1,0,0,0,0,0,"677166,48082","5326151,98939",11.378044855,48.064023697,0,1,#66c2a5,bicycle
95824,"9,21E+18",9,1,63,0,2021,6,10,7,3,4,6,0,1,0,0,0,0,0,"734043,673077","5304723,21824",12.128790801,47.85318923,0,1,#66c2a5,bicycle
95825,"9,21E+18",9,1,73,134,2021,6,7,2,2,5,3,0,0,1,0,1,0,0,"685196,212413","5301271,373",11.475014082,47.838095863,0,2,#fc8d62,car
95828,"9,21E+18",9,1,87,170,2021,6,12,5,3,5,3,0,0,1,0,0,1,0,"735341,647983","5320965,38679",12.15498561,47.998629886,0,2,#fc8d62,car
95829,"9,21E+18",9,7,61,0,2021,6,16,2,2,6,2,0,0,1,1,0,0,0,"639232,19376","5360875,20253",10.880594137,48.385663712,0,2,#fc8d62,car
95830,"9,21E+18",9,1,90,142,2021,7,14,5,3,5,3,0,1,1,0,0,0,0,"659697,791046","5297556,95894",11.133140471,47.811538045,1,1,#66c2a5,bicycle
95834,"9,21E+18",9,1,82,120,2021,6,12,3,3,5,3,0,0,1,0,0,0,0,"703157,905738","5306122,42642",11.717071266,47.876270404,0,2,#fc8d62,car
95836,"9,21E+18",9,7,77,112,2021,6,18,3,3,9,1,0,0,1,0,0,0,0,"626007,836604","5297459,83111",10.683331026,47.818143885,0,2,#fc8d62,car
95837,"9,21E+18",9,1,86,152,2021,6,11,1,3,2,6,0,0,1,0,0,0,0,"691208,916313","5375762,45018",11.588791281,48.505850229,0,2,#fc8d62,car
95842,"9,21E+18",9,1,75,132,2021,6,14,7,3,3,6,0,1,0,0,0,0,0,"705721,677987","5334881,94968",11.765108631,48.133908705,0,1,#66c2a5,bicycle
95843,"9,21E+18",9,1,87,179,2021,6,15,2,3,8,1,0,0,1,0,0,0,0,"724440,655397","5312780,19643",12.004788502,47.929006103,0,2,#fc8d62,car
95847,"9,21E+18",9,1,75,133,2021,7,17,5,3,5,3,0,1,1,0,0,0,0,"706530,235047","5340981,29306",11.778924328,48.188457689,1,1,#66c2a5,bicycle
95849,"9,21E+18",9,1,83,119,2021,7,10,7,2,0,7,0,0,0,0,1,0,1,"736765,447978","5337759,12526",12.183343851,48.148966064,0,4,#e78ac3,marker
95853,"9,21E+18",9,1,62,0,2021,6,12,7,3,2,6,0,0,1,0,0,0,0,"693187,934313","5338774,68914",11.59859491,48.172823565,0,2,#fc8d62,car
95860,"9,21E+18",9,1,84,134,2021,6,15,3,3,2,6,0,0,1,0,0,0,0,"693150,412094","5323419,85491",11.591140663,48.034828973,1,2,#fc8d62,car
95867,"9,21E+18",9,1,62,0,2021,6,14,2,3,5,2,0,1,1,0,0,0,0,"692104,26247","5340113,88295",11.584639088,48.185188362,0,1,#66c2a5,bicycle
95873,"9,21E+18",9,1,85,158,2021,6,8,3,3,5,3,0,1,1,0,0,0,0,"667655,781","5381634,573",11.272545432,48.565364473,0,1,#66c2a5,bicycle
95875,"9,21E+18",9,7,72,171,2021,6,13,6,3,8,7,0,1,0,0,0,0,0,"637735,866936","5372045,22768",10.864066477,48.486430225,0,1,#66c2a5,bicycle
95879,"9,21E+18",9,1,81,130,2021,6,16,4,3,8,1,0,1,0,0,0,0,0,"640505,287988","5325508,85184",10.886055273,48.067370009,0,1,#66c2a5,bicycle
95883,"9,21E+18",9,1,90,157,2021,6,15,4,3,5,3,0,0,1,0,1,0,0,"660496,991637","5300768,49131",11.144997861,47.84021461,0,2,#fc8d62,car
95885,"9,21E+18",9,1,82,134,2021,6,13,7,2,9,6,0,0,1,0,0,0,0,"703958,067593","5296216,2057",11.72309523,47.786986986,0,2,#fc8d62,car
95897,"9,21E+18",9,1,86,152,2021,6,13,6,3,2,6,0,0,1,0,0,0,1,"692103,475924","5375642,64368",11.600834694,48.504500609,0,2,#fc8d62,car
95898,"9,21E+18",9,7,62,0,2021,6,15,5,3,5,3,0,0,1,0,0,0,0,"622291,901366","5307135,29718",10.636448385,47.905879531,0,2,#fc8d62,car
95902,"9,21E+18",9,7,71,112,2021,6,15,6,3,9,1,0,0,0,0,1,0,0,"648631,067621","5369224,89627",11.010424603,48.458591184,1,4,#e78ac3,marker
95907,"9,21E+18",9,1,73,126,2021,6,8,2,2,4,6,0,0,1,0,0,0,0,"684319,573087","5305214,89182",11.464990256,47.873796364,0,2,#fc8d62,car
95912,"9,21E+18",9,1,79,145,2021,6,13,1,3,2,6,0,0,1,0,0,0,0,"674045,579824","5335279,48235",11.339913853,48.146934561,0,2,#fc8d62,car
95913,"9,21E+18",9,1,78,124,2021,6,16,2,2,3,6,0,0,1,0,1,0,0,"705927,773751","5363086,83729",11.781602669,48.387297255,0,2,#fc8d62,car
95915,"9,21E+18",9,1,84,134,2021,6,14,1,3,4,2,0,0,1,0,0,0,0,"694276,146696","5323339,12292",11.6061898,48.033761914,0,2,#fc8d62,car
95919,"9,21E+18",9,1,78,150,2021,7,13,6,3,2,6,0,0,1,0,0,0,0,"691436,529001","5370846,44",11.589618041,48.461599649,0,2,#fc8d62,car
95922,"9,21E+18",9,2,74,124,2021,6,4,4,3,7,7,1,0,0,0,1,0,0,"725969,418698","5375475,85943",12.058616481,48.49173717,0,4,#e78ac3,marker