OBJECTID,UIDENTSTLA,ULAND,UREGBEZ,UKREIS,UGEMEINDE,UJAHR,UMONAT,USTUNDE,UWOCHENTAG,UKATEGORIE,UART,UTYP1,ULICHTVERH,IstRad,IstPKW,IstFuss,IstKrad,IstGkfz,IstSonstig,LINREFX,LINREFY,XGCSWGS84,YGCSWGS84,STRZUSTAN,Teilnehmer,color,symbol
95926,"9,21E+18",9,7,61,0,2021,7,15,6,3,2,6,0,0,1,0,0,0,0,"643955,558193","5359029,27169",10.943722396,48.368005945,0,2,#fc8d62,car
95927,"9,21E+18",9,1,78,113,2021,6,10,7,2,0,1,0,0,0,0,1,0,0,"691522,345215","5369459,37088",11.590143065,48.449107575,0,4,#e78ac3,marker
95928,"9,21E+18",9,1,90,132,2021,6,7,4,3,2,6,0,0,1,0,0,0,0,"675452,206082","5293595,16595",11.341802649,47.771819782,0,2,#fc8d62,car
95937,"9,21E+18",9,1,62,0,2021,6,15,7,3,2,6,0,0,1,0,0,0,0,"688102,317932","5333831,58657",11.528073109,48.129919618,0,2,#fc8d62,car
95938,"9,21E+18",9,7,71,142,2021,6,7,5,3,0,6,0,1,0,0,0,0,0,"645303,436592","5353589,23276",10.960033773,48.318783679,0,1,#66c2a5,bicycle
95940,"9,21E+18",9,7,61,0,2021,6,10,5,2,0,1,0,1,0,1,0,0,0,"642033,921","5358906,378",10.917749704,48.367336294,0,1,#66c2a5,bicycle
95944,"9,21E+18",9,7,61,0,2021,6,13,3,3,3,6,0,0,1,0,0,1,0,"639845,66624","5353219,81242",10.886332344,48.316692673,0,2,#fc8d62,car
95948,"9,21E+18",9,7,61,0,2021,6,13,1,3,0,7,0,1,0,0,0,0,0,"639743,097755","5360824,39855",10.887474077,48.38509392,0,1,#66c2a5,bicycle
95949,"9,21E+18",9,1,81,114,2021,7,16,7,2,5,3,0,0,1,0,0,0,0,"656649,148","5315329,978",11.098897389,47.972090433,0,2,#fc8d62,car
95950,"9,21E+18",9,1,78,123,2021,6,14,3,2,3,6,0,0,1,0,0,0,0,"692477,14944","5359128,42325",11.598305623,48.355969266,0,2,#fc8d62,car
95960,"9,21E+18",9,1,73,112,2021,6,19,4,3,5,2,0,0,1,0,0,0,0,"693931,485778","5292846,73025",11.587868545,47.759797601,0,2,#fc8d62,car
95966,"9,21E+18",9,1,87,150,2021,6,17,4,3,2,6,0,0,1,0,0,0,0,"730072,549644","5303389,67827",12.075073993,47.84264179,0,2,#fc8d62,car
95968,"9,21E+18",9,1,78,150,2021,6,9,5,3,2,6,0,0,1,0,0,0,0,"691321,450627","5371275,89297",11.588259358,48.465494261,0,2,#fc8d62,car
95970,"9,21E+18",9,1,82,127,2021,6,17,5,3,2,6,0,0,1,0,0,0,0,"699989,938637","5309127,90553",11.676142704,47.90427664,0,2,#fc8d62,car
95971,"9,21E+18",9,7,72,121,2021,6,15,2,3,2,6,0,0,1,0,0,0,0,"634817,556514","5376347,48572",10.825981872,48.525748074,0,2,#fc8d62,car
95972,"9,21E+18",9,1,88,141,2021,7,15,5,3,5,3,0,0,1,0,0,1,0,"670740,273434","5309454,0092",11.285220383,47.915660886,1,2,#fc8d62,car
95981,"9,21E+18",9,1,90,157,2021,6,14,7,3,5,3,0,1,1,0,0,0,0,"660036,302878","5301018,80748",11.138937881,47.842580081,0,1,#66c2a5,bicycle
95982,"9,21E+18",9,1,62,0,2021,6,7,5,3,2,6,0,0,1,0,0,0,0,"693652,020591","5331587,09648",11.601562445,48.108082627,0,2,#fc8d62,car
95990,"9,21E+18",9,7,78,204,2021,6,1,1,2,4,1,2,1,0,0,0,0,1,"615471,074176","5326611,73564",10.55045097,48.082313077,0,1,#66c2a5,bicycle
95992,"9,21E+18",9,7,72,223,2021,6,21,2,3,3,6,1,0,1,0,0,1,0,"625078,655255","5364288,31948",10.690532285,48.419322132,1,2,#fc8d62,car
95993,"9,21E+18",9,1,88,120,2021,6,16,7,3,0,6,0,0,1,0,1,0,0,"677247,890004","5326497,70527",11.379279912,48.067108834,0,2,#fc8d62,car
95995,"9,21E+18",9,1,84,149,2021,6,15,7,3,2,6,0,0,1,0,0,0,0,"690051,515385","5349944,59807",11.56145793,48.274162663,0,2,#fc8d62,car
95996,"9,21E+18",9,1,62,0,2021,6,6,2,3,2,6,0,0,1,0,0,0,1,"699298,913023","5335034,37702",11.678950895,48.137322268,0,2,#fc8d62,car
95997,"9,21E+18",9,1,62,0,2021,6,8,5,3,1,6,0,0,1,0,0,0,0,"681007,622033","5341852,67464",11.436226506,48.204076663,0,2,#fc8d62,car
96001,"9,21E+18",9,1,73,112,2021,6,13,3,3,5,3,0,0,1,0,1,0,0,"693187,653323","5292822,30154",11.577942208,47.759801314,0,2,#fc8d62,car
96002,"9,21E+18",9,1,62,0,2021,7,10,5,3,3,6,0,0,1,0,0,0,0,"692591,474388","5339162,46681",11.590756065,48.176489815,1,2,#fc8d62,car
96006,"9,21E+18",9,1,87,122,2021,6,14,2,3,4,2,0,0,1,0,1,0,0,"717910,496002","5308229,707",11.915183168,47.890370027,0,2,#fc8d62,car
96009,"9,21E+18",9,1,74,135,2021,7,11,7,3,3,6,0,1,1,0,0,0,0,"663309,367791","5353506,01105",11.20271171,48.313641548,0,1,#66c2a5,bicycle
96015,"9,21E+18",9,1,62,0,2021,6,7,4,3,6,4,0,1,0,1,0,0,0,"686135,790652","5335260,15138",11.502293744,48.143338217,0,1,#66c2a5,bicycle
96021,"9,21E+18",9,1,78,120,2021,6,12,2,3,2,3,0,0,1,0,0,0,0,"695477,705261","5353301,46546",11.63606451,48.302680034,0,2,#fc8d62,car
96022,"9,21E+18",9,1,62,0,2021,6,9,3,3,2,6,0,0,1,0,0,0,0,"690525,489413","5331988,41764",11.559783026,48.112632519,1,2,#fc8d62,car
96025,"9,21E+18",9,1,87,126,2021,6,7,6,3,2,2,0,0,1,0,0,0,0,"741175,427005","5326819,44675",12.236359181,48.049042493,0,2,#fc8d62,car
96026,"9,21E+18",9,1,88,120,2021,6,9,6,2,0,1,0,1,0,0,0,0,0,"677183,629443","5326578,20231",11.378451442,48.0678503,0,1,#66c2a5,bicycle
96028,"9,21E+18",9,1,62,0,2021,6,15,6,3,3,6,0,0,1,0,0,0,1,"689427,118946","5339018,86477",11.54816895,48.176150241,0,2,#fc8d62,car
96030,"9,21E+18",9,7,71,149,2021,6,19,7,3,5,3,0,0,1,0,0,0,0,"653512,895219","5364917,16201",11.074834737,48.41869,0,2,#fc8d62,car
96032,"9,21E+18",9,7,72,171,2021,6,16,2,3,0,7,0,1,0,0,0,0,0,"638310,362625","5368707,87679",10.8707334,48.45629581,0,1,#66c2a5,bicycle
96035,"9,21E+18",9,1,87,167,2021,6,14,5,3,6,4,0,0,1,1,0,0,0,"740163,980364","5303160,79879",12.209611589,47.836896101,0,2,#fc8d62,car
96041,"9,21E+18",9,7,71,158,2021,6,21,6,3,0,1,1,1,0,0,0,0,0,"641222,684721","5372598,27409",10.911415719,48.490629175,0,1,#66c2a5,bicycle
96043,"9,21E+18",9,1,82,136,2021,6,16,4,3,5,3,0,1,0,1,0,0,0,"702791,722894","5301873,72127",11.710187403,47.838201637,0,1,#66c2a5,bicycle
96044,"9,21E+18",9,1,79,121,2021,6,7,2,3,5,3,0,0,1,0,0,0,0,"666127,372529","5338492,21513",11.23480023,48.177934583,0,2,#fc8d62,car
96049,"9,21E+18",9,7,62,0,2021,6,1,5,3,9,1,2,0,1,0,0,0,0,"621254,085356","5304471,2026",10.621818091,47.882116382,0,2,#fc8d62,car
96050,"9,21E+18",9,7,61,0,2021,6,16,3,3,2,1,0,0,1,0,0,0,0,"641602,169878","5357757,10532",10.911536723,48.357099497,0,2,#fc8d62,car
96056,"9,21E+18",9,1,77,113,2021,6,19,3,3,5,3,0,0,1,0,0,0,0,"722305,368392","5352918,36271",11.997157093,48.290382598,0,2,#fc8d62,car
96057,"9,21E+18",9,1,84,148,2021,6,13,4,3,0,1,0,1,0,0,0,0,0,"694921,202144","5326446,55692",11.616248876,48.06149414,0,1,#66c2a5,bicycle
96066,"9,21E+18",9,2,74,124,2021,6,3,7,3,0,1,2,1,0,0,0,0,0,"722378,344144","5374464,13276",12.009541411,48.483928501,0,1,#66c2a5,bicycle
96069,"9,21E+18",9,1,87,165,2021,7,14,6,3,2,6,0,0,1,0,0,0,0,"733641,432316","5299620,64605",12.120669598,47.807493635,0,2,#fc8d62,car
96070,"9,21E+18",9,1,74,111,2021,6,14,7,3,8,6,0,1,1,0,0,0,0,"663864,004176","5361823,78957",11.213424492,48.388274276,0,1,#66c2a5,bicycle
96075,"9,21E+18",9,7,72,147,2021,6,6,1,2,2,6,0,0,1,0,0,0,0,"638195,75138","5364794,07575",10.867893017,48.421129239,0,2,#fc8d62,car
96076,"9,21E+18",9,2,61,0,2021,7,8,7,2,6,4,0,0,1,1,0,0,0,"730971,812812","5381913,32644",12.129786506,48.54774656,0,2,#fc8d62,car
96077,"9,21E+18",9,7,62,0,2021,6,17,2,3,1,2,0,0,1,1,0,0,0,"622281,244212","5307157,4061",10.636312105,47.906080403,0,2,#fc8d62,car
96079,"9,21E+18",9,1,74,115,2021,6,16,3,3,5,3,0,1,1,0,0,0,0,"679860,437355","5348596,05368",11.423663315,48.265017382,1,1,#66c2a5,bicycle
96081,"9,21E+18",9,1,85,158,2021,6,18,5,3,2,6,0,0,1,0,0,0,0,"669127,178917","5380415,24043",11.291977934,48.55400853,1,2,#fc8d62,car
96085,"9,21E+18",9,1,88,120,2021,6,14,3,3,2,6,0,0,1,0,1,0,0,"676710,660719","5323313,23268",11.37075973,48.038631423,0,2,#fc8d62,car
96088,"9,21E+18",9,7,72,223,2021,6,15,3,3,8,1,0,0,1,0,0,1,0,"624784,289879","5364332,61434",10.686568691,48.419778831,1,2,#fc8d62,car
96093,"9,21E+18",9,1,62,0,2021,7,7,6,3,2,6,0,0,1,0,0,0,0,"690482,398001","5331978,84",11.559200398,48.112559324,0,2,#fc8d62,car
96096,"9,21E+18",9,1,63,0,2021,6,22,7,3,4,2,2,0,1,0,0,0,0,"733579,549914","5300847,04908",12.120505003,47.818534248,0,2,#fc8d62,car
96098,"9,21E+18",9,1,75,133,2021,6,18,5,3,0,1,0,0,0,0,1,0,0,"710464,167001","5342154,473",11.832371441,48.197708635,1,4,#e78ac3,marker
96099,"9,21E+18",9,2,74,194,2021,6,14,1,3,5,3,0,0,1,0,0,0,0,"721125,14436","5378963,78346",11.994988502,48.524795785,0,2,#fc8d62,car
96101,"9,21E+18",9,7,72,147,2021,6,19,2,3,3,6,0,0,1,0,0,0,0,"631605,850392","5364459,1921",10.77876273,48.419529032,0,2,#fc8d62,car
96112,"9,21E+18",9,1,75,127,2021,6,16,6,3,5,3,0,0,1,0,1,0,0,"713394,927133","5341693,20963",11.871529982,48.192585907,0,2,#fc8d62,car
96114,"9,21E+18",9,7,61,0,2021,6,0,6,2,8,1,2,0,1,0,0,0,0,"641632,435","5361670,148",10.913263314,48.392277143,1,2,#fc8d62,car
96116,"9,21E+18",9,1,77,113,2021,6,22,1,3,9,1,2,0,1,0,0,0,0,"720475,73701","5356820,26088",11.974562753,48.326079367,0,2,#fc8d62,car
96122,"9,21E+18",9,1,74,126,2021,6,17,7,3,1,3,0,1,1,0,0,0,0,"683005,429123","5344534,9028",11.464247188,48.227613191,0,1,#66c2a5,bicycle
96123,"9,21E+18",9,1,83,138,2021,6,7,3,3,0,1,0,1,0,0,0,0,0,"745985,880654","5346522,71674",12.31217674,48.224181562,0,1,#66c2a5,bicycle
96124,"9,21E+18",9,1,81,115,2021,6,15,1,3,3,6,0,0,1,0,1,0,0,"657498,662614","5327057,73954",11.114582162,48.077326542,0,2,#fc8d62,car
96126,"9,21E+18",9,7,71,130,2021,6,6,1,3,8,1,1,0,1,0,0,0,0,"647897,789158","5362779,21338",10.998238025,48.400810666,0,2,#fc8d62,car
96129,"9,21E+18",9,1,87,167,2021,7,10,6,2,5,3,0,0,1,0,0,0,0,"741999,189813","5305229,83968",12.23525435,47.85479457,0,2,#fc8d62,car
96135,"9,21E+18",9,1,86,132,2021,6,16,2,3,0,1,0,1,0,0,0,0,0,"678330,385731","5367602,55094",11.411115393,48.436293386,0,1,#66c2a5,bicycle
96136,"9,21E+18",9,7,77,112,2021,7,12,6,3,5,3,0,0,1,0,0,0,1,"623438,388","5296011,039",10.648608195,47.80561192,0,2,#fc8d62,car
96139,"9,21E+18",9,1,79,119,2021,7,18,5,3,6,6,0,1,0,1,0,0,0,"668579,837832","5338563,09882",11.267793098,48.177925904,1,1,#66c2a5,bicycle
96141,"9,21E+18",9,2,61,0,2021,6,5,3,3,5,3,0,0,1,0,0,0,1,"731821,756993","5381189,9438",12.14088319,48.540935083,0,2,#fc8d62,car
96157,"9,21E+18",9,1,87,179,2021,7,16,7,3,8,1,0,0,0,0,1,0,0,"723305,802526","5309597,46883",11.98796833,47.900805399,0,4,#e78ac3,marker
96161,"9,21E+18",9,1,88,121,2021,6,20,5,3,9,1,2,0,1,0,0,0,0,"672247,902816","5329593,7236",11.313468568,48.096310927,1,2,#fc8d62,car
96162,"9,21E+18",9,1,73,141,2021,6,13,1,3,2,6,0,1,0,0,0,0,0,"695000,255119","5297381,75969",11.604151495,47.800237188,0,1,#66c2a5,bicycle
96169,"9,21E+18",9,1,63,0,2021,6,17,4,3,2,6,0,1,1,0,0,0,0,"731842,567732","5301558,17787",12.097715413,47.825551338,0,1,#66c2a5,bicycle
96170,"9,21E+18",9,7,61,0,2021,6,7,1,3,8,1,0,0,1,0,0,0,0,"639653,191262","5352352,76977",10.883450525,48.308938915,0,2,#fc8d62,car
96171,"9,21E+18",9,1,73,126,2021,6,15,4,3,2,6,0,0,1,0,1,0,0,"684328,885292","5305209,31993",11.465112296,47.873743605,1,2,#fc8d62,car
96173,"9,21E+18",9,1,62,0,2021,7,14,6,3,2,6,0,0,1,0,0,0,0,"687617,936232","5327263,45988",11.518682316,48.071026179,0,2,#fc8d62,car
96175,"9,21E+18",9,7,61,0,2021,6,10,2,3,2,1,0,0,1,0,0,0,0,"641398,089162","5355150,15009",10.907907953,48.333704409,0,2,#fc8d62,car
96178,"9,21E+18",9,7,61,0,2021,6,11,4,3,0,1,0,1,0,0,0,0,0,"642373,03302","5357553,81287",10.921868026,48.355098236,0,1,#66c2a5,bicycle
96180,"9,21E+18",9,7,77,172,2021,6,13,4,3,0,1,0,1,0,0,0,0,0,"626994,31944","5304142,90109",10.698465195,47.87805393,0,1,#66c2a5,bicycle
96181,"9,21E+18",9,1,84,139,2021,6,13,2,2,5,3,0,0,1,0,0,0,0,"686503,417696","5323813,23835",11.502231255,48.040340714,0,2,#fc8d62,car
96192,"9,21E+18",9,1,62,0,2021,6,11,5,3,0,1,0,1,0,0,0,0,0,"697083,973177","5333644,80579",11.648568409,48.125523523,0,1,#66c2a5,bicycle
96195,"9,21E+18",9,1,79,138,2021,6,7,2,3,9,1,0,0,1,0,0,0,0,"655061,082898","5335549,54482",11.084965779,48.154274223,0,2,#fc8d62,car
96199,"9,21E+18",9,7,74,198,2021,6,7,4,3,4,3,0,0,1,0,0,0,0,"613996,714834","5349093,06486",10.536694936,48.284768121,1,2,#fc8d62,car
96205,"9,21E+18",9,7,77,151,2021,6,10,7,3,8,1,0,0,1,0,0,0,0,"621340,062","5293367,262",10.619855884,47.782233025,0,2,#fc8d62,car
96206,"9,21E+18",9,1,62,0,2021,6,13,5,3,0,1,0,1,0,0,0,0,0,"696504,848108","5333727,73638",11.640832495,48.126447873,0,1,#66c2a5,bicycle
96214,"9,21E+18",9,1,87,142,2021,6,16,2,2,5,2,0,0,1,0,1,0,0,"733576,627002","5311452,62299",12.126195824,47.913815941,0,2,#fc8d62,car
96216,"9,21E+18",9,1,78,116,2021,6,8,2,3,2,6,0,0,1,0,0,0,0,"703546,360029","5378681,11828",11.757057477,48.528201393,0,2,#fc8d62,car
96217,"9,21E+18",9,7,72,207,2021,7,17,6,3,5,3,0,1,1,0,0,0,0,"638691,895657","5380466,7412",10.879798872,48.561942237,0,1,#66c2a5,bicycle
96218,"9,21E+18",9,1,88,120,2021,6,12,3,3,2,6,0,0,1,0,0,0,0,"677060,218302","5326684,05403",11.37684013,48.068836104,0,2,#fc8d62,car
96220,"9,21E+18",9,1,90,144,2021,6,19,2,3,9,1,0,0,1,0,0,0,0,"659161,787709","5308357,49912",11.129961781,47.908780581,0,2,#fc8d62,car
96222,"9,21E+18",9,1,83,119,2021,6,12,1,3,3,2,0,0,1,0,0,0,0,"736917,531544","5337361,6255",12.185164182,48.145338693,0,2,#fc8d62,car
96226,"9,21E+18",9,7,72,202,2021,7,7,5,3,5,3,0,1,1,0,0,0,0,"636506,942919","5358056,57813",10.842889331,48.36091448,0,1,#66c2a5,bicycle
96229,"9,21E+18",9,1,90,140,2021,6,15,4,2,3,6,0,0,1,0,0,0,0,"646610,823623","5300791,01903",10.959538223,47.843733919,0,2,#fc8d62,car
96235,"9,21E+18",9,1,62,0,2021,6,8,3,3,3,6,0,0,0,0,1,1,0,"684743,294309","5332040,39542",11.48219631,48.114803233,0,4,#e78ac3,marker
96238,"9,21E+18",9,1,87,169,2021,6,7,2,3,9,7,0,0,0,0,0,0,1,"738488,601327","5300759,66895",12.185935674,47.815948902,0,6,#ffd92f,circle
96240,"9,21E+18",9,7,77,155,2021,6,13,7,3,3,6,0,0,1,0,1,0,0,"632008,870209","5312325,3407",10.768004826,47.9506275,0,2,#fc8d62,car
96241,"9,21E+18",9,1,74,126,2021,6,17,5,3,0,1,0,1,0,0,0,0,0,"683080,014797","5344470,94059",11.465222923,48.227016745,0,1,#66c2a5,bicycle
96242,"9,21E+18",9,1,62,0,2021,6,6,2,3,5,3,0,1,1,0,0,0,0,"701700,257318","5335217,64074",11.711278982,48.138212676,0,1,#66c2a5,bicycle
96243,"9,21E+18",9,1,62,0,2021,6,7,4,3,5,2,0,0,1,0,0,0,0,"695008,724034","5333476,07461",11.620632809,48.124646103,0,2,#fc8d62,car
96246,"9,21E+18",9,7,61,0,2021,6,6,6,3,3,6,0,1,1,0,0,0,0,"640718,444789","5360398,5563",10.900497724,48.381048078,0,1,#66c2a5,bicycle
96247,"9,21E+18",9,7,72,223,2021,6,20,2,3,8,1,1,0,1,0,0,0,0,"623707,664144","5364159,27466",10.671972497,48.418432365,1,2,#fc8d62,car
96250,"9,21E+18",9,2,74,124,2021,6,19,1,3,4,6,0,1,0,0,0,0,0,"722333,646249","5374446,89225",12.008928194,48.483789419,0,1,#66c2a5,bicycle
96255,"9,21E+18",9,7,71,122,2021,6,18,6,3,2,6,0,0,1,0,0,0,0,"652465,14383","5362334,69527",11.059745002,48.395726162,0,2,#fc8d62,car
96257,"9,21E+18",9,1,62,0,2021,6,8,3,3,3,2,0,1,1,0,0,0,0,"697631,711572","5333544,82122",11.655874797,48.124455131,0,1,#66c2a5,bicycle
96258,"9,21E+18",9,1,78,155,2021,6,14,2,3,8,1,0,0,1,0,0,0,0,"712430,049301","5376047,42183",11.875892609,48.501594432,0,2,#fc8d62,car
96265,"9,21E+18",9,1,82,133,2021,6,7,2,2,2,6,0,0,0,0,1,0,1,"705258,651001","5310713,903",11.747317487,47.916866037,0,4,#e78ac3,marker
96268,"9,21E+18",9,7,61,0,2021,6,14,2,3,2,6,0,0,1,0,0,0,1,"639184,912962","5350624,21528",10.876568576,48.293499185,0,2,#fc8d62,car
96272,"9,21E+18",9,1,85,131,2021,6,13,7,3,4,6,0,0,1,0,0,0,0,"667711,043566","5374769,43378",11.270531355,48.503637127,0,2,#fc8d62,car
96273,"9,21E+18",9,1,63,0,2021,6,8,3,3,3,3,0,1,1,0,0,0,0,"732610,989417","5302055,68888",12.108234046,47.829743732,0,1,#66c2a5,bicycle
96278,"9,21E+18",9,1,84,118,2021,6,14,5,3,5,2,0,0,1,0,1,0,0,"703024,807001","5336253,835",11.729556868,48.147103488,0,2,#fc8d62,car
96281,"9,21E+18",9,1,78,113,2021,6,10,7,3,4,6,0,0,1,0,1,0,0,"691480,748341","5365769,36761",11.587895356,48.415957012,0,2,#fc8d62,car
96285,"9,21E+18",9,1,84,112,2021,7,12,5,3,2,6,0,0,1,0,0,0,0,"702300,04157","5340261,1267",11.721730263,48.18334699,0,2,#fc8d62,car
96300,"9,21E+18",9,2,61,0,2021,6,17,2,2,5,3,0,0,1,0,0,0,0,"734967,2773","5381183,62951",12.183429264,48.539708527,0,2,#fc8d62,car
96303,"9,21E+18",9,1,88,141,2021,7,18,7,1,4,6,0,0,1,0,1,0,0,"667233,555222","5310014,3447",11.238540658,47.921622668,0,2,#fc8d62,car
96304,"9,21E+18",9,7,72,170,2021,6,12,2,3,5,3,0,0,1,0,0,0,0,"630646,53359","5334165,59602",10.756435614,48.147313952,0,2,#fc8d62,car
96315,"9,21E+18",9,1,75,112,2021,6,11,4,3,5,3,0,0,1,0,1,0,0,"724047,145065","5319129,61909",12.002834616,47.986192661,0,2,#fc8d62,car
96322,"9,21E+18",9,7,72,202,2021,6,17,3,3,2,6,0,0,1,0,0,0,0,"637297,421894","5358451,76325",10.853684246,48.364296532,0,2,#fc8d62,car
96328,"9,21E+18",9,1,81,128,2021,7,9,5,3,1,6,0,0,1,0,0,0,0,"638584,987285","5326918,80158",10.860749759,48.080468859,1,2,#fc8d62,car
96336,"9,21E+18",9,7,61,0,2021,6,15,5,3,2,6,0,0,1,0,0,0,0,"641389,631088","5357507,82889",10.908585496,48.354905725,0,2,#fc8d62,car
96341,"9,21E+18",9,1,75,132,2021,6,12,7,3,0,1,0,1,0,0,0,0,0,"706215,633509","5331003,35293",11.769864334,48.098893955,0,1,#66c2a5,bicycle
96349,"9,21E+18",9,7,77,158,2021,6,11,6,3,5,3,0,0,1,0,0,0,0,"621569,484845","5309214,70612",10.627371879,47.924718417,0,2,#fc8d62,car
96352,"9,21E+18",9,2,74,134,2021,6,21,5,3,4,6,2,0,1,0,0,0,0,"738517,860856","5376253,01042",12.228636585,48.494082037,1,2,#fc8d62,car
96361,"9,21E+18",9,2,74,146,2021,6,18,7,3,4,2,0,0,1,0,0,0,0,"733338,409673","5377624,90604",12.159404975,48.50834946,0,2,#fc8d62,car
96362,"9,21E+18",9,1,62,0,2021,6,15,5,3,3,6,2,0,1,0,0,1,0,"687392,536007","5332696,51359",11.518044263,48.11992661,0,2,#fc8d62,car
96364,"9,21E+18",9,1,63,0,2021,7,13,6,3,5,3,0,1,1,0,0,0,0,"730718,484067","5303417,85234",12.083709448,47.842663478,0,1,#66c2a5,bicycle
96365,"9,21E+18",9,7,72,171,2021,6,17,6,3,5,3,0,0,1,0,0,0,0,"637404,454393","5372220,63513",10.859641409,48.488079967,0,2,#fc8d62,car
96369,"9,21E+18",9,7,71,112,2021,6,13,4,3,3,6,0,1,0,0,0,0,0,"644199,250701","5367024,762",10.949757608,48.439840522,0,1,#66c2a5,bicycle
96377,"9,21E+18",9,1,84,129,2021,6,15,1,3,3,6,0,0,1,0,1,1,0,"701770,414248","5326810,4225",11.70824661,48.062635167,0,2,#fc8d62,car
96379,"9,21E+18",9,1,62,0,2021,6,12,1,2,3,3,0,0,1,0,0,0,1,"690119,927866","5328655,11328",11.552855168,48.08279368,0,2,#fc8d62,car
96380,"9,21E+18",9,7,72,223,2021,6,21,2,3,3,6,1,0,1,0,0,1,0,"625077,511766","5364288,46805",10.690516881,48.419323695,1,2,#fc8d62,car
96383,"9,21E+18",9,1,75,135,2021,7,10,6,3,5,3,0,0,1,0,0,0,0,"709067,746632","5338889,8535",11.81199607,48.168833871,0,2,#fc8d62,car
96386,"9,21E+18",9,1,73,130,2021,6,19,4,3,5,3,0,0,1,0,0,0,0,"680726,328194","5310709,64483",11.41928229,47.924211714,0,2,#fc8d62,car
96390,"9,21E+18",9,1,84,142,2021,7,20,6,3,0,1,0,0,0,0,1,0,0,"683489,873682","5317134,11728",11.45898129,47.981176139,0,4,#e78ac3,marker
96391,"9,21E+18",9,1,63,0,2021,6,7,6,3,3,6,0,1,1,0,0,0,0,"734201,617089","5304600,68235",12.130832672,47.852030843,0,1,#66c2a5,bicycle
96392,"9,21E+18",9,7,73,182,2021,6,12,2,3,5,3,0,0,1,0,0,1,0,"624428,9197","5379091,3187",10.686162756,48.552567245,0,2,#fc8d62,car
96398,"9,21E+18",9,1,90,157,2021,6,7,5,3,1,6,0,0,1,0,0,0,0,"663764,18544","5298911,7295",11.187928259,47.822696796,0,2,#fc8d62,car
96399,"9,21E+18",9,2,61,0,2021,6,13,3,3,5,3,0,1,1,0,0,0,0,"733536,630525","5381288,97373",12.164136219,48.541188805,0,1,#66c2a5,bicycle
96400,"9,21E+18",9,1,84,142,2021,7,15,5,3,2,1,0,0,1,0,0,0,0,"680843,994749","5316918,72945",11.423465794,47.979993318,1,2,#fc8d62,car
96401,"9,21E+18",9,7,62,0,2021,6,7,6,3,3,6,0,0,1,0,1,0,0,"618790,146952","5303493,40667",10.588606325,47.873782853,0,2,#fc8d62,car
96403,"9,21E+18",9,1,77,126,2021,6,6,2,2,2,6,0,0,1,0,0,0,0,"717028,745446","5367673,77411",11.933723162,48.424788807,0,2,#fc8d62,car
96405,"9,21E+18",9,1,86,125,2021,6,14,1,3,5,2,0,0,1,0,0,0,0,"673154,18728","5373597,51689",11.343673459,48.491626305,0,2,#fc8d62,car
96407,"9,21E+18",9,1,87,117,2021,6,5,6,3,1,5,0,0,1,0,0,0,0,"725372,731256","5306057,58663",12.013738499,47.868277319,0,2,#fc8d62,car
96410,"9,21E+18",9,1,73,118,2021,6,14,7,2,0,1,0,1,0,0,0,0,0,"693972,027332","5309201,99452",11.595734842,47.906790306,0,1,#66c2a5,bicycle
96411,"9,21E+18",9,7,72,159,2021,6,12,4,3,4,1,0,0,1,0,0,1,0,"628148,495089","5363195,88815",10.73167028,48.408881602,0,2,#fc8d62,car
96412,"9,21E+18",9,1,84,134,2021,6,1,7,3,8,1,2,0,1,0,0,0,0,"694397,689792","5321384,66321",11.606931995,48.016158597,0,2,#fc8d62,car
96413,"9,21E+18",9,1,75,113,2021,6,17,5,3,4,1,0,0,1,0,0,0,0,"717938,475002","5318921,976",11.920968348,47.986436988,0,2,#fc8d62,car
96414,"9,21E+18",9,1,77,117,2021,6,18,3,3,5,3,0,0,1,0,0,0,0,"716002,783001","5355091,119",11.913412013,48.312086994,0,2,#fc8d62,car
96418,"9,21E+18",9,2,74,134,2021,6,15,7,2,9,1,0,0,0,0,1,0,0,"743789,906746","5375321,19775",12.299334862,48.483690486,0,4,#e78ac3,marker
96422,"9,21E+18",9,1,84,123,2021,6,11,7,3,4,1,0,1,1,0,0,0,0,"704602,637353","5331476,94895",11.748451736,48.103669941,0,1,#66c2a5,bicycle
96424,"9,21E+18",9,1,85,113,2021,6,20,7,2,0,1,0,0,0,0,1,0,0,"669220,261223","5378028,12229",11.292268631,48.532525324,0,4,#e78ac3,marker
96427,"9,21E+18",9,1,74,131,2021,7,21,6,2,9,1,1,0,0,0,1,0,0,"677628,797582","5366114,87791",11.401007863,48.423119576,0,4,#e78ac3,marker
96428,"9,21E+18",9,1,79,118,2021,6,10,7,3,2,7,0,1,0,0,0,0,0,"673284,015937","5338750,55044",11.331098117,48.178345573,0,1,#66c2a5,bicycle
96434,"9,21E+18",9,1,88,132,2021,6,8,2,3,4,6,0,0,1,0,0,0,0,"666040,88869","5321208,26886",11.226913289,48.022570966,0,2,#fc8d62,car
96439,"9,21E+18",9,1,77,114,2021,6,6,2,3,0,7,0,0,1,0,0,0,0,"720526,847579","5345907,01526",11.96955857,48.228010051,0,2,#fc8d62,car
96449,"9,21E+18",9,1,62,0,2021,6,18,3,3,2,6,0,0,1,0,0,0,0,"694678,563791","5334389,98586",11.61661824,48.13296101,0,2,#fc8d62,car