OBJECTID,UIDENTSTLA,ULAND,UREGBEZ,UKREIS,UGEMEINDE,UJAHR,UMONAT,USTUNDE,UWOCHENTAG,UKATEGORIE,UART,UTYP1,ULICHTVERH,IstRad,IstPKW,IstFuss,IstKrad,IstGkfz,IstSonstig,LINREFX,LINREFY,XGCSWGS84,YGCSWGS84,STRZUSTAN,Teilnehmer,color,symbol
96451,"9,21E+18",9,1,90,132,2021,6,17,4,3,1,7,0,1,1,0,0,0,0,"675565,213913","5293500,37957",11.343271387,47.770936877,1,1,#66c2a5,bicycle
96453,"9,21E+18",9,7,71,113,2021,7,16,6,3,1,2,0,0,1,0,0,0,0,"657246,475305","5369944,65881",11.127148141,48.462967971,0,2,#fc8d62,car
96457,"9,21E+18",9,1,62,0,2021,6,9,4,3,2,6,0,0,1,0,0,0,0,"694984,436971","5332961,9616",11.620071632,48.120032912,0,2,#fc8d62,car
96467,"9,21E+18",9,1,88,126,2021,6,7,3,2,3,6,0,0,1,0,1,1,0,"659748,325253","5330180,90094",11.145932879,48.104846403,0,2,#fc8d62,car
96468,"9,21E+18",9,1,62,0,2021,7,18,5,3,5,2,0,0,1,0,0,0,0,"692106,427978","5341883,47362",11.58546872,48.201092285,0,2,#fc8d62,car
96470,"9,21E+18",9,1,73,126,2021,6,16,4,3,2,6,0,0,1,0,0,0,0,"684519,014219","5305096,15172",11.467604211,47.872671734,0,2,#fc8d62,car
96473,"9,21E+18",9,1,62,0,2021,6,15,3,3,5,2,0,0,1,0,1,0,0,"684233,556986","5335412,57549",11.476812165,48.145261979,0,2,#fc8d62,car
96478,"9,21E+18",9,1,83,118,2021,6,11,7,2,8,1,0,1,0,0,0,0,0,"743626,562281","5338367,18896",12.275786258,48.151837607,0,1,#66c2a5,bicycle
96479,"9,21E+18",9,1,62,0,2021,6,9,4,3,2,6,0,0,1,0,0,0,0,"682620,255494","5337262,95031",11.455937962,48.162359559,0,2,#fc8d62,car
96487,"9,21E+18",9,1,78,129,2021,6,16,2,3,8,3,0,0,0,0,1,0,0,"710728,041001","5371408,538",11.850542215,48.460485882,0,4,#e78ac3,marker
96491,"9,21E+18",9,1,63,0,2021,6,23,5,3,3,6,2,1,1,0,0,0,0,"734803,794002","5304914,32799",12.139040386,47.85462893,1,1,#66c2a5,bicycle
96492,"9,21E+18",9,1,79,130,2021,6,7,6,3,5,3,0,0,1,0,0,0,0,"658467,5174","5336989,2774",11.131272848,48.166378713,0,2,#fc8d62,car
96493,"9,21E+18",9,7,72,202,2021,6,16,3,3,1,6,0,0,1,0,0,0,0,"637147,066763","5357926,88295",10.85148426,48.359609538,0,2,#fc8d62,car
96494,"9,21E+18",9,1,84,112,2021,6,15,7,2,2,6,0,0,1,0,1,0,0,"701939,305618","5340529,88995",11.717010358,48.18587706,0,2,#fc8d62,car
96496,"9,21E+18",9,1,74,131,2021,6,14,1,2,5,3,0,0,1,0,1,0,0,"676414,209001","5358395,516",11.381363688,48.354073161,0,2,#fc8d62,car
96516,"9,21E+18",9,7,78,204,2021,6,18,1,3,8,1,0,0,0,0,1,0,0,"612842,491783","5332055,93876",10.516609661,48.131748239,0,4,#e78ac3,marker
96518,"9,21E+18",9,1,81,137,2021,6,18,7,3,9,1,0,0,0,0,1,0,0,"650512,178071","5308728,33348",11.014415107,47.914203205,0,4,#e78ac3,marker
96519,"9,21E+18",9,1,88,144,2021,6,14,3,3,2,6,0,0,1,0,0,0,0,"668100,879687","5327471,22324",11.256979673,48.078337018,0,2,#fc8d62,car
96529,"9,21E+18",9,1,88,137,2021,6,15,4,3,0,1,0,1,0,0,0,0,0,"673731,159337","5316285,15252",11.327974591,47.976268509,0,1,#66c2a5,bicycle
96534,"9,21E+18",9,1,79,123,2021,6,6,6,3,5,3,0,1,0,0,0,0,0,"676415,236716","5333682,7344",11.371082592,48.131928232,0,1,#66c2a5,bicycle
96537,"9,21E+18",9,7,78,203,2021,6,23,4,3,8,1,2,0,1,0,0,0,0,"622909,383981","5321627,3739",10.648852503,48.03609617,1,2,#fc8d62,car
96538,"9,21E+18",9,1,62,0,2021,6,15,7,3,2,6,0,1,1,0,0,0,0,"686236,909744","5333306,43163",11.502797677,48.125747852,0,1,#66c2a5,bicycle
96539,"9,21E+18",9,1,63,0,2021,6,8,5,3,5,3,0,1,1,0,0,0,0,"733582,417751","5303192,38028",12.121807837,47.839603877,0,1,#66c2a5,bicycle
96545,"9,21E+18",9,2,74,183,2021,6,16,3,2,0,2,0,1,1,0,0,0,0,"742218,440815","5364507,01217",12.271854312,48.38716702,0,1,#66c2a5,bicycle
96552,"9,21E+18",9,7,72,177,2021,6,11,6,3,2,2,0,0,1,0,0,0,0,"637759,796456","5380356,5174",10.867135933,48.561156675,1,2,#fc8d62,car
96558,"9,21E+18",9,1,82,127,2021,7,11,7,3,2,6,0,0,1,0,0,0,0,"702047,315344","5312636,65306",11.705286401,47.935166123,0,2,#fc8d62,car
96560,"9,21E+18",9,1,75,135,2021,6,9,7,3,5,3,0,0,1,0,0,0,0,"708987,993457","5339468,28306",11.811209029,48.174057908,0,2,#fc8d62,car
96569,"9,21E+18",9,7,62,0,2021,6,16,3,3,5,3,0,1,1,0,0,0,0,"622697,935414","5306449,07427",10.641684223,47.899630344,1,1,#66c2a5,bicycle
96573,"9,21E+18",9,1,74,115,2021,6,17,6,3,0,7,0,1,0,0,0,0,0,"682665,998233","5350437,85793",11.462228686,48.280769611,0,1,#66c2a5,bicycle
96579,"9,21E+18",9,1,84,112,2021,7,14,5,3,2,6,0,0,1,0,0,0,0,"702338,636001","5340229,192",11.722233695,48.183047712,0,2,#fc8d62,car
96590,"9,21E+18",9,1,86,162,2021,7,12,6,3,2,6,0,0,1,0,0,0,0,"689049,703995","5384527,50966",11.563566176,48.585278175,0,2,#fc8d62,car
96592,"9,21E+18",9,1,62,0,2021,6,9,3,3,5,3,0,0,1,0,0,0,1,"677942,925363","5335310,09579",11.392276713,48.146131496,0,2,#fc8d62,car
96593,"9,21E+18",9,2,74,134,2021,6,13,4,2,6,4,0,0,1,1,0,0,0,"740542,052252","5373696,31554",12.254519678,48.47034675,0,2,#fc8d62,car
96597,"9,21E+18",9,7,72,147,2021,7,13,6,3,2,7,0,0,1,0,0,0,0,"639012,022531","5365261,98893",10.879074945,48.425156979,0,2,#fc8d62,car
96599,"9,21E+18",9,1,77,120,2021,6,16,3,3,2,6,0,0,1,0,0,0,0,"720392,564807","5361208,75438",11.975738627,48.36553681,0,2,#fc8d62,car
96602,"9,21E+18",9,1,81,128,2021,6,19,1,3,5,2,0,0,1,0,0,0,0,"638561,736","5327018,369",10.860470034,48.081369255,0,2,#fc8d62,car
96605,"9,21E+18",9,1,73,130,2021,6,11,3,3,3,7,0,0,1,0,0,0,0,"679439,370226","5310816,87559",11.402114883,47.925537164,0,2,#fc8d62,car
96607,"9,21E+18",9,7,71,122,2021,6,16,6,3,2,6,0,0,1,0,0,0,0,"651075,546657","5362343,10417",11.040987555,48.39613622,0,2,#fc8d62,car
96609,"9,21E+18",9,1,62,0,2021,6,13,3,3,5,2,0,1,1,0,0,0,0,"696790,673863","5333692,11058",11.644653023,48.126039399,0,1,#66c2a5,bicycle
96611,"9,21E+18",9,1,87,122,2021,6,10,4,3,2,6,0,0,1,0,0,0,0,"717908,312223","5308217,58078",11.915147872,47.890261806,0,2,#fc8d62,car
96615,"9,21E+18",9,1,87,169,2021,6,3,4,2,2,7,2,0,0,0,0,1,0,"739326,651801","5298756,32936",12.196007715,47.797640887,0,5,#a6d854,bus
96618,"9,21E+18",9,7,72,162,2021,6,17,4,3,5,3,0,1,1,0,0,0,0,"635937,695514","5335583,26907",10.827987022,48.158953365,0,1,#66c2a5,bicycle
96620,"9,21E+18",9,1,78,136,2021,6,9,5,3,0,1,0,1,0,0,0,0,0,"697442,889426","5369255,62625",11.67002716,48.445447446,0,1,#66c2a5,bicycle
96636,"9,21E+18",9,1,86,125,2021,6,12,2,3,0,7,0,0,1,1,0,0,0,"674285,733738","5373949,90681",11.359122695,48.494481101,0,2,#fc8d62,car
96642,"9,21E+18",9,1,83,118,2021,7,23,7,3,5,3,2,0,1,0,0,0,0,"742668,251003","5338491,94199",12.262993707,48.153324463,1,2,#fc8d62,car
96643,"9,21E+18",9,1,62,0,2021,6,18,2,3,5,3,0,0,1,0,1,0,0,"694637,380405","5334838,11499",11.616270049,48.137001204,0,2,#fc8d62,car
96644,"9,21E+18",9,1,78,124,2021,6,17,7,3,6,4,0,1,0,1,0,0,0,"702400,771262","5364222,72042",11.734565344,48.398646116,0,1,#66c2a5,bicycle
96646,"9,21E+18",9,1,79,145,2021,6,11,1,3,5,3,0,0,1,0,0,0,0,"673688,493249","5336513,28021",11.335620777,48.158123344,0,2,#fc8d62,car
96648,"9,21E+18",9,1,62,0,2021,6,14,1,3,5,3,0,0,1,0,0,0,0,"698790,961485","5333039,07143",11.671200044,48.119548948,0,2,#fc8d62,car
96655,"9,21E+18",9,2,61,0,2021,6,12,4,3,6,7,0,0,1,1,0,0,0,"734066,492854","5381536,69476",12.171442914,48.543216561,0,2,#fc8d62,car
96658,"9,21E+18",9,1,84,112,2021,6,15,1,3,3,3,0,1,0,0,0,0,0,"702256,374681","5338183,42019",11.720154949,48.164689045,0,1,#66c2a5,bicycle
96662,"9,21E+18",9,1,87,134,2021,6,11,2,3,4,2,0,0,1,0,0,0,0,"737020,693244","5318314,64986",12.175996452,47.974197294,0,2,#fc8d62,car
96663,"9,21E+18",9,1,88,141,2021,6,8,5,3,0,1,0,1,0,0,0,0,0,"670301,015471","5308500,10482",11.278969337,47.9072019,0,1,#66c2a5,bicycle
96667,"9,21E+18",9,1,74,115,2021,6,14,3,3,8,1,0,0,1,0,0,0,0,"681395,052923","5346943,09465",11.443614605,48.249722066,0,2,#fc8d62,car
96671,"9,21E+18",9,1,88,126,2021,6,20,4,2,5,3,0,0,0,0,1,0,1,"660751,366","5324645,352",11.157314316,48.054825785,0,4,#e78ac3,marker
96674,"9,21E+18",9,1,87,154,2021,6,16,1,2,0,1,0,1,0,0,0,0,0,"734882,389127","5296428,63366",12.135491766,47.778365002,0,1,#66c2a5,bicycle
96684,"9,21E+18",9,1,78,157,2021,6,12,3,3,5,3,0,1,1,0,0,0,0,"705144,093464","5370632,1866",11.77472049,48.455354917,0,1,#66c2a5,bicycle
96686,"9,21E+18",9,1,63,0,2021,6,18,2,3,0,7,0,1,0,0,0,0,0,"734111,989876","5304669,03407",12.129673359,47.852677562,0,1,#66c2a5,bicycle
96687,"9,21E+18",9,1,73,147,2021,6,6,5,3,4,2,0,0,1,0,0,0,0,"681276,770611","5309511,0093",11.426139824,47.913281486,0,2,#fc8d62,car
96693,"9,21E+18",9,7,71,169,2021,6,17,6,3,9,1,0,0,1,0,0,0,0,"642747,688025","5375507,34613",10.933038858,48.516440908,0,2,#fc8d62,car
96696,"9,21E+18",9,7,72,148,2021,6,16,1,3,0,1,0,1,0,0,0,0,0,"629394,650361","5354976,10007",10.745971902,48.334711253,0,1,#66c2a5,bicycle
96697,"9,21E+18",9,1,78,124,2021,6,19,4,3,4,3,0,0,1,0,0,0,0,"703319,576001","5364842,595",11.747264349,48.403920867,0,2,#fc8d62,car
96704,"9,21E+18",9,1,74,113,2021,6,15,5,2,4,2,0,0,1,0,0,0,0,"677716,813001","5351087,087",11.395851121,48.288013961,0,2,#fc8d62,car
96706,"9,21E+18",9,7,73,182,2021,6,12,4,3,5,3,0,1,1,0,0,0,0,"624521,231356","5380177,57572",10.687738111,48.562316983,0,1,#66c2a5,bicycle
96707,"9,21E+18",9,1,77,130,2021,6,13,3,3,4,6,0,1,0,0,0,0,0,"711249,318405","5352326,74623",11.847998125,48.288852918,0,1,#66c2a5,bicycle
96710,"9,21E+18",9,2,61,0,2021,6,16,2,3,4,2,0,0,1,0,0,0,0,"735707,641523","5382442,72949",12.194156142,48.550740561,0,2,#fc8d62,car
96712,"9,21E+18",9,1,87,167,2021,6,13,3,3,0,7,0,1,0,0,0,0,0,"743575,597812","5306193,62056",12.256836797,47.862856652,0,1,#66c2a5,bicycle
96714,"9,21E+18",9,7,71,142,2021,6,11,3,3,4,2,0,0,1,0,1,0,0,"645721,506763","5351183,43205",10.964838935,48.297055936,0,2,#fc8d62,car
96718,"9,21E+18",9,1,84,123,2021,6,15,5,3,5,3,0,1,1,0,0,0,0,"703697,047163","5331700,06396",11.736407756,48.105965188,0,1,#66c2a5,bicycle
96721,"9,21E+18",9,7,72,149,2021,6,22,6,3,5,3,2,0,1,0,0,0,0,"635208,37434","5338943,84967",10.81925385,48.189328484,0,2,#fc8d62,car
96726,"9,21E+18",9,1,88,124,2021,6,16,2,3,0,1,0,1,0,0,0,1,0,"659203,912955","5322390,08053",11.135723444,48.034936904,0,1,#66c2a5,bicycle
96731,"9,21E+18",9,1,78,124,2021,6,19,1,3,2,6,0,0,1,0,0,0,0,"698749,418374","5365394,22145",11.685844741,48.410335397,0,2,#fc8d62,car
96732,"9,21E+18",9,1,74,131,2021,6,9,2,3,0,1,0,0,0,0,1,0,0,"676389,969001","5358830,113",11.381218913,48.357986459,0,4,#e78ac3,marker
96734,"9,21E+18",9,7,78,203,2021,6,20,1,2,8,1,1,0,1,0,0,0,0,"622189,767582","5321950,7436",10.639295097,48.039142495,1,2,#fc8d62,car
96735,"9,21E+18",9,7,72,131,2021,6,16,2,3,4,6,0,0,1,0,0,0,0,"620215,228","5356693,877",10.622654392,48.351972381,0,2,#fc8d62,car
96738,"9,21E+18",9,1,77,142,2021,7,15,6,3,3,6,0,0,1,0,0,0,0,"719726,717328","5348831,84157",11.960316381,48.254566635,0,2,#fc8d62,car
96740,"9,21E+18",9,1,75,111,2021,6,22,4,3,2,1,2,0,1,0,0,0,0,"710636,817521","5337865,83928",11.832566583,48.159114197,1,2,#fc8d62,car
96742,"9,21E+18",9,1,84,114,2021,6,4,2,3,2,6,0,0,1,0,0,0,0,"699831,942558","5319161,00505",11.678689861,47.994497748,0,2,#fc8d62,car
96745,"9,21E+18",9,1,86,125,2021,7,9,7,3,5,3,0,0,1,0,1,0,0,"673368,99088","5377991,32101",11.348403696,48.53106222,0,2,#fc8d62,car
96747,"9,21E+18",9,1,81,124,2021,6,10,3,3,5,3,0,0,1,0,0,0,0,"646014,955913","5317704,67965",10.957309451,47.995958401,0,2,#fc8d62,car
96752,"9,21E+18",9,1,84,118,2021,6,10,4,3,0,1,0,0,0,0,1,0,0,"701917,842336","5335365,07289",11.714270276,48.139468626,0,4,#e78ac3,marker
96753,"9,21E+18",9,1,62,0,2021,6,10,2,3,3,6,0,0,1,0,0,1,0,"687392,428907","5332696,07991",11.518042635,48.119922743,0,2,#fc8d62,car
96754,"9,21E+18",9,1,87,134,2021,7,8,5,2,5,2,0,0,1,0,0,0,0,"737114,820002","5321280,40299",12.178892998,48.000804835,0,2,#fc8d62,car
96759,"9,21E+18",9,1,84,122,2021,6,8,3,3,5,2,0,1,1,0,0,0,0,"688080,725894","5323733,26985",11.52333698,48.039159264,0,1,#66c2a5,bicycle
96762,"9,21E+18",9,1,62,0,2021,6,17,6,2,3,6,0,0,1,0,0,0,0,"699628,643042","5335136,92072",11.683426105,48.138140489,0,2,#fc8d62,car
96766,"9,21E+18",9,1,82,114,2021,6,10,2,3,6,4,0,0,0,1,1,0,0,"723259,154666","5294715,84822",11.979673279,47.767106748,0,3,#8da0cb,toilet
96768,"9,21E+18",9,7,77,158,2021,6,13,7,3,0,1,0,1,0,0,0,0,0,"618829,128373","5311894,16955",10.59144285,47.949330895,0,1,#66c2a5,bicycle
96772,"9,21E+18",9,1,73,112,2021,6,8,2,3,5,3,0,0,1,0,1,0,0,"691558,215001","5293881,784",11.556687971,47.769810711,0,2,#fc8d62,car
96777,"9,21E+18",9,7,78,116,2021,6,8,5,3,0,1,0,1,0,0,0,0,0,"616178,996541","5319648,35238",10.558062009,48.019557366,1,1,#66c2a5,bicycle
96784,"9,21E+18",9,7,77,130,2021,6,18,5,3,5,3,0,0,1,0,1,0,0,"624665,983372","5309189,05334",10.668797306,47.923892954,0,2,#fc8d62,car
96786,"9,21E+18",9,2,74,184,2021,6,12,7,1,2,6,0,0,1,0,1,0,0,"747955,211631","5369983,19156",12.352444627,48.434121085,0,2,#fc8d62,car
96788,"9,21E+18",9,7,72,148,2021,6,13,7,3,0,6,0,0,1,0,1,0,0,"626786,715174","5350637,96545",10.709494381,48.296228465,0,2,#fc8d62,car
96790,"9,21E+18",9,1,75,127,2021,6,17,3,3,5,3,0,1,1,0,0,0,0,"711869,921578","5341408,29435",11.85089321,48.190536247,0,1,#66c2a5,bicycle
96791,"9,21E+18",9,1,84,149,2021,6,9,4,3,5,2,0,0,1,0,0,0,0,"691164,401001","5352534,449",11.577613109,48.297104345,0,2,#fc8d62,car
96794,"9,21E+18",9,1,87,159,2021,6,14,7,2,5,3,0,0,0,0,1,0,1,"731801,167002","5327863,17099",12.111326403,48.061891787,0,4,#e78ac3,marker
96800,"9,21E+18",9,2,74,124,2021,6,7,7,3,2,6,0,0,1,0,0,0,0,"724902,333081","5377557,64965",12.045315334,48.510821999,0,2,#fc8d62,car
96804,"9,21E+18",9,1,62,0,2021,6,17,6,3,3,6,0,1,1,0,0,0,0,"692021,79798","5331500,0001",11.579645601,48.107793319,0,1,#66c2a5,bicycle
96810,"9,21E+18",9,1,84,148,2021,7,0,7,3,9,6,2,0,1,0,0,0,0,"696388,74629","5326638,80393",11.636013129,48.062771963,0,2,#fc8d62,car
96812,"9,21E+18",9,1,62,0,2021,6,21,6,3,4,6,2,1,0,0,0,0,0,"677978,555738","5339091,70798",11.394337689,48.180114708,0,1,#66c2a5,bicycle
96813,"9,21E+18",9,1,88,141,2021,6,16,3,3,2,6,0,0,1,0,0,0,0,"669985,052","5308114,476",11.274592587,47.903818815,1,2,#fc8d62,car
96838,"9,21E+18",9,7,71,142,2021,6,12,3,3,6,6,0,1,0,1,0,0,0,"646000,498129","5349994,94458",10.96818755,48.286305442,0,1,#66c2a5,bicycle
96839,"9,21E+18",9,1,77,123,2021,6,10,2,3,0,1,0,1,0,0,0,0,0,"727244,902145","5341124,06062",12.057329515,48.182669144,0,1,#66c2a5,bicycle
96846,"9,21E+18",9,7,61,0,2021,6,19,6,2,0,1,0,0,0,0,1,0,0,"638138,524451","5353966,8879",10.863562751,48.32378558,0,4,#e78ac3,marker
96850,"9,21E+18",9,1,77,117,2021,7,12,5,3,5,3,0,0,1,0,0,0,0,"717776,448215","5353452,77745",11.936457177,48.296758544,0,2,#fc8d62,car
96856,"9,21E+18",9,1,62,0,2021,6,22,6,3,2,6,2,0,1,0,0,0,0,"694434,187001","5344666,263",11.618038705,48.225393948,0,2,#fc8d62,car
96868,"9,21E+18",9,7,73,122,2021,6,18,1,3,0,1,0,0,0,0,1,0,0,"626786,05295","5384087,92432",10.719613436,48.597025746,0,4,#e78ac3,marker
96871,"9,21E+18",9,1,78,124,2021,6,11,3,3,5,3,0,0,0,0,0,1,1,"705953,332809","5362628,20758",11.781722724,48.383167681,0,5,#a6d854,bus
96876,"9,21E+18",9,2,74,126,2021,6,12,5,3,2,6,0,0,1,0,0,0,0,"733111,72896","5383459,35573",12.159603228,48.560842531,0,2,#fc8d62,car
96877,"9,21E+18",9,1,74,126,2021,6,11,3,3,9,1,0,0,0,0,0,1,0,"683898,864058","5343753,6816",11.475927152,48.220332864,0,5,#a6d854,bus
96879,"9,21E+18",9,7,72,202,2021,6,16,6,3,2,6,0,0,1,0,0,0,0,"636111,513093","5359668,34091",10.8380754,48.375492787,0,2,#fc8d62,car
96881,"9,21E+18",9,1,88,132,2021,6,21,4,3,5,2,1,0,1,0,0,0,0,"664311,584","5322373,509",11.204184872,48.033494141,0,2,#fc8d62,car
96882,"9,21E+18",9,1,78,124,2021,6,16,2,3,2,6,0,0,1,0,0,0,0,"703315,25404","5364092,71066",11.746842918,48.397183645,0,2,#fc8d62,car
96886,"9,21E+18",9,1,62,0,2021,6,19,6,3,9,7,0,0,0,0,1,0,0,"678056,543906","5335192,54597",11.393753663,48.145043038,0,4,#e78ac3,marker
96890,"9,21E+18",9,1,81,135,2021,6,16,2,3,5,3,0,0,1,0,0,0,1,"643453,508093","5309107,17362",10.92012606,47.919227806,0,2,#fc8d62,car
96892,"9,21E+18",9,1,81,140,2021,6,14,7,3,2,6,0,0,1,0,0,0,0,"644965,346443","5324343,88852",10.945494192,48.055896717,0,2,#fc8d62,car
96893,"9,21E+18",9,1,62,0,2021,6,7,2,3,5,2,0,1,1,0,0,0,0,"688474,588001","5340179,004",11.535883163,48.186860882,0,1,#66c2a5,bicycle
96896,"9,21E+18",9,1,81,137,2021,6,3,1,3,9,1,2,0,1,0,0,0,0,"650511,740312","5308728,2502",11.014409223,47.914202558,0,2,#fc8d62,car
96904,"9,21E+18",9,7,77,128,2021,6,14,1,3,0,1,0,0,0,0,1,0,0,"614290,900124","5299776,98443",10.527477158,47.84117318,0,4,#e78ac3,marker
96905,"9,21E+18",9,1,84,118,2021,6,5,4,3,8,7,1,0,1,0,0,0,0,"704907,611688","5336621,61378",11.75501695,48.149804898,1,2,#fc8d62,car
96907,"9,21E+18",9,1,78,143,2021,7,12,7,3,5,6,0,0,1,0,0,0,0,"721002,777392","5374029,63461",11.990722063,48.480509897,0,2,#fc8d62,car
96911,"9,21E+18",9,1,62,0,2021,6,8,4,3,5,2,0,1,1,0,0,0,0,"698508,139655","5333141,34972",11.667451596,48.120556378,0,1,#66c2a5,bicycle
96914,"9,21E+18",9,7,78,209,2021,6,7,2,3,5,3,0,0,1,0,1,0,0,"618645,891","5325041,508",10.592626988,48.067608107,0,2,#fc8d62,car
96919,"9,21E+18",9,1,75,132,2021,6,22,3,3,8,1,2,0,1,0,0,0,0,"705604,136478","5335845,93355",11.763995974,48.142609519,1,2,#fc8d62,car
96925,"9,21E+18",9,1,74,143,2021,6,12,6,3,5,3,0,0,1,0,0,0,0,"675960,931001","5352039,017",11.37259737,48.297061405,0,2,#fc8d62,car
96927,"9,21E+18",9,1,62,0,2021,6,7,6,2,3,2,0,0,0,0,1,1,0,"692140,980404","5342404,89849",11.58616931,48.205768236,0,4,#e78ac3,marker
96931,"9,21E+18",9,1,62,0,2021,6,17,4,3,4,3,0,1,0,1,0,0,0,"686231,602849","5335254,64313",11.5035781,48.143260669,0,1,#66c2a5,bicycle
96933,"9,21E+18",9,1,63,0,2021,7,12,7,3,6,7,0,1,0,1,0,0,0,"734208,583341","5304594,73541",12.130922435,47.851974878,0,1,#66c2a5,bicycle
96936,"9,21E+18",9,1,87,128,2021,6,12,3,3,0,1,0,1,0,0,0,0,0,"745783,231546","5308344,52938",12.287528066,47.881336764,0,1,#66c2a5,bicycle
96938,"9,21E+18",9,1,78,157,2021,6,14,6,3,4,6,0,0,1,0,0,1,0,"702491,358689","5371272,03155",11.739192861,48.46196377,0,2,#fc8d62,car
96940,"9,21E+18",9,7,72,170,2021,6,14,5,3,7,1,0,0,0,0,1,0,1,"629387,614879","5332371,31131",10.738973425,48.131435623,0,4,#e78ac3,marker
96948,"9,21E+18",9,2,74,113,2021,6,15,2,3,0,1,0,1,0,0,0,0,0,"729250,22005","5381873,35698",12.106471903,48.548018952,0,1,#66c2a5,bicycle
96950,"9,21E+18",9,7,71,156,2021,7,16,6,3,2,2,0,0,1,0,0,0,0,"651904,55476","5379428,56332",11.058386236,48.549546422,0,2,#fc8d62,car
96952,"9,21E+18",9,1,62,0,2021,6,8,2,3,3,6,0,1,0,0,0,0,0,"689121,710095","5331752,09353",11.540837232,48.110926786,0,1,#66c2a5,bicycle
96958,"9,21E+18",9,1,86,143,2021,6,6,3,3,2,6,0,0,1,0,0,0,0,"685419,848734","5377234,85509",11.511146557,48.520819177,0,2,#fc8d62,car
96962,"9,21E+18",9,1,62,0,2021,6,18,3,3,3,6,0,1,0,0,0,0,0,"688562,218585","5335069,16921",11.534795664,48.140907136,0,1,#66c2a5,bicycle
96963,"9,21E+18",9,1,84,148,2021,6,10,1,2,3,3,0,1,1,0,0,0,0,"694028,944657","5327744,52727",11.604874778,48.07343196,0,1,#66c2a5,bicycle
96964,"9,21E+18",9,1,85,158,2021,6,8,4,3,0,7,0,0,1,0,0,1,0,"667591,225518","5379989,36383",11.271008698,48.550592566,0,2,#fc8d62,car
96968,"9,21E+18",9,1,83,126,2021,6,19,4,2,8,1,1,0,0,0,1,0,0,"729673,647002","5334930,68499",12.086614464,48.126155521,0,4,#e78ac3,marker
96971,"9,21E+18",9,1,62,0,2021,6,22,4,3,5,3,2,1,1,0,0,0,0,"694778,244889","5332305,14956",11.617003946,48.114192851,1,1,#66c2a5,bicycle
96974,"9,21E+18",9,7,72,151,2021,6,7,2,3,6,4,0,0,1,1,0,0,0,"632223,975597","5343042,84161",10.780396082,48.226817065,0,2,#fc8d62,car
96975,"9,21E+18",9,1,63,0,2021,7,19,5,3,8,1,1,0,0,0,1,0,0,"735013,71145","5303673,37359",12.141168432,47.843403619,1,4,#e78ac3,marker
96981,"9,21E+18",9,1,87,176,2021,6,17,1,3,4,7,0,0,1,0,0,0,0,"738048,994724","5331437,5066",12.197044406,48.091700242,0,2,#fc8d62,car
96982,"9,21E+18",9,1,81,130,2021,6,12,6,3,8,1,0,1,1,0,0,0,0,"639229,912966","5322782,97451",10.868057754,48.04313775,0,1,#66c2a5,bicycle
96983,"9,21E+18",9,7,73,182,2021,6,13,5,3,4,3,0,0,1,0,1,0,0,"623144,654929","5379391,88843",10.668856057,48.555523628,0,2,#fc8d62,car
96985,"9,21E+18",9,1,84,112,2021,7,13,6,3,2,6,0,0,1,0,0,0,0,"701597,404465","5340736,1926",11.712513475,48.187839646,0,2,#fc8d62,car
96993,"9,21E+18",9,1,73,112,2021,7,18,7,3,4,6,0,0,1,0,1,0,0,"693332,793001","5295928,452",11.581259213,47.787677156,0,2,#fc8d62,car
96996,"9,21E+18",9,1,62,0,2021,6,16,4,3,3,6,0,0,1,0,1,0,0,"688270,057918","5340195,30332",11.533141274,48.187068031,0,2,#fc8d62,car
96997,"9,21E+18",9,1,62,0,2021,6,14,7,3,2,6,2,0,1,0,0,0,0,"694548,752363","5335362,72911",11.615319656,48.141743319,0,2,#fc8d62,car
96998,"9,21E+18",9,1,88,139,2021,6,19,5,3,5,3,0,1,0,0,0,0,0,"675851,949193","5319062,77525",11.357505677,48.000658899,0,1,#66c2a5,bicycle
97003,"9,21E+18",9,1,87,128,2021,6,9,7,3,0,3,0,0,1,0,1,0,0,"746685,34705","5311634,02892",12.301453712,47.910538495,0,2,#fc8d62,car
97008,"9,21E+18",9,1,73,147,2021,6,14,6,3,3,6,0,0,1,0,0,0,1,"682051,980795","5308328,87305",11.436006265,47.902435454,0,2,#fc8d62,car
97017,"9,21E+18",9,1,90,133,2021,6,7,2,3,0,6,0,0,1,0,0,1,1,"635350,121871","5296074,07601",10.807639393,47.803784311,0,2,#fc8d62,car
97018,"9,21E+18",9,1,73,126,2021,7,5,7,3,8,7,1,0,1,0,0,0,0,"684661,426926","5303484,17184",11.468818294,47.858140661,0,2,#fc8d62,car
97019,"9,21E+18",9,1,77,126,2021,6,7,3,3,2,6,0,0,1,0,0,0,0,"716755,154693","5367422,87649",11.92990021,48.422628737,0,2,#fc8d62,car
97021,"9,21E+18",9,1,84,123,2021,6,15,6,3,5,3,0,0,1,0,0,0,0,"703700,779029","5331715,72213",11.736465304,48.106104711,0,2,#fc8d62,car
97022,"9,21E+18",9,1,86,143,2021,6,15,3,3,5,3,0,1,1,0,0,0,0,"685531,395802","5378698,93343",11.513307188,48.533944917,0,1,#66c2a5,bicycle
97024,"9,21E+18",9,7,61,0,2021,6,8,5,3,0,1,0,1,0,0,0,0,0,"641056,447455","5356862,13793",10.903874138,48.349174406,0,1,#66c2a5,bicycle