OBJECTID,UIDENTSTLA,ULAND,UREGBEZ,UKREIS,UGEMEINDE,UJAHR,UMONAT,USTUNDE,UWOCHENTAG,UKATEGORIE,UART,UTYP1,ULICHTVERH,IstRad,IstPKW,IstFuss,IstKrad,IstGkfz,IstSonstig,LINREFX,LINREFY,XGCSWGS84,YGCSWGS84,STRZUSTAN,Teilnehmer,color,symbol
97031,"9,21E+18",9,2,74,134,2021,6,14,4,2,5,3,0,0,1,0,0,0,0,"742343,117647","5373977,32762",12.279009395,48.472179513,0,2,#fc8d62,car
97035,"9,21E+18",9,1,88,139,2021,6,8,2,3,5,3,0,0,1,0,1,0,0,"674538,969001","5318509,566",11.339693876,47.9960455,0,2,#fc8d62,car
97036,"9,21E+18",9,1,75,118,2021,7,8,7,3,2,6,0,0,1,0,0,0,0,"716615,783375","5340902,45381",11.91441016,48.184390566,0,2,#fc8d62,car
97037,"9,21E+18",9,1,77,113,2021,6,17,3,3,0,7,0,0,1,0,0,0,0,"721623,904002","5352895,61899",11.987970547,48.290417203,1,2,#fc8d62,car
97039,"9,21E+18",9,1,73,126,2021,6,17,5,3,2,6,0,0,1,0,0,0,0,"682494,895243","5307184,45962",11.441443299,47.892022296,1,2,#fc8d62,car
97048,"9,21E+18",9,1,86,152,2021,6,10,2,2,9,1,0,0,0,0,1,0,0,"690954,103055","5381039,0183",11.587761761,48.553349185,0,4,#e78ac3,marker
97049,"9,21E+18",9,1,87,134,2021,6,14,4,2,4,6,0,0,1,0,0,0,0,"735966,419623","5320656,05187",12.163178049,47.995620778,1,2,#fc8d62,car
97053,"9,21E+18",9,2,61,0,2021,6,10,6,2,5,3,0,0,1,0,1,0,0,"724278,836354","5378267,51029",12.037266677,48.517422106,0,2,#fc8d62,car
97054,"9,21E+18",9,1,62,0,2021,6,17,4,3,2,6,0,0,1,0,0,0,0,"687329,744273","5333159,48634",11.517404803,48.124106425,0,2,#fc8d62,car
97056,"9,21E+18",9,1,62,0,2021,6,10,4,2,6,4,0,0,0,1,0,1,0,"682896,85477","5335393,41295",11.458850709,48.145475438,0,3,#8da0cb,toilet
97059,"9,21E+18",9,1,62,0,2021,6,19,2,2,5,3,0,1,0,0,0,0,1,"697212,738056","5330868,03709",11.649013027,48.100527779,0,1,#66c2a5,bicycle
97060,"9,21E+18",9,1,81,145,2021,7,20,5,2,8,1,0,0,0,0,1,0,0,"641845,664237","5334256,38945",10.906945911,48.145731527,0,4,#e78ac3,marker
97068,"9,21E+18",9,7,73,122,2021,6,7,5,3,5,3,0,0,1,0,0,0,0,"625782,319","5384106,119",10.706011508,48.597391803,0,2,#fc8d62,car
97072,"9,21E+18",9,7,77,151,2021,6,8,6,3,5,3,0,1,1,0,0,0,0,"621194,56","5292776,416",10.617749368,47.776946381,0,1,#66c2a5,bicycle
97074,"9,21E+18",9,2,74,184,2021,6,15,2,2,8,7,0,0,1,0,0,0,0,"747142,440649","5368470,24657",12.340583464,48.420852421,0,2,#fc8d62,car
97078,"9,21E+18",9,1,79,119,2021,6,6,2,3,2,6,0,0,1,0,0,0,1,"668596,769405","5339908,37003",11.26855455,48.190015183,0,2,#fc8d62,car
97080,"9,21E+18",9,7,72,147,2021,6,19,2,3,8,1,1,0,0,0,1,0,0,"638479,46081","5366194,77006",10.872188298,48.433661575,1,4,#e78ac3,marker
97086,"9,21E+18",9,7,61,0,2021,6,13,1,3,2,6,0,0,1,0,0,0,1,"637720,832832","5361023,56729",10.860240235,48.387329576,0,2,#fc8d62,car
97090,"9,21E+18",9,1,62,0,2021,7,19,5,2,5,2,1,1,1,0,0,0,0,"688142,976361","5333834,64056",11.52862035,48.129935051,0,1,#66c2a5,bicycle
97092,"9,21E+18",9,7,78,173,2021,6,14,3,3,2,6,0,0,1,0,0,0,0,"615045,639102","5322346,83957",10.543593238,48.044032308,1,2,#fc8d62,car
97094,"9,21E+18",9,2,74,134,2021,6,18,4,3,5,3,0,1,1,0,0,0,0,"739739,290495","5374584,34325",12.244185528,48.478629446,0,1,#66c2a5,bicycle
97098,"9,21E+18",9,7,73,125,2021,7,22,6,3,7,7,2,0,0,0,1,0,0,"616626,007971","5380067,58775",10.580740741,48.562846483,0,4,#e78ac3,marker
97100,"9,21E+18",9,7,72,147,2021,6,8,2,3,5,2,0,1,1,0,0,0,0,"638792,331628","5365796,32977",10.87628388,48.430010048,0,1,#66c2a5,bicycle
97103,"9,21E+18",9,1,62,0,2021,6,11,4,3,5,3,0,0,1,0,0,0,0,"695423,954001","5329703,326",11.624478725,48.090610969,0,2,#fc8d62,car
97116,"9,21E+18",9,1,73,126,2021,6,16,4,3,2,6,0,0,1,0,0,0,0,"684582,24653","5305066,23867",11.468436239,47.872384675,0,2,#fc8d62,car
97118,"9,21E+18",9,2,74,126,2021,6,12,2,3,0,1,0,1,0,0,0,0,0,"733721,820345","5382544,08841",12.167345495,48.552394016,0,1,#66c2a5,bicycle
97121,"9,21E+18",9,1,77,117,2021,7,5,7,1,8,1,1,0,1,0,0,0,0,"716183,715004","5352128,12715",11.914332124,48.285402523,0,2,#fc8d62,car
97122,"9,21E+18",9,1,73,112,2021,6,12,6,3,0,1,0,0,0,0,1,0,0,"692546,839445","5292900,58736",11.569434601,47.760696664,0,4,#e78ac3,marker
97133,"9,21E+18",9,1,73,137,2021,6,15,4,2,4,2,0,1,1,0,0,0,0,"675138,330328","5303073,84377",11.341446651,47.857118177,0,1,#66c2a5,bicycle
97134,"9,21E+18",9,1,84,129,2021,6,11,1,2,3,6,0,0,1,0,1,0,0,"699727,60333","5324240,53967",11.679659032,48.04018173,0,2,#fc8d62,car
97141,"9,21E+18",9,2,74,184,2021,6,15,7,3,5,3,0,0,1,0,0,0,0,"748048,673003","5369021,37699",12.353137001,48.42544615,0,2,#fc8d62,car
97143,"9,21E+18",9,7,77,151,2021,6,17,4,3,5,3,0,1,1,0,0,0,0,"621488,21525","5293756,94079",10.621941919,47.78570984,0,1,#66c2a5,bicycle
97146,"9,21E+18",9,1,75,118,2021,7,8,5,2,2,6,0,0,1,0,0,0,1,"715500,333927","5339766,98366",11.898846831,48.174567253,1,2,#fc8d62,car
97149,"9,21E+18",9,1,90,159,2021,6,16,7,3,2,2,0,0,1,0,0,0,0,"662349,644354","5304395,57587",11.171101392,47.872360399,0,2,#fc8d62,car
97153,"9,21E+18",9,1,84,142,2021,6,16,7,3,2,6,0,1,0,0,0,0,0,"683814,656059","5319013,51259",11.464134154,47.997976566,0,1,#66c2a5,bicycle
97155,"9,21E+18",9,1,90,139,2021,6,22,7,3,0,7,2,1,0,0,0,0,0,"655858,989491","5296485,39645",11.08151447,47.802844184,0,1,#66c2a5,bicycle
97158,"9,21E+18",9,1,73,118,2021,7,10,6,2,2,6,0,0,1,0,0,0,0,"688182,159189","5303407,57327",11.515808672,47.856430735,0,2,#fc8d62,car
97159,"9,21E+18",9,1,81,130,2021,6,2,7,3,0,1,2,1,0,0,0,0,0,"638878,735045","5322710,60294",10.863325081,48.042563455,0,1,#66c2a5,bicycle
97168,"9,21E+18",9,1,62,0,2021,6,17,6,3,5,2,0,1,1,0,0,0,0,"686265,689538","5331785,15945",11.502519472,48.11206562,0,1,#66c2a5,bicycle
97169,"9,21E+18",9,1,77,115,2021,6,20,3,3,0,1,0,1,0,0,0,0,0,"733892,717002","5351673,70999",12.152451205,48.275026941,1,1,#66c2a5,bicycle
97174,"9,21E+18",9,1,90,152,2021,6,14,5,3,8,1,0,1,0,0,0,0,0,"673092,955135","5299005,16831",11.312498056,47.821094617,0,1,#66c2a5,bicycle
97175,"9,21E+18",9,1,90,157,2021,6,9,3,3,0,7,0,1,0,0,0,0,0,"660488,471634","5300738,48243",11.14487295,47.839946923,0,1,#66c2a5,bicycle
97179,"9,21E+18",9,1,75,132,2021,6,20,4,3,2,6,0,0,1,0,1,0,0,"705760,311001","5334832,608",11.765603442,48.133452809,0,2,#fc8d62,car
97180,"9,21E+18",9,1,84,119,2021,6,17,1,3,5,3,0,1,0,0,0,0,0,"698261,544233","5346225,40646",11.670245632,48.238221529,0,1,#66c2a5,bicycle
97181,"9,21E+18",9,1,84,132,2021,6,18,4,3,9,1,0,0,1,0,0,0,0,"681043,486726","5322736,30236",11.42859183,48.032231612,1,2,#fc8d62,car
97184,"9,21E+18",9,1,81,116,2021,6,19,6,2,8,6,0,0,1,0,1,0,0,"646969,551391","5338608,67689",10.977292812,48.183702207,0,2,#fc8d62,car
97188,"9,21E+18",9,1,87,177,2021,6,1,1,3,8,1,2,0,1,0,0,0,0,"736302,103387","5305470,56938",12.159343438,47.859076969,0,2,#fc8d62,car
97195,"9,21E+18",9,1,75,132,2021,6,10,3,3,2,6,0,0,1,0,0,0,0,"705897,207967","5335839,66425",11.767928023,48.14245841,0,2,#fc8d62,car
97201,"9,21E+18",9,1,62,0,2021,6,12,5,2,5,3,0,1,1,0,0,0,0,"698389,42457","5333179,81993",11.665876055,48.120939118,0,1,#66c2a5,bicycle
97202,"9,21E+18",9,7,62,0,2021,6,7,3,3,2,6,0,0,1,0,0,0,0,"623279,572","5306066,382",10.649353779,47.896077054,0,2,#fc8d62,car
97210,"9,21E+18",9,7,61,0,2021,6,7,2,3,6,1,0,1,0,1,0,0,0,"641310,4838","5355846,06325",10.906959991,48.339981426,0,1,#66c2a5,bicycle
97218,"9,21E+18",9,1,62,0,2021,6,10,3,3,2,6,0,0,1,0,0,0,0,"695402,823021","5335014,82248",11.626628821,48.138354792,0,2,#fc8d62,car
97221,"9,21E+18",9,1,87,150,2021,6,14,6,3,2,6,0,0,1,0,0,0,0,"727570,562134","5303195,46211",12.041580132,47.84178717,0,2,#fc8d62,car
97222,"9,21E+18",9,1,79,140,2021,6,11,6,3,3,6,0,0,1,0,1,0,0,"659910,578205","5345190,28555",11.153756979,48.239748599,0,2,#fc8d62,car
97223,"9,21E+18",9,7,71,149,2021,6,6,3,3,5,3,0,0,1,0,1,0,0,"653802,110206","5365338,01366",11.078895352,48.422403177,0,2,#fc8d62,car
97224,"9,21E+18",9,1,74,115,2021,6,13,7,3,0,7,0,1,0,0,0,0,0,"683340,580084","5349054,84432",11.470713109,48.268143589,0,1,#66c2a5,bicycle
97226,"9,21E+18",9,1,74,126,2021,6,19,1,3,5,3,0,0,1,0,0,0,1,"683501,243534","5344105,18378",11.470731084,48.223607447,0,2,#fc8d62,car
97241,"9,21E+18",9,1,62,0,2021,6,8,3,3,5,2,0,1,1,0,0,0,0,"694831,243998","5332430,75226",11.617772641,48.115305507,0,1,#66c2a5,bicycle
97245,"9,21E+18",9,1,73,147,2021,6,12,2,3,5,3,0,1,1,0,0,0,0,"681470,067021","5308930,18925",11.428480001,47.908005692,0,1,#66c2a5,bicycle
97246,"9,21E+18",9,1,75,111,2021,6,9,2,3,2,6,0,0,1,0,0,1,0,"709958,728184","5337547,67766",11.823302397,48.15647944,0,2,#fc8d62,car
97248,"9,21E+18",9,1,79,121,2021,6,9,7,3,0,7,0,1,0,0,0,0,0,"666423,322142","5339470,48432",11.239161476,48.186651802,0,1,#66c2a5,bicycle
97249,"9,21E+18",9,1,84,145,2021,6,14,2,3,1,6,0,0,1,0,0,0,0,"697719,001084","5324311,71842",11.652773428,48.041446563,0,2,#fc8d62,car
97251,"9,21E+18",9,1,74,126,2021,6,20,5,3,0,1,0,0,0,0,1,0,0,"683476,479138","5347459,95105",11.471851067,48.253768714,1,4,#e78ac3,marker
97255,"9,21E+18",9,1,88,121,2021,6,20,3,3,0,7,1,0,0,0,1,0,0,"672197,916296","5329592,37783",11.312797222,48.096312339,0,4,#e78ac3,marker
97256,"9,21E+18",9,7,62,0,2021,7,13,5,3,2,6,0,0,1,0,0,0,0,"619270,445454","5303652,30889",10.595070763,47.875122969,1,2,#fc8d62,car
97261,"9,21E+18",9,1,77,115,2021,6,19,4,3,3,6,0,0,1,0,0,0,0,"736214,825952","5350069,23589",12.182803144,48.259752457,0,2,#fc8d62,car
97263,"9,21E+18",9,1,88,127,2021,7,16,6,3,4,2,0,1,1,0,0,0,0,"679983,895463","5330007,70101",11.417451726,48.097894254,0,1,#66c2a5,bicycle
97266,"9,21E+18",9,1,73,120,2021,6,17,7,3,5,3,0,0,1,0,0,0,0,"682991,383001","5310093,182",11.449313072,47.918027757,0,2,#fc8d62,car
97268,"9,21E+18",9,1,62,0,2021,6,3,7,3,0,1,2,0,0,0,1,0,0,"687328,521103","5331588,87758",11.516698398,48.109989665,0,4,#e78ac3,marker
97269,"9,21E+18",9,1,75,127,2021,6,12,5,2,3,2,0,1,1,0,0,0,0,"713483,964773","5341824,11122",11.872792348,48.193732212,0,1,#66c2a5,bicycle
97275,"9,21E+18",9,1,88,139,2021,6,8,3,3,5,3,0,0,1,0,0,0,0,"674459,622749","5318313,44911",11.338551448,47.994304121,0,2,#fc8d62,car
97278,"9,21E+18",9,1,84,132,2021,6,21,1,2,9,1,0,0,1,0,0,0,0,"682637,478116","5324596,12451",11.450747385,48.048495516,0,2,#fc8d62,car
97285,"9,21E+18",9,7,71,146,2021,6,16,4,3,4,6,0,0,1,0,0,0,0,"648369,195597","5349056,17354",10.999769556,48.277313935,0,2,#fc8d62,car
97287,"9,21E+18",9,1,62,0,2021,6,19,4,3,1,6,0,0,1,0,0,0,0,"701113,665344","5332394,47117",11.702070974,48.113026596,1,2,#fc8d62,car
97293,"9,21E+18",9,1,77,113,2021,6,18,1,2,9,1,0,0,1,0,0,0,0,"720008,142001","5356315,72346",11.967999731,48.32170919,0,2,#fc8d62,car
97295,"9,21E+18",9,7,72,186,2021,6,14,1,3,0,7,0,1,0,0,0,0,0,"638548,839163","5344334,26028",10.865936857,48.237079569,0,1,#66c2a5,bicycle
97296,"9,21E+18",9,7,71,146,2021,6,10,5,2,3,6,0,0,1,0,1,0,0,"645394,998846","5348023,08828",10.959351641,48.268714904,0,2,#fc8d62,car
97300,"9,21E+18",9,1,75,122,2021,6,7,4,2,5,3,0,1,1,0,0,0,0,"719357,577657","5325068,97775",11.943106409,48.041184632,0,1,#66c2a5,bicycle
97302,"9,21E+18",9,2,61,0,2021,6,19,2,3,0,1,0,1,0,0,0,0,0,"731974,44948","5382502,48197",12.143679621,48.552668894,0,1,#66c2a5,bicycle
97304,"9,21E+18",9,1,84,142,2021,6,10,1,3,0,1,0,1,0,0,0,0,0,"683663,353139","5318785,91114",11.462010403,47.995974161,0,1,#66c2a5,bicycle
97305,"9,21E+18",9,1,87,150,2021,7,18,7,3,0,3,0,0,1,0,0,0,0,"727160,312217","5304525,48763",12.036803078,47.853882211,0,2,#fc8d62,car
97306,"9,21E+18",9,1,84,147,2021,6,9,3,2,9,6,0,0,1,0,0,0,1,"697873,442877","5342151,79256",11.663123548,48.201732755,0,2,#fc8d62,car
97307,"9,21E+18",9,7,71,160,2021,6,17,7,2,9,1,0,0,0,0,1,0,0,"652537,317313","5349957,17462",11.056237054,48.28442441,0,4,#e78ac3,marker
97314,"9,21E+18",9,7,71,112,2021,6,18,6,3,2,2,0,0,1,0,0,0,0,"642679,569111","5366768,34748",10.929134435,48.437881227,0,2,#fc8d62,car
97315,"9,21E+18",9,1,62,0,2021,6,15,6,3,1,6,0,0,1,0,0,0,0,"694829,247418","5332424,25242",11.617742874,48.1152477,0,2,#fc8d62,car
97317,"9,21E+18",9,1,75,135,2021,6,11,1,3,2,7,0,1,0,0,0,0,0,"709508,993373","5337572,21195",11.817274512,48.156848222,0,1,#66c2a5,bicycle
97328,"9,21E+18",9,1,77,133,2021,6,15,2,3,2,6,0,0,1,0,1,0,0,"712511,522572","5356444,80044",11.867066235,48.325432978,0,2,#fc8d62,car
97331,"9,21E+18",9,1,77,133,2021,6,13,3,3,2,6,0,0,1,0,0,0,0,"711601,992894","5358427,78757",11.855807021,48.343556125,0,2,#fc8d62,car
97334,"9,21E+18",9,1,88,139,2021,6,10,1,2,5,3,0,1,0,0,0,0,0,"675558,819022","5319042,12391",11.353570905,48.000553806,0,1,#66c2a5,bicycle
97341,"9,21E+18",9,1,62,0,2021,6,15,3,3,5,3,0,1,1,0,0,0,0,"692110,691001","5342080,447",11.585615185,48.202861332,0,1,#66c2a5,bicycle
97342,"9,21E+18",9,7,78,216,2021,6,20,1,2,2,6,0,0,1,0,0,0,0,"624040,647218","5322125,14054",10.664166209,48.040353983,0,2,#fc8d62,car
97350,"9,21E+18",9,7,78,116,2021,6,14,7,3,2,6,0,0,1,0,0,0,0,"617038,497623","5322162,63461",10.570271188,48.04201333,0,2,#fc8d62,car
97351,"9,21E+18",9,1,82,114,2021,6,14,5,2,0,1,0,0,0,0,1,0,0,"723278,754034","5294722,52419",11.979937921,47.767159947,0,4,#e78ac3,marker
97352,"9,21E+18",9,1,84,121,2021,6,19,2,2,4,2,0,0,1,0,1,0,0,"705024,136417","5331315,2587",11.754029331,48.102081398,0,2,#fc8d62,car
97357,"9,21E+18",9,1,75,111,2021,6,8,3,3,2,6,0,0,1,0,0,0,1,"709952,472056","5337556,92531",11.82322294,48.156564605,0,2,#fc8d62,car
97362,"9,21E+18",9,1,75,132,2021,6,6,6,3,4,1,0,0,1,0,0,0,1,"706806,8707","5330476,09978",11.777540693,48.093964221,0,2,#fc8d62,car
97363,"9,21E+18",9,7,77,167,2021,6,20,3,2,7,1,0,1,0,0,0,0,0,"619441,901956","5300489,37252",10.596488968,47.846643942,0,1,#66c2a5,bicycle
97371,"9,21E+18",9,1,84,123,2021,6,15,4,3,5,3,0,0,1,0,0,0,0,"704162,265001","5332346,364",11.742959227,48.111624375,1,2,#fc8d62,car
97372,"9,21E+18",9,1,73,137,2021,6,9,2,2,5,3,0,0,1,0,1,0,0,"677160,978695","5308191,77981",11.370563059,47.902572291,0,2,#fc8d62,car
97375,"9,21E+18",9,1,62,0,2021,6,13,2,2,6,4,0,0,1,1,0,0,0,"692032,467969","5340997,1605",11.584073496,48.193148727,0,2,#fc8d62,car
97378,"9,21E+18",9,1,88,121,2021,6,20,1,3,0,1,0,1,0,0,0,0,0,"669785,04549","5328971,17392",11.280169608,48.091375236,0,1,#66c2a5,bicycle
97387,"9,21E+18",9,1,87,165,2021,6,12,2,3,2,6,0,0,1,0,0,0,0,"730826,17682","5295045,34337",12.080691336,47.7674024,0,2,#fc8d62,car
97389,"9,21E+18",9,1,81,130,2021,6,13,2,3,4,2,0,1,0,0,1,0,0,"640833,264788","5323624,69789",10.889834956,48.050355,0,1,#66c2a5,bicycle
97390,"9,21E+18",9,1,88,132,2021,7,11,7,3,4,2,0,0,1,0,1,0,0,"664410,447","5322217,337",11.205450126,48.032064638,0,2,#fc8d62,car
97398,"9,21E+18",9,1,74,137,2021,6,19,3,3,0,7,0,1,0,0,0,0,0,"657971,050259","5352846,89543",11.130514459,48.309071836,0,1,#66c2a5,bicycle
97402,"9,21E+18",9,1,84,123,2021,6,7,3,3,4,6,0,1,0,0,0,0,0,"703254,274106","5331827,23103",11.730527258,48.107249428,0,1,#66c2a5,bicycle
97404,"9,21E+18",9,1,81,146,2021,6,14,4,3,5,3,0,0,1,0,0,0,0,"649376,231894","5325497,91311",11.005056136,48.065255906,0,2,#fc8d62,car
97408,"9,21E+18",9,7,62,0,2021,6,16,5,3,5,3,0,1,1,0,0,0,0,"622046,507702","5304660,75563",10.632466172,47.883671,0,1,#66c2a5,bicycle
97411,"9,21E+18",9,7,72,147,2021,6,5,4,3,8,1,1,0,1,0,0,0,0,"638355,221963","5367874,36842",10.871064337,48.448791314,1,2,#fc8d62,car
97413,"9,21E+18",9,7,71,142,2021,6,16,2,3,2,6,0,0,1,0,0,0,0,"645361,991136","5353253,31143",10.960707365,48.315749813,0,2,#fc8d62,car
97414,"9,21E+18",9,1,62,0,2021,6,7,4,3,2,6,0,0,1,0,0,0,0,"693275,698428","5338687,56565",11.599734567,48.172013848,0,2,#fc8d62,car
97420,"9,21E+18",9,1,73,126,2021,6,17,3,3,3,2,0,0,1,0,1,0,0,"683960,514042","5305800,00614",11.460442126,47.879158952,1,2,#fc8d62,car
97421,"9,21E+18",9,7,77,152,2021,6,14,7,3,5,3,0,0,1,0,0,0,0,"625797,122946","5305979,12206",10.682995699,47.894803638,0,2,#fc8d62,car
97422,"9,21E+18",9,7,61,0,2021,6,10,5,2,0,1,0,1,0,0,0,0,0,"641745,605208","5361818,8925",10.914841404,48.393589159,0,1,#66c2a5,bicycle
97426,"9,21E+18",9,7,73,125,2021,6,14,1,3,4,3,0,0,1,0,0,0,0,"613621,058856","5384017,52066",10.541107125,48.598920168,0,2,#fc8d62,car
97427,"9,21E+18",9,1,74,137,2021,6,12,4,3,9,1,0,0,1,0,0,0,0,"657301,547744","5351129,71091",11.120851582,48.293800279,1,2,#fc8d62,car
97430,"9,21E+18",9,1,90,115,2021,6,17,6,2,0,1,0,1,0,0,0,0,0,"671030,619733","5304577,30148",11.287170751,47.871741076,0,1,#66c2a5,bicycle
97432,"9,21E+18",9,1,87,134,2021,6,13,7,3,2,1,0,0,1,0,0,0,0,"736789,219186","5319826,08072",12.173732677,47.987860757,0,2,#fc8d62,car
97433,"9,21E+18",9,1,85,131,2021,6,10,2,3,0,1,0,1,0,0,0,0,0,"667518,413379","5373809,36531",11.267540442,48.495058133,0,1,#66c2a5,bicycle
97438,"9,21E+18",9,1,78,155,2021,7,13,5,2,8,6,0,0,0,0,0,0,1,"714707,92299","5375583,42671",11.906450983,48.496651331,0,6,#ffd92f,circle
97440,"9,21E+18",9,2,61,0,2021,6,12,2,3,0,1,0,0,0,0,1,0,0,"731754,929379","5381289,43687",12.140034514,48.541853494,0,4,#e78ac3,marker
97447,"9,21E+18",9,1,62,0,2021,6,8,5,2,3,2,0,0,1,0,1,0,0,"689225,293527","5330389,41064",11.541623153,48.098648013,0,2,#fc8d62,car
97449,"9,21E+18",9,1,82,120,2021,7,13,6,3,2,2,0,0,0,0,1,0,1,"697718,792442","5304929,8799",11.643863154,47.867249703,0,4,#e78ac3,marker
97451,"9,21E+18",9,2,74,113,2021,6,6,4,2,4,6,0,0,1,0,0,1,0,"729800,613571","5383977,72308",12.115080102,48.566721128,0,2,#fc8d62,car
97456,"9,21E+18",9,1,84,144,2021,6,18,1,3,4,2,0,1,1,0,0,0,0,"687513,869279","5319796,51459",11.514017299,48.003940549,0,1,#66c2a5,bicycle
97460,"9,21E+18",9,7,78,116,2021,6,18,6,3,5,2,0,0,1,0,0,0,1,"621578,966843","5318078,98095",10.630005668,48.004438388,0,2,#fc8d62,car
97462,"9,21E+18",9,1,78,130,2021,6,11,1,2,7,1,0,1,0,0,0,0,0,"703673,250645","5354387,64013",11.746978272,48.30985582,0,1,#66c2a5,bicycle
97463,"9,21E+18",9,1,84,123,2021,6,12,5,3,4,6,0,0,1,0,0,0,1,"704008,180885","5333714,81055",11.741546228,48.123971554,0,2,#fc8d62,car
97468,"9,21E+18",9,1,62,0,2021,7,9,5,3,5,2,0,0,1,0,0,0,0,"687775,462001","5335018,899",11.524207991,48.140687968,0,2,#fc8d62,car
97477,"9,21E+18",9,1,86,152,2021,6,13,3,3,2,6,0,0,1,0,0,0,0,"690455,788098","5381660,63388",11.581300254,48.559087273,0,2,#fc8d62,car
97478,"9,21E+18",9,7,71,142,2021,6,14,7,2,0,1,0,0,1,0,1,0,0,"645373,173273","5353187,40147",10.960835386,48.315154618,0,2,#fc8d62,car
97485,"9,21E+18",9,7,61,0,2021,6,20,6,3,2,6,0,0,1,0,0,0,0,"642097,903478","5363642,35642",10.920215064,48.409905546,0,2,#fc8d62,car
97489,"9,21E+18",9,1,62,0,2021,6,17,3,3,1,6,0,0,1,0,0,0,0,"689543,233754","5340448,38643",11.550367015,48.18896413,1,2,#fc8d62,car
97492,"9,21E+18",9,1,81,145,2021,6,11,6,3,4,1,0,0,1,0,0,0,0,"642139,99149","5330103,03755",10.909515125,48.108318964,0,2,#fc8d62,car
97493,"9,21E+18",9,1,62,0,2021,6,14,5,3,5,3,0,0,1,0,0,0,0,"685232,815001","5328901,102",11.487404566,48.086443389,0,2,#fc8d62,car
97494,"9,21E+18",9,7,71,142,2021,6,13,3,3,4,6,0,1,0,0,0,0,0,"646222,556449","5349613,70135",10.971047264,48.28282627,0,1,#66c2a5,bicycle
97496,"9,21E+18",9,1,73,145,2021,6,11,7,2,5,3,0,1,0,0,1,0,0,"690194,042397","5295312,01727",11.5391254,47.783070618,0,1,#66c2a5,bicycle
97498,"9,21E+18",9,1,79,121,2021,6,5,1,3,0,1,1,0,0,0,0,0,1,"667180,335685","5339635,11358",11.249403469,48.187933029,0,6,#ffd92f,circle
97499,"9,21E+18",9,7,61,0,2021,6,13,4,3,6,3,0,0,1,1,0,0,0,"644055,421732","5357586,40431",10.944575924,48.355009721,0,2,#fc8d62,car
97501,"9,21E+18",9,1,62,0,2021,6,10,4,3,3,2,0,1,1,0,0,0,0,"700597,67174","5332660,67356",11.69527149,48.115581689,0,1,#66c2a5,bicycle
97507,"9,21E+18",9,1,88,139,2021,6,7,3,3,2,6,0,0,1,0,0,1,0,"679627,557691","5320461,90366",11.408662254,48.012186413,0,2,#fc8d62,car
97508,"9,21E+18",9,1,84,141,2021,6,11,7,3,9,1,0,0,1,0,0,0,0,"695156,090466","5315446,88012",11.614392779,47.962559741,0,2,#fc8d62,car
97509,"9,21E+18",9,1,62,0,2021,6,9,5,3,3,2,0,1,0,0,0,0,0,"692160,774001","5339240,626",11.585003711,48.17732267,0,1,#66c2a5,bicycle
97510,"9,21E+18",9,1,90,140,2021,6,8,7,3,0,6,0,0,1,0,0,0,0,"645329,24563","5292642,9629",10.939688445,47.770755,0,2,#fc8d62,car
97514,"9,21E+18",9,1,74,111,2021,6,0,7,3,0,7,2,0,0,0,1,0,0,"670113,132357","5363674,95746",11.298516308,48.403260682,1,4,#e78ac3,marker
97515,"9,21E+18",9,1,79,126,2021,6,16,2,3,5,3,0,0,1,0,1,0,0,"677361,347292","5339584,19751",11.386247478,48.184714328,0,2,#fc8d62,car
97516,"9,21E+18",9,1,62,0,2021,6,23,3,3,8,1,2,0,1,0,0,0,0,"678951,020392","5338216,6098",11.407039826,48.171975346,1,2,#fc8d62,car
97520,"9,21E+18",9,1,81,130,2021,6,16,2,3,4,2,0,0,1,0,0,0,0,"642254,104","5324565,807",10.909203145,48.058502433,0,2,#fc8d62,car
97521,"9,21E+18",9,1,87,150,2021,7,13,7,3,2,6,0,0,1,0,0,0,0,"725373,553519","5303171,29684",12.012245727,47.842343831,0,2,#fc8d62,car
97522,"9,21E+18",9,1,88,139,2021,6,10,7,3,0,1,0,1,0,0,0,0,0,"679072,271428","5319998,93551",11.401029791,48.008180496,0,1,#66c2a5,bicycle
97525,"9,21E+18",9,1,75,123,2021,6,12,2,3,0,1,0,0,0,0,1,0,0,"725576,972584","5336315,73928",12.032372647,48.14006401,0,4,#e78ac3,marker
97527,"9,21E+18",9,1,88,139,2021,6,20,1,2,2,6,0,0,1,0,0,0,0,"680338,132126","5320247,59975",11.418091605,48.0100599,0,2,#fc8d62,car
97530,"9,21E+18",9,1,88,139,2021,6,15,3,3,5,3,0,0,1,0,0,0,0,"676285,654001","5318988,374",11.363284328,47.999870635,0,2,#fc8d62,car
97537,"9,21E+18",9,1,62,0,2021,6,11,6,3,5,3,0,1,1,0,0,0,0,"687867,300264","5335020,186",11.525441869,48.140672426,0,1,#66c2a5,bicycle
97543,"9,21E+18",9,1,88,145,2021,6,18,2,3,2,6,0,0,1,0,0,0,0,"664148,117195","5326311,48773",11.203504299,48.068940377,0,2,#fc8d62,car
97544,"9,21E+18",9,2,74,121,2021,7,14,7,2,5,3,0,0,1,0,1,0,0,"729050,404053","5370075,55288",12.097299879,48.442109636,0,2,#fc8d62,car