OBJECTID,UIDENTSTLA,ULAND,UREGBEZ,UKREIS,UGEMEINDE,UJAHR,UMONAT,USTUNDE,UWOCHENTAG,UKATEGORIE,UART,UTYP1,ULICHTVERH,IstRad,IstPKW,IstFuss,IstKrad,IstGkfz,IstSonstig,LINREFX,LINREFY,XGCSWGS84,YGCSWGS84,STRZUSTAN,Teilnehmer,color,symbol
97547,"9,21E+18",9,1,88,141,2021,6,16,3,2,4,6,0,0,1,0,0,0,0,"669173,146777","5312083,29",11.265295189,47.93971416,1,2,#fc8d62,car
97549,"9,21E+18",9,1,84,121,2021,6,21,2,3,0,7,1,0,0,0,1,0,0,"703793,110356","5328925,0439",11.736372242,48.08099602,0,4,#e78ac3,marker
97550,"9,21E+18",9,1,90,140,2021,6,16,5,3,8,1,0,0,1,0,0,0,0,"646706,831","5295969,529",10.959188022,47.800356231,1,2,#fc8d62,car
97559,"9,21E+18",9,1,73,140,2021,6,14,2,2,4,6,0,0,1,0,0,0,1,"696729,364628","5295861,4782",11.626528969,47.786046859,0,2,#fc8d62,car
97563,"9,21E+18",9,1,79,142,2021,6,22,6,2,8,1,2,0,0,0,1,0,0,"670352,464773","5341749,93091",11.292897782,48.20610174,0,4,#e78ac3,marker
97566,"9,21E+18",9,1,77,116,2021,6,22,5,3,2,6,2,0,1,0,0,0,0,"712066,705023","5364574,57932",11.86517007,48.398631428,1,2,#fc8d62,car
97568,"9,21E+18",9,1,62,0,2021,6,9,4,3,0,7,0,1,0,0,0,0,0,"688712,058868","5336393,34896",11.537394854,48.152764607,0,1,#66c2a5,bicycle
97573,"9,21E+18",9,7,71,130,2021,6,16,3,3,1,6,0,0,1,0,0,0,0,"644216,028427","5362162,36112",10.948312405,48.396117288,1,2,#fc8d62,car
97576,"9,21E+18",9,7,78,127,2021,6,18,3,3,5,3,0,0,1,0,0,0,0,"613399,458287","5317831,30021",10.520319188,48.003714233,0,2,#fc8d62,car
97579,"9,21E+18",9,1,75,132,2021,6,16,6,3,2,6,0,0,1,0,0,0,0,"709448,2872","5337233,0116",11.816292272,48.153820143,0,2,#fc8d62,car
97580,"9,21E+18",9,1,84,137,2021,6,17,5,3,2,6,0,0,1,0,0,0,0,"710315,368001","5313588,46734",11.816319621,47.941059735,0,2,#fc8d62,car
97582,"9,21E+18",9,7,77,112,2021,6,16,6,3,0,7,0,0,0,0,1,0,0,"622828,970776","5296670,49864",10.640659279,47.811659549,0,4,#e78ac3,marker
97587,"9,21E+18",9,1,78,124,2021,7,11,5,3,2,6,0,0,1,0,0,0,1,"702616,788001","5362843,53",11.736815176,48.386182937,0,2,#fc8d62,car
97589,"9,21E+18",9,1,87,128,2021,6,10,3,3,6,4,0,0,1,1,0,0,0,"746863,562003","5310934,64799",12.303434492,47.904187851,0,2,#fc8d62,car
97592,"9,21E+18",9,1,88,139,2021,6,0,1,3,7,7,2,1,0,0,0,0,0,"680731,215315","5322299,3352",11.424222446,48.028392123,0,1,#66c2a5,bicycle
97593,"9,21E+18",9,1,84,112,2021,6,13,6,3,2,6,0,0,1,0,0,0,0,"701238,947259","5340912,56403",11.707779549,48.18953832,0,2,#fc8d62,car
97597,"9,21E+18",9,1,63,0,2021,7,15,6,2,5,3,0,1,1,0,0,0,0,"733350,860983","5305217,60608",12.119809911,47.857882725,0,1,#66c2a5,bicycle
97599,"9,21E+18",9,7,77,121,2021,6,18,3,3,5,3,0,0,1,0,0,0,0,"627971,935088","5321341,94922",10.716651331,48.032534749,0,2,#fc8d62,car
97603,"9,21E+18",9,7,72,202,2021,6,21,1,3,5,3,1,1,0,0,0,0,0,"636722,199641","5358821,95104",10.846042572,48.367750086,0,1,#66c2a5,bicycle
97604,"9,21E+18",9,1,84,148,2021,7,11,6,3,8,1,0,0,1,0,0,0,0,"694945,913409","5326945,73581",11.616807739,48.065973057,0,2,#fc8d62,car
97606,"9,21E+18",9,1,78,113,2021,6,16,3,3,2,6,0,0,1,0,1,0,0,"691548,383857","5370410,5987",11.590930047,48.45764859,0,2,#fc8d62,car
97607,"9,21E+18",9,7,72,147,2021,6,10,7,2,5,3,0,1,1,0,0,0,0,"639618,538","5365230,242",10.88725824,48.424737382,0,1,#66c2a5,bicycle
97609,"9,21E+18",9,1,88,113,2021,6,11,1,3,0,7,0,1,0,0,0,0,0,"675629,631048","5314785,67823",11.352779099,47.962270546,0,1,#66c2a5,bicycle
97612,"9,21E+18",9,1,87,150,2021,6,19,3,3,5,2,0,1,1,0,0,0,0,"728574,27851","5304418,83773",12.055621698,47.852422739,0,1,#66c2a5,bicycle
97616,"9,21E+18",9,1,78,145,2021,6,17,4,3,2,6,0,0,1,0,0,0,0,"697809,662045","5356657,31745",11.66905008,48.332114062,0,2,#fc8d62,car
97631,"9,21E+18",9,2,61,0,2021,6,17,3,3,5,3,0,1,1,0,0,0,0,"736175,923674","5383419,17208",12.201045511,48.559335105,0,1,#66c2a5,bicycle
97634,"9,21E+18",9,1,90,148,2021,6,19,1,3,8,1,0,0,1,0,0,0,0,"641173,522155","5299146,55005",10.886370788,47.830163062,0,2,#fc8d62,car
97639,"9,21E+18",9,1,62,0,2021,7,21,5,3,5,2,2,1,1,0,0,0,0,"688689,472063","5336297,88009",11.537049137,48.151913223,0,1,#66c2a5,bicycle
97643,"9,21E+18",9,7,71,113,2021,7,19,6,3,4,2,0,0,1,0,1,0,0,"658207,716491","5370190,49209",11.140234855,48.464937059,0,2,#fc8d62,car
97648,"9,21E+18",9,1,62,0,2021,7,13,1,3,2,6,0,0,1,0,0,0,0,"692565,707979","5339176,75543",11.590416294,48.176626045,0,2,#fc8d62,car
97657,"9,21E+18",9,1,90,152,2021,7,12,1,3,6,7,0,1,0,1,0,0,0,"672585,559012","5299316,59928",11.305849047,47.824030743,0,1,#66c2a5,bicycle
97659,"9,21E+18",9,1,88,121,2021,7,11,4,2,9,1,0,0,1,0,0,0,0,"672450,922035","5329599,6182",11.3161954,48.096309009,1,2,#fc8d62,car
97673,"9,21E+18",9,1,77,127,2021,7,13,4,3,0,7,0,0,0,0,0,0,1,"726009,484225","5348670,69003",12.044753897,48.250909775,0,6,#ffd92f,circle
97676,"9,21E+18",9,1,84,119,2021,7,17,2,3,3,6,0,0,1,0,0,1,0,"695676,437159","5345508,59203",11.635136073,48.23258228,0,2,#fc8d62,car
97692,"9,21E+18",9,1,82,120,2021,7,10,3,3,0,1,0,1,0,0,0,0,0,"701050,523377","5307202,04579",11.689421553,47.886636642,0,1,#66c2a5,bicycle
97694,"9,21E+18",9,1,87,150,2021,7,16,5,3,4,2,0,1,1,0,0,0,0,"729425,64077","5303355,07585",12.066422103,47.842562043,0,1,#66c2a5,bicycle
97698,"9,21E+18",9,2,74,113,2021,7,12,4,3,1,6,0,0,1,0,1,0,0,"729901,76519","5383981,41229",12.116451196,48.566717185,0,2,#fc8d62,car
97703,"9,21E+18",9,1,82,133,2021,7,14,7,3,9,1,0,0,0,0,1,0,0,"703591,361974","5308401,86495",11.723936323,47.896618885,1,4,#e78ac3,marker
97704,"9,21E+18",9,1,86,152,2021,7,12,7,2,3,6,0,0,1,0,1,0,0,"690742,75906","5381251,57893",11.5849981,48.55532381,0,2,#fc8d62,car
97705,"9,21E+18",9,1,75,135,2021,7,18,5,3,5,2,0,0,1,0,1,0,0,"708989,269001","5339468,323",11.811226185,48.174057847,0,2,#fc8d62,car
97709,"9,21E+18",9,1,81,114,2021,7,16,7,3,8,1,0,0,1,0,0,0,0,"652298,217588","5311845,64015",11.039405509,47.941811081,0,2,#fc8d62,car
97715,"9,21E+18",9,1,77,117,2021,7,17,7,2,3,6,0,1,0,0,0,0,1,"717400,999047","5357522,38118",11.933498739,48.333452588,0,1,#66c2a5,bicycle
97717,"9,21E+18",9,1,74,115,2021,7,10,5,3,6,3,0,0,0,1,0,0,1,"681073,878842","5348677,92075",11.440034433,48.265407584,0,3,#8da0cb,toilet
97719,"9,21E+18",9,1,73,126,2021,7,8,4,3,0,7,0,0,0,0,1,0,0,"684621,025239","5303905,56122",11.468458581,47.861940159,1,4,#e78ac3,marker
97721,"9,21E+18",9,7,61,0,2021,7,8,3,3,2,6,0,0,1,0,0,0,0,"637416,933729","5359468,56006",10.855629175,48.373413446,0,2,#fc8d62,car
97722,"9,21E+18",9,7,72,171,2021,7,19,7,3,8,1,0,0,0,0,1,0,0,"637128,110621","5373769,63672",10.856411992,48.502068449,0,4,#e78ac3,marker
97723,"9,21E+18",9,1,62,0,2021,7,17,5,3,5,3,0,1,1,0,0,0,0,"694724,363794","5334148,75014",11.617122911,48.130778873,0,1,#66c2a5,bicycle
97725,"9,21E+18",9,7,71,130,2021,7,21,5,3,9,1,2,0,1,0,0,0,0,"646190,789947","5362822,79293",10.975204378,48.40160063,1,2,#fc8d62,car
97726,"9,21E+18",9,7,73,122,2021,7,19,1,3,5,3,0,0,1,0,1,0,0,"626134,036815","5384514,46693",10.710903749,48.600993005,0,2,#fc8d62,car
97734,"9,21E+18",9,1,87,165,2021,7,10,4,3,5,3,0,0,1,0,0,0,0,"731041,04367","5294328,05734",12.083173536,47.760880967,0,2,#fc8d62,car
97736,"9,21E+18",9,1,62,0,2021,7,9,4,3,5,2,0,0,1,0,0,0,0,"695009,762039","5333473,01901",11.620645345,48.124618323,0,2,#fc8d62,car
97739,"9,21E+18",9,7,61,0,2021,7,11,6,3,2,1,0,0,1,0,0,0,0,"641501,692757","5353790,7237",10.908848709,48.321457703,1,2,#fc8d62,car
97743,"9,21E+18",9,1,82,119,2021,7,10,3,3,2,6,0,0,1,0,0,1,0,"710543,19323","5292684,56625",11.809196318,47.753130718,0,2,#fc8d62,car
97752,"9,21E+18",9,1,63,0,2021,8,9,3,1,6,3,0,0,0,1,0,1,0,"734714,258597","5304747,0611",12.137754516,47.85315892,0,3,#8da0cb,toilet
97755,"9,21E+18",9,1,87,167,2021,7,6,7,3,0,7,0,1,0,0,0,0,0,"743471,19771","5303040,18242",12.25366909,47.834569215,0,1,#66c2a5,bicycle
97762,"9,21E+18",9,1,74,115,2021,7,22,6,3,2,6,2,0,1,0,0,0,0,"681376,871018","5345134,37819",11.442595306,48.233469405,0,2,#fc8d62,car
97771,"9,21E+18",9,2,74,126,2021,7,7,2,3,5,3,0,1,1,0,0,0,0,"733515,254002","5383215,55099",12.16492717,48.558502409,0,1,#66c2a5,bicycle
97775,"9,21E+18",9,1,81,130,2021,7,15,5,3,8,1,0,1,0,0,0,0,0,"639910,575008","5323399,28556",10.877386638,48.048530974,1,1,#66c2a5,bicycle
97776,"9,21E+18",9,1,88,139,2021,7,21,1,3,8,1,2,0,1,0,0,0,0,"672383,883938","5317986,37125",11.310619349,47.991926635,0,2,#fc8d62,car
97778,"9,21E+18",9,1,84,130,2021,7,16,5,1,4,6,0,0,1,0,0,1,0,"701099,337937","5349664,24362",11.710055602,48.26823184,0,2,#fc8d62,car
97779,"9,21E+18",9,1,88,120,2021,7,13,3,3,2,2,0,1,1,0,0,0,0,"677264,017207","5326484,1014",11.379490561,48.066982063,0,1,#66c2a5,bicycle
97780,"9,21E+18",9,1,62,0,2021,7,12,6,3,3,6,0,1,0,0,0,0,0,"695001,808167","5333464,76198",11.620534795,48.124546549,0,1,#66c2a5,bicycle
97781,"9,21E+18",9,1,75,121,2021,7,16,5,3,8,1,0,0,1,0,0,0,0,"714626,338071","5321154,98376",11.877751637,48.007622152,0,2,#fc8d62,car
97790,"9,21E+18",9,1,77,135,2021,8,18,1,3,4,2,0,0,1,0,0,0,0,"719154,505002","5344323,91999",11.950286303,48.214261662,1,2,#fc8d62,car
97797,"9,21E+18",9,2,61,0,2021,7,22,3,3,4,2,2,0,1,0,0,0,0,"733158,754002","5380982,28599",12.158852981,48.538574447,0,2,#fc8d62,car
97798,"9,21E+18",9,2,74,145,2021,7,17,7,2,3,6,0,0,1,0,0,0,0,"747685,090219","5384124,81785",12.357184018,48.561233076,0,2,#fc8d62,car
97803,"9,21E+18",9,1,73,140,2021,7,6,7,1,9,1,1,0,1,0,0,0,0,"695483,494904","5294826,53547",11.609447401,47.777123861,1,2,#fc8d62,car
97805,"9,21E+18",9,7,71,142,2021,7,13,4,2,2,7,0,0,1,0,0,0,0,"645715,675882","5351217,39437",10.964772084,48.297362649,0,2,#fc8d62,car
97809,"9,21E+18",9,1,87,182,2021,7,6,3,3,2,2,0,0,1,0,0,0,0,"740214,084019","5326526,26001",12.223315499,48.046771274,0,2,#fc8d62,car
97815,"9,21E+18",9,1,73,126,2021,7,18,1,3,9,1,0,0,1,0,0,0,0,"681297,936171","5307976,58746",11.425777865,47.899482187,1,2,#fc8d62,car
97816,"9,21E+18",9,1,88,139,2021,7,12,6,3,3,6,0,1,0,0,1,0,0,"672046,866702","5322399,4673",11.307876271,48.031690529,0,1,#66c2a5,bicycle
97820,"9,21E+18",9,1,62,0,2021,7,23,4,3,5,2,2,1,1,0,0,0,0,"694635,093466","5334166,13591",11.615932344,48.130962433,0,1,#66c2a5,bicycle
97827,"9,21E+18",9,1,74,141,2021,8,15,2,2,2,6,0,0,1,0,1,0,0,"684100,425483","5355024,3227",11.483545285,48.321578498,0,2,#fc8d62,car
97837,"9,21E+18",9,1,62,0,2021,7,13,7,3,2,7,0,0,1,0,0,0,0,"684676,671114","5342438,74802",11.485816448,48.208287847,0,2,#fc8d62,car
97838,"9,21E+18",9,7,62,0,2021,7,20,5,2,0,1,0,1,0,0,0,0,0,"619929,36794","5301512,46653",10.603285589,47.855754769,0,1,#66c2a5,bicycle
97839,"9,21E+18",9,1,87,177,2021,7,11,3,3,0,1,0,0,0,0,1,0,0,"736336,143046","5305686,00064",12.159915555,47.860999824,0,4,#e78ac3,marker
97840,"9,21E+18",9,7,71,130,2021,7,16,5,3,2,6,0,0,1,0,0,0,0,"646540,811096","5362830,09988",10.97993318,48.401585066,1,2,#fc8d62,car
97841,"9,21E+18",9,1,86,152,2021,7,0,2,3,3,6,2,0,1,0,0,0,1,"691147,857507","5372884,80674",11.586648786,48.480006769,0,2,#fc8d62,car
97845,"9,21E+18",9,7,61,0,2021,7,17,5,3,5,2,0,1,1,0,0,0,0,"639594,749213","5360886,71419",10.885492204,48.38568709,0,1,#66c2a5,bicycle
97847,"9,21E+18",9,7,61,0,2021,7,15,1,3,4,6,0,0,1,0,0,0,0,"644979,495907","5355486,44366",10.956319269,48.335916669,0,2,#fc8d62,car
97849,"9,21E+18",9,1,84,121,2021,7,4,3,3,7,7,2,0,0,0,1,0,0,"702834,356001","5330220,64",11.724129208,48.09294508,0,4,#e78ac3,marker
97858,"9,21E+18",9,1,77,139,2021,7,17,3,2,4,6,0,0,1,0,0,0,0,"731974,13323","5359293,41037",12.130820725,48.344182347,0,2,#fc8d62,car
97859,"9,21E+18",9,1,62,0,2021,7,17,3,3,5,2,0,1,1,0,0,0,0,"692553,348709","5339183,45508",11.590253247,48.176690004,1,1,#66c2a5,bicycle
97863,"9,21E+18",9,7,77,151,2021,7,15,2,3,2,2,0,0,1,0,0,0,0,"617237,025759","5292770,58258",10.564941878,47.777626203,0,2,#fc8d62,car
97864,"9,21E+18",9,7,61,0,2021,7,22,7,3,8,1,2,0,1,0,0,0,0,"641376,215311","5357487,73524",10.908397754,48.354728054,0,2,#fc8d62,car
97866,"9,21E+18",9,2,61,0,2021,7,12,5,2,6,2,0,0,1,1,0,0,0,"732242,545306","5381570,45434",12.146787458,48.544197532,0,2,#fc8d62,car
97871,"9,21E+18",9,1,84,114,2021,7,12,7,3,2,6,0,0,1,0,0,0,0,"699455,435888","5323800,239",11.675806547,48.036309687,0,2,#fc8d62,car
97883,"9,21E+18",9,1,78,124,2021,7,14,5,3,5,3,0,0,1,0,1,0,0,"705928,318649","5365673,58817",11.782878529,48.410541469,0,2,#fc8d62,car
97888,"9,21E+18",9,1,84,132,2021,7,10,7,3,2,6,0,0,1,0,0,0,0,"682621,551529","5324608,97597",11.450539358,48.048615593,0,2,#fc8d62,car
97890,"9,21E+18",9,1,86,125,2021,7,13,5,2,5,3,0,0,1,0,0,0,0,"672797,03939","5375062,25718",11.339449671,48.504890999,0,2,#fc8d62,car
97902,"9,21E+18",9,1,82,125,2021,7,16,6,3,2,6,0,0,1,0,0,0,0,"712251,056877","5295960,73966",11.833554968,47.782012439,0,2,#fc8d62,car
97907,"9,21E+18",9,1,87,117,2021,7,15,6,3,4,6,0,0,1,0,0,0,1,"722800,514075","5304993,62618",11.97884229,47.859614625,0,2,#fc8d62,car
97914,"9,21E+18",9,1,87,122,2021,7,19,5,3,5,3,0,0,1,0,0,0,0,"718842,434002","5307990,148",11.927512318,47.88790041,1,2,#fc8d62,car
97918,"9,21E+18",9,7,61,0,2021,7,6,4,3,5,3,0,1,1,0,0,0,0,"642844,269312","5359919,19086",10.929028712,48.376260131,0,1,#66c2a5,bicycle
97919,"9,21E+18",9,1,82,137,2021,7,12,1,3,5,3,0,0,1,0,0,0,0,"714358,960001","5303323,037",11.865299766,47.847473936,0,2,#fc8d62,car
97921,"9,21E+18",9,1,84,120,2021,7,14,4,3,2,7,0,0,1,0,0,0,0,"681103,327029","5333297,85262",11.433870389,48.127151891,0,2,#fc8d62,car
97922,"9,21E+18",9,1,62,0,2021,7,7,2,3,2,6,0,0,1,0,0,1,0,"688889,178701","5331704,13518",11.537695131,48.110564729,0,2,#fc8d62,car
97923,"9,21E+18",9,1,88,144,2021,7,13,1,3,0,7,0,1,0,0,0,0,1,"668107,356","5327475,266",11.257068147,48.078371655,0,1,#66c2a5,bicycle
97924,"9,21E+18",9,7,72,151,2021,7,19,5,3,2,6,0,0,1,0,0,0,0,"632350,343464","5343363,69686",10.782196977,48.229675991,0,2,#fc8d62,car
97929,"9,21E+18",9,1,62,0,2021,7,19,6,3,2,6,0,0,1,0,0,0,0,"688663,931645","5337954,60397",11.537440772,48.166811609,0,2,#fc8d62,car
97933,"9,21E+18",9,1,75,132,2021,7,16,1,2,1,1,0,0,1,0,0,0,0,"709185,558347","5337086,81439",11.812692119,48.152592864,0,2,#fc8d62,car
97939,"9,21E+18",9,7,72,223,2021,7,8,7,3,8,7,0,0,1,0,0,0,0,"617175,027468","5360198,61972",10.582611041,48.384062578,0,2,#fc8d62,car
97940,"9,21E+18",9,1,86,143,2021,7,11,6,3,2,6,0,0,1,0,0,0,0,"684558,096537","5382138,78042",11.501659907,48.565148352,0,2,#fc8d62,car
97942,"9,21E+18",9,1,77,127,2021,7,20,2,2,9,1,1,0,1,0,0,0,0,"725037,576229","5348075,38161",12.031363235,48.245907181,1,2,#fc8d62,car
97947,"9,21E+18",9,1,82,116,2021,8,11,2,2,4,6,0,1,0,0,0,0,0,"705127,065241","5292725,83626",11.737036766,47.755246951,0,1,#66c2a5,bicycle
97953,"9,21E+18",9,7,71,122,2021,7,6,4,3,3,7,0,0,1,0,0,0,1,"655868,122773","5359494,25303",11.104632494,48.36935719,0,2,#fc8d62,car
97959,"9,21E+18",9,1,79,134,2021,7,14,3,2,0,1,0,1,0,0,0,0,0,"668902,039281","5345014,59887",11.274692027,48.23583785,0,1,#66c2a5,bicycle
97960,"9,21E+18",9,1,78,129,2021,7,20,6,3,5,3,0,0,1,0,1,0,0,"709480,917067","5371151,86434",11.833565302,48.458595958,0,2,#fc8d62,car
97963,"9,21E+18",9,1,77,117,2021,7,8,7,3,4,3,0,0,1,0,0,0,0,"715969,433616","5352544,88516",11.911660341,48.289220268,0,2,#fc8d62,car
97967,"9,21E+18",9,1,87,169,2021,7,14,1,2,8,1,0,0,0,0,1,0,0,"742701,977619","5297985,55659",12.240577422,47.78945389,0,4,#e78ac3,marker
97971,"9,21E+18",9,7,74,198,2021,7,7,4,3,5,3,0,0,1,0,0,0,1,"614284,814","5348563,395",10.540433835,48.279952591,1,2,#fc8d62,car
97975,"9,21E+18",9,7,71,156,2021,7,15,7,3,0,7,0,1,0,0,0,0,0,"655939,531","5378820,23",11.112796274,48.543087175,0,1,#66c2a5,bicycle
97985,"9,21E+18",9,1,62,0,2021,7,8,7,3,0,1,0,0,0,0,1,0,0,"694542,032663","5334680,80681",11.61491795,48.135616538,0,4,#e78ac3,marker
97989,"9,21E+18",9,1,62,0,2021,8,20,2,3,1,5,0,0,1,0,1,0,0,"688029,064001","5331609,145",11.526109433,48.109965422,0,2,#fc8d62,car
97991,"9,21E+18",9,1,78,143,2021,7,7,3,3,2,6,0,0,1,0,0,0,0,"721937,871621","5374315,87599",12.00351013,48.482752182,0,2,#fc8d62,car
97996,"9,21E+18",9,1,62,0,2021,7,16,7,3,5,2,0,0,1,0,0,0,0,"689007,64749","5331956,55438",11.53939697,48.112798371,0,2,#fc8d62,car
98005,"9,21E+18",9,2,74,182,2021,7,18,6,3,9,1,0,0,1,0,0,0,0,"729291,63585","5375269,66103",12.103403129,48.488681851,0,2,#fc8d62,car
98010,"9,21E+18",9,1,62,0,2021,7,6,4,3,0,7,0,1,0,1,0,0,0,"699024,878932","5333043,5719",11.674341799,48.119516326,0,1,#66c2a5,bicycle
98013,"9,21E+18",9,2,61,0,2021,7,13,5,3,1,3,0,0,1,0,0,0,0,"732796,174389","5383060,0076",12.155109639,48.557372545,0,2,#fc8d62,car
98015,"9,21E+18",9,7,61,0,2021,7,16,6,3,5,3,0,1,1,0,0,0,0,"640626,966002","5352376,5358",10.896583932,48.308936852,0,1,#66c2a5,bicycle
98016,"9,21E+18",9,1,79,123,2021,7,17,5,3,5,2,0,0,1,0,1,0,0,"677842,798502","5334208,06832",11.390471581,48.136253235,0,2,#fc8d62,car
98021,"9,21E+18",9,1,62,0,2021,7,17,5,2,3,6,0,0,1,0,1,0,0,"692100,636711","5331303,93598",11.58061534,48.106007348,0,2,#fc8d62,car
98023,"9,21E+18",9,1,88,139,2021,7,13,2,3,0,1,0,0,0,0,1,0,0,"676430,003479","5318893,98401",11.365178963,47.9989823,0,4,#e78ac3,marker
98025,"9,21E+18",9,1,62,0,2021,7,6,6,3,3,2,1,0,1,0,0,0,0,"682891,105074","5335915,59215",11.458997828,48.150170782,0,2,#fc8d62,car
98029,"9,21E+18",9,1,81,133,2021,7,17,1,3,8,1,0,0,0,0,1,0,0,"644002,768393","5315773,00119",10.929704492,47.97904489,1,4,#e78ac3,marker
98031,"9,21E+18",9,2,61,0,2021,7,15,4,2,5,2,0,0,1,0,0,0,0,"731874,799281","5383857,54984",12.143086038,48.564877989,0,2,#fc8d62,car
98034,"9,21E+18",9,1,62,0,2021,7,12,4,3,6,4,0,0,1,1,0,0,0,"692995,671062","5331309,70438",11.592628806,48.105788675,0,2,#fc8d62,car
98038,"9,21E+18",9,7,71,130,2021,7,13,4,3,3,6,0,0,1,0,0,0,0,"648633,800342","5362709,13633",11.008151079,48.400007514,0,2,#fc8d62,car
98049,"9,21E+18",9,1,90,152,2021,8,6,3,2,8,1,2,0,1,0,0,0,0,"672387,367","5299373,505",11.303225936,47.824595476,0,2,#fc8d62,car
98055,"9,21E+18",9,1,84,129,2021,7,17,4,3,2,6,0,0,1,0,0,0,0,"700946,992154","5326128,48896",11.696886666,48.056766416,0,2,#fc8d62,car
98057,"9,21E+18",9,7,61,0,2021,7,17,4,3,5,7,0,1,0,0,0,0,0,"639041,423416","5361019,773",10.878066707,48.387005732,1,1,#66c2a5,bicycle
98070,"9,21E+18",9,1,74,113,2021,7,9,5,2,3,6,0,0,1,0,0,0,0,"676320,209681","5345732,54447",11.374808016,48.240272397,1,2,#fc8d62,car
98074,"9,21E+18",9,1,79,119,2021,7,15,3,3,2,6,0,0,1,0,0,0,0,"670353,617949","5338953,64487",11.291791448,48.180963733,0,2,#fc8d62,car
98075,"9,21E+18",9,1,86,143,2021,7,16,7,3,0,1,0,0,0,0,1,0,0,"680999,517034","5380749,29988",11.452866137,48.553697168,0,4,#e78ac3,marker
98076,"9,21E+18",9,1,85,158,2021,7,9,5,3,8,1,0,1,0,0,0,0,0,"666505,456758","5382253,60451",11.257213405,48.571235731,0,1,#66c2a5,bicycle
98082,"9,21E+18",9,1,88,139,2021,7,9,6,2,0,1,0,1,0,0,0,0,0,"670557,033298","5318845,76576",11.286494193,48.000142406,0,1,#66c2a5,bicycle
98086,"9,21E+18",9,1,74,121,2021,7,17,4,3,5,6,0,0,1,0,1,0,0,"691041,113649","5352869,19271",11.576103941,48.300150123,0,2,#fc8d62,car
98103,"9,21E+18",9,1,77,133,2021,8,11,3,3,0,1,0,0,0,0,1,0,0,"709712,349534","5354201,46804",11.828234551,48.306209728,0,4,#e78ac3,marker
98111,"9,21E+18",9,7,74,166,2021,7,10,7,2,0,6,0,1,1,0,0,0,0,"615281,048621","5341144,00759",10.551836494,48.21304577,0,1,#66c2a5,bicycle
98114,"9,21E+18",9,1,88,145,2021,7,14,6,3,2,6,1,0,1,0,0,0,0,"664064,317236","5328076,08598",11.203057737,48.084826399,0,2,#fc8d62,car
98119,"9,21E+18",9,1,62,0,2021,7,17,4,3,5,3,0,1,1,0,0,0,0,"687087,579001","5335119,466",11.51501443,48.141794526,0,1,#66c2a5,bicycle
98122,"9,21E+18",9,1,88,137,2021,7,17,2,3,2,6,0,0,1,0,0,0,0,"672598,638","5316851,832",11.313039466,47.98166936,0,2,#fc8d62,car
98123,"9,21E+18",9,1,84,142,2021,7,17,6,3,4,1,0,0,1,0,0,0,0,"683453,982304","5317400,71546",11.458614623,47.983582862,0,2,#fc8d62,car
98126,"9,21E+18",9,7,61,0,2021,8,19,2,3,2,1,0,0,1,0,0,0,0,"640374,156272","5355594,55509",10.894247805,48.337928664,0,2,#fc8d62,car
98131,"9,21E+18",9,1,77,115,2021,7,14,5,3,5,3,0,0,1,0,0,0,0,"732534,64176","5349700,35711",12.13309057,48.257799761,0,2,#fc8d62,car
98136,"9,21E+18",9,1,88,141,2021,7,13,6,2,0,2,0,0,1,0,1,0,0,"670802,307753","5309575,46901",11.286098103,47.916736307,0,2,#fc8d62,car
98142,"9,21E+18",9,1,88,120,2021,7,8,1,3,8,7,0,0,1,0,0,0,0,"676543,442852","5326632,79835",11.369887977,48.068518588,0,2,#fc8d62,car
98146,"9,21E+18",9,1,88,139,2021,8,17,2,3,5,2,0,1,1,0,0,0,0,"676205,963662","5318296,24751",11.361932792,47.993670704,0,1,#66c2a5,bicycle
98147,"9,21E+18",9,1,63,0,2021,7,15,5,3,5,3,0,1,1,0,0,0,0,"734820,073659","5304920,31927",12.13926094,47.854676807,1,1,#66c2a5,bicycle
98148,"9,21E+18",9,2,61,0,2021,7,13,2,2,2,6,0,0,1,0,0,1,1,"731028,40501","5381938,73822",12.130566261,48.547953994,0,2,#fc8d62,car
98150,"9,21E+18",9,7,72,147,2021,7,17,6,3,2,6,0,0,1,0,0,0,0,"638474,005144","5364097,64143",10.871421953,48.414805994,0,2,#fc8d62,car
98151,"9,21E+18",9,7,71,142,2021,7,16,4,3,1,6,0,0,1,0,1,0,0,"645564,535145","5352095,94269",10.963038378,48.305296841,0,2,#fc8d62,car
98154,"9,21E+18",9,1,81,145,2021,7,8,4,3,5,3,0,0,1,0,0,1,0,"642299,304455","5334468,06665",10.913111804,48.147533594,1,2,#fc8d62,car
98157,"9,21E+18",9,7,72,147,2021,7,16,5,2,6,4,0,0,1,1,0,0,0,"639647,817648","5365236,79164",10.887655978,48.424789784,0,2,#fc8d62,car
98159,"9,21E+18",9,1,77,115,2021,7,14,3,3,7,7,0,0,0,0,1,0,0,"732895,721314","5352565,85928",12.13952602,48.283408694,0,4,#e78ac3,marker
98166,"9,21E+18",9,1,73,120,2021,7,18,5,3,5,3,0,0,1,0,0,0,0,"687429,802001","5310837,262",11.508986016,47.923434114,0,2,#fc8d62,car
98170,"9,21E+18",9,1,62,0,2021,7,15,7,3,5,2,0,0,1,0,0,0,0,"697394,641001","5331321,684",11.651663512,48.104548551,0,2,#fc8d62,car