OBJECTID,UIDENTSTLA,ULAND,UREGBEZ,UKREIS,UGEMEINDE,UJAHR,UMONAT,USTUNDE,UWOCHENTAG,UKATEGORIE,UART,UTYP1,ULICHTVERH,IstRad,IstPKW,IstFuss,IstKrad,IstGkfz,IstSonstig,LINREFX,LINREFY,XGCSWGS84,YGCSWGS84,STRZUSTAN,Teilnehmer,color,symbol
98172,"9,21E+18",9,1,78,123,2021,7,17,2,3,2,3,0,0,1,0,0,0,0,"691102,140001","5358075,323",11.579285568,48.346922104,0,2,#fc8d62,car
98176,"9,21E+18",9,7,72,156,2021,7,19,2,3,9,1,0,0,1,0,0,0,0,"630180,213818","5367965,54844",10.760592964,48.451355262,0,2,#fc8d62,car
98180,"9,21E+18",9,1,73,147,2021,7,14,6,3,2,2,0,0,1,0,1,0,0,"680531,548495","5308791,46103",11.415874012,47.907023446,0,2,#fc8d62,car
98181,"9,21E+18",9,2,74,111,2021,7,16,2,3,2,6,0,0,1,0,0,0,0,"747863,021344","5380399,26102",12.357375171,48.527704072,0,2,#fc8d62,car
98184,"9,21E+18",9,1,84,132,2021,7,6,3,3,8,1,1,0,0,0,0,0,1,"684221,28067","5326022,49004",11.472593593,48.06086159,0,6,#ffd92f,circle
98185,"9,21E+18",9,1,62,0,2021,7,14,4,3,2,6,0,0,1,0,0,0,0,"701420,593563","5335857,78855",11.707826828,48.144054205,0,2,#fc8d62,car
98188,"9,21E+18",9,7,62,0,2021,7,16,5,3,0,7,0,0,0,0,1,0,1,"621231,032708","5304486,51173",10.621514179,47.882258423,1,4,#e78ac3,marker
98189,"9,21E+18",9,1,87,113,2021,7,10,3,3,5,3,0,0,1,0,0,0,0,"744956,716722","5322305,15896",12.28443476,48.007054084,0,2,#fc8d62,car
98190,"9,21E+18",9,1,62,0,2021,7,7,6,3,6,4,0,0,0,1,1,0,0,"695118,721946","5331441,73727",11.621178647,48.106328639,0,3,#8da0cb,toilet
98200,"9,21E+18",9,1,62,0,2021,7,11,4,3,5,2,0,1,1,0,0,0,0,"687917,009966","5327726,4304",11.522896748,48.075099473,0,1,#66c2a5,bicycle
98204,"9,21E+18",9,1,86,128,2021,7,15,2,2,5,6,0,0,1,0,0,0,0,"675552,330829","5383569,47797",11.380304447,48.580594881,0,2,#fc8d62,car
98205,"9,21E+18",9,1,77,135,2021,7,13,7,3,0,6,0,0,1,0,0,0,0,"719017,545462","5344351,49541",11.948459308,48.2145567,0,2,#fc8d62,car
98212,"9,21E+18",9,1,84,148,2021,7,16,6,3,4,6,0,1,0,0,0,0,0,"695140,796309","5325865,37998",11.618927981,48.056203583,0,1,#66c2a5,bicycle
98214,"9,21E+18",9,1,84,127,2021,7,16,4,3,4,6,0,0,1,0,0,1,0,"700921,644635","5322261,59329",11.694732598,48.022022001,0,2,#fc8d62,car
98215,"9,21E+18",9,1,74,115,2021,7,16,4,3,0,3,0,0,1,0,1,0,0,"681291,212001","5347085,634",11.442278105,48.251033005,0,2,#fc8d62,car
98218,"9,21E+18",9,1,84,119,2021,7,15,7,3,5,3,0,1,1,0,0,0,0,"696645,53837","5347105,817",11.648913816,48.246637123,0,1,#66c2a5,bicycle
98220,"9,21E+18",9,1,87,122,2021,7,16,3,3,2,2,0,0,1,0,0,0,0,"716044,474013","5308669,62927",11.890472889,47.894953869,0,2,#fc8d62,car
98221,"9,21E+18",9,7,72,147,2021,7,21,5,3,2,6,2,0,1,0,0,0,0,"634288,598305","5364479,68947",10.815010126,48.419147242,1,2,#fc8d62,car
98222,"9,21E+18",9,1,62,0,2021,7,15,1,2,0,7,0,1,0,0,0,0,1,"695166,015537","5341793,14721",11.626560163,48.199347443,0,1,#66c2a5,bicycle
98225,"9,21E+18",9,7,72,223,2021,7,18,3,3,8,1,0,0,1,0,0,0,0,"616435,7061","5362701,28847",10.573323362,48.406706409,1,2,#fc8d62,car
98227,"9,21E+18",9,7,72,167,2021,7,20,2,3,6,4,0,0,1,1,0,0,0,"626771,662396","5358486,34581",10.711652636,48.366809233,0,2,#fc8d62,car
98229,"9,21E+18",9,7,72,130,2021,7,19,1,3,5,3,0,1,1,0,0,0,0,"632183,621","5359204,628",10.784913781,48.372158039,0,1,#66c2a5,bicycle
98231,"9,21E+18",9,1,87,129,2021,7,15,4,2,4,6,0,0,1,0,0,0,0,"725512,597229","5296775,32892",12.010774664,47.784827114,0,2,#fc8d62,car
98236,"9,21E+18",9,1,62,0,2021,7,18,6,3,2,6,0,0,1,0,0,0,0,"700727,298129","5332575,521",11.696971098,48.114775578,0,2,#fc8d62,car
98237,"9,21E+18",9,1,62,0,2021,7,17,6,3,1,3,0,1,0,0,0,0,0,"701102,452051","5332383,80748",11.701915463,48.112934302,0,1,#66c2a5,bicycle
98239,"9,21E+18",9,1,75,115,2021,7,1,6,3,1,1,2,1,1,0,0,0,0,"721025,590743","5329923,86918",11.967963797,48.084230738,0,1,#66c2a5,bicycle
98241,"9,21E+18",9,1,81,115,2021,7,13,2,2,8,7,0,0,1,0,0,0,0,"658186,969327","5327187,49416",11.12386486,48.078322764,0,2,#fc8d62,car
98242,"9,21E+18",9,7,77,112,2021,7,2,6,2,7,7,2,0,1,0,0,1,0,"621619,744153","5295567,21712",10.624204595,47.80196645,0,2,#fc8d62,car
98244,"9,21E+18",9,1,90,141,2021,7,14,4,3,4,1,0,0,1,0,0,1,0,"679662,557162","5292756,42482",11.397602228,47.76311986,0,2,#fc8d62,car
98245,"9,21E+18",9,1,87,181,2021,8,16,2,3,2,6,0,0,1,0,0,0,0,"736777,629433","5311593,09759",12.169047917,47.913904311,0,2,#fc8d62,car
98248,"9,21E+18",9,7,61,0,2021,7,17,6,3,4,1,0,1,0,0,0,0,0,"641297,293","5352354,21",10.905611724,48.308586707,0,1,#66c2a5,bicycle
98250,"9,21E+18",9,1,87,169,2021,7,14,5,3,0,2,0,0,1,0,1,0,0,"740178,481908","5298585,93824",12.207270513,47.795793099,0,2,#fc8d62,car
98252,"9,21E+18",9,1,77,127,2021,7,12,4,3,2,1,0,0,1,0,0,1,0,"723766,276585","5347480,76134",12.013948746,48.241014865,1,2,#fc8d62,car
98255,"9,21E+18",9,1,77,117,2021,7,13,6,3,0,6,0,0,1,0,0,0,1,"717249,648649","5353726,01455",11.929504144,48.299394618,0,2,#fc8d62,car
98257,"9,21E+18",9,1,88,141,2021,7,16,2,3,0,6,0,0,1,0,0,0,0,"666425,301","5306134,743",11.22623323,47.886953301,0,2,#fc8d62,car
98262,"9,21E+18",9,7,72,162,2021,7,6,2,3,3,3,0,0,1,0,0,0,0,"636900,179108","5335391,42409",10.840861127,48.157021724,0,2,#fc8d62,car
98265,"9,21E+18",9,1,87,165,2021,7,14,4,3,5,3,0,1,1,0,0,0,0,"732748,134002","5295197,86799",12.10638538,47.768081754,0,1,#66c2a5,bicycle
98267,"9,21E+18",9,1,73,118,2021,7,9,5,3,4,2,0,0,1,0,0,0,0,"688510,382028","5302770,94786",11.519914864,47.850612099,1,2,#fc8d62,car
98270,"9,21E+18",9,7,77,121,2021,7,17,6,2,5,3,0,0,1,0,0,0,0,"630027,639098","5321772,92942",10.744344832,48.035995271,1,2,#fc8d62,car
98273,"9,21E+18",9,2,61,0,2021,7,8,4,2,0,1,0,1,0,0,0,0,0,"736030,29158","5382187,53367",12.198376782,48.548327007,1,1,#66c2a5,bicycle
98276,"9,21E+18",9,1,77,133,2021,7,11,4,3,0,6,0,0,1,0,0,0,0,"713704,032991","5356042,46357",11.882929793,48.321415918,0,2,#fc8d62,car
98280,"9,21E+18",9,1,78,145,2021,7,15,3,3,3,6,0,0,1,0,0,0,0,"692878,185522","5358211,92982",11.603293633,48.347610078,0,2,#fc8d62,car
98283,"9,21E+18",9,1,62,0,2021,8,12,2,3,5,3,0,1,1,0,0,0,0,"687914,964422","5327723,93117",11.522868214,48.075077612,0,1,#66c2a5,bicycle
98286,"9,21E+18",9,1,62,0,2021,7,0,7,3,3,6,2,0,1,0,0,1,0,"686737,367395","5333260,3779",11.509496361,48.125187302,0,2,#fc8d62,car
98296,"9,21E+18",9,7,72,137,2021,7,17,2,3,4,2,0,1,1,0,0,0,0,"623805,327578","5372740,89233",10.67583056,48.495584422,0,1,#66c2a5,bicycle
98300,"9,21E+18",9,1,73,147,2021,7,16,6,2,4,2,0,0,1,0,1,0,0,"682230,321169","5309530,95558",11.438898283,47.913190552,0,2,#fc8d62,car
98305,"9,21E+18",9,7,61,0,2021,7,8,4,3,2,1,0,0,1,0,0,0,0,"642125,868867","5359002,07992",10.919022806,48.368176106,0,2,#fc8d62,car
98310,"9,21E+18",9,1,84,135,2021,7,13,6,3,2,6,0,0,1,0,1,0,0,"691206,396956","5347499,12654",11.575901479,48.251835967,0,2,#fc8d62,car
98311,"9,21E+18",9,1,77,117,2021,7,18,5,3,0,1,0,1,0,0,0,0,0,"714257,781349","5355578,33302",11.890154381,48.317058214,0,1,#66c2a5,bicycle
98320,"9,21E+18",9,1,62,0,2021,7,17,4,3,2,6,0,0,1,0,1,0,0,"692094,746591","5341909,20901",11.585323319,48.201327121,0,2,#fc8d62,car
98324,"9,21E+18",9,1,88,113,2021,7,16,2,2,0,1,0,1,0,0,0,0,0,"676266,68039","5314455,21347",11.361170234,47.959124727,0,1,#66c2a5,bicycle
98328,"9,21E+18",9,1,75,133,2021,8,18,2,3,0,1,0,1,0,0,0,0,0,"706311,007001","5340929,817",11.775953145,48.188066344,0,1,#66c2a5,bicycle
98329,"9,21E+18",9,1,84,132,2021,7,18,5,2,9,1,0,0,1,0,0,0,0,"684259,891846","5326068,66444",11.473131219,48.061265489,1,2,#fc8d62,car
98332,"9,21E+18",9,1,87,130,2021,7,15,7,2,3,2,0,1,1,0,0,0,0,"713735,571001","5314603,644",11.862564724,47.949050464,0,1,#66c2a5,bicycle
98335,"9,21E+18",9,1,73,112,2021,7,15,4,3,1,6,0,0,1,0,0,0,0,"693455,229362","5292856,97872",11.581524496,47.760032783,1,2,#fc8d62,car
98337,"9,21E+18",9,7,61,0,2021,7,13,3,2,3,5,0,1,1,0,0,0,0,"643791,579876","5357576,25948",10.941013036,48.354978639,0,1,#66c2a5,bicycle
98338,"9,21E+18",9,1,62,0,2021,7,8,7,3,3,6,0,1,1,0,0,0,0,"694476,580288","5331888,3329",11.612765164,48.110538838,0,1,#66c2a5,bicycle
98341,"9,21E+18",9,7,72,151,2021,7,8,5,2,9,1,0,0,0,0,1,0,0,"622506,632784","5342860,67678",10.649557922,48.227130197,1,4,#e78ac3,marker
98342,"9,21E+18",9,1,81,141,2021,7,13,2,3,2,6,0,0,1,0,0,0,0,"643877,395149","5320127,10107",10.929485278,48.018225533,0,2,#fc8d62,car
98344,"9,21E+18",9,1,83,118,2021,7,20,6,3,4,6,0,0,1,0,0,0,0,"743657,444483","5338317,05978",12.276172102,48.151375508,0,2,#fc8d62,car
98346,"9,21E+18",9,7,61,0,2021,7,19,5,3,5,3,0,1,1,0,0,0,0,"640441,070374","5352400,73953",10.894086307,48.309195792,0,1,#66c2a5,bicycle
98349,"9,21E+18",9,1,79,123,2021,7,19,4,3,3,6,0,0,1,0,0,0,0,"678688,389702","5332754,88129",11.401217867,48.122953557,0,2,#fc8d62,car
98351,"9,21E+18",9,1,62,0,2021,7,13,4,3,2,6,0,0,1,0,0,0,0,"692603,488028","5339155,80471",11.590914483,48.176426297,0,2,#fc8d62,car
98352,"9,21E+18",9,1,90,131,2021,7,13,2,2,5,3,0,0,0,0,1,0,1,"663119,133","5293007,113",11.177096798,47.769772281,0,4,#e78ac3,marker
98354,"9,21E+18",9,7,61,0,2021,7,14,6,3,2,6,0,0,1,0,0,0,0,"639057,865831","5356522,11626",10.876801634,48.346560194,1,2,#fc8d62,car
98358,"9,21E+18",9,1,84,130,2021,7,13,2,3,5,1,0,1,0,1,0,0,0,"698004,211001","5344254,659",11.66586299,48.220590679,0,1,#66c2a5,bicycle
98359,"9,21E+18",9,1,84,131,2021,7,16,3,3,4,3,0,0,1,0,0,0,0,"704866,337732","5336966,33102",11.754628596,48.152916007,1,2,#fc8d62,car
98368,"9,21E+18",9,1,83,138,2021,8,10,3,3,2,6,0,0,1,0,0,0,0,"745985,880654","5346522,71674",12.31217674,48.224181562,0,2,#fc8d62,car
98371,"9,21E+18",9,1,86,143,2021,7,19,7,3,5,3,0,0,1,0,0,0,0,"685552,755001","5378582,911",11.513544592,48.532895829,1,2,#fc8d62,car
98377,"9,21E+18",9,1,82,127,2021,7,7,2,3,0,1,0,1,0,0,0,0,0,"700050,132601","5308632,36905",11.676717506,47.899804234,0,1,#66c2a5,bicycle
98382,"9,21E+18",9,1,73,147,2021,7,22,7,2,9,1,2,0,1,0,0,0,0,"679719,314068","5308115,38879",11.404732947,47.901174036,1,2,#fc8d62,car
98383,"9,21E+18",9,1,62,0,2021,7,15,4,3,2,6,0,0,1,0,0,0,0,"701418,352233","5335892,01415",11.707812921,48.144362496,0,2,#fc8d62,car
98392,"9,21E+18",9,1,79,126,2021,7,8,3,3,0,2,0,1,1,0,0,0,0,"677562,713034","5339351,59022",11.388857027,48.182567155,0,1,#66c2a5,bicycle
98393,"9,21E+18",9,1,75,121,2021,7,12,4,3,8,1,0,0,1,0,0,0,0,"713882,836675","5318430,00287",11.866437894,47.98338488,0,2,#fc8d62,car
98402,"9,21E+18",9,1,77,133,2021,8,23,3,3,4,6,2,0,1,0,0,0,0,"709349,655001","5360053,734",11.826256303,48.35891666,1,2,#fc8d62,car
98403,"9,21E+18",9,1,87,132,2021,7,19,6,3,2,6,0,0,1,0,0,0,0,"744033,740836","5299125,30627",12.258970407,47.799189119,0,2,#fc8d62,car
98405,"9,21E+18",9,1,87,177,2021,7,10,7,3,5,3,0,1,1,0,0,0,0,"736764,218198","5306064,39379",12.165837257,47.864241603,0,1,#66c2a5,bicycle
98411,"9,21E+18",9,1,78,142,2021,8,17,1,3,1,1,0,1,1,0,0,0,0,"713583,362171","5377908,90647",11.892438097,48.517928759,0,1,#66c2a5,bicycle
98414,"9,21E+18",9,1,87,165,2021,7,10,6,3,5,3,0,1,1,0,0,0,0,"732903,170002","5297311,09599",12.109584383,47.787011589,0,1,#66c2a5,bicycle
98427,"9,21E+18",9,1,84,137,2021,7,12,7,3,1,2,0,0,1,0,0,0,0,"706310,433673","5316867,49369",11.764327591,47.971829642,0,2,#fc8d62,car
98430,"9,21E+18",9,1,77,117,2021,7,15,3,2,5,3,0,1,1,0,0,0,0,"716731,108687","5350686,02728",11.920962095,48.272258052,0,1,#66c2a5,bicycle
98431,"9,21E+18",9,1,62,0,2021,7,6,6,3,5,3,0,0,1,0,0,0,0,"693677,745001","5337044,709",11.604388563,48.157126092,0,2,#fc8d62,car
98435,"9,21E+18",9,1,87,177,2021,7,7,4,3,5,3,0,1,1,0,0,0,0,"738361,574431","5304926,40168",12.186534737,47.853427914,0,1,#66c2a5,bicycle
98437,"9,21E+18",9,7,72,130,2021,7,11,5,3,5,2,0,0,1,0,0,1,0,"631583,173951","5359219,95616",10.776814631,48.372421358,0,2,#fc8d62,car
98443,"9,21E+18",9,1,84,121,2021,7,17,5,3,5,3,0,0,1,0,0,0,0,"704655,682001","5326955,729",11.746997603,48.063022077,0,2,#fc8d62,car
98444,"9,21E+18",9,7,62,0,2021,7,6,2,3,3,6,0,0,1,0,0,1,0,"621035,027563","5304478,55435",10.618891384,47.882223842,0,2,#fc8d62,car
98445,"9,21E+18",9,1,78,124,2021,7,14,2,3,4,6,0,0,1,0,0,0,0,"701368,562304","5359794,53979",11.718514761,48.35918297,0,2,#fc8d62,car
98446,"9,21E+18",9,1,88,113,2021,7,14,2,3,6,6,0,1,0,1,0,0,0,"675863,046443","5315274,81862",11.356103328,47.966603663,0,1,#66c2a5,bicycle
98447,"9,21E+18",9,1,86,152,2021,7,14,7,3,2,6,0,0,1,0,0,0,0,"691151,736866","5372894,72507",11.586705762,48.480094728,0,2,#fc8d62,car
98454,"9,21E+18",9,1,63,0,2021,7,14,7,3,5,2,0,0,1,0,0,0,0,"732932,787315","5303176,05955",12.113130072,47.839692878,0,2,#fc8d62,car
98457,"9,21E+18",9,1,73,141,2021,7,8,4,2,9,1,0,0,1,0,0,0,0,"694827,262785","5297331,26564",11.601821037,47.799835704,1,2,#fc8d62,car
98463,"9,21E+18",9,1,75,124,2021,7,17,6,3,2,1,0,0,1,0,0,0,0,"714469,963822","5328907,67985",11.879540847,48.0773385,0,2,#fc8d62,car
98467,"9,21E+18",9,1,73,126,2021,7,13,6,3,1,6,0,0,1,0,0,0,0,"684702,231168","5305010,30774",11.470015357,47.871847417,1,2,#fc8d62,car
98486,"9,21E+18",9,1,73,126,2021,7,21,6,3,5,3,2,0,1,0,0,0,0,"685627,628001","5303802,232",11.481859889,47.860721301,1,2,#fc8d62,car
98489,"9,21E+18",9,1,81,114,2021,7,7,7,2,9,1,0,0,1,0,0,0,0,"655648,704676","5317869,1672",11.086422187,47.995165,0,2,#fc8d62,car
98492,"9,21E+18",9,1,87,126,2021,8,16,3,3,5,3,0,0,1,0,0,0,0,"739048,660951","5324652,77449",12.206657085,48.030379126,0,2,#fc8d62,car
98493,"9,21E+18",9,1,78,138,2021,7,18,6,3,4,2,0,0,1,0,0,0,0,"710296,263001","5368435,283",11.843216112,48.433914475,0,2,#fc8d62,car
98498,"9,21E+18",9,7,72,163,2021,7,6,3,3,2,6,0,0,1,0,0,0,0,"639053,641683","5346535,68974",10.873454708,48.256764285,0,2,#fc8d62,car
98499,"9,21E+18",9,1,83,140,2021,8,22,1,3,8,1,2,0,0,0,0,0,1,"740248,854711","5339981,66649",12.231356843,48.167624453,1,6,#ffd92f,circle
98500,"9,21E+18",9,1,86,162,2021,7,10,4,3,2,7,0,0,1,0,0,1,0,"691232,883847","5382993,62477",11.592433846,48.570830465,0,2,#fc8d62,car
98503,"9,21E+18",9,1,84,141,2021,7,7,2,3,6,4,0,0,1,1,0,0,0,"698058,814489","5316329,9668",11.653642833,47.969605221,0,2,#fc8d62,car
98511,"9,21E+18",9,1,84,142,2021,7,9,1,3,0,7,0,1,0,0,0,0,0,"683314,534001","5318043,28",11.457021828,47.989398799,0,1,#66c2a5,bicycle
98514,"9,21E+18",9,1,84,147,2021,7,13,4,3,2,6,0,0,1,0,1,0,0,"695550,300001","5339912,87",11.630860509,48.182330435,0,2,#fc8d62,car
98520,"9,21E+18",9,1,81,130,2021,7,7,7,3,0,6,0,0,1,0,1,0,0,"636973,300645","5323102,5806",10.837899172,48.046499993,0,2,#fc8d62,car
98526,"9,21E+18",9,1,62,0,2021,7,17,6,3,1,6,0,0,1,0,0,0,0,"683481,455272","5342558,05125",11.469795559,48.209706807,0,2,#fc8d62,car
98527,"9,21E+18",9,1,79,121,2021,7,18,2,2,0,1,0,0,0,0,1,0,0,"665782,787538","5338589,19537",11.230206239,48.178896441,0,4,#e78ac3,marker
98531,"9,21E+18",9,1,81,111,2021,7,18,1,3,8,6,0,0,1,0,0,0,0,"645136,609787","5305739,64843",10.941507968,47.88856767,0,2,#fc8d62,car
98532,"9,21E+18",9,1,84,136,2021,7,21,1,3,5,3,1,1,1,0,0,0,0,"698462,120472","5326547,16566",11.663769308,48.061306823,0,1,#66c2a5,bicycle
98533,"9,21E+18",9,1,87,150,2021,7,9,4,3,0,1,0,0,0,0,1,0,0,"725650,133079","5304020,88262",12.016380032,47.849880317,0,4,#e78ac3,marker
98542,"9,21E+18",9,1,62,0,2021,7,9,4,3,5,2,0,1,1,0,0,0,0,"689006,87016","5331960,6613",11.539388357,48.112835516,0,1,#66c2a5,bicycle
98543,"9,21E+18",9,1,84,112,2021,7,11,4,3,3,6,0,0,1,0,0,0,0,"702223,065536","5340324,82002",11.72072616,48.18394389,1,2,#fc8d62,car
98544,"9,21E+18",9,1,84,123,2021,7,16,2,3,1,6,0,0,1,0,1,0,0,"702141,506449","5332178,0489",11.715761969,48.110756255,0,2,#fc8d62,car
98545,"9,21E+18",9,7,71,113,2021,7,23,4,3,9,1,2,0,1,0,0,0,0,"658496,623553","5367725,02182",11.14320686,48.442699338,0,2,#fc8d62,car
98546,"9,21E+18",9,1,84,123,2021,7,13,7,3,2,6,0,0,1,0,0,0,0,"702153,458819","5332175,87246",11.71592133,48.110732903,1,2,#fc8d62,car
98547,"9,21E+18",9,7,72,200,2021,8,8,2,2,5,3,0,1,1,0,0,0,0,"631281,477811","5337536,57354",10.766008274,48.177497253,1,1,#66c2a5,bicycle
98562,"9,21E+18",9,1,81,123,2021,7,17,6,3,5,3,0,0,1,0,1,0,0,"656256,241527","5326681,32832",11.097775377,48.074247893,0,2,#fc8d62,car
98567,"9,21E+18",9,1,73,120,2021,7,15,4,3,3,6,0,0,0,0,0,1,1,"686530,631064","5314126,24626",11.498386155,47.953260131,0,5,#a6d854,bus
98568,"9,21E+18",9,2,74,183,2021,8,10,2,2,0,3,0,1,1,0,0,0,0,"738977,13992","5362675,5911",12.22710297,48.371952673,0,1,#66c2a5,bicycle
98569,"9,21E+18",9,1,78,143,2021,7,16,5,3,5,3,0,0,1,0,0,0,0,"714537,739001","5372182,939",11.902405242,48.466156515,1,2,#fc8d62,car
98570,"9,21E+18",9,1,82,119,2021,7,8,2,2,5,3,0,1,1,0,0,0,0,"711997,585959","5293327,52158",11.828890791,47.758432301,0,1,#66c2a5,bicycle
98574,"9,21E+18",9,1,81,141,2021,7,17,1,3,2,6,0,0,1,0,0,0,0,"643938,234","5319891,119",10.930221451,48.016089868,0,2,#fc8d62,car
98576,"9,21E+18",9,1,84,149,2021,7,10,3,3,1,5,0,1,1,0,0,0,0,"691168,954316","5352544,07543",11.577678798,48.297189488,0,1,#66c2a5,bicycle
98578,"9,21E+18",9,1,62,0,2021,7,15,7,3,2,6,2,0,1,0,1,0,0,"687467,359001","5332989,494",11.519177507,48.122537978,0,2,#fc8d62,car
98583,"9,21E+18",9,1,81,114,2021,7,16,2,3,8,1,0,0,1,0,0,0,0,"656740,084417","5315008,21689",11.099997629,47.969175155,0,2,#fc8d62,car
98589,"9,21E+18",9,1,78,145,2021,7,18,2,2,8,6,0,0,1,0,0,1,0,"695373,933331","5355619,86543",11.635740292,48.323547937,0,2,#fc8d62,car
98595,"9,21E+18",9,1,63,0,2021,7,7,3,3,5,3,0,1,1,0,0,0,0,"731545,169002","5301554,99899",12.093746076,47.825629873,0,1,#66c2a5,bicycle
98596,"9,21E+18",9,7,62,0,2021,7,8,3,3,1,7,0,0,1,0,0,0,0,"622152,523699","5308114,3784",10.63486147,47.914711615,0,2,#fc8d62,car
98600,"9,21E+18",9,7,71,144,2021,7,12,7,3,5,3,0,0,1,0,1,0,0,"660589,793","5373551,794",11.173726945,48.494551428,0,2,#fc8d62,car
98605,"9,21E+18",9,1,87,117,2021,7,19,7,3,3,3,0,0,1,0,0,0,0,"723495,205002","5306210,72199",11.988746415,47.870309183,0,2,#fc8d62,car
98610,"9,21E+18",9,1,79,134,2021,7,16,3,2,5,3,0,0,1,0,0,0,0,"667648,530845","5341912,14831",11.256597199,48.208279927,0,2,#fc8d62,car
98615,"9,21E+18",9,1,84,132,2021,8,15,1,3,9,1,0,0,1,0,0,0,0,"682224,170161","5324164,03088",11.445022644,48.044729588,1,2,#fc8d62,car
98616,"9,21E+18",9,1,87,167,2021,7,9,4,3,4,2,0,0,1,0,0,0,0,"740019,713003","5303324,19099",12.207777255,47.838417761,0,2,#fc8d62,car
98618,"9,21E+18",9,1,82,137,2021,7,18,6,3,2,6,0,0,1,0,0,0,0,"714505,365319","5303126,90427",11.867156994,47.845662624,0,2,#fc8d62,car
98620,"9,21E+18",9,1,83,118,2021,7,10,2,3,5,2,0,0,1,0,0,0,0,"739539,095002","5337115,90299",12.220213341,48.142149929,0,2,#fc8d62,car
98625,"9,21E+18",9,7,71,111,2021,7,11,1,3,2,6,0,0,1,0,0,0,0,"657308,802366","5358787,0674",11.123807171,48.362641872,1,2,#fc8d62,car
98627,"9,21E+18",9,1,84,120,2021,7,12,6,2,5,3,0,1,1,0,0,0,0,"681582,592869","5331972,649",11.4397408,48.115103332,0,1,#66c2a5,bicycle
98630,"9,21E+18",9,1,90,159,2021,8,18,2,2,4,2,0,0,1,0,0,0,0,"663281,43884","5305793,436",11.184081346,47.8846921,0,2,#fc8d62,car
98633,"9,21E+18",9,1,77,117,2021,7,13,7,3,5,3,0,1,1,0,0,0,0,"716323,40432","5354871,97984",11.917618338,48.310008457,0,1,#66c2a5,bicycle
98635,"9,21E+18",9,7,77,151,2021,7,12,4,3,5,3,0,0,1,0,1,0,0,"621215,87","5292839,297",10.618051255,47.777507921,1,2,#fc8d62,car
98638,"9,21E+18",9,7,71,130,2021,7,10,7,3,5,3,0,0,1,0,0,0,0,"644696,194238","5363210,90745",10.955156769,48.405435095,0,2,#fc8d62,car
98639,"9,21E+18",9,1,77,133,2021,7,19,6,3,4,2,1,0,1,0,0,0,0,"713495,683001","5354496,695",11.87934054,48.307597078,0,2,#fc8d62,car
98643,"9,21E+18",9,1,62,0,2021,7,16,6,3,5,3,0,1,1,0,0,0,0,"688494,541937","5334977,53709",11.533846269,48.140103585,0,1,#66c2a5,bicycle
98646,"9,21E+18",9,1,79,142,2021,7,8,1,3,9,1,0,0,1,0,0,0,0,"674649,007086","5344699,50362",11.351892966,48.231448698,1,2,#fc8d62,car
98649,"9,21E+18",9,1,78,140,2021,7,5,4,3,4,6,0,0,1,0,0,0,0,"707763,584483","5366342,94844",11.807980565,48.415953933,0,2,#fc8d62,car
98651,"9,21E+18",9,1,90,157,2021,7,14,5,2,0,7,0,0,0,0,1,0,0,"660946,319","5301630,673",11.15131928,47.847854234,1,4,#e78ac3,marker
98660,"9,21E+18",9,1,75,118,2021,7,14,4,3,5,2,0,0,1,0,0,0,0,"717879,975002","5339358,518",11.930604531,48.17008586,0,2,#fc8d62,car
98662,"9,21E+18",9,7,72,125,2021,7,19,5,3,8,7,0,1,0,0,0,0,0,"629870,329701","5346788,30646",10.749868533,48.260984837,0,1,#66c2a5,bicycle
98664,"9,21E+18",9,1,81,137,2021,7,13,3,3,5,3,0,0,1,0,0,0,0,"646263,908","5309832,6",10.957967002,47.925115903,0,2,#fc8d62,car
98672,"9,21E+18",9,7,72,170,2021,7,13,7,3,1,1,0,0,1,0,0,0,0,"631128,237347","5333352,24039",10.762658036,48.139900563,0,2,#fc8d62,car
98678,"9,21E+18",9,2,74,184,2021,7,13,3,3,2,6,0,0,1,0,0,0,0,"747954,345313","5369228,95024",12.351986875,48.427347512,0,2,#fc8d62,car
98681,"9,21E+18",9,2,74,146,2021,7,21,3,3,0,1,1,1,0,0,0,0,0,"733650,281292","5377429,15552",12.163511468,48.506475193,0,1,#66c2a5,bicycle
98685,"9,21E+18",9,1,82,127,2021,7,0,2,3,3,7,2,0,1,0,0,1,0,"702511,86535","5311480,71717",11.710955847,47.924630858,0,2,#fc8d62,car
98689,"9,21E+18",9,7,62,0,2021,7,16,4,3,5,3,0,1,1,0,0,0,0,"622152,528734","5307529,05378",10.634695695,47.909447405,0,1,#66c2a5,bicycle
98690,"9,21E+18",9,1,84,119,2021,7,15,1,3,3,6,0,0,1,0,0,0,0,"695535,155946","5345033,59668",11.633016396,48.228356919,0,2,#fc8d62,car
98691,"9,21E+18",9,7,72,121,2021,8,12,2,3,8,1,0,0,1,0,0,0,0,"631212,976498","5376423,24603",10.777209741,48.527193172,0,2,#fc8d62,car
98692,"9,21E+18",9,1,79,145,2021,7,9,6,3,1,6,0,0,1,0,0,0,0,"673975,487771","5335468,27392",11.339049491,48.148650866,1,2,#fc8d62,car
98693,"9,21E+18",9,1,88,124,2021,7,16,3,3,6,4,0,0,1,1,0,0,0,"662521,511037","5318492,1404",11.178718398,47.999056202,0,2,#fc8d62,car
98702,"9,21E+18",9,1,62,0,2021,7,0,6,3,9,1,2,0,1,0,0,0,0,"686297,418761","5330587,76306",11.5024225,48.10129363,1,2,#fc8d62,car