OBJECTID,UIDENTSTLA,ULAND,UREGBEZ,UKREIS,UGEMEINDE,UJAHR,UMONAT,USTUNDE,UWOCHENTAG,UKATEGORIE,UART,UTYP1,ULICHTVERH,IstRad,IstPKW,IstFuss,IstKrad,IstGkfz,IstSonstig,LINREFX,LINREFY,XGCSWGS84,YGCSWGS84,STRZUSTAN,Teilnehmer,color,symbol
98706,"9,21E+18",9,1,62,0,2021,7,18,3,3,2,6,0,0,1,0,0,0,0,"694729,049162","5332182,79115",11.61628781,48.113108184,0,2,#fc8d62,car
98715,"9,21E+18",9,1,73,126,2021,7,12,7,3,2,6,0,0,1,0,0,0,0,"683747,175001","5306171,491",11.457749503,47.882559348,0,2,#fc8d62,car
98721,"9,21E+18",9,1,75,115,2021,7,16,5,3,2,6,0,0,1,0,0,0,0,"720988,01149","5329712,35558",11.967350476,48.082343319,0,2,#fc8d62,car
98727,"9,21E+18",9,1,88,120,2021,7,8,5,3,5,2,0,0,1,0,1,0,0,"677052,092686","5326667,59587",11.376724333,48.068690412,0,2,#fc8d62,car
98731,"9,21E+18",9,2,74,182,2021,7,4,4,3,7,7,2,1,0,0,0,0,0,"729749,31229","5378001,53317",12.111091044,48.513055526,1,1,#66c2a5,bicycle
98732,"9,21E+18",9,1,87,169,2021,7,11,1,2,0,7,0,0,0,0,1,0,0,"736296,751893","5299416,91228",12.155969527,47.804694254,0,4,#e78ac3,marker
98737,"9,21E+18",9,1,87,177,2021,7,22,7,3,8,1,2,0,0,0,1,0,0,"736089,766504","5304331,52608",12.155887376,47.848922127,1,4,#e78ac3,marker
98739,"9,21E+18",9,1,62,0,2021,7,10,5,3,1,3,0,0,1,0,0,0,0,"684409,739001","5329144,954",11.476467881,48.088873916,0,2,#fc8d62,car
98741,"9,21E+18",9,1,82,134,2021,7,15,2,3,5,3,0,1,0,0,0,1,0,"701580,969001","5294572,004",11.690631234,47.772957785,0,1,#66c2a5,bicycle
98743,"9,21E+18",9,1,79,121,2021,7,14,4,3,0,6,0,1,0,0,0,0,1,"665464,203","5339742,874",11.226373152,48.189351169,0,1,#66c2a5,bicycle
98745,"9,21E+18",9,1,62,0,2021,8,13,1,3,5,2,0,0,1,0,1,0,0,"688302,976359","5333979,09417",11.530832394,48.131186115,1,2,#fc8d62,car
98748,"9,21E+18",9,1,78,142,2021,7,6,7,3,0,7,0,0,1,0,0,0,0,"713359,439684","5375894,78631",11.888380164,48.499908127,0,2,#fc8d62,car
98749,"9,21E+18",9,1,78,137,2021,7,17,7,2,2,6,0,1,0,0,0,0,0,"693288,280001","5364723,923",11.61181663,48.406009627,0,1,#66c2a5,bicycle
98755,"9,21E+18",9,7,72,178,2021,7,14,7,3,4,6,0,0,1,0,1,0,0,"620642,139","5345245,908",10.625142398,48.248938423,0,2,#fc8d62,car
98756,"9,21E+18",9,1,62,0,2021,7,16,5,2,6,7,0,1,0,1,0,0,0,"692056,005896","5340685,89912",11.584249137,48.190344079,0,1,#66c2a5,bicycle
98758,"9,21E+18",9,7,72,147,2021,7,23,5,3,3,6,2,0,1,0,0,1,0,"631460,878274","5364418,10412",10.776791412,48.419189827,1,2,#fc8d62,car
98759,"9,21E+18",9,1,81,121,2021,7,3,2,3,9,1,2,0,1,0,0,0,0,"639388,915427","5310859,63368",10.866318812,47.935883425,0,2,#fc8d62,car
98768,"9,21E+18",9,1,62,0,2021,7,18,3,3,5,3,0,1,1,0,0,0,0,"688563,122582","5334984,17073",11.534770169,48.140142889,0,1,#66c2a5,bicycle
98771,"9,21E+18",9,1,82,120,2021,7,14,2,3,8,6,0,0,1,0,0,0,0,"702881,166304","5310339,26065",11.715356555,47.914255607,0,2,#fc8d62,car
98773,"9,21E+18",9,1,62,0,2021,7,8,6,3,2,6,0,0,1,0,0,0,0,"685449,918317","5335318,96166",11.493107989,48.144067123,1,2,#fc8d62,car
98778,"9,21E+18",9,1,87,128,2021,7,10,3,3,2,6,0,0,1,0,1,0,0,"748063,306827","5311649,19081",12.319872085,47.910143356,0,2,#fc8d62,car
98779,"9,21E+18",9,1,84,121,2021,7,16,4,3,9,1,0,0,1,0,0,0,0,"704992,96552","5332125,85538",11.754000543,48.109375949,1,2,#fc8d62,car
98782,"9,21E+18",9,7,72,202,2021,7,11,6,2,0,7,0,1,0,0,0,0,0,"636641,899966","5356730,89771",10.844279903,48.348964817,0,1,#66c2a5,bicycle
98784,"9,21E+18",9,1,87,182,2021,7,16,5,3,2,6,0,0,1,0,0,0,0,"741915,95942","5328664,55331",12.247323127,48.065336244,0,2,#fc8d62,car
98790,"9,21E+18",9,2,74,111,2021,7,15,5,3,0,1,0,1,0,0,0,0,0,"738203,176288","5381174,64935",12.227193409,48.538408031,0,1,#66c2a5,bicycle
98795,"9,21E+18",9,7,72,149,2021,7,7,4,3,0,1,0,0,0,0,1,0,0,"637772,408","5340189,632",10.854139093,48.199979744,1,4,#e78ac3,marker
98796,"9,21E+18",9,7,77,151,2021,7,12,1,3,4,1,0,0,1,0,0,0,0,"626524,76559","5293789,14222",10.689162738,47.785029792,0,2,#fc8d62,car
98810,"9,21E+18",9,1,84,145,2021,7,19,1,3,2,6,0,0,1,0,0,0,0,"696066,417461","5322746,5417",11.629908775,48.027888921,0,2,#fc8d62,car
98813,"9,21E+18",9,1,81,141,2021,7,8,3,3,2,6,0,0,1,0,0,0,0,"643899,451157","5319413,21543",10.929541284,48.011801267,0,2,#fc8d62,car
98814,"9,21E+18",9,7,77,121,2021,7,19,6,2,5,3,0,1,1,0,0,0,0,"628018,356","5321447,897",10.717305411,48.033478242,0,1,#66c2a5,bicycle
98815,"9,21E+18",9,1,86,151,2021,7,3,5,3,9,7,2,0,0,0,0,1,0,"677435,219958","5375766,479",11.402487289,48.509928014,0,5,#a6d854,bus
98824,"9,21E+18",9,7,77,130,2021,8,7,4,2,9,1,0,0,1,0,0,0,0,"625419,383794","5312136,07255",10.679736449,47.950249759,1,2,#fc8d62,car
98827,"9,21E+18",9,1,84,112,2021,7,12,2,3,0,6,0,0,1,0,0,0,0,"702899,094883","5339664,67865",11.729495632,48.177795881,0,2,#fc8d62,car
98839,"9,21E+18",9,1,79,121,2021,7,19,4,3,6,4,0,0,1,1,0,0,0,"667179,440873","5339645,57275",11.249395556,48.188027292,0,2,#fc8d62,car
98844,"9,21E+18",9,1,86,143,2021,7,16,3,3,0,1,0,0,0,0,1,0,0,"680843,566318","5380987,87395",11.450858373,48.555886478,0,4,#e78ac3,marker
98850,"9,21E+18",9,1,87,129,2021,7,18,6,3,0,7,0,1,0,0,0,0,0,"722604,639002","5300942,13599",11.974143751,47.823278681,0,1,#66c2a5,bicycle
98855,"9,21E+18",9,1,84,127,2021,7,12,5,3,5,2,0,1,1,0,0,0,0,"703272,506765","5320439,22546",11.725361489,48.004900871,0,1,#66c2a5,bicycle
98856,"9,21E+18",9,1,62,0,2021,7,1,2,3,3,6,2,1,1,0,0,0,0,"688722,308355","5329012,77534",11.534265599,48.086423667,0,1,#66c2a5,bicycle
98857,"9,21E+18",9,7,71,111,2021,7,10,1,3,2,6,0,0,1,0,0,0,0,"657381,701266","5358718,27593",11.124764933,48.362005239,1,2,#fc8d62,car
98862,"9,21E+18",9,1,87,130,2021,8,16,2,3,5,3,0,0,1,0,1,0,0,"713660,401001","5309559,749",11.859058247,47.903750702,0,2,#fc8d62,car
98863,"9,21E+18",9,1,73,137,2021,7,15,5,3,8,1,0,0,1,0,0,0,0,"679400,531066","5306430,91115",11.399771197,47.886120723,1,2,#fc8d62,car
98866,"9,21E+18",9,1,77,139,2021,7,10,7,3,5,3,0,0,1,0,0,0,0,"727471,287574","5354885,74348",12.06776211,48.306222055,0,2,#fc8d62,car
98868,"9,21E+18",9,1,62,0,2021,7,5,4,3,2,6,1,0,1,0,0,0,0,"694988,740302","5332974,25418",11.620135017,48.120142075,1,2,#fc8d62,car
98872,"9,21E+18",9,1,81,130,2021,7,1,1,3,4,6,2,0,1,0,0,0,0,"641905,164133","5323396,27629",10.904134777,48.048063568,1,2,#fc8d62,car
98878,"9,21E+18",9,7,61,0,2021,7,10,6,3,0,1,0,1,0,0,0,0,0,"643715,937575","5360640,46471",10.941039709,48.38254748,0,1,#66c2a5,bicycle
98887,"9,21E+18",9,1,86,152,2021,7,16,5,3,5,3,0,0,1,0,0,0,0,"691380,88885","5375632,30978",11.591057492,48.504628268,1,2,#fc8d62,car
98889,"9,21E+18",9,2,74,184,2021,7,13,6,3,2,6,0,0,1,0,0,0,0,"747954,594916","5369229,8716",12.351990788,48.427355689,0,2,#fc8d62,car
98891,"9,21E+18",9,1,74,131,2021,7,18,1,3,8,1,0,0,1,0,0,0,0,"673793,659595","5362930,64942",11.3478954,48.39556626,0,2,#fc8d62,car
98894,"9,21E+18",9,1,74,143,2021,7,17,3,3,2,6,0,0,1,0,1,0,0,"674948,507912","5352664,48757",11.359217459,48.302964525,0,2,#fc8d62,car
98895,"9,21E+18",9,1,84,141,2021,7,9,3,3,4,2,0,1,1,0,0,0,0,"698086,42992","5316570,88559",11.654123446,47.97176195,0,1,#66c2a5,bicycle
98899,"9,21E+18",9,1,78,122,2021,7,15,3,2,4,1,0,0,1,0,1,0,0,"702418,838734","5383732,56262",11.744258717,48.573958248,0,2,#fc8d62,car
98900,"9,21E+18",9,1,62,0,2021,7,14,7,3,2,6,0,0,1,0,0,0,0,"688218,270284","5333945,43303",11.529680208,48.130908616,0,2,#fc8d62,car
98901,"9,21E+18",9,2,74,124,2021,7,16,4,3,2,6,0,0,1,0,0,0,0,"722746,37381","5374626,57883",12.01460151,48.485257642,1,2,#fc8d62,car
98904,"9,21E+18",9,1,85,158,2021,8,8,3,3,2,2,0,0,1,0,1,0,0,"661236,148897","5382985,67219",11.186119519,48.579194584,0,2,#fc8d62,car
98909,"9,21E+18",9,1,62,0,2021,7,15,7,3,2,6,2,0,1,0,0,0,0,"687327,274004","5332061,73396",11.516889334,48.114240216,0,2,#fc8d62,car
98913,"9,21E+18",9,1,62,0,2021,7,6,1,3,5,2,0,0,1,0,0,0,0,"692053,927399","5341488,08526",11.584584009,48.197554531,1,2,#fc8d62,car
98914,"9,21E+18",9,1,81,127,2021,7,13,6,3,2,6,0,0,1,0,0,0,0,"633395,136636","5322451,49254",10.78970929,48.041402777,0,2,#fc8d62,car
98930,"9,21E+18",9,1,84,145,2021,7,16,5,3,2,6,0,0,1,0,0,0,0,"697448,256085","5324297,02311",11.649138122,48.041398271,1,2,#fc8d62,car
98931,"9,21E+18",9,1,87,132,2021,7,17,3,3,4,2,0,0,1,0,0,0,0,"746427,601329","5299682,86329",12.291201868,47.803285948,0,2,#fc8d62,car
98933,"9,21E+18",9,1,84,135,2021,7,18,4,3,2,6,0,0,1,0,0,0,1,"687197,128456","5347475,69869",11.521933825,48.252822227,0,2,#fc8d62,car
98936,"9,21E+18",9,1,62,0,2021,7,8,3,3,5,3,0,1,0,0,0,0,0,"683621,027586","5331990,6009",11.467110723,48.114680218,0,1,#66c2a5,bicycle
98938,"9,21E+18",9,1,62,0,2021,7,15,6,3,2,6,0,0,1,0,0,0,0,"696236,625986","5343399,53381",11.641695524,48.213454555,0,2,#fc8d62,car
98948,"9,21E+18",9,1,62,0,2021,7,18,6,3,3,6,0,0,1,0,0,0,0,"697011,113225","5329287,89525",11.645578652,48.086388728,0,2,#fc8d62,car
98958,"9,21E+18",9,7,78,216,2021,7,9,4,3,0,1,0,1,0,0,0,0,0,"624624,796611","5321944,68907",10.671947356,48.038617366,1,1,#66c2a5,bicycle
98959,"9,21E+18",9,1,87,182,2021,7,19,4,3,1,2,0,0,1,0,0,0,0,"740646,16171","5327766,14821",12.229800938,48.057746235,0,2,#fc8d62,car
98961,"9,21E+18",9,1,88,121,2021,7,19,1,3,9,1,0,0,1,0,0,0,0,"672570,880932","5329605,93919",11.317807762,48.096333357,1,2,#fc8d62,car
98964,"9,21E+18",9,1,62,0,2021,7,11,2,3,3,6,0,0,0,0,1,1,0,"695014,875793","5333322,33739",11.620645056,48.123262495,0,4,#e78ac3,marker
98966,"9,21E+18",9,7,72,147,2021,7,16,1,3,2,6,0,0,1,0,0,0,0,"634983,418283","5364394,23095",10.824368688,48.418230323,0,2,#fc8d62,car
98968,"9,21E+18",9,2,74,114,2021,7,13,6,3,9,1,0,0,1,0,0,0,0,"736097,800783","5371378,59116",12.193179992,48.451211482,0,2,#fc8d62,car
98971,"9,21E+18",9,7,72,160,2021,7,16,2,3,4,2,0,0,1,0,1,0,0,"636877,623951","5342627,39387",10.842890223,48.222094123,0,2,#fc8d62,car
98972,"9,21E+18",9,7,71,129,2021,7,16,1,2,8,1,0,0,1,0,0,0,0,"659385,402016","5356595,01913",11.150992675,48.34241389,0,2,#fc8d62,car
98973,"9,21E+18",9,7,61,0,2021,7,1,1,3,9,1,2,0,1,0,0,0,0,"641466,187408","5363782,93569",10.911730832,48.41131168,1,2,#fc8d62,car
98991,"9,21E+18",9,1,88,124,2021,8,17,3,3,5,3,0,1,1,0,0,0,0,"662063,476595","5318686,17993",11.172655977,48.000917017,1,1,#66c2a5,bicycle
98993,"9,21E+18",9,1,74,141,2021,7,17,3,2,4,6,0,0,1,0,1,0,0,"684905,472001","5355440,361",11.49457727,48.32508299,0,2,#fc8d62,car
98997,"9,21E+18",9,1,84,145,2021,7,22,5,3,5,3,2,0,1,0,0,0,0,"695147,491001","5324522,516",11.618405422,48.044132277,1,2,#fc8d62,car
99000,"9,21E+18",9,2,61,0,2021,7,11,6,3,2,6,0,0,1,0,0,0,0,"730964,872436","5381910,21434",12.129690881,48.547721159,1,2,#fc8d62,car
99004,"9,21E+18",9,1,62,0,2021,7,18,1,3,2,6,0,0,1,0,0,0,0,"692203,744984","5342910,22161",11.587242112,48.210290918,0,2,#fc8d62,car
99007,"9,21E+18",9,1,74,113,2021,7,16,5,3,2,6,0,0,1,0,0,0,0,"674421,144207","5344945,80082",11.348928539,48.23372543,0,2,#fc8d62,car
99008,"9,21E+18",9,1,87,134,2021,7,6,2,3,2,2,0,0,1,0,0,0,0,"736427,852003","5319819,62116",12.168893322,47.98793637,0,2,#fc8d62,car
99020,"9,21E+18",9,1,77,120,2021,7,6,1,3,9,1,0,0,0,0,0,0,1,"718840,460842","5359120,63264",11.953725576,48.347315646,0,6,#ffd92f,circle
99026,"9,21E+18",9,1,74,115,2021,7,18,3,3,0,1,0,1,0,0,0,0,0,"681035,20126","5349147,29266",11.439714647,48.269637635,0,1,#66c2a5,bicycle
99029,"9,21E+18",9,1,62,0,2021,7,10,7,3,2,6,0,0,1,0,0,0,0,"688356,71112","5334078,71662",11.53159791,48.132065641,0,2,#fc8d62,car
99039,"9,21E+18",9,1,74,131,2021,7,17,5,3,8,1,0,0,1,0,0,0,0,"676991,674963","5356792,42367",11.388477893,48.33950169,0,2,#fc8d62,car
99043,"9,21E+18",9,1,87,116,2021,7,7,7,2,8,1,0,0,0,0,0,0,1,"747180,731896","5327779,8303",12.317361401,48.055371988,1,6,#ffd92f,circle
99050,"9,21E+18",9,7,72,207,2021,7,18,6,3,2,6,0,0,1,0,0,0,0,"640149,195914","5381090,48402",10.899749644,48.567226435,0,2,#fc8d62,car
99054,"9,21E+18",9,1,84,137,2021,7,16,3,2,4,6,0,0,1,0,0,0,0,"705103,669679","5314813,35736",11.747197896,47.953757182,0,2,#fc8d62,car
99062,"9,21E+18",9,1,74,131,2021,7,13,6,3,5,6,0,1,1,0,0,0,0,"676387,884301","5358437,44551",11.381026229,48.354457412,0,1,#66c2a5,bicycle
99063,"9,21E+18",9,1,77,126,2021,7,4,2,2,8,1,2,0,1,0,0,0,0,"717621,279735","5368282,57192",11.942037852,48.430054259,1,2,#fc8d62,car
99069,"9,21E+18",9,7,74,198,2021,7,7,4,3,0,3,0,0,1,0,0,0,0,"615459,45462","5350835,53821",10.556881825,48.300173763,1,2,#fc8d62,car
99076,"9,21E+18",9,1,62,0,2021,7,12,3,3,5,2,0,1,1,0,0,0,0,"686036,103001","5331780,957",11.49943614,48.112094948,0,1,#66c2a5,bicycle
99085,"9,21E+18",9,1,63,0,2021,7,15,6,3,3,2,0,1,0,0,0,1,0,"734610,162002","5304321,42299",12.13613428,47.849373021,0,1,#66c2a5,bicycle
99088,"9,21E+18",9,7,71,130,2021,7,20,7,3,4,1,0,0,1,0,0,0,0,"644237,283996","5362223,54774",10.948620405,48.396662577,1,2,#fc8d62,car
99103,"9,21E+18",9,1,88,144,2021,7,16,7,3,4,2,0,0,1,0,0,0,0,"665829,037531","5328298,85614",11.22682246,48.086372544,0,2,#fc8d62,car
99105,"9,21E+18",9,1,77,117,2021,7,0,1,3,5,3,2,0,1,0,0,0,0,"716331,571243","5354866,61363",11.917725589,48.309957448,1,2,#fc8d62,car
99107,"9,21E+18",9,1,62,0,2021,7,16,5,3,6,4,0,0,1,1,0,0,0,"694649,454102","5334169,55982",11.616126709,48.130988814,0,2,#fc8d62,car
99110,"9,21E+18",9,1,85,166,2021,7,16,5,3,2,6,0,0,1,0,1,0,0,"673061,855081","5383279,46235",11.346445229,48.578680864,0,2,#fc8d62,car
99119,"9,21E+18",9,1,73,137,2021,7,12,6,3,5,3,0,0,1,0,0,0,0,"676647,554784","5299277,47193",11.36005681,47.822576466,0,2,#fc8d62,car
99122,"9,21E+18",9,1,62,0,2021,7,8,6,3,3,6,0,1,0,0,1,0,0,"681833,192231","5335386,90059",11.444561674,48.145721814,1,1,#66c2a5,bicycle
99123,"9,21E+18",9,1,74,113,2021,7,7,5,3,4,2,0,0,1,0,0,0,0,"677716,813001","5351087,087",11.395851121,48.288013961,0,2,#fc8d62,car
99126,"9,21E+18",9,1,87,122,2021,7,14,2,3,5,2,0,0,1,0,0,0,0,"721270,275255","5305085,95424",11.958458539,47.860972956,0,2,#fc8d62,car
99127,"9,21E+18",9,1,75,111,2021,7,18,7,3,0,7,0,1,0,0,0,0,0,"712208,706763","5337644,94192",11.853567508,48.156606668,0,1,#66c2a5,bicycle
99129,"9,21E+18",9,1,83,118,2021,7,17,4,3,5,2,0,0,0,0,1,0,1,"738285,144657","5337642,85716",12.203678283,48.147354276,0,4,#e78ac3,marker
99130,"9,21E+18",9,1,87,142,2021,8,14,2,2,5,3,0,0,1,0,1,0,0,"733658,988944","5311457,18621",12.127298933,47.91382694,0,2,#fc8d62,car
99134,"9,21E+18",9,1,79,128,2021,7,19,7,3,0,7,0,0,0,0,1,0,0,"655917,809","5342885,002",11.099170102,48.220016779,0,4,#e78ac3,marker
99137,"9,21E+18",9,1,75,132,2021,7,4,4,3,9,1,2,0,1,0,0,0,0,"705103,472967","5335719,93505",11.757212819,48.141638816,1,2,#fc8d62,car
99139,"9,21E+18",9,1,84,135,2021,7,16,7,3,5,3,0,1,1,0,0,0,0,"690059,715001","5347329,119",11.560393303,48.25065286,0,1,#66c2a5,bicycle
99140,"9,21E+18",9,1,62,0,2021,7,15,5,3,3,6,0,0,1,0,1,0,0,"688350,157224","5334974,92004",11.53190618,48.140122818,0,2,#fc8d62,car
99148,"9,21E+18",9,1,78,144,2021,7,8,4,3,9,1,0,0,1,0,0,0,0,"706859,941612","5379964,07413",11.802521482,48.538646375,1,2,#fc8d62,car
99155,"9,21E+18",9,1,62,0,2021,7,7,4,2,5,3,0,0,1,0,1,0,0,"684639,757146","5332068,46897",11.4808187,48.1150856,0,2,#fc8d62,car
99156,"9,21E+18",9,1,74,126,2021,7,17,6,3,1,6,0,0,1,0,0,0,0,"683383,315184","5344206,45183",11.469188589,48.22455179,0,2,#fc8d62,car
99158,"9,21E+18",9,1,87,122,2021,7,13,2,3,5,3,0,0,1,0,0,0,0,"718737,998136","5308719,74046",11.92648679,47.894491836,0,2,#fc8d62,car
99159,"9,21E+18",9,7,77,112,2021,7,12,6,3,5,2,0,1,1,0,0,0,0,"622748,236013","5299422,63725",10.640361186,47.836427066,0,1,#66c2a5,bicycle
99164,"9,21E+18",9,1,62,0,2021,7,13,2,3,0,3,0,0,1,0,0,0,0,"684392,277857","5335410,39737",11.478942974,48.145196416,0,2,#fc8d62,car
99166,"9,21E+18",9,1,88,126,2021,7,14,7,3,4,2,0,1,0,0,1,0,0,"659917,14646","5326501,65244",11.146821274,48.071724948,0,1,#66c2a5,bicycle
99167,"9,21E+18",9,1,62,0,2021,7,9,5,3,9,1,0,0,1,0,0,0,0,"679794,233967","5333626,03556",11.416432076,48.130473012,0,2,#fc8d62,car
99168,"9,21E+18",9,2,74,184,2021,7,9,7,2,4,6,0,0,1,0,0,1,0,"744405,508625","5366625,38775",12.302578699,48.405350065,0,2,#fc8d62,car
99172,"9,21E+18",9,1,79,142,2021,7,18,6,3,2,6,0,0,1,0,0,0,0,"675080,356044","5344325,54102",11.357542088,48.227968148,0,2,#fc8d62,car
99173,"9,21E+18",9,7,78,203,2021,7,17,1,3,9,1,0,0,0,0,1,0,0,"623030,240643","5324415,35521",10.651274655,48.061146246,0,4,#e78ac3,marker
99174,"9,21E+18",9,1,84,135,2021,7,20,6,3,4,2,2,0,1,0,0,0,0,"687866,502126","5347462,76218",11.530936815,48.252507896,0,2,#fc8d62,car
99177,"9,21E+18",9,1,87,116,2021,7,20,1,2,8,1,0,0,1,0,0,0,0,"745555,949815","5329171,26407",12.296391761,48.06849723,0,2,#fc8d62,car
99178,"9,21E+18",9,1,62,0,2021,7,1,1,3,6,4,2,0,1,1,0,0,0,"686240,569001","5335214,863",11.503681117,48.142900486,1,2,#fc8d62,car
99181,"9,21E+18",9,1,73,120,2021,8,8,2,3,2,6,0,0,1,0,0,0,0,"683379,385185","5310167,88549",11.45453328,47.918588427,0,2,#fc8d62,car
99182,"9,21E+18",9,1,81,140,2021,7,14,5,3,8,1,0,0,1,0,0,0,0,"644606,598543","5324274,25228",10.940658975,48.055351954,1,2,#fc8d62,car
99187,"9,21E+18",9,1,73,141,2021,7,11,1,2,4,6,0,0,1,0,1,0,0,"695005,078157","5297383,03138",11.604216408,47.800247158,0,2,#fc8d62,car
99190,"9,21E+18",9,1,84,147,2021,7,7,2,3,1,5,0,0,1,0,0,0,1,"696491,666855","5341416,6302",11.644206977,48.195554758,0,2,#fc8d62,car
99192,"9,21E+18",9,7,72,151,2021,7,7,5,2,0,7,0,0,0,0,0,0,1,"632449,638895","5343509,46828",10.783578958,48.230966106,0,6,#ffd92f,circle
99197,"9,21E+18",9,1,86,152,2021,8,16,3,3,5,3,0,0,1,0,0,1,0,"691077,899329","5375733,74265",11.587006177,48.505632091,1,2,#fc8d62,car
99198,"9,21E+18",9,1,87,129,2021,7,9,6,2,5,3,0,0,1,0,0,1,0,"725584,431672","5296639,25952",12.011661658,47.783579372,0,2,#fc8d62,car
99202,"9,21E+18",9,1,74,135,2021,7,15,4,3,1,6,0,0,1,0,0,0,0,"662791,735475","5352983,1704",11.195533492,48.309074626,0,2,#fc8d62,car
99207,"9,21E+18",9,7,72,147,2021,7,18,3,3,2,7,0,0,1,0,1,0,0,"630992,941705","5367599,91091",10.77146467,48.447898743,0,2,#fc8d62,car
99218,"9,21E+18",9,1,88,144,2021,7,2,1,3,9,1,2,0,1,0,0,0,0,"670163,974712","5327012,04226",11.284473965,48.073661791,1,2,#fc8d62,car
99220,"9,21E+18",9,1,84,138,2021,7,13,5,2,2,2,0,1,1,0,0,0,0,"680942,845001","5331520,648",11.430961433,48.111222432,0,1,#66c2a5,bicycle
99221,"9,21E+18",9,1,62,0,2021,7,8,2,3,5,3,0,0,1,0,0,0,0,"693786,017727","5339862,23194",11.607127038,48.182415877,0,2,#fc8d62,car
99228,"9,21E+18",9,1,82,119,2021,7,17,6,2,5,3,0,0,1,0,1,0,0,"711869,802439","5295049,96312",11.828027391,47.773953165,0,2,#fc8d62,car
99229,"9,21E+18",9,1,84,141,2021,7,15,2,3,5,3,0,1,0,0,0,0,1,"698888,005001","5316542,939",11.664838668,47.971262208,0,1,#66c2a5,bicycle
99231,"9,21E+18",9,1,87,177,2021,7,9,2,3,5,2,0,1,1,0,0,0,0,"737790,787749","5305062,86819",12.178991346,47.854865274,0,1,#66c2a5,bicycle
99234,"9,21E+18",9,1,74,115,2021,7,17,5,2,1,6,0,0,1,0,1,0,0,"681845,045896","5346427,62225",11.449449424,48.24495977,0,2,#fc8d62,car
99235,"9,21E+18",9,1,82,133,2021,7,15,6,3,2,6,0,1,1,0,0,0,0,"706953,264001","5307687,005",11.768520053,47.889119232,0,1,#66c2a5,bicycle
99238,"9,21E+18",9,1,62,0,2021,7,17,7,3,2,6,0,0,1,0,0,0,0,"697755,533733","5335195,72686",11.658303147,48.139253847,0,2,#fc8d62,car
99245,"9,21E+18",9,1,90,141,2021,7,16,7,3,2,1,0,0,1,0,1,0,0,"679587,326125","5295209,28396",11.397613171,47.785191187,0,2,#fc8d62,car
99247,"9,21E+18",9,7,72,223,2021,7,16,4,3,9,1,0,0,1,0,0,1,0,"623632,704981","5364097,50868",10.670941626,48.417891636,0,2,#fc8d62,car
99251,"9,21E+18",9,1,62,0,2021,7,10,7,2,5,3,0,1,1,0,0,0,0,"684123,392205","5329252,33912",11.472672498,48.089921942,0,1,#66c2a5,bicycle
99254,"9,21E+18",9,1,62,0,2021,7,18,5,3,2,6,0,0,1,0,0,0,0,"693214,005483","5337554,12637",11.598390663,48.161845637,1,2,#fc8d62,car
99255,"9,21E+18",9,1,79,123,2021,7,7,2,3,5,3,0,0,1,0,0,0,0,"675948,269098","5333555,30937",11.364759314,48.130912034,0,2,#fc8d62,car
99266,"9,21E+18",9,1,73,123,2021,7,23,2,2,9,1,2,0,1,0,0,0,0,"679942,06943","5301604,92969",11.404999783,47.842586193,0,2,#fc8d62,car
99284,"9,21E+18",9,2,61,0,2021,7,17,5,3,2,6,0,0,1,0,1,0,0,"735539,73156","5382340,59273",12.191826657,48.549886199,0,2,#fc8d62,car
99289,"9,21E+18",9,7,72,141,2021,7,14,4,2,9,7,0,0,1,0,0,0,0,"622483,896404","5347696,43936",10.650651184,48.270622894,0,2,#fc8d62,car
99290,"9,21E+18",9,1,82,114,2021,7,10,2,3,2,6,0,0,1,0,0,0,0,"720003,215412","5293746,30902",11.935787404,47.759514069,0,2,#fc8d62,car
99291,"9,21E+18",9,1,78,120,2021,7,17,6,3,3,6,0,0,1,0,0,1,0,"694680,910863","5353968,57438",11.625639006,48.30892118,0,2,#fc8d62,car
99294,"9,21E+18",9,1,75,121,2021,7,12,2,3,5,6,0,1,0,0,0,0,0,"713591,6348","5318851,4894",11.862749878,47.987269621,0,1,#66c2a5,bicycle
99295,"9,21E+18",9,7,72,184,2021,7,8,3,3,5,3,0,1,1,0,0,0,0,"635814,035271","5361600,74333",10.834684946,48.392932982,0,1,#66c2a5,bicycle
99298,"9,21E+18",9,1,74,115,2021,7,10,5,3,0,6,0,1,1,0,0,0,0,"681101,84717","5348745,01294",11.440439688,48.266002654,0,1,#66c2a5,bicycle
99301,"9,21E+18",9,7,61,0,2021,7,16,6,2,8,7,0,0,1,0,0,0,0,"643277,606","5359485,469",10.934729397,48.37226209,0,2,#fc8d62,car
99311,"9,21E+18",9,1,75,132,2021,7,16,3,3,2,6,0,0,1,0,0,0,0,"706971,354608","5336447,44849",11.782645863,48.147571671,0,2,#fc8d62,car
99314,"9,21E+18",9,1,88,113,2021,8,15,3,3,5,3,0,0,1,0,1,0,0,"676000,567001","5314983,133",11.357824722,47.963943726,0,2,#fc8d62,car
99323,"9,21E+18",9,7,72,163,2021,7,7,1,3,8,1,0,0,1,0,0,0,0,"638812,633168","5344761,2272",10.869627536,48.240861166,1,2,#fc8d62,car
99333,"9,21E+18",9,1,84,145,2021,7,19,2,3,8,1,0,0,1,0,0,0,0,"695682,547489","5322826,58348",11.624801946,48.028726016,1,2,#fc8d62,car