OBJECTID,UIDENTSTLA,ULAND,UREGBEZ,UKREIS,UGEMEINDE,UJAHR,UMONAT,USTUNDE,UWOCHENTAG,UKATEGORIE,UART,UTYP1,ULICHTVERH,IstRad,IstPKW,IstFuss,IstKrad,IstGkfz,IstSonstig,LINREFX,LINREFY,XGCSWGS84,YGCSWGS84,STRZUSTAN,Teilnehmer,color,symbol
99337,"9,21E+18",9,7,61,0,2021,7,5,4,3,5,3,0,1,1,0,0,0,0,"641203,751252","5360919,37416",10.907223357,48.385622627,0,1,#66c2a5,bicycle
99338,"9,21E+18",9,7,62,0,2021,7,15,7,3,0,1,0,1,0,0,0,0,0,"621658,52","5308788,853",10.628442995,47.920871542,1,1,#66c2a5,bicycle
99340,"9,21E+18",9,1,78,122,2021,7,14,6,3,2,1,0,0,1,0,0,0,0,"703066,507777","5384551,36016",11.753428673,48.581106359,0,2,#fc8d62,car
99341,"9,21E+18",9,1,84,148,2021,7,8,2,3,5,3,0,1,1,0,0,0,0,"693960,688133","5327877,69848",11.604019834,48.074649633,0,1,#66c2a5,bicycle
99347,"9,21E+18",9,1,87,113,2021,7,0,1,2,8,1,2,0,1,0,0,0,0,"744110,479763","5325082,09489",12.274688447,48.032321427,1,2,#fc8d62,car
99348,"9,21E+18",9,1,86,143,2021,7,12,6,3,2,6,0,0,1,0,0,1,0,"685852,264624","5378569,24063",11.517591653,48.532684346,0,2,#fc8d62,car
99349,"9,21E+18",9,1,79,136,2021,7,11,3,3,5,3,0,1,1,0,0,0,0,"662773,397764","5342147,62547",11.191117418,48.211665862,0,1,#66c2a5,bicycle
99356,"9,21E+18",9,2,61,0,2021,7,11,2,3,5,3,0,1,1,0,0,0,0,"731832,73678","5381172,69869",12.141022125,48.540776118,0,1,#66c2a5,bicycle
99357,"9,21E+18",9,1,62,0,2021,7,16,6,3,2,6,0,0,1,0,0,0,0,"693107,176417","5338102,49361",11.597204501,48.166806639,0,2,#fc8d62,car
99360,"9,21E+18",9,1,84,112,2021,8,11,2,3,2,6,0,0,1,0,0,0,0,"701147,195848","5340951,80527",11.706564997,48.189920035,0,2,#fc8d62,car
99364,"9,21E+18",9,1,87,122,2021,7,19,7,2,4,2,0,0,1,0,1,0,0,"719467,294897","5312736,04835",11.938274798,47.930331368,0,2,#fc8d62,car
99366,"9,21E+18",9,7,77,130,2021,7,14,4,3,8,1,0,0,1,0,0,0,0,"623576,316722","5307064,74623",10.653608199,47.904998851,1,2,#fc8d62,car
99367,"9,21E+18",9,1,77,115,2021,7,12,4,3,9,1,0,0,1,0,0,0,0,"739586,68648","5349612,24818",12.227903186,48.254381854,1,2,#fc8d62,car
99369,"9,21E+18",9,7,72,147,2021,7,18,3,3,2,6,0,0,1,0,0,0,0,"639712,300127","5364069,51914",10.888138246,48.414279797,1,2,#fc8d62,car
99373,"9,21E+18",9,7,77,112,2021,7,17,5,3,5,3,0,0,1,0,0,0,0,"622411,406","5296016,274",10.634899386,47.805855136,1,2,#fc8d62,car
99379,"9,21E+18",9,7,61,0,2021,7,17,5,2,0,7,0,1,0,0,0,0,0,"641568,491662","5353333,8254",10.90959591,48.317334464,0,1,#66c2a5,bicycle
99380,"9,21E+18",9,1,75,137,2021,7,14,1,2,8,1,0,0,1,0,0,0,0,"725985,555554","5331697,39612",12.035409591,48.098426237,0,2,#fc8d62,car
99382,"9,21E+18",9,7,71,158,2021,7,2,3,3,8,1,2,0,0,0,0,1,0,"642394,795","5371407,331",10.926864828,48.479656541,1,5,#a6d854,bus
99390,"9,21E+18",9,2,61,0,2021,7,7,4,3,5,2,0,0,1,0,1,0,0,"732167,406387","5379989,92505",12.144890572,48.530027802,1,2,#fc8d62,car
99391,"9,21E+18",9,7,77,130,2021,7,23,3,2,4,1,2,0,1,0,0,0,0,"625797,243618","5313897,31323",10.685310042,47.966015115,1,2,#fc8d62,car
99392,"9,21E+18",9,1,84,123,2021,7,9,2,3,4,2,0,0,1,0,0,0,0,"703988,18075","5331640,16385",11.740285491,48.105333732,0,2,#fc8d62,car
99397,"9,21E+18",9,7,77,151,2021,7,10,2,3,5,3,0,0,1,0,0,1,0,"620326,081687","5292479,60011",10.606079093,47.774439599,0,2,#fc8d62,car
99402,"9,21E+18",9,7,71,111,2021,7,13,5,3,0,7,0,0,1,0,0,1,0,"657757,443934","5358253,5423",11.129659845,48.357733319,1,2,#fc8d62,car
99403,"9,21E+18",9,1,82,136,2021,7,14,3,2,4,6,0,0,1,0,1,0,0,"708032,712001","5295375,66",11.777028788,47.778130154,0,2,#fc8d62,car
99404,"9,21E+18",9,1,86,125,2021,7,21,7,3,5,3,2,0,1,0,0,0,0,"674333,164515","5373914,35271",11.35974931,48.494148358,1,2,#fc8d62,car
99413,"9,21E+18",9,1,63,0,2021,7,12,3,3,0,7,0,1,0,0,0,0,0,"733886,409002","5304862,85599",12.126767159,47.854500977,0,1,#66c2a5,bicycle
99418,"9,21E+18",9,1,75,139,2021,7,8,5,3,5,2,0,0,1,0,1,0,0,"711889,281589","5329452,41334",11.845206467,48.083096116,0,2,#fc8d62,car
99419,"9,21E+18",9,2,61,0,2021,7,13,6,3,5,2,0,0,1,0,0,0,0,"733058,893874","5381064,41072",12.157548134,48.539349237,0,2,#fc8d62,car
99430,"9,21E+18",9,1,75,127,2021,7,10,5,3,3,2,0,0,1,0,1,0,0,"713246,900407","5341138,0855",11.869261969,48.187647501,0,2,#fc8d62,car
99436,"9,21E+18",9,1,78,137,2021,7,18,6,3,0,2,0,0,0,0,1,0,0,"691741,987001","5363405,352",11.590342444,48.394631368,0,4,#e78ac3,marker
99439,"9,21E+18",9,1,63,0,2021,7,11,7,3,5,2,0,0,1,0,0,0,0,"732590,664002","5306185,07299",12.110182256,47.866850148,1,2,#fc8d62,car
99443,"9,21E+18",9,7,77,151,2021,7,18,2,3,2,2,0,0,1,0,0,0,1,"619167,15511","5296325,95424",10.591672525,47.809249243,0,2,#fc8d62,car
99445,"9,21E+18",9,1,74,146,2021,7,15,2,2,0,7,0,0,0,0,1,0,0,"667060,663938","5350824,19709",11.252207556,48.288552888,0,4,#e78ac3,marker
99451,"9,21E+18",9,1,90,132,2021,7,13,7,3,2,6,0,0,1,0,1,0,0,"675465,347179","5293763,74649",11.34204598,47.773331747,0,2,#fc8d62,car
99454,"9,21E+18",9,2,74,121,2021,7,7,2,3,2,6,0,0,1,0,0,0,0,"722232,488401","5371999,3185",12.006260686,48.461836075,0,2,#fc8d62,car
99456,"9,21E+18",9,1,88,141,2021,7,17,7,3,2,6,0,1,1,0,0,0,0,"667795,894575","5306747,6333",11.244791076,47.892106643,0,1,#66c2a5,bicycle
99458,"9,21E+18",9,1,75,137,2021,7,23,5,3,9,1,2,0,1,0,0,0,0,"727371,636706","5327608,18638",12.051824227,48.061194645,0,2,#fc8d62,car
99462,"9,21E+18",9,1,75,118,2021,7,6,3,3,2,6,0,0,1,0,0,0,0,"716067,916042","5340329,39097",11.906757479,48.179427967,0,2,#fc8d62,car
99463,"9,21E+18",9,1,62,0,2021,7,8,6,3,2,6,0,0,1,0,0,0,0,"692240,405769","5331182,97895",11.582436478,48.10487804,0,2,#fc8d62,car
99475,"9,21E+18",9,1,77,116,2021,7,17,6,2,2,6,0,0,1,0,0,0,0,"711797,351442","5364464,33729",11.861480039,48.397731388,0,2,#fc8d62,car
99476,"9,21E+18",9,1,78,150,2021,7,12,2,3,2,6,0,0,1,0,0,0,0,"691422,081056","5370894,20138",11.589444655,48.462033289,0,2,#fc8d62,car
99481,"9,21E+18",9,1,62,0,2021,8,21,1,3,5,2,2,0,1,0,0,0,0,"695008,906255","5333475,56416",11.620635022,48.12464146,1,2,#fc8d62,car
99486,"9,21E+18",9,7,74,198,2021,7,16,4,3,5,3,0,0,1,0,0,0,0,"615157,879","5351559,701",10.553014466,48.306741417,0,2,#fc8d62,car
99488,"9,21E+18",9,1,62,0,2021,7,10,3,3,4,2,0,0,1,0,1,0,0,"694984,643082","5332996,34702",11.620090125,48.120341891,0,2,#fc8d62,car
99494,"9,21E+18",9,1,81,141,2021,7,14,6,3,2,6,0,0,1,0,0,0,0,"643875,681798","5319436,96689",10.929230718,48.012020194,0,2,#fc8d62,car
99501,"9,21E+18",9,1,79,126,2021,7,21,1,3,0,1,2,1,0,0,0,0,0,"676266,46986","5340408,2241",11.371871931,48.192426376,0,1,#66c2a5,bicycle
99503,"9,21E+18",9,7,71,122,2021,8,0,1,3,8,1,2,0,1,0,0,0,0,"650518,659538","5362318,34271",11.033460231,48.39604677,1,2,#fc8d62,car
99507,"9,21E+18",9,7,71,122,2021,7,13,6,3,9,6,0,0,1,0,0,0,0,"654369,242196","5360785,80121",11.084881878,48.381337404,0,2,#fc8d62,car
99512,"9,21E+18",9,1,84,114,2021,7,12,3,2,2,7,0,0,0,0,0,1,1,"700787,697746","5315359,67129",11.689710583,47.960034713,0,5,#a6d854,bus
99513,"9,21E+18",9,7,61,0,2021,7,14,3,3,5,3,0,1,1,0,0,0,0,"639760,568286","5360809,08509",10.88770482,48.384952355,1,1,#66c2a5,bicycle
99518,"9,21E+18",9,7,77,141,2021,7,3,7,2,0,1,2,1,0,0,0,0,0,"630618,26839","5306589,28802",10.747650361,47.899327681,0,1,#66c2a5,bicycle
99520,"9,21E+18",9,1,87,177,2021,7,14,5,3,5,2,0,1,1,0,0,0,0,"736001,760977","5305644,89554",12.155429307,47.860753434,0,1,#66c2a5,bicycle
99524,"9,21E+18",9,1,82,120,2021,7,7,3,3,8,1,0,1,0,0,0,0,0,"702239,322435","5306852,88008",11.705142137,47.883125172,0,1,#66c2a5,bicycle
99526,"9,21E+18",9,1,90,113,2021,7,18,5,3,4,6,0,0,1,0,1,0,0,"670073,329","5293415,268",11.269998194,47.771644325,0,2,#fc8d62,car
99528,"9,21E+18",9,7,72,131,2021,7,9,3,3,5,3,0,0,1,0,0,0,0,"617852,997496","5356167,452",10.590634741,48.347683426,0,2,#fc8d62,car
99531,"9,21E+18",9,7,71,130,2021,7,19,1,3,3,6,0,0,1,0,0,0,0,"644479,47414","5362808,44591",10.952091655,48.401866143,1,2,#fc8d62,car
99538,"9,21E+18",9,1,74,113,2021,7,15,5,2,4,6,0,0,1,0,1,0,0,"679853,208377","5343870,6846",11.421559066,48.222544262,0,2,#fc8d62,car
99539,"9,21E+18",9,7,72,202,2021,7,9,5,3,2,6,0,0,1,0,0,0,0,"636278,757606","5359753,4564",10.840360283,48.376222043,0,2,#fc8d62,car
99540,"9,21E+18",9,1,78,143,2021,7,1,2,3,7,1,2,0,0,0,1,0,0,"720413,016945","5371905,92442",11.981633345,48.46163695,0,4,#e78ac3,marker
99543,"9,21E+18",9,1,74,111,2021,7,15,5,3,6,4,0,0,1,1,0,0,0,"666923,060171","5361739,89932",11.254678976,48.38671803,0,2,#fc8d62,car
99546,"9,21E+18",9,1,84,132,2021,7,14,5,3,0,6,0,0,1,0,0,0,0,"681110,544002","5322979,48959",11.429593347,48.034398619,1,2,#fc8d62,car
99547,"9,21E+18",9,7,72,121,2021,7,18,2,3,2,6,0,0,1,0,0,0,0,"631366,204249","5376329,91008",10.779254678,48.526321842,0,2,#fc8d62,car
99548,"9,21E+18",9,7,61,0,2021,7,18,6,3,2,1,0,0,1,0,0,0,0,"636899,53728","5355943,55874",10.847499425,48.341829305,0,2,#fc8d62,car
99549,"9,21E+18",9,1,75,123,2021,7,19,5,3,5,3,0,0,1,0,0,0,0,"722275,192036","5337501,20423",11.988669601,48.151876915,0,2,#fc8d62,car
99552,"9,21E+18",9,1,81,120,2021,7,12,1,3,0,1,0,1,1,0,0,0,0,"649957,718068","5320501,61663",11.011106229,48.020194943,1,1,#66c2a5,bicycle
99554,"9,21E+18",9,7,62,0,2021,7,7,5,3,2,6,1,0,1,0,0,0,0,"622150,555393","5304707,36531",10.633870491,47.884070403,1,2,#fc8d62,car
99560,"9,21E+18",9,1,78,124,2021,7,16,1,3,4,6,0,0,1,0,0,0,0,"705394,326507","5364226,65695",11.774963153,48.397713589,0,2,#fc8d62,car
99562,"9,21E+18",9,1,82,116,2021,7,14,4,1,6,6,0,0,1,1,0,0,0,"705805,124263","5294230,49587",11.746785768,47.768553626,1,2,#fc8d62,car
99563,"9,21E+18",9,1,62,0,2021,7,14,4,3,3,6,0,0,1,0,1,0,0,"694618,28544","5331948,78832",11.61469448,48.111038908,0,2,#fc8d62,car
99564,"9,21E+18",9,1,85,131,2021,8,3,2,2,0,7,2,0,0,0,1,0,0,"667463,567804","5374127,35701",11.266926159,48.497931291,0,4,#e78ac3,marker
99571,"9,21E+18",9,7,61,0,2021,7,7,4,3,5,3,0,1,0,0,0,0,0,"641389,048837","5357506,88102",10.908577322,48.354897332,0,1,#66c2a5,bicycle
99582,"9,21E+18",9,2,74,182,2021,7,20,3,2,9,1,1,0,1,0,0,0,0,"730362,319294","5374458,83778",12.117425416,48.481006748,1,2,#fc8d62,car
99585,"9,21E+18",9,1,75,139,2021,7,19,4,2,5,2,0,0,1,0,1,0,0,"709322,481534","5328883,91838",11.810504742,48.078835337,0,2,#fc8d62,car
99590,"9,21E+18",9,7,61,0,2021,7,14,3,3,2,1,0,0,1,0,0,0,0,"641017,421","5357024,27",10.903402001,48.350640958,0,2,#fc8d62,car
99594,"9,21E+18",9,1,87,128,2021,7,16,4,3,8,1,0,1,0,0,0,0,0,"746688,47935","5311099,11547",12.301189663,47.905732495,1,1,#66c2a5,bicycle
99596,"9,21E+18",9,1,84,127,2021,8,17,1,2,8,6,0,0,0,0,1,0,0,"703774,396954","5319781,5563",11.731770328,47.998830665,1,4,#e78ac3,marker
99597,"9,21E+18",9,1,74,115,2021,7,15,5,3,5,3,0,1,1,0,0,0,0,"683323,17557","5347833,33511",11.469949451,48.257169209,0,1,#66c2a5,bicycle
99598,"9,21E+18",9,1,63,0,2021,7,8,2,3,2,6,0,0,1,0,1,0,0,"732583,147945","5306108,08407",12.110040487,47.866161191,0,2,#fc8d62,car
99600,"9,21E+18",9,7,72,147,2021,7,6,6,2,9,1,0,0,0,0,0,0,1,"631994,245765","5364497,46912",10.784021621,48.419791974,1,6,#ffd92f,circle
99603,"9,21E+18",9,7,72,223,2021,7,17,4,3,8,6,0,0,1,0,0,1,0,"622699,224357","5363525,89467",10.658163602,48.412933731,0,2,#fc8d62,car
99604,"9,21E+18",9,1,81,127,2021,7,15,4,3,2,6,0,0,1,0,0,0,1,"633302,770696","5322413,28085",10.788458781,48.041078443,0,2,#fc8d62,car
99605,"9,21E+18",9,1,88,139,2021,7,20,3,3,8,1,0,0,0,0,1,0,0,"675806,537642","5322760,4767",11.358413737,48.033911999,0,4,#e78ac3,marker
99606,"9,21E+18",9,7,71,142,2021,7,13,7,3,0,1,0,1,0,0,0,0,0,"645521,374234","5352338,51311",10.962540328,48.307487824,0,1,#66c2a5,bicycle
99610,"9,21E+18",9,7,61,0,2021,7,17,5,3,5,3,0,1,1,0,0,0,0,"643741,14","5357584,297",10.940335309,48.355062392,1,1,#66c2a5,bicycle
99612,"9,21E+18",9,1,84,123,2021,7,14,6,3,5,2,0,1,1,0,0,0,0,"703708,003147","5331711,75342",11.736560342,48.106066736,0,1,#66c2a5,bicycle
99613,"9,21E+18",9,1,90,141,2021,7,12,6,3,4,2,0,0,1,0,0,0,0,"679507,556752","5294767,19885",11.396366395,47.78123923,1,2,#fc8d62,car
99616,"9,21E+18",9,1,84,138,2021,7,14,7,3,0,1,0,1,0,0,0,0,0,"682841,568273","5331940,61345",11.456626571,48.114455158,0,1,#66c2a5,bicycle
99617,"9,21E+18",9,1,74,115,2021,7,13,2,3,5,3,0,0,1,0,0,0,0,"680321,796813","5344869,44276",11.428287207,48.231388834,0,2,#fc8d62,car
99618,"9,21E+18",9,1,62,0,2021,7,15,3,3,5,2,0,1,1,0,0,0,0,"687777,235787","5335018,73957",11.524231741,48.140686012,0,1,#66c2a5,bicycle
99621,"9,21E+18",9,7,72,216,2021,7,18,1,3,8,7,1,0,1,0,0,0,0,"619718,373327","5367113,29696",10.618921837,48.445768308,1,2,#fc8d62,car
99629,"9,21E+18",9,1,90,132,2021,7,1,6,3,0,1,2,1,0,0,0,0,0,"675120,642118","5293802,19275",11.337464443,47.773771141,0,1,#66c2a5,bicycle
99635,"9,21E+18",9,7,78,116,2021,8,12,2,3,4,6,0,0,1,0,0,1,0,"620603,633165","5315652,18519",10.616252915,47.982797499,0,2,#fc8d62,car
99638,"9,21E+18",9,1,87,154,2021,7,15,7,3,0,1,0,1,0,0,0,0,0,"734224,013002","5296802,24799",12.126917979,47.781961212,0,1,#66c2a5,bicycle
99642,"9,21E+18",9,1,74,115,2021,8,15,1,3,1,6,0,0,1,0,0,0,0,"680876,021267","5348008,44664",11.437084497,48.259446455,0,2,#fc8d62,car
99643,"9,21E+18",9,1,77,127,2021,7,23,4,3,4,6,2,0,1,0,0,0,0,"726558,439811","5349534,01581",12.052600517,48.258469945,0,2,#fc8d62,car
99646,"9,21E+18",9,1,62,0,2021,7,13,2,3,3,6,0,1,0,0,0,0,0,"692062,164688","5340617,40527",11.584300948,48.189726613,0,1,#66c2a5,bicycle
99648,"9,21E+18",9,1,63,0,2021,7,19,2,3,0,7,0,1,0,1,0,0,0,"734201,144574","5304601,08572",12.130826584,47.852034639,0,1,#66c2a5,bicycle
99651,"9,21E+18",9,1,78,124,2021,7,8,5,3,5,3,0,0,1,0,0,0,0,"701897,062355","5365354,53063",11.728312258,48.408978421,0,2,#fc8d62,car
99654,"9,21E+18",9,1,79,126,2021,7,10,2,3,4,2,0,0,1,0,0,0,0,"677560,69523","5339354,23373",11.38883101,48.182591481,0,2,#fc8d62,car
99655,"9,21E+18",9,1,77,127,2021,7,15,7,3,8,7,0,0,1,0,0,0,0,"724739,2831","5348035,91354",12.027329968,48.245658394,0,2,#fc8d62,car
99666,"9,21E+18",9,1,84,141,2021,7,11,7,3,2,6,0,1,0,0,0,0,0,"697960,452355","5314613,36286",11.651536215,47.954207501,0,1,#66c2a5,bicycle
99668,"9,21E+18",9,1,62,0,2021,7,15,6,3,2,6,0,0,1,0,0,0,0,"687262,458302","5344112,47288",11.521326344,48.222573962,0,2,#fc8d62,car
99671,"9,21E+18",9,1,62,0,2021,7,10,6,3,5,4,0,1,1,1,0,0,0,"690198,927582","5328939,4367",11.554041444,48.085325647,0,1,#66c2a5,bicycle
99675,"9,21E+18",9,7,71,130,2021,7,14,1,3,9,1,0,0,1,0,0,0,0,"645740,955192","5362826,25111",10.969131538,48.401735874,1,2,#fc8d62,car
99677,"9,21E+18",9,1,74,151,2021,7,13,4,3,0,1,0,1,0,0,0,0,0,"678792,166252","5361315,56569",11.414674789,48.379651641,0,1,#66c2a5,bicycle
99679,"9,21E+18",9,1,73,137,2021,7,8,5,3,2,6,0,0,1,0,0,1,0,"677394,652862","5300833,68713",11.370666808,47.836360882,1,2,#fc8d62,car
99680,"9,21E+18",9,1,84,132,2021,7,17,2,3,3,6,0,0,1,0,0,0,0,"684696,081823","5326798,26298",11.479295191,48.067697481,0,2,#fc8d62,car
99683,"9,21E+18",9,7,61,0,2021,7,5,4,3,5,3,0,0,1,0,0,0,0,"636913,735745","5359581,03128",10.848874482,48.374534152,0,2,#fc8d62,car
99684,"9,21E+18",9,1,87,134,2021,7,13,1,3,5,3,0,0,1,0,0,0,0,"738449,547335","5319906,38426",12.195995243,47.987965498,0,2,#fc8d62,car
99689,"9,21E+18",9,7,71,122,2021,7,14,5,3,0,4,0,1,0,1,0,0,0,"652633,998998","5361657,68909",11.061778606,48.389598528,0,1,#66c2a5,bicycle
99692,"9,21E+18",9,1,73,137,2021,7,6,5,3,5,3,0,1,1,0,0,0,0,"678681,5534","5306472,06655",11.390179417,47.886691219,1,1,#66c2a5,bicycle
99697,"9,21E+18",9,1,88,141,2021,7,17,7,3,2,6,0,0,1,0,0,0,0,"668838,541","5312287,351",11.26089833,47.941636983,0,2,#fc8d62,car
99699,"9,21E+18",9,7,72,131,2021,7,15,7,3,2,6,0,1,0,0,0,0,0,"618540,464991","5351422,88528",10.59857526,48.304886101,0,1,#66c2a5,bicycle
99701,"9,21E+18",9,1,82,120,2021,8,19,1,2,1,7,1,0,1,0,0,0,0,"703026,748514","5309591,3249",11.716950635,47.907487691,1,2,#fc8d62,car
99712,"9,21E+18",9,1,83,144,2021,7,20,2,3,9,1,0,0,1,0,0,0,0,"740663,252164","5349609,48598",12.242381903,48.253949222,1,2,#fc8d62,car
99714,"9,21E+18",9,1,86,152,2021,7,12,7,3,4,2,0,0,1,0,0,0,0,"694666,527639","5376620,6415",11.635953251,48.512500816,0,2,#fc8d62,car
99716,"9,21E+18",9,1,84,119,2021,7,6,4,3,5,3,0,0,1,0,0,1,0,"696161,100409","5346547,8149",11.642136936,48.241772316,0,2,#fc8d62,car
99717,"9,21E+18",9,1,79,136,2021,7,5,1,3,8,1,1,0,1,0,0,0,0,"659399,810282","5338931,58458",11.144530839,48.183608128,0,2,#fc8d62,car
99720,"9,21E+18",9,1,79,121,2021,7,13,3,3,6,7,0,1,0,1,0,0,0,"667604,664112","5338648,8893",11.254719138,48.178955126,0,1,#66c2a5,bicycle
99725,"9,21E+18",9,1,81,135,2021,7,10,4,3,5,2,0,0,1,0,1,0,0,"644208,848","5309346,569",10.930310476,47.921211047,0,2,#fc8d62,car
99731,"9,21E+18",9,1,78,113,2021,7,8,5,3,2,6,0,0,1,0,0,0,0,"691759,673001","5363969,348",11.590838653,48.399694823,0,2,#fc8d62,car
99732,"9,21E+18",9,1,62,0,2021,7,14,5,3,6,7,0,1,0,1,0,0,0,"686129,149271","5335229,68847",11.502191234,48.143066348,0,1,#66c2a5,bicycle
99737,"9,21E+18",9,2,61,0,2021,7,11,4,3,3,6,0,0,1,0,1,0,0,"732701,630363","5382081,94897",12.153283773,48.548622045,0,2,#fc8d62,car
99739,"9,21E+18",9,2,61,0,2021,7,8,5,3,2,6,0,0,1,0,0,0,0,"732300,361856","5380065,49584",12.146730833,48.530657454,0,2,#fc8d62,car
99751,"9,21E+18",9,1,84,148,2021,7,12,7,3,6,3,0,1,0,1,0,0,0,"694160,034229","5327520,67185",11.606531114,48.071380109,1,1,#66c2a5,bicycle
99754,"9,21E+18",9,1,78,120,2021,7,20,3,2,8,1,1,0,1,0,0,0,0,"694905,266104","5353410,5867",11.628403866,48.303837331,1,2,#fc8d62,car
99756,"9,21E+18",9,1,73,126,2021,7,10,5,3,1,7,0,0,1,0,0,0,0,"682389,360799","5307184,33197",11.440032715,47.892051148,0,2,#fc8d62,car
99762,"9,21E+18",9,1,82,136,2021,7,14,6,3,8,1,0,1,0,0,0,0,0,"703264,290853","5304191,96535",11.71758465,47.858887186,0,1,#66c2a5,bicycle
99763,"9,21E+18",9,1,90,142,2021,7,14,6,2,1,6,0,0,1,0,0,0,0,"658985,653","5297091,649",11.123464329,47.807530622,0,2,#fc8d62,car
99766,"9,21E+18",9,1,62,0,2021,7,13,6,3,5,3,0,0,1,0,0,1,0,"677944,977583","5335310,23547",11.392304336,48.146132178,1,2,#fc8d62,car
99770,"9,21E+18",9,1,87,167,2021,7,18,2,2,2,6,0,0,1,0,1,0,0,"738709,872939","5304202,41285",12.190784118,47.846794744,0,2,#fc8d62,car
99771,"9,21E+18",9,1,84,112,2021,7,17,6,2,3,6,0,0,1,0,1,0,0,"700390,772201","5341596,44108",11.696702736,48.195952398,0,2,#fc8d62,car
99773,"9,21E+18",9,1,73,126,2021,7,7,4,2,4,2,0,0,1,0,0,0,1,"684918,832097","5302318,92621",11.471758227,47.847592203,0,2,#fc8d62,car
99777,"9,21E+18",9,7,61,0,2021,7,13,6,3,2,6,0,0,1,0,0,0,0,"637472,792571","5359474,43935",10.856384983,48.373454145,0,2,#fc8d62,car
99781,"9,21E+18",9,1,88,139,2021,7,11,4,3,8,1,0,0,1,0,0,0,0,"680683,980459","5319585,05527",11.422445607,48.004006534,1,2,#fc8d62,car
99783,"9,21E+18",9,7,71,130,2021,7,14,3,2,2,6,0,0,1,0,1,0,0,"644216,156986","5363171,62575",10.948660845,48.405191908,0,2,#fc8d62,car
99785,"9,21E+18",9,1,84,135,2021,7,18,5,3,0,1,0,1,0,0,0,0,0,"689388,9685","5347112,68824",11.551269824,48.248908379,0,1,#66c2a5,bicycle
99788,"9,21E+18",9,1,79,142,2021,7,7,2,3,4,6,0,0,1,0,0,1,0,"672539,609","5343497,553",11.323022096,48.221221207,0,2,#fc8d62,car
99789,"9,21E+18",9,2,74,184,2021,8,16,3,3,5,3,0,1,1,0,0,0,0,"746967,745471","5369167,36994",12.338636801,48.427181931,0,1,#66c2a5,bicycle
99793,"9,21E+18",9,1,87,130,2021,7,14,1,3,1,5,0,1,1,0,0,0,0,"711799,11568","5309567,69061",11.834187352,47.904439194,1,1,#66c2a5,bicycle
99794,"9,21E+18",9,1,84,135,2021,7,17,1,3,2,6,0,0,1,0,0,0,0,"689074,376228","5347357,81527",11.547145766,48.251205469,0,2,#fc8d62,car
99795,"9,21E+18",9,7,61,0,2021,7,15,3,3,1,1,0,0,1,0,0,0,1,"642123,707933","5359000,29581",10.918993043,48.368160551,1,2,#fc8d62,car
99799,"9,21E+18",9,2,74,184,2021,7,11,2,3,2,6,0,0,1,0,0,0,0,"747954,766287","5369230,50418",12.351993474,48.427361303,0,2,#fc8d62,car
99801,"9,21E+18",9,1,62,0,2021,7,8,6,2,5,2,0,0,0,0,0,0,1,"692103,574229","5340040,23282",11.584596535,48.184526622,1,6,#ffd92f,circle
99806,"9,21E+18",9,1,79,142,2021,7,8,3,3,9,1,0,0,1,0,0,0,0,"673383,738077","5343899,93019",11.334541992,48.224608204,0,2,#fc8d62,car
99807,"9,21E+18",9,7,77,112,2021,7,22,3,3,2,6,2,1,1,0,0,0,0,"623096,931912","5297943,1093",10.644598485,47.823053908,0,1,#66c2a5,bicycle
99811,"9,21E+18",9,1,75,133,2021,7,17,3,2,5,3,0,0,1,0,1,0,0,"705854,013493","5340416,31161",11.769562862,48.183600045,0,2,#fc8d62,car
99812,"9,21E+18",9,1,87,169,2021,7,15,5,2,5,3,0,0,1,0,0,0,0,"736123,423002","5302352,04399",12.155257009,47.831126542,0,2,#fc8d62,car
99814,"9,21E+18",9,1,87,132,2021,8,11,3,3,3,6,0,0,1,0,0,1,0,"746750,850639","5299783,20398",12.29556877,47.804063485,0,2,#fc8d62,car
99822,"9,21E+18",9,1,63,0,2021,8,15,1,3,5,3,0,1,1,0,0,0,0,"733877,081514","5304871,16995",12.126647149,47.854579064,1,1,#66c2a5,bicycle
99826,"9,21E+18",9,1,62,0,2021,7,7,2,3,5,3,0,1,1,0,0,0,0,"694625,174774","5334175,02327",11.615803238,48.131045342,0,1,#66c2a5,bicycle
99836,"9,21E+18",9,1,88,141,2021,7,17,7,2,0,1,0,1,0,0,0,0,0,"669695,819704","5306059,15517",11.269917333,47.885417476,1,1,#66c2a5,bicycle
99843,"9,21E+18",9,7,61,0,2021,7,14,6,3,2,6,0,0,1,0,0,0,0,"637412,836287","5359253,33003",10.855503534,48.371479016,0,2,#fc8d62,car
99847,"9,21E+18",9,1,90,157,2021,7,15,4,3,3,2,0,1,1,0,0,0,0,"659530,556336","5301200,81143",11.13225035,47.844342214,0,1,#66c2a5,bicycle
99849,"9,21E+18",9,7,62,0,2021,7,11,5,3,5,3,0,1,1,0,0,0,0,"620690,933733","5303933,0627",10.614138444,47.877382585,0,1,#66c2a5,bicycle
99856,"9,21E+18",9,1,85,158,2021,7,8,2,2,0,1,0,1,0,0,0,0,0,"667570,346497","5380346,91105",11.270869896,48.553812225,0,1,#66c2a5,bicycle
99857,"9,21E+18",9,1,87,167,2021,7,15,2,2,0,3,0,1,1,0,0,0,0,"742907,833075","5306294,44718",12.247979642,47.864015139,0,1,#66c2a5,bicycle