OBJECTID,UIDENTSTLA,ULAND,UREGBEZ,UKREIS,UGEMEINDE,UJAHR,UMONAT,USTUNDE,UWOCHENTAG,UKATEGORIE,UART,UTYP1,ULICHTVERH,IstRad,IstPKW,IstFuss,IstKrad,IstGkfz,IstSonstig,LINREFX,LINREFY,XGCSWGS84,YGCSWGS84,STRZUSTAN,Teilnehmer,color,symbol
99861,"9,21E+18",9,1,75,115,2021,8,21,2,2,4,1,2,0,1,0,0,0,0,"719627,321549","5333608,99236",11.95110971,48.117825075,0,2,#fc8d62,car
99868,"9,21E+18",9,1,87,181,2021,7,16,4,3,5,3,0,0,1,0,0,0,1,"738265,096002","5315262,23999",12.190953524,47.946314665,1,2,#fc8d62,car
99875,"9,21E+18",9,1,77,115,2021,7,22,2,3,2,7,2,0,1,0,0,0,0,"734136,549621","5350842,04195",12.155272019,48.267465898,0,2,#fc8d62,car
99877,"9,21E+18",9,1,90,157,2021,7,22,6,3,8,7,2,0,1,0,0,0,0,"660486,182688","5300729,95924",11.144839221,47.839870861,0,2,#fc8d62,car
99881,"9,21E+18",9,1,79,118,2021,7,12,4,1,3,6,0,0,0,0,1,1,0,"673136,345192","5338477,97958",11.329002245,48.175935561,0,4,#e78ac3,marker
99890,"9,21E+18",9,1,84,139,2021,7,11,2,3,2,6,0,0,1,0,0,0,0,"687363,145273","5326231,81818",11.514813238,48.061828263,0,2,#fc8d62,car
99895,"9,21E+18",9,7,72,111,2021,7,13,2,3,9,7,0,0,1,0,0,1,0,"627903,072788","5364057,84654",10.728618252,48.416682564,0,2,#fc8d62,car
99896,"9,21E+18",9,1,81,114,2021,7,1,1,2,5,3,2,1,1,0,0,0,0,"657052,878103","5312650,30756",11.103324447,47.94789809,1,1,#66c2a5,bicycle
99898,"9,21E+18",9,7,72,163,2021,7,21,4,3,8,1,2,0,1,0,0,0,0,"638761,655295","5345556,45754",10.869201926,48.248023045,0,2,#fc8d62,car
99901,"9,21E+18",9,7,71,130,2021,7,19,3,3,6,4,0,0,1,1,0,0,0,"645613,227","5357728,468",10.965640788,48.355929763,0,2,#fc8d62,car
99903,"9,21E+18",9,7,72,151,2021,7,11,5,2,9,7,0,0,1,0,0,0,0,"625155,411637","5343877,16326",10.685508267,48.235754252,0,2,#fc8d62,car
99905,"9,21E+18",9,1,62,0,2021,7,16,5,3,0,7,0,1,1,0,0,0,0,"687624,997137","5335044,87162",11.522198814,48.140965803,1,1,#66c2a5,bicycle
99906,"9,21E+18",9,7,71,142,2021,7,13,1,3,0,6,0,0,1,0,1,0,0,"646940,121644","5350155,10648",10.980902194,48.28752809,0,2,#fc8d62,car
99911,"9,21E+18",9,7,61,0,2021,7,17,2,3,2,6,0,0,1,0,0,0,0,"642088,483666","5363933,7614",10.92018653,48.412527832,0,2,#fc8d62,car
99920,"9,21E+18",9,7,72,147,2021,7,19,6,3,9,1,0,0,1,0,0,0,0,"630713,212846","5364283,50598",10.766649221,48.41813505,1,2,#fc8d62,car
99923,"9,21E+18",9,1,81,114,2021,7,19,3,3,1,5,0,0,1,0,1,0,0,"657048,403367","5312705,59284",11.103284739,47.948396269,0,2,#fc8d62,car
99924,"9,21E+18",9,1,62,0,2021,7,8,3,2,5,2,0,1,1,0,0,0,0,"695101,229995","5341622,95371",11.625611009,48.197837752,0,1,#66c2a5,bicycle
99934,"9,21E+18",9,2,74,184,2021,7,10,6,3,5,2,0,0,1,0,0,0,0,"748241,267411","5371912,66817",12.357448466,48.451337119,1,2,#fc8d62,car
99936,"9,21E+18",9,1,81,127,2021,7,18,7,3,9,1,0,0,1,0,0,0,0,"636339,077","5326963,006",10.830624616,48.081350623,1,2,#fc8d62,car
99938,"9,21E+18",9,1,84,136,2021,7,10,7,3,5,3,0,1,1,0,0,0,0,"698680,514567","5327215,24337",11.667007691,48.067243091,0,1,#66c2a5,bicycle
99941,"9,21E+18",9,1,62,0,2021,7,19,7,3,2,6,1,0,1,0,0,0,0,"688535,092433","5335203,16238",11.534490706,48.142119525,1,2,#fc8d62,car
99942,"9,21E+18",9,7,61,0,2021,7,11,4,3,3,6,0,1,1,0,0,0,0,"643896,224181","5357568,3999",10.942422077,48.354884132,1,1,#66c2a5,bicycle
99943,"9,21E+18",9,1,74,121,2021,7,23,2,3,0,7,2,0,0,0,1,0,0,"687937,738333","5356258,9688",11.535809531,48.331546378,0,4,#e78ac3,marker
99944,"9,21E+18",9,1,88,139,2021,7,7,6,3,2,6,0,0,1,0,0,0,0,"680421,101741","5321540,937",11.41974732,48.021662464,0,2,#fc8d62,car
99957,"9,21E+18",9,7,62,0,2021,7,14,4,3,4,2,0,0,1,0,1,0,0,"619943,862","5303498,763",10.60403047,47.873616558,0,2,#fc8d62,car
99958,"9,21E+18",9,1,62,0,2021,7,16,7,3,0,1,0,0,0,0,1,0,0,"695367,962908","5338192,52394",11.627619436,48.166925025,0,4,#e78ac3,marker
99960,"9,21E+18",9,1,62,0,2021,7,6,5,3,3,2,0,1,0,0,0,1,0,"682948,461493","5339413,1333",11.461272853,48.181592357,0,1,#66c2a5,bicycle
99961,"9,21E+18",9,1,62,0,2021,7,18,2,3,3,6,0,1,0,0,0,0,0,"695380,955677","5331176,3586",11.624576091,48.103863158,0,1,#66c2a5,bicycle
99963,"9,21E+18",9,1,77,123,2021,7,15,5,3,5,3,0,0,1,0,0,0,0,"727100,16206","5344465,56418",12.057172291,48.212741166,0,2,#fc8d62,car
99966,"9,21E+18",9,1,62,0,2021,7,17,3,3,2,6,0,0,1,0,0,0,1,"687814,614001","5331580,878",11.52321882,48.109774619,0,2,#fc8d62,car
99968,"9,21E+18",9,1,62,0,2021,7,18,5,3,5,2,0,1,1,0,0,0,0,"686246,954001","5331784,557",11.502267742,48.112065684,0,1,#66c2a5,bicycle
99977,"9,21E+18",9,1,81,139,2021,7,17,6,3,5,7,0,1,0,0,0,0,0,"655910,929975","5325599,28992",11.092748063,48.06460373,0,1,#66c2a5,bicycle
99979,"9,21E+18",9,1,82,123,2021,7,10,4,2,6,4,0,0,1,1,0,0,0,"717530,588978","5301548,54086",11.906746818,47.830463247,0,2,#fc8d62,car
99984,"9,21E+18",9,1,62,0,2021,7,16,7,3,2,6,0,0,1,0,0,0,0,"687429,319332","5333143,25393",11.518734451,48.123931216,0,2,#fc8d62,car
99987,"9,21E+18",9,1,62,0,2021,7,10,4,3,3,2,0,1,1,0,0,0,0,"687662,142441","5333408,4537",11.521976824,48.126246317,1,1,#66c2a5,bicycle
99988,"9,21E+18",9,1,62,0,2021,7,10,3,3,5,2,0,0,1,0,0,0,0,"687733,608001","5329432,881",11.521186822,48.090491645,0,2,#fc8d62,car
99990,"9,21E+18",9,1,79,123,2021,7,17,1,3,2,1,0,0,1,0,0,0,0,"674679,979073","5331118,82863",11.346729974,48.109358786,1,2,#fc8d62,car
99991,"9,21E+18",9,7,72,151,2021,7,7,5,3,2,6,0,0,1,0,1,0,0,"632219,869","5343019,115",10.780333412,48.22660456,0,2,#fc8d62,car
99994,"9,21E+18",9,7,72,147,2021,7,21,5,3,8,1,2,0,1,0,0,0,0,"634188,907491","5364490,70053",10.813666956,48.419267494,1,2,#fc8d62,car
99998,"9,21E+18",9,1,63,0,2021,7,12,6,2,5,2,0,1,1,0,0,0,0,"734692,548002","5304884,02099",12.137539028,47.854397283,0,1,#66c2a5,bicycle
100001,"9,21E+18",9,1,78,122,2021,7,18,1,3,8,1,0,0,1,0,0,0,0,"706095,16201","5383514,56803",11.793930621,48.570801377,0,2,#fc8d62,car
100002,"9,21E+18",9,1,75,118,2021,7,15,2,2,2,6,0,0,1,0,0,0,0,"714575,653038","5338973,926",11.886024491,48.16775409,0,2,#fc8d62,car
100003,"9,21E+18",9,1,79,126,2021,7,10,4,3,3,6,0,1,1,0,0,0,0,"676642,942762","5340145,0076",11.376823813,48.189955691,0,1,#66c2a5,bicycle
100008,"9,21E+18",9,1,78,130,2021,7,17,1,3,8,1,0,1,0,0,0,0,0,"703307,13307","5354337,98585",11.742022336,48.309527384,1,1,#66c2a5,bicycle
100015,"9,21E+18",9,2,61,0,2021,7,15,5,3,5,2,0,0,1,0,1,0,0,"732122,962061","5379967,75425",12.144277141,48.529845081,0,2,#fc8d62,car
100019,"9,21E+18",9,1,90,142,2021,7,11,7,3,8,7,0,0,1,0,0,0,0,"657840,405246","5297978,647",11.10850172,47.815787823,0,2,#fc8d62,car
100020,"9,21E+18",9,1,87,174,2021,7,18,5,3,5,3,0,1,1,0,0,0,0,"740409,954538","5312524,54719",12.218103851,47.92092057,1,1,#66c2a5,bicycle
100022,"9,21E+18",9,1,87,132,2021,8,16,3,3,5,3,0,0,1,0,0,0,0,"746476,602062","5299889,98404",12.291972866,47.805127684,0,2,#fc8d62,car
100023,"9,21E+18",9,1,77,139,2021,7,14,6,3,0,1,0,0,0,0,0,0,1,"734555,062158","5357007,61692",12.164327045,48.322696477,0,6,#ffd92f,circle
100033,"9,21E+18",9,1,81,128,2021,7,19,6,2,0,7,0,1,1,0,0,0,0,"638313,558801","5327623,57776",10.857335554,48.086865379,0,1,#66c2a5,bicycle
100035,"9,21E+18",9,1,86,152,2021,7,6,2,3,5,3,0,0,1,0,1,0,0,"691230,473519","5375633,09216",11.589023581,48.504681101,0,2,#fc8d62,car
100038,"9,21E+18",9,1,88,117,2021,7,14,5,2,5,3,0,1,0,0,0,1,0,"663664,737701","5314906,87762",11.192666435,47.966530879,0,1,#66c2a5,bicycle
100039,"9,21E+18",9,1,88,120,2021,7,14,6,3,5,3,0,1,1,0,0,0,0,"676294,512432","5326720,94831",11.366585686,48.069379852,0,1,#66c2a5,bicycle
100041,"9,21E+18",9,7,77,121,2021,7,9,1,3,8,1,0,0,1,0,0,0,0,"630177,997541","5321744,62865",10.746352345,48.035710127,1,2,#fc8d62,car
100042,"9,21E+18",9,1,63,0,2021,7,21,2,2,0,7,2,1,0,0,0,0,0,"730700,610889","5303422,2662",12.083473271,47.842709547,0,1,#66c2a5,bicycle
100043,"9,21E+18",9,1,75,127,2021,7,17,7,3,2,6,0,1,1,0,0,0,0,"711710,901001","5341421,565",11.848762811,48.190708513,0,1,#66c2a5,bicycle
100046,"9,21E+18",9,7,61,0,2021,8,17,2,3,1,6,0,0,1,0,0,0,0,"642706,62741","5359665,62936",10.92708496,48.374011376,0,2,#fc8d62,car
100048,"9,21E+18",9,1,62,0,2021,7,7,2,3,3,7,0,0,1,0,1,0,0,"687549,509001","5331573,044",11.519657363,48.109782318,0,2,#fc8d62,car
100055,"9,21E+18",9,1,81,124,2021,8,8,3,3,5,3,0,0,1,0,0,0,0,"646021,473851","5317701,71159",10.957395761,47.995930224,0,2,#fc8d62,car
100057,"9,21E+18",9,1,86,152,2021,7,17,3,2,2,6,0,0,1,0,0,1,0,"691251,241007","5375641,45383",11.589308278,48.504749928,0,2,#fc8d62,car
100058,"9,21E+18",9,1,90,152,2021,7,14,7,2,1,2,0,1,1,0,0,0,0,"669784,566987","5300024,6463",11.268734182,47.831141718,0,1,#66c2a5,bicycle
100059,"9,21E+18",9,2,61,0,2021,7,15,5,3,0,1,0,1,0,0,0,0,0,"732420,262093","5379055,43345",12.147789548,48.52153992,0,1,#66c2a5,bicycle
100062,"9,21E+18",9,7,62,0,2021,7,12,3,3,5,3,0,1,1,0,0,0,0,"621277,958534","5304481,60273",10.622140192,47.882205409,0,1,#66c2a5,bicycle
100065,"9,21E+18",9,1,82,137,2021,7,10,2,3,2,2,0,0,1,0,0,0,0,"710755,759306","5307089,91836",11.819033469,47.882516405,0,2,#fc8d62,car
100071,"9,21E+18",9,1,87,113,2021,7,17,5,3,3,6,0,1,0,0,0,1,0,"745074,624652","5323410,64382",12.286644611,48.016938756,0,1,#66c2a5,bicycle
100076,"9,21E+18",9,1,63,0,2021,7,18,7,2,2,3,0,0,1,0,0,1,0,"734622,882479","5303742,43038",12.135990179,47.844166746,1,2,#fc8d62,car
100080,"9,21E+18",9,7,61,0,2021,8,15,2,3,3,6,0,0,0,0,0,0,1,"637202,331453","5359496,15088",10.852741843,48.373708234,0,6,#ffd92f,circle
100087,"9,21E+18",9,1,84,121,2021,7,8,3,2,1,7,0,0,1,0,0,0,0,"704980,522186","5331334,1485",11.753453248,48.102265186,0,2,#fc8d62,car
100096,"9,21E+18",9,1,84,119,2021,7,6,2,3,8,1,1,0,1,0,0,0,0,"696478,041952","5348561,01596",11.647335541,48.259767187,1,2,#fc8d62,car
100097,"9,21E+18",9,1,81,146,2021,7,11,2,3,5,3,0,0,1,0,0,0,1,"649375,786105","5325497,04138",11.005049851,48.065248172,0,2,#fc8d62,car
100098,"9,21E+18",9,1,77,131,2021,7,12,7,3,0,1,0,1,0,0,0,0,0,"711830,471345","5347275,09799",11.853293184,48.243266677,0,1,#66c2a5,bicycle
100101,"9,21E+18",9,2,61,0,2021,8,14,2,3,3,2,0,1,1,0,0,0,0,"732363,824742","5382046,29327",12.148693567,48.548426965,0,1,#66c2a5,bicycle
100108,"9,21E+18",9,7,61,0,2021,7,18,4,3,2,1,0,0,1,0,1,0,0,"642434,728984","5359280,90635",10.923285119,48.370613559,1,2,#fc8d62,car
100109,"9,21E+18",9,1,79,123,2021,7,13,4,3,0,1,0,0,0,0,1,0,0,"676228,104609","5334875,45456",11.369063188,48.142701761,1,4,#e78ac3,marker
100111,"9,21E+18",9,1,84,130,2021,7,17,2,3,2,6,0,0,1,0,0,0,1,"698479,003998","5346209,4031",11.673163639,48.238009681,0,2,#fc8d62,car
100112,"9,21E+18",9,1,62,0,2021,7,13,7,3,0,1,0,1,0,0,0,0,0,"688304,84241","5328320,54485",11.528360177,48.080325153,0,1,#66c2a5,bicycle
100124,"9,21E+18",9,1,62,0,2021,7,17,1,2,5,3,0,1,1,0,0,0,0,"692221,181426","5343225,08885",11.587619243,48.213115561,0,1,#66c2a5,bicycle
100125,"9,21E+18",9,1,79,132,2021,7,14,4,3,5,3,0,0,1,0,0,0,0,"661449,916083","5337535,15042",11.171561601,48.170535873,0,2,#fc8d62,car
100127,"9,21E+18",9,7,62,0,2021,7,18,4,3,6,4,0,1,0,1,0,0,0,"622497,154411","5304856,19327",10.638546822,47.885342864,0,1,#66c2a5,bicycle
100130,"9,21E+18",9,7,72,200,2021,7,13,3,2,4,6,0,1,0,0,0,0,0,"630673,506137","5339782,38814",10.758524776,48.197818409,0,1,#66c2a5,bicycle
100139,"9,21E+18",9,1,88,113,2021,7,15,7,3,0,6,0,0,1,0,0,0,0,"680150,19986","5315647,7861",11.413644099,47.96876423,0,2,#fc8d62,car
100140,"9,21E+18",9,1,62,0,2021,7,9,4,3,5,3,0,1,1,0,0,0,0,"687752,611773","5327515,40327",11.52059912,48.073251107,0,1,#66c2a5,bicycle
100143,"9,21E+18",9,1,62,0,2021,7,15,5,3,5,2,0,0,1,0,0,0,1,"687347,825443","5335081,24117",11.518492597,48.141374374,0,2,#fc8d62,car
100144,"9,21E+18",9,1,84,142,2021,7,12,2,2,4,2,0,1,1,0,0,0,0,"683342,576001","5316958,778",11.456934375,47.979642251,0,1,#66c2a5,bicycle
100150,"9,21E+18",9,1,87,177,2021,7,8,4,3,0,7,0,1,0,0,0,0,0,"735653,853421","5304616,18693",12.150224525,47.851639399,0,1,#66c2a5,bicycle
100152,"9,21E+18",9,1,87,170,2021,7,18,6,3,2,2,0,0,1,0,0,0,0,"734952,39637","5321297,83327",12.149957469,48.001759564,0,2,#fc8d62,car
100153,"9,21E+18",9,2,74,184,2021,7,12,6,3,6,4,0,0,1,1,0,0,0,"748290,247019","5371866,19529",12.358082176,48.45090043,0,2,#fc8d62,car
100156,"9,21E+18",9,1,88,124,2021,7,15,7,3,4,1,0,1,1,0,0,0,0,"661517,285709","5319022,11978",11.165465522,48.004075586,0,1,#66c2a5,bicycle
100157,"9,21E+18",9,1,62,0,2021,7,18,4,3,0,6,0,1,0,0,0,0,1,"694669,104658","5334414,66904",11.616502518,48.133185745,0,1,#66c2a5,bicycle
100159,"9,21E+18",9,7,72,130,2021,7,15,1,3,1,6,0,0,1,0,0,0,0,"631717,839935","5357287,28299",10.778026993,48.355014133,0,2,#fc8d62,car
100161,"9,21E+18",9,1,78,124,2021,7,21,7,3,0,1,2,1,0,0,0,0,0,"703492,936001","5364744,747",11.749556566,48.402985658,0,1,#66c2a5,bicycle
100162,"9,21E+18",9,1,87,173,2021,7,16,4,3,5,3,0,0,1,0,0,0,0,"742481,049301","5319618,72268",12.249778771,47.983866328,1,2,#fc8d62,car
100163,"9,21E+18",9,1,90,132,2021,7,20,4,3,4,6,0,0,1,0,0,0,0,"674489,340952","5294912,30539",11.329491213,47.783922394,0,2,#fc8d62,car
100167,"9,21E+18",9,1,84,122,2021,7,20,6,3,8,7,0,1,0,0,0,0,0,"687782,471336","5323906,97981",11.519415713,48.040808422,0,1,#66c2a5,bicycle
100169,"9,21E+18",9,1,78,124,2021,7,0,5,2,8,6,2,1,0,0,0,0,0,"702988,239699","5363807,94533",11.742292505,48.394730017,0,1,#66c2a5,bicycle
100170,"9,21E+18",9,7,72,147,2021,7,6,4,3,0,1,0,0,0,0,1,0,0,"635914,691038","5364606,82489",10.837017496,48.419941744,1,4,#e78ac3,marker
100171,"9,21E+18",9,1,79,123,2021,7,7,4,3,2,6,0,0,1,0,0,0,0,"677380,211724","5332214,38631",11.383429493,48.118460758,1,2,#fc8d62,car
100173,"9,21E+18",9,1,74,131,2021,7,15,1,3,8,1,0,0,0,0,1,0,0,"676969,719749","5355748,75669",11.387743549,48.330126487,0,4,#e78ac3,marker
100174,"9,21E+18",9,1,77,117,2021,7,12,6,2,0,6,0,0,0,0,1,0,0,"718620,873088","5355315,88923",11.94879256,48.313207072,0,4,#e78ac3,marker
100175,"9,21E+18",9,1,77,126,2021,7,12,6,2,2,6,0,0,1,0,1,0,0,"717477,791357","5368104,09784",11.940008101,48.428500284,0,2,#fc8d62,car
100176,"9,21E+18",9,1,62,0,2021,7,9,1,3,5,3,0,0,1,0,0,0,0,"694926,333198","5331723,97055",11.61872589,48.108924137,0,2,#fc8d62,car
100178,"9,21E+18",9,1,84,147,2021,7,11,6,3,1,7,0,0,1,0,0,0,0,"696736,925479","5341796,92155",11.64768001,48.198896606,0,2,#fc8d62,car
100182,"9,21E+18",9,7,77,130,2021,7,11,3,3,0,7,0,1,0,0,0,0,0,"622376,204783","5308849,88609",10.638062746,47.921283852,1,1,#66c2a5,bicycle
100183,"9,21E+18",9,1,62,0,2021,7,14,3,3,5,2,0,1,1,0,0,0,0,"688098,650278","5333872,46424",11.528041911,48.130288119,0,1,#66c2a5,bicycle
100203,"9,21E+18",9,1,88,139,2021,7,18,7,3,0,7,0,1,0,0,0,0,0,"667406,038951","5316859,36052",11.243511118,47.983116841,0,1,#66c2a5,bicycle
100207,"9,21E+18",9,1,75,132,2021,8,16,4,3,2,6,0,0,1,0,0,0,0,"708233,402481","5336821,80923",11.799775755,48.150523908,0,2,#fc8d62,car
100214,"9,21E+18",9,1,81,135,2021,8,11,2,3,0,1,0,1,0,0,0,0,0,"643917,3","5309678,33",10.926521046,47.924259829,1,1,#66c2a5,bicycle
100215,"9,21E+18",9,1,81,130,2021,8,13,5,3,1,6,0,0,1,0,0,0,0,"638981,97482","5325238,2356",10.865530594,48.065270293,0,2,#fc8d62,car
100218,"9,21E+18",9,1,88,139,2021,8,13,6,3,5,3,0,1,0,0,0,0,0,"675470,396709","5319033,95684",11.352383196,48.000504661,0,1,#66c2a5,bicycle
100224,"9,21E+18",9,1,62,0,2021,8,17,4,3,5,3,0,1,1,0,0,0,0,"681079,422463","5335206,69157",11.434360872,48.144316951,0,1,#66c2a5,bicycle
100225,"9,21E+18",9,1,75,135,2021,8,13,5,3,5,3,0,1,0,0,0,1,0,"707921,695001","5338871,421",11.796591576,48.169044114,0,1,#66c2a5,bicycle
100227,"9,21E+18",9,1,62,0,2021,8,13,4,2,4,2,0,0,1,0,0,0,0,"678109,874651","5335320,44508",11.394523487,48.146177806,0,2,#fc8d62,car
100229,"9,21E+18",9,2,74,134,2021,8,17,7,3,5,3,0,0,1,0,1,0,0,"740827,250002","5373787,05699",12.258424133,48.47105267,0,2,#fc8d62,car
100231,"9,21E+18",9,1,79,126,2021,8,16,7,3,3,6,0,0,1,0,1,0,0,"676446,104089","5340329,96653",11.374254451,48.191673027,0,2,#fc8d62,car
100237,"9,21E+18",9,1,62,0,2021,8,16,7,3,5,2,0,1,1,0,0,0,0,"695239,174927","5334028,31621",11.623979349,48.129538769,0,1,#66c2a5,bicycle
100245,"9,21E+18",9,1,77,115,2021,8,6,2,3,8,1,0,0,1,0,0,0,0,"736550,626501","5349979,55185",12.187270388,48.258821588,0,2,#fc8d62,car
100248,"9,21E+18",9,1,86,126,2021,8,21,6,2,8,1,2,0,1,0,0,0,0,"686506,219225","5375401,02438",11.525024866,48.50401563,0,2,#fc8d62,car
100254,"9,21E+18",9,1,62,0,2021,8,17,2,3,8,1,0,0,1,0,0,0,0,"694570,032246","5331244,18841",11.613725562,48.104720957,1,2,#fc8d62,car
100270,"9,21E+18",9,1,74,113,2021,8,14,3,2,4,2,0,0,1,0,0,0,0,"677714,737128","5351089,36059",11.395824117,48.288034981,0,2,#fc8d62,car
100271,"9,21E+18",9,1,84,147,2021,8,11,6,3,3,3,0,0,1,0,0,0,0,"695526,370001","5339915,448",11.630540102,48.182360969,0,2,#fc8d62,car
100272,"9,21E+18",9,1,75,132,2021,8,16,6,3,2,6,0,0,1,0,0,0,0,"707069,915617","5330353,31139",11.781009687,48.092775386,0,2,#fc8d62,car
100278,"9,21E+18",9,2,61,0,2021,8,20,5,3,0,1,0,1,0,0,0,0,0,"732192,871476","5380678,56741",12.14561852,48.536204306,0,1,#66c2a5,bicycle
100288,"9,21E+18",9,1,73,137,2021,8,13,5,3,9,1,0,1,0,0,0,0,0,"674732,849755","5304770,28827",11.33671611,47.87247945,0,1,#66c2a5,bicycle
100293,"9,21E+18",9,1,62,0,2021,8,16,6,3,3,2,0,1,0,0,0,0,1,"694782,663159","5337160,95725",11.619283576,48.157833406,0,1,#66c2a5,bicycle
100294,"9,21E+18",9,1,82,120,2021,8,8,2,3,2,2,0,0,1,0,0,0,0,"703237,248821","5305603,96443",11.717887329,47.871585752,0,2,#fc8d62,car
100295,"9,21E+18",9,1,84,149,2021,8,23,3,3,5,3,2,0,1,0,0,1,0,"691974,295705","5351451,11466",11.588029581,48.287122665,1,2,#fc8d62,car
100296,"9,21E+18",9,1,73,120,2021,8,6,5,3,5,3,1,1,1,0,0,0,0,"686976,588001","5311400,783",11.503169711,47.928631776,0,1,#66c2a5,bicycle
100300,"9,21E+18",9,1,78,133,2021,8,6,5,3,2,6,0,0,1,0,0,0,1,"686592,731001","5367396,14",11.52262432,48.432044368,0,2,#fc8d62,car
100302,"9,21E+18",9,1,87,150,2021,8,11,4,2,5,3,0,0,1,0,0,1,0,"728625,698002","5303465,17199",12.055804246,47.843836135,1,2,#fc8d62,car
100303,"9,21E+18",9,1,63,0,2021,8,15,6,3,8,1,0,0,0,0,1,0,0,"732652,32956","5307192,19712",12.111547699,47.875875935,0,4,#e78ac3,marker
100307,"9,21E+18",9,7,77,151,2021,8,17,4,3,1,6,0,0,1,0,0,0,1,"620671,443314","5294258,53692",10.61118144,47.790374716,0,2,#fc8d62,car
100309,"9,21E+18",9,7,61,0,2021,8,19,7,3,0,6,0,1,1,0,0,0,0,"638438,897161","5361300,83192",10.870025376,48.389665483,1,1,#66c2a5,bicycle
100310,"9,21E+18",9,1,82,116,2021,8,15,2,3,1,3,0,0,1,0,0,1,0,"704025,356388","5295250,88789",11.723539038,47.778290029,1,2,#fc8d62,car
100312,"9,21E+18",9,1,62,0,2021,8,15,3,3,2,6,0,0,1,0,0,0,0,"680103,420087","5338310,19162",11.422565874,48.172491028,0,2,#fc8d62,car
100314,"9,21E+18",9,7,61,0,2021,8,21,7,3,8,1,2,0,1,0,0,0,0,"637281,450471","5351103,85099",10.851074996,48.298227878,1,2,#fc8d62,car
100316,"9,21E+18",9,1,87,182,2021,8,15,6,3,2,6,0,0,1,0,0,0,0,"737634,477002","5327674,54099",12.189394435,48.058051779,0,2,#fc8d62,car
100317,"9,21E+18",9,1,87,139,2021,8,14,6,2,0,1,0,0,0,0,1,0,0,"743694,527445","5315193,96569",12.263507549,47.943659424,0,4,#e78ac3,marker
100319,"9,21E+18",9,1,79,142,2021,8,6,4,3,0,3,0,0,1,0,1,0,0,"673166,284835","5339312,35572",11.329744654,48.183427993,1,2,#fc8d62,car
100324,"9,21E+18",9,1,79,142,2021,8,15,4,3,5,3,0,0,1,0,0,0,0,"672734,676523","5340856,97363",11.324571084,48.197430797,0,2,#fc8d62,car
100332,"9,21E+18",9,1,63,0,2021,8,17,4,3,5,7,0,0,1,0,0,0,1,"732170,468668","5301595,35396",12.10210988,47.8257671,1,2,#fc8d62,car
100334,"9,21E+18",9,1,77,114,2021,8,1,1,3,8,7,2,0,1,0,0,0,0,"721664,254395","5346639,02897",11.985235928,48.234190515,0,2,#fc8d62,car
100340,"9,21E+18",9,1,87,126,2021,8,21,1,3,5,3,2,0,1,0,0,0,0,"744702,819078","5327013,34184",12.283724507,48.049441913,0,2,#fc8d62,car
100342,"9,21E+18",9,1,75,122,2021,8,10,5,2,8,1,0,0,0,0,1,0,0,"720356,892986","5325498,06285",11.956716524,48.044695953,0,4,#e78ac3,marker
100345,"9,21E+18",9,2,61,0,2021,8,13,6,3,4,2,0,1,1,0,0,0,0,"730739,627993","5380963,09408",12.126118935,48.539296128,0,1,#66c2a5,bicycle
100349,"9,21E+18",9,1,90,152,2021,8,13,6,3,4,6,0,0,1,0,0,0,0,"670296,535455","5301515,9188",11.276156378,47.844413402,0,2,#fc8d62,car
100353,"9,21E+18",9,1,73,130,2021,8,20,3,2,9,1,2,0,0,0,1,0,0,"680294,556368","5310642,80977",11.413479751,47.923732486,0,4,#e78ac3,marker
100356,"9,21E+18",9,1,90,115,2021,8,16,5,3,4,6,0,1,0,0,0,0,0,"671011,284262","5304585,34288",11.286915576,47.871818519,0,1,#66c2a5,bicycle
100359,"9,21E+18",9,1,73,147,2021,8,17,2,3,2,2,0,0,1,0,0,0,0,"681598,251503","5308848,66411",11.430159477,47.907236567,1,2,#fc8d62,car
100360,"9,21E+18",9,1,75,116,2021,8,16,5,3,4,2,0,0,1,0,1,0,0,"708339,570456","5320732,21266",11.793357451,48.005902728,0,2,#fc8d62,car
100361,"9,21E+18",9,7,78,209,2021,8,16,3,3,1,6,0,0,1,0,0,0,1,"618625,331","5322642,392",10.591685769,48.046035193,0,2,#fc8d62,car
100364,"9,21E+18",9,7,61,0,2021,8,16,7,3,5,2,0,1,1,0,0,0,0,"642148,097736","5359002,28161",10.91932284,48.368172914,0,1,#66c2a5,bicycle
100365,"9,21E+18",9,1,62,0,2021,8,16,3,3,2,6,0,0,1,0,1,0,0,"678927,700526","5334678,95591",11.405238812,48.140181941,0,2,#fc8d62,car
100366,"9,21E+18",9,7,78,137,2021,8,18,1,2,0,7,1,0,1,0,0,0,0,"623371,950744","5331216,49695",10.657824334,48.122244803,0,2,#fc8d62,car
100368,"9,21E+18",9,1,79,119,2021,8,7,5,3,8,6,0,0,1,0,0,0,1,"671773,406917","5339195,72187",11.31097388,48.18275764,1,2,#fc8d62,car
100385,"9,21E+18",9,1,81,128,2021,8,16,7,3,4,2,0,0,1,0,0,0,0,"638562,034321","5327017,09152",10.860473623,48.081357702,0,2,#fc8d62,car
100387,"9,21E+18",9,1,88,141,2021,8,11,7,3,2,6,0,1,1,0,0,0,0,"670112,198139","5308234,01807",11.276339701,47.904859823,0,1,#66c2a5,bicycle