OBJECTID,UIDENTSTLA,ULAND,UREGBEZ,UKREIS,UGEMEINDE,UJAHR,UMONAT,USTUNDE,UWOCHENTAG,UKATEGORIE,UART,UTYP1,ULICHTVERH,IstRad,IstPKW,IstFuss,IstKrad,IstGkfz,IstSonstig,LINREFX,LINREFY,XGCSWGS84,YGCSWGS84,STRZUSTAN,Teilnehmer,color,symbol
100984,"9,21E+18",9,1,62,0,2021,8,8,4,2,5,3,0,1,1,0,0,0,0,"683895,983001","5335442,292",11.472291086,48.145626759,0,1,#66c2a5,bicycle
100987,"9,21E+18",9,7,77,121,2021,8,21,2,2,8,1,1,0,1,0,0,0,0,"630536,873813","5321472,19629",10.751081347,48.033186896,0,2,#fc8d62,car
100988,"9,21E+18",9,1,84,112,2021,8,5,7,3,2,6,0,0,1,0,0,0,0,"703151,260671","5339353,79406",11.732735302,48.174921504,0,2,#fc8d62,car
100989,"9,21E+18",9,1,81,146,2021,8,21,6,3,9,7,2,0,0,0,1,0,1,"648017,219615","5325087,74145",10.986683743,48.061884575,0,4,#e78ac3,marker
100995,"9,21E+18",9,2,74,126,2021,8,0,1,3,8,1,2,1,0,0,0,0,0,"733558,876328","5382592,91149",12.165168207,48.552893263,1,1,#66c2a5,bicycle
100997,"9,21E+18",9,1,62,0,2021,8,0,6,3,2,6,2,1,0,1,0,0,0,"682988,85162","5339055,34316",11.461661647,48.178364697,0,1,#66c2a5,bicycle
101004,"9,21E+18",9,1,74,135,2021,8,17,5,3,0,7,0,0,0,0,0,0,1,"664269,014795","5352297,23195",11.215174804,48.30252612,0,6,#ffd92f,circle
101006,"9,21E+18",9,1,87,165,2021,8,19,6,3,8,1,0,0,0,0,0,0,1,"728365,657829","5300407,45174",12.050721657,47.816455908,0,6,#ffd92f,circle
101010,"9,21E+18",9,1,88,139,2021,8,5,2,1,9,1,2,0,1,0,0,0,0,"668612,729497","5319124,62884",11.260559496,48.003165137,0,2,#fc8d62,car
101011,"9,21E+18",9,1,87,128,2021,8,19,5,3,0,1,0,1,0,0,0,0,0,"746715,020003","5311083,92199",12.301535532,47.905585817,0,1,#66c2a5,bicycle
101012,"9,21E+18",9,1,88,126,2021,8,15,5,3,8,1,0,0,0,0,1,0,0,"658991,142156","5327250,63037",11.134677667,48.078690394,0,4,#e78ac3,marker
101014,"9,21E+18",9,7,78,116,2021,8,19,4,2,5,3,0,0,1,0,1,0,0,"622192,830371","5318003,42561",10.638210721,48.003641828,0,2,#fc8d62,car
101016,"9,21E+18",9,1,62,0,2021,8,17,3,3,0,7,0,0,0,0,0,0,1,"697261,163443","5328981,71282",11.648791363,48.083559612,0,6,#ffd92f,circle
101018,"9,21E+18",9,1,90,144,2021,8,17,6,3,8,6,0,0,1,0,0,0,0,"659161,787709","5308357,49912",11.129961781,47.908780581,0,2,#fc8d62,car
101034,"9,21E+18",9,7,71,113,2021,8,14,3,3,9,1,0,0,1,0,0,0,0,"657440,155686","5372168,84998",11.130603662,48.482915495,0,2,#fc8d62,car
101039,"9,21E+18",9,2,61,0,2021,8,16,5,3,2,6,0,0,1,0,0,0,0,"731408,319522","5381109,30309",12.135245615,48.540363292,0,2,#fc8d62,car
101055,"9,21E+18",9,1,79,142,2021,8,20,4,2,8,1,0,0,1,0,0,0,0,"673557,238332","5344110,34876",11.336962241,48.226452286,0,2,#fc8d62,car
101058,"9,21E+18",9,1,88,127,2021,8,9,3,3,0,1,0,1,0,0,0,0,0,"679752,017332","5329845,25091",11.414271719,48.096499437,0,1,#66c2a5,bicycle
101065,"9,21E+18",9,1,82,120,2021,8,14,4,3,0,3,0,0,1,0,1,0,0,"701952,758358","5306236,85494",11.701025469,47.87767893,1,2,#fc8d62,car
101066,"9,21E+18",9,1,77,116,2021,8,9,6,3,8,1,0,0,1,0,0,0,0,"708868,929522","5363705,79865",11.821588762,48.391892138,0,2,#fc8d62,car
101069,"9,21E+18",9,1,62,0,2021,8,15,1,3,7,6,0,0,1,0,0,0,0,"694590,94476","5335884,2929",11.616124592,48.146418009,0,2,#fc8d62,car
101070,"9,21E+18",9,1,87,117,2021,8,9,5,3,0,1,0,1,0,0,0,0,0,"725373,773786","5306061,26812",12.013754339,47.868310031,0,1,#66c2a5,bicycle
101073,"9,21E+18",9,1,87,150,2021,8,13,2,3,5,3,0,0,1,0,1,0,0,"728570,015633","5304419,71683",12.055565259,47.852432153,0,2,#fc8d62,car
101075,"9,21E+18",9,1,62,0,2021,8,16,3,3,3,6,0,0,1,0,0,1,0,"683782,155946","5342569,6851",11.473844338,48.209724384,0,2,#fc8d62,car
101077,"9,21E+18",9,2,74,111,2021,8,2,7,3,8,1,2,0,1,0,0,0,0,"738240,677271","5381223,25838",12.227728421,48.538830406,0,2,#fc8d62,car
101088,"9,21E+18",9,1,73,145,2021,8,16,4,3,8,6,0,0,0,0,1,0,1,"687277,027915","5294365,94162",11.499813366,47.775420927,0,4,#e78ac3,marker
101089,"9,21E+18",9,1,88,118,2021,8,10,7,2,5,3,0,1,1,0,0,0,0,"671546,512954","5312670,11018",11.297283095,47.944358656,0,1,#66c2a5,bicycle
101090,"9,21E+18",9,7,61,0,2021,8,17,2,3,2,6,0,1,0,0,0,0,1,"641021,276526","5360570,61004",10.90464306,48.382527499,0,1,#66c2a5,bicycle
101095,"9,21E+18",9,1,90,140,2021,8,16,5,1,4,6,0,0,1,0,1,0,0,"645474,801269","5299956,32484",10.944083161,47.83648623,0,2,#fc8d62,car
101098,"9,21E+18",9,1,62,0,2021,8,19,7,3,5,2,1,0,1,0,0,0,0,"692091,93386","5341879,00244",11.585271834,48.201056484,0,2,#fc8d62,car
101107,"9,21E+18",9,1,62,0,2021,8,12,3,3,2,6,0,0,1,0,1,0,0,"695968,18104","5343628,29829",11.638191446,48.215593474,0,2,#fc8d62,car
101108,"9,21E+18",9,1,84,113,2021,8,15,6,3,8,1,0,0,0,0,0,0,1,"684061,628729","5319479,89423",11.467641815,48.002097751,0,6,#ffd92f,circle
101122,"9,21E+18",9,1,62,0,2021,8,12,4,3,2,6,0,0,1,0,0,0,0,"682574,532928","5341724,37867",11.457240712,48.202474788,0,2,#fc8d62,car
101129,"9,21E+18",9,1,62,0,2021,8,15,4,3,0,3,0,0,0,0,0,0,1,"687569,91205","5331571,98357",11.519930729,48.109766778,0,6,#ffd92f,circle
101130,"9,21E+18",9,1,77,131,2021,8,6,5,3,5,3,0,0,1,0,0,1,0,"710402,861129","5347778,19283",11.834338183,48.248262721,1,2,#fc8d62,car
101131,"9,21E+18",9,1,88,124,2021,8,10,1,3,0,1,0,1,0,0,0,0,0,"661474,091019","5316905,62928",11.164090634,47.985057623,0,1,#66c2a5,bicycle
101132,"9,21E+18",9,1,78,120,2021,8,13,2,3,3,6,0,0,1,0,0,1,0,"694865,927007","5353501,8542",11.627916072,48.304669691,1,2,#fc8d62,car
101136,"9,21E+18",9,1,62,0,2021,8,18,7,3,5,3,0,0,1,0,0,0,0,"687549,745565","5331571,62355",11.519659913,48.10976948,1,2,#fc8d62,car
101142,"9,21E+18",9,7,71,165,2021,8,10,6,3,0,1,0,0,0,0,1,0,0,"660265,913","5363327,311",11.165432877,48.402715627,0,4,#e78ac3,marker
101148,"9,21E+18",9,1,78,120,2021,8,8,7,3,3,6,0,0,1,0,0,0,0,"695284,578109","5352527,50677",11.633105024,48.295783947,0,2,#fc8d62,car
101150,"9,21E+18",9,1,81,138,2021,8,17,7,2,5,3,0,0,1,0,1,0,0,"639984,922914","5334742,48576",10.882104423,48.150514771,0,2,#fc8d62,car
101167,"9,21E+18",9,1,79,117,2021,8,13,6,3,1,6,0,0,1,0,0,0,0,"660610,81319","5350061,67025",11.165030605,48.283367063,0,2,#fc8d62,car
101170,"9,21E+18",9,1,87,156,2021,8,15,6,1,5,3,0,0,1,0,1,0,0,"735592,00018","5293806,58559",12.143528692,47.754549532,0,2,#fc8d62,car
101181,"9,21E+18",9,1,88,137,2021,8,12,2,3,4,6,0,0,1,0,0,1,0,"672333,784121","5316589,4553",11.30938782,47.979382015,1,2,#fc8d62,car
101182,"9,21E+18",9,1,79,125,2021,8,18,5,3,0,1,0,0,0,0,1,0,0,"662150,269149","5331290,84304",11.178596621,48.114218483,0,4,#e78ac3,marker
101189,"9,21E+18",9,1,87,122,2021,8,20,6,3,0,1,0,1,0,0,0,0,0,"719574,701399","5313408,23762",11.940053474,47.936334499,0,1,#66c2a5,bicycle
101191,"9,21E+18",9,1,62,0,2021,8,6,4,3,5,2,0,0,1,0,0,0,0,"691096,807001","5330706,24",11.566876644,48.100937175,1,2,#fc8d62,car
101206,"9,21E+18",9,1,86,143,2021,8,21,7,3,9,1,2,0,0,0,0,0,1,"682908,049753","5381994,6005",11.47925229,48.564336075,1,6,#ffd92f,circle
101208,"9,21E+18",9,1,88,124,2021,8,14,7,2,0,1,0,1,0,0,0,0,0,"661988,972912","5317511,75141",11.171214665,47.990376935,0,1,#66c2a5,bicycle
101209,"9,21E+18",9,7,77,121,2021,8,17,5,3,1,5,0,1,1,0,0,0,0,"628092,268758","5321523,28393",10.718319001,48.034141381,0,1,#66c2a5,bicycle
101210,"9,21E+18",9,1,62,0,2021,8,19,5,3,2,6,0,0,1,0,0,0,0,"694989,171777","5333016,95049",11.620160336,48.120525679,1,2,#fc8d62,car
101215,"9,21E+18",9,1,62,0,2021,8,7,4,3,2,6,0,0,1,0,0,1,0,"679937,835593","5338122,38742",11.420261177,48.17084978,0,2,#fc8d62,car
101222,"9,21E+18",9,1,84,122,2021,8,11,4,3,8,1,0,1,0,0,0,0,0,"687677,281411","5324152,23396",11.518113329,48.043043798,0,1,#66c2a5,bicycle
101225,"9,21E+18",9,1,84,120,2021,8,16,5,3,5,3,0,1,1,0,0,0,0,"682074,086904","5332819,25576",11.446699803,48.122572971,0,1,#66c2a5,bicycle
101228,"9,21E+18",9,1,84,148,2021,8,14,6,3,2,6,0,0,1,0,0,0,0,"696131,931722","5327008,24341",11.632739263,48.066171327,0,2,#fc8d62,car
101235,"9,21E+18",9,7,77,112,2021,8,12,2,2,8,1,0,0,1,0,0,0,0,"622493,380444","5300807,31489",10.637348774,47.848929125,1,2,#fc8d62,car
101237,"9,21E+18",9,7,62,0,2021,8,11,2,3,5,3,0,1,1,0,0,0,0,"620797,90649","5304443,17007",10.615711203,47.881950268,0,1,#66c2a5,bicycle
101238,"9,21E+18",9,7,77,167,2021,8,12,6,3,0,7,0,0,0,0,1,0,0,"618931,582013","5297389,49049",10.588819149,47.818858283,0,4,#e78ac3,marker
101239,"9,21E+18",9,7,77,121,2021,8,16,5,3,5,7,0,1,1,0,0,0,0,"628466,600314","5321746,83641",10.723405256,48.036076601,0,1,#66c2a5,bicycle
101245,"9,21E+18",9,1,74,115,2021,8,14,4,3,5,2,0,1,1,0,0,0,0,"681184,262102","5347236,43851",11.44090323,48.252419111,0,1,#66c2a5,bicycle
101246,"9,21E+18",9,1,87,177,2021,8,2,7,3,8,1,2,0,1,0,0,0,0,"736004,285002","5305635,83299",12.155458056,47.860671092,0,2,#fc8d62,car
101248,"9,21E+18",9,1,77,133,2021,8,17,4,3,5,3,0,1,1,0,0,0,0,"712857,198827","5356227,95062",11.871614321,48.323368219,0,1,#66c2a5,bicycle
101262,"9,21E+18",9,1,79,113,2021,8,13,7,3,5,3,0,1,1,0,0,0,0,"671064,777858","5334278,19473",11.299470683,48.138741876,0,1,#66c2a5,bicycle
101275,"9,21E+18",9,1,62,0,2021,8,16,4,3,5,3,0,0,1,0,0,0,0,"679401,790833","5334799,07404",11.411656534,48.141128185,0,2,#fc8d62,car
101278,"9,21E+18",9,1,84,144,2021,8,11,7,3,5,2,0,1,1,0,0,0,0,"687940,509153","5317668,95833",11.518800116,47.984691758,0,1,#66c2a5,bicycle
101279,"9,21E+18",9,1,62,0,2021,8,14,1,2,0,7,0,1,0,0,0,0,0,"685960,101294","5335261,24759",11.499934698,48.143399447,0,1,#66c2a5,bicycle
101282,"9,21E+18",9,1,84,127,2021,8,17,3,3,5,3,0,1,1,0,0,0,0,"702008,852878","5321632,82852",11.709000971,48.016028434,0,1,#66c2a5,bicycle
101294,"9,21E+18",9,7,71,113,2021,8,18,2,3,2,2,0,0,1,0,0,0,0,"658668,675513","5367330,51484",11.14538224,48.43910931,0,2,#fc8d62,car
101295,"9,21E+18",9,1,87,170,2021,8,9,4,1,9,7,0,0,1,0,0,0,0,"734729,862619","5321410,56137",12.147040326,48.002853992,0,2,#fc8d62,car
101298,"9,21E+18",9,1,81,145,2021,8,22,7,3,0,7,2,0,1,0,0,0,0,"645613,383","5336092,968",10.958196593,48.161394139,0,2,#fc8d62,car
101299,"9,21E+18",9,1,74,115,2021,8,16,6,3,4,2,0,0,1,0,0,0,0,"679888,50361","5347904,94417",11.423747292,48.258797226,0,2,#fc8d62,car
101302,"9,21E+18",9,1,84,112,2021,8,17,4,3,2,6,0,0,1,0,0,0,0,"702413,062942","5340163,72808",11.723202665,48.1824357,0,2,#fc8d62,car
101305,"9,21E+18",9,1,63,0,2021,8,22,4,3,9,7,2,0,1,0,0,0,0,"732563,190188","5305934,46158",12.109680632,47.864608567,0,2,#fc8d62,car
101312,"9,21E+18",9,1,73,126,2021,8,8,2,3,0,3,0,0,1,0,0,0,0,"687837,902026","5303427,64045",11.511219586,47.856711834,1,2,#fc8d62,car
101316,"9,21E+18",9,1,74,115,2021,8,12,6,2,2,6,0,0,1,0,1,0,0,"683268,204281","5348315,65146",11.469418437,48.261520368,0,2,#fc8d62,car
101318,"9,21E+18",9,7,77,158,2021,8,19,3,3,4,6,0,0,1,0,0,0,0,"619597,226608","5307983,97419",10.600639735,47.914020492,0,2,#fc8d62,car
101319,"9,21E+18",9,1,77,127,2021,8,16,5,3,2,6,0,0,1,0,0,0,0,"725684,596002","5349276,11399",12.040706255,48.256464717,0,2,#fc8d62,car
101320,"9,21E+18",9,1,84,131,2021,8,16,5,3,3,3,0,0,1,0,0,1,1,"704516,370196","5337373,74666",11.750124363,48.156689902,0,2,#fc8d62,car
101322,"9,21E+18",9,1,81,130,2021,8,4,2,2,9,1,2,0,0,0,0,0,1,"638493,32268","5317474,77957",10.856465157,47.995564441,1,6,#ffd92f,circle
101324,"9,21E+18",9,1,88,124,2021,8,12,3,2,4,2,0,0,1,0,0,0,0,"662699,948023","5318509,41768",11.181115231,47.999166156,0,2,#fc8d62,car
101326,"9,21E+18",9,1,79,123,2021,8,1,1,3,5,3,2,0,1,0,0,0,0,"675952,81698","5333556,61368",11.364820923,48.130922502,1,2,#fc8d62,car
101329,"9,21E+18",9,7,72,215,2021,8,10,3,3,4,6,0,1,0,0,0,0,0,"632849,834967","5347263,10574",10.790143289,48.264636622,0,1,#66c2a5,bicycle
101330,"9,21E+18",9,1,63,0,2021,8,18,4,2,8,7,0,1,0,0,0,0,0,"732619,341016","5302063,2677",12.108349543,47.829808802,1,1,#66c2a5,bicycle
101335,"9,21E+18",9,1,88,120,2021,8,12,2,3,0,7,0,0,0,0,0,0,1,"677114,240814","5326708,77938",11.377574919,48.06904337,0,6,#ffd92f,circle
101336,"9,21E+18",9,7,77,114,2021,8,1,4,3,8,1,2,0,1,0,0,0,0,"617421,327505","5313178,54706",10.572946632,47.961142077,1,2,#fc8d62,car
101339,"9,21E+18",9,7,61,0,2021,8,15,4,3,2,6,0,0,1,0,0,0,0,"637431,10774","5359466,51749",10.855819803,48.373391992,0,2,#fc8d62,car
101340,"9,21E+18",9,1,87,169,2021,8,17,3,3,2,6,0,0,1,0,0,0,1,"741280,924251","5298755,40957",12.222062415,47.796903472,0,2,#fc8d62,car
101342,"9,21E+18",9,1,77,117,2021,8,17,1,3,2,6,0,0,1,0,1,0,0,"715976,750142","5353102,45561",11.912043931,48.294227596,1,2,#fc8d62,car
101347,"9,21E+18",9,7,72,217,2021,8,11,5,2,8,1,0,0,1,0,0,0,0,"635962,915001","5382172,83345",10.843388722,48.577880592,0,2,#fc8d62,car
101356,"9,21E+18",9,1,62,0,2021,8,6,2,3,5,3,0,0,1,0,0,0,0,"688563,639314","5334969,17711",11.534770469,48.140007971,0,2,#fc8d62,car
101357,"9,21E+18",9,1,81,114,2021,8,13,7,3,4,2,0,0,1,0,1,0,0,"657515,8794","5311227,19412",11.109000093,47.934988935,0,2,#fc8d62,car
101359,"9,21E+18",9,1,87,129,2021,8,23,6,3,8,1,2,0,0,0,1,0,0,"727044,477351","5294920,03725",12.030227444,47.767619447,0,4,#e78ac3,marker
101361,"9,21E+18",9,1,73,134,2021,8,17,4,3,5,3,0,0,1,0,0,0,0,"685864,594001","5299234,071",11.483063646,47.819589721,1,2,#fc8d62,car
101364,"9,21E+18",9,1,78,155,2021,8,13,4,2,8,1,0,0,0,0,1,0,0,"715366,247466","5375369,24467",11.915240149,48.494501711,0,4,#e78ac3,marker
101365,"9,21E+18",9,2,74,184,2021,8,11,2,3,0,1,0,1,0,0,0,0,0,"748514,572064","5372166,9793",12.361289198,48.453513255,0,1,#66c2a5,bicycle
101372,"9,21E+18",9,1,87,129,2021,8,15,5,3,4,2,0,0,1,0,0,0,0,"725643,884002","5300600,17399",12.014514309,47.819147535,0,2,#fc8d62,car
101375,"9,21E+18",9,1,78,150,2021,8,12,6,3,2,6,0,0,1,0,0,1,0,"691203,885907","5371664,78668",11.586848336,48.469025097,0,2,#fc8d62,car
101379,"9,21E+18",9,7,61,0,2021,8,7,4,3,2,1,0,0,1,0,0,0,0,"641305,653868","5355866,33491",10.90690165,48.340164782,0,2,#fc8d62,car
101380,"9,21E+18",9,7,77,164,2021,8,18,4,3,8,1,0,0,1,0,0,0,0,"622330,94284","5313608,00464",10.638809508,47.964085084,1,2,#fc8d62,car
101391,"9,21E+18",9,1,87,154,2021,8,14,3,3,6,4,0,1,0,1,0,0,0,"735106,835551","5294464,75373",12.137420934,47.760639584,0,1,#66c2a5,bicycle
101392,"9,21E+18",9,1,62,0,2021,8,11,5,3,0,7,0,1,0,0,0,0,0,"683892,048248","5335418,59036",11.472228001,48.145414853,0,1,#66c2a5,bicycle
101395,"9,21E+18",9,1,87,139,2021,8,14,1,3,2,6,0,0,1,0,0,0,0,"741642,807371","5317977,10498",12.237640068,47.969437036,0,2,#fc8d62,car
101397,"9,21E+18",9,1,82,125,2021,8,17,7,3,8,1,0,0,0,0,1,0,0,"709003,462001","5296167,74",11.790352685,47.784934349,0,4,#e78ac3,marker
101398,"9,21E+18",9,1,79,125,2021,8,13,3,2,0,1,0,1,0,0,0,0,0,"662845,936191","5333213,48411",11.188670843,48.131326329,0,1,#66c2a5,bicycle
101402,"9,21E+18",9,1,88,132,2021,8,5,6,3,4,2,0,0,1,0,0,0,0,"664311,584","5322373,509",11.204184872,48.033494141,1,2,#fc8d62,car
101403,"9,21E+18",9,1,73,137,2021,8,11,5,2,0,7,0,1,0,0,0,0,0,"674464,46666","5305661,90929",11.333490157,47.880568007,0,1,#66c2a5,bicycle
101409,"9,21E+18",9,7,79,187,2021,8,18,4,3,8,1,0,0,1,0,0,0,0,"640648,840692","5384034,57869",10.907514633,48.593585714,1,2,#fc8d62,car
101412,"9,21E+18",9,7,78,116,2021,8,12,2,3,8,6,0,0,1,0,0,0,0,"619618,586839","5322095,57914",10.604854833,48.040932013,1,2,#fc8d62,car
101419,"9,21E+18",9,1,88,139,2021,8,0,6,2,9,1,2,0,1,0,0,0,0,"671556,398989","5321717,30701",11.301029384,48.025689927,0,2,#fc8d62,car
101421,"9,21E+18",9,1,74,146,2021,8,6,4,3,2,6,0,0,1,0,0,1,0,"669031,063315","5349577,73845",11.27825095,48.276824585,0,2,#fc8d62,car
101426,"9,21E+18",9,1,73,137,2021,8,17,5,3,4,7,0,1,1,0,0,0,0,"674256,614985","5309564,55666",11.332288517,47.915708821,0,1,#66c2a5,bicycle
101433,"9,21E+18",9,1,82,116,2021,8,17,3,3,4,6,0,0,1,0,0,0,0,"706348,356537","5295197,65954",11.754486721,47.777071996,0,2,#fc8d62,car
101437,"9,21E+18",9,7,77,111,2021,8,16,3,2,4,1,0,0,1,0,0,0,0,"614278,241715","5295982,34834",10.52630697,47.807045466,0,2,#fc8d62,car
101438,"9,21E+18",9,7,72,147,2021,8,16,1,3,3,6,0,0,1,0,0,0,0,"638040,306853","5365069,65298",10.865883866,48.423641238,0,2,#fc8d62,car
101439,"9,21E+18",9,1,78,115,2021,8,11,6,3,2,6,0,0,1,0,1,0,0,"703906,805074","5375659,27149",11.760457189,48.500930345,0,2,#fc8d62,car
101452,"9,21E+18",9,7,72,147,2021,8,22,6,2,2,6,2,0,1,0,1,0,0,"638586,500846","5363820,02947",10.872849735,48.412285053,0,2,#fc8d62,car
101453,"9,21E+18",9,1,74,135,2021,8,15,1,3,1,6,0,0,1,0,1,0,0,"663072,802425","5352959,55643",11.199312149,48.308789933,0,2,#fc8d62,car
101459,"9,21E+18",9,1,62,0,2021,8,16,5,3,3,6,0,0,1,0,0,0,0,"692031,40061","5331511,51743",11.579779652,48.107893941,0,2,#fc8d62,car
101461,"9,21E+18",9,1,84,112,2021,8,8,5,2,2,6,0,0,0,0,0,1,0,"700532,490147","5341158,20445",11.698400722,48.191969279,0,5,#a6d854,bus
101462,"9,21E+18",9,2,61,0,2021,8,19,4,3,2,6,1,0,1,0,0,0,0,"731821,099192","5381190,97695",12.140874866,48.540944607,1,2,#fc8d62,car
101464,"9,21E+18",9,7,61,0,2021,8,20,7,3,0,1,0,1,0,0,0,0,0,"644058,316165","5357586,92805",10.944615152,48.355013769,0,1,#66c2a5,bicycle
101466,"9,21E+18",9,1,63,0,2021,8,12,5,3,0,7,0,0,1,0,0,0,1,"733117,629372","5305354,79672",12.116770411,47.859199898,0,2,#fc8d62,car
101468,"9,21E+18",9,7,61,0,2021,8,14,6,3,5,1,0,0,1,0,0,0,0,"641906,105427","5357634,20777",10.915595831,48.355926219,0,2,#fc8d62,car
101471,"9,21E+18",9,1,84,112,2021,8,16,4,3,0,7,0,0,0,1,1,0,0,"701759,48203","5339375,40466",11.714045603,48.17555907,0,3,#8da0cb,toilet
101477,"9,21E+18",9,1,62,0,2021,9,15,1,3,2,6,0,0,1,0,0,0,0,"688107,107018","5333848,51856",11.528144883,48.130070391,0,2,#fc8d62,car
101479,"9,21E+18",9,1,79,123,2021,9,7,6,2,2,6,0,0,1,0,1,0,0,"676516,431946","5333710,68942",11.372453065,48.132151469,0,2,#fc8d62,car
101480,"9,21E+18",9,7,61,0,2021,8,18,4,3,5,2,0,1,1,0,0,0,0,"639251,716329","5360876,39636",10.880858074,48.385670137,0,1,#66c2a5,bicycle
101481,"9,21E+18",9,7,72,111,2021,9,23,6,3,3,6,2,0,1,0,0,0,0,"626571,938551","5364141,18812",10.710661425,48.417700821,0,2,#fc8d62,car
101489,"9,21E+18",9,1,77,113,2021,8,12,3,2,5,3,0,0,1,0,0,0,0,"724851,499262","5353303,76985",12.031639949,48.292945912,0,2,#fc8d62,car
101493,"9,21E+18",9,1,87,165,2021,8,7,6,3,8,1,0,0,1,0,0,0,0,"732441,202112","5299730,08087",12.104721565,47.808911277,1,2,#fc8d62,car
101496,"9,21E+18",9,1,88,124,2021,8,10,3,3,5,3,0,0,1,0,1,0,0,"661718,426","5317111,95",11.167440506,47.986850882,0,2,#fc8d62,car
101504,"9,21E+18",9,1,75,122,2021,9,11,4,2,4,6,0,0,1,0,0,0,0,"720480,875002","5324638,46999",11.95793523,48.036929608,0,2,#fc8d62,car
101509,"9,21E+18",9,7,72,147,2021,8,9,5,3,1,6,0,0,1,0,0,0,0,"638641,650181","5363621,02187",10.873528845,48.410483501,1,2,#fc8d62,car
101518,"9,21E+18",9,1,83,118,2021,8,3,4,3,7,7,2,1,0,0,0,0,0,"746236,373368","5339734,89926",12.311608499,48.163117447,0,1,#66c2a5,bicycle
101520,"9,21E+18",9,1,75,121,2021,9,12,5,3,5,3,0,0,1,0,0,0,0,"715225,382001","5319455,697",11.884921046,47.992151366,0,2,#fc8d62,car
101523,"9,21E+18",9,1,63,0,2021,9,10,6,2,5,7,0,1,1,0,0,0,0,"732451,0217","5307262,63368",12.108897352,47.876581633,0,1,#66c2a5,bicycle
101525,"9,21E+18",9,1,84,135,2021,9,22,7,3,5,3,2,0,1,0,0,0,0,"689123,567376","5347354,95869",11.547806496,48.251165118,0,2,#fc8d62,car
101526,"9,21E+18",9,1,84,135,2021,9,15,6,2,2,6,0,1,0,0,0,0,0,"689374,510034","5347052,18105",11.551048188,48.248368868,0,1,#66c2a5,bicycle
101527,"9,21E+18",9,1,87,150,2021,8,19,2,3,8,1,0,0,1,0,0,0,0,"725377,30566","5303199,8063",12.012310648,47.842598673,1,2,#fc8d62,car
101530,"9,21E+18",9,7,72,184,2021,9,22,7,3,5,3,2,0,1,0,0,0,0,"633119,69131","5358913,79505",10.797455292,48.369346057,0,2,#fc8d62,car
101533,"9,21E+18",9,1,87,130,2021,8,8,3,3,5,3,0,0,1,0,0,0,0,"716384,622548","5312282,74649",11.896830639,47.927306107,1,2,#fc8d62,car
101534,"9,21E+18",9,1,87,129,2021,8,9,7,2,0,1,0,1,0,0,0,0,0,"727715,169002","5294609,46199",12.039003078,47.764592416,0,1,#66c2a5,bicycle
101537,"9,21E+18",9,1,62,0,2021,9,13,1,3,2,6,0,0,1,0,1,0,0,"684242,218","5335412,42576",11.476928425,48.145258125,0,2,#fc8d62,car
101545,"9,21E+18",9,7,78,116,2021,9,11,4,2,8,1,0,0,1,0,0,0,0,"620322,8898","5314146,3295",10.612070379,47.969307216,0,2,#fc8d62,car
101553,"9,21E+18",9,1,82,123,2021,9,9,1,3,5,3,0,0,1,0,0,0,0,"717389,864547","5301530,22765",11.904859699,47.830346259,0,2,#fc8d62,car
101558,"9,21E+18",9,1,74,122,2021,8,16,1,3,0,7,0,1,0,0,0,0,0,"685062,98157","5354279,14228",11.496190576,48.314599712,1,1,#66c2a5,bicycle
101559,"9,21E+18",9,7,77,130,2021,8,21,6,3,2,6,2,0,1,0,0,0,0,"625029,277449","5310625,3005",10.674075203,47.936739017,0,2,#fc8d62,car
101560,"9,21E+18",9,1,86,152,2021,9,12,7,3,0,6,0,0,0,0,1,0,1,"694242,981001","5373529,295",11.628786541,48.484850267,0,4,#e78ac3,marker
101561,"9,21E+18",9,1,75,124,2021,9,12,4,3,2,6,0,0,1,0,0,0,0,"712008,386001","5329434,629",11.846794906,48.082896716,0,2,#fc8d62,car
101566,"9,21E+18",9,1,79,134,2021,8,7,6,3,9,1,0,0,1,0,0,0,0,"664228,290374","5344943,60591",11.211770077,48.236427276,1,2,#fc8d62,car
101567,"9,21E+18",9,7,78,116,2021,9,18,7,3,5,3,1,0,1,0,0,0,0,"618482,091963","5321797,30488",10.589530691,48.038461378,0,2,#fc8d62,car
101568,"9,21E+18",9,1,88,118,2021,9,5,7,3,9,1,2,0,0,0,1,0,0,"671580,979512","5312131,99095",11.297529788,47.939511715,1,4,#e78ac3,marker
101576,"9,21E+18",9,1,62,0,2021,8,18,3,3,2,6,0,1,0,0,0,0,0,"695128,77608","5334049,50167",11.622506922,48.129763026,1,1,#66c2a5,bicycle
101583,"9,21E+18",9,1,62,0,2021,9,14,4,3,3,6,0,0,1,0,0,0,0,"686137,146678","5343425,53557",11.505888549,48.216730755,0,2,#fc8d62,car
101593,"9,21E+18",9,1,90,140,2021,9,16,1,3,5,3,0,0,1,0,0,0,0,"644669,66722","5298238,72774",10.932756191,47.821222687,0,2,#fc8d62,car