OBJECTID,UIDENTSTLA,ULAND,UREGBEZ,UKREIS,UGEMEINDE,UJAHR,UMONAT,USTUNDE,UWOCHENTAG,UKATEGORIE,UART,UTYP1,ULICHTVERH,IstRad,IstPKW,IstFuss,IstKrad,IstGkfz,IstSonstig,LINREFX,LINREFY,XGCSWGS84,YGCSWGS84,STRZUSTAN,Teilnehmer,color,symbol
101595,"9,21E+18",9,7,71,112,2021,9,18,5,1,4,6,0,0,1,0,1,0,0,"649681,943569","5369596,769",11.024762852,48.461685512,0,2,#fc8d62,car
101597,"9,21E+18",9,1,79,126,2021,9,15,5,3,0,1,0,1,0,0,0,0,0,"676324,828001","5340416,821",11.372660079,48.192487456,0,1,#66c2a5,bicycle
101598,"9,21E+18",9,1,62,0,2021,8,19,4,3,8,1,0,0,0,0,1,0,0,"694892,466755","5342872,24889",11.623378268,48.209129806,0,4,#e78ac3,marker
101600,"9,21E+18",9,1,86,143,2021,9,16,5,2,4,6,0,0,1,0,1,0,0,"680844,606462","5380985,8017",11.450871556,48.555867553,0,2,#fc8d62,car
101601,"9,21E+18",9,1,79,121,2021,9,17,2,3,0,1,0,0,0,0,1,0,0,"665525,435","5338598,303",11.226750447,48.179045414,0,4,#e78ac3,marker
101604,"9,21E+18",9,1,63,0,2021,8,12,5,3,4,1,0,0,1,0,0,0,0,"734932,312673","5303585,85561",12.140034657,47.842647111,1,2,#fc8d62,car
101610,"9,21E+18",9,1,77,144,2021,9,17,1,2,2,6,0,0,1,0,1,0,0,"718315,574576","5346346,0738",11.940049192,48.232719791,0,2,#fc8d62,car
101613,"9,21E+18",9,1,82,137,2021,8,13,3,3,3,1,0,0,1,0,0,0,0,"714506,07179","5303124,63392",11.867165299,47.845641986,1,2,#fc8d62,car
101614,"9,21E+18",9,1,84,136,2021,8,14,6,3,4,6,0,1,0,0,0,0,0,"698502,379001","5326471,295",11.664273845,48.060612424,0,1,#66c2a5,bicycle
101621,"9,21E+18",9,7,73,143,2021,8,12,4,2,4,3,0,0,0,0,1,0,1,"625112,445984","5376747,6608",10.69471725,48.531356153,0,4,#e78ac3,marker
101623,"9,21E+18",9,1,90,138,2021,8,21,7,2,9,1,2,0,1,0,0,0,0,"661174,692161","5310060,20866",11.157516217,47.923586877,1,2,#fc8d62,car
101625,"9,21E+18",9,1,73,112,2021,9,11,4,2,0,1,0,1,0,0,0,0,0,"692103,710421","5293350,35952",11.563726164,47.764871638,0,1,#66c2a5,bicycle
101626,"9,21E+18",9,1,77,117,2021,9,10,5,3,2,6,0,0,1,0,0,0,0,"716140,284189","5352149,46591",11.913758343,48.285609081,0,2,#fc8d62,car
101629,"9,21E+18",9,1,84,130,2021,9,13,2,2,5,6,0,1,0,0,0,0,0,"698560,068268","5345265,28158",11.673811778,48.229499475,0,1,#66c2a5,bicycle
101633,"9,21E+18",9,1,90,138,2021,9,17,1,3,0,1,0,1,0,0,0,0,0,"660876,049893","5311149,54191",11.153928276,47.933456016,0,1,#66c2a5,bicycle
101639,"9,21E+18",9,1,88,139,2021,8,16,2,3,2,6,0,0,1,0,0,0,0,"674657,968031","5318825,64437",11.341416308,47.998854449,1,2,#fc8d62,car
101645,"9,21E+18",9,1,88,141,2021,9,13,4,3,5,2,0,0,1,0,0,0,0,"670317,233","5308529,433",11.279197765,47.907461261,0,2,#fc8d62,car
101648,"9,21E+18",9,7,62,0,2021,9,18,6,2,5,3,0,1,1,0,0,0,0,"622222,706889","5304627,63269",10.634812605,47.883339577,0,1,#66c2a5,bicycle
101650,"9,21E+18",9,7,72,147,2021,8,14,5,3,2,6,0,0,1,0,0,0,0,"636053,360763","5364119,95917",10.838732814,48.41553397,1,2,#fc8d62,car
101660,"9,21E+18",9,1,74,137,2021,9,14,4,3,0,1,0,1,0,0,0,0,0,"659948,299985","5354343,25812",11.157729023,48.322027678,0,1,#66c2a5,bicycle
101663,"9,21E+18",9,1,88,139,2021,9,16,5,3,5,3,0,0,1,0,1,0,1,"674689,68307","5318860,1342",11.341855143,47.999155837,0,2,#fc8d62,car
101664,"9,21E+18",9,1,73,137,2021,8,18,3,3,8,1,0,0,1,0,0,0,0,"676887,381211","5299880,72894",11.363504454,47.827933731,1,2,#fc8d62,car
101666,"9,21E+18",9,2,74,134,2021,9,16,6,3,3,6,0,0,1,0,0,0,0,"737856,696204","5376771,63927",12.219996935,48.49899099,0,2,#fc8d62,car
101667,"9,21E+18",9,1,88,137,2021,9,10,6,3,0,1,0,1,0,0,0,0,0,"672508,664803","5314586,75416",11.310925565,47.961330798,0,1,#66c2a5,bicycle
101675,"9,21E+18",9,1,81,130,2021,9,5,5,3,5,3,1,0,1,0,0,0,0,"641883,993864","5324148,18752",10.904100197,48.054829559,0,2,#fc8d62,car
101683,"9,21E+18",9,1,82,116,2021,9,6,6,3,4,6,1,0,1,0,0,0,0,"703980,816736","5296124,00304",11.723355286,47.786151126,0,2,#fc8d62,car
101688,"9,21E+18",9,1,87,179,2021,9,12,7,3,2,6,0,0,1,0,0,0,0,"722954,725907","5312799,34854",11.98493297,47.929696696,0,2,#fc8d62,car
101689,"9,21E+18",9,1,88,120,2021,9,17,4,2,8,7,0,0,1,0,0,0,0,"671238,920614","5326457,7195",11.298671198,48.0683908,0,2,#fc8d62,car
101691,"9,21E+18",9,1,79,142,2021,9,5,6,3,4,6,1,0,1,0,0,0,0,"672147,822164","5343264,8607",11.317657206,48.21923585,0,2,#fc8d62,car
101693,"9,21E+18",9,7,71,156,2021,9,15,6,3,5,3,0,1,1,0,0,0,0,"658583,164","5382857,198",11.150126653,48.578716704,0,1,#66c2a5,bicycle
101696,"9,21E+18",9,1,81,130,2021,9,16,3,3,5,3,0,0,1,0,1,0,0,"639499,139","5323156,361",10.87178967,48.046436581,0,2,#fc8d62,car
101699,"9,21E+18",9,1,78,144,2021,9,13,5,3,5,6,0,1,1,0,0,0,0,"707039,273721","5379124,7667",11.804531133,48.531045591,0,1,#66c2a5,bicycle
101707,"9,21E+18",9,1,86,152,2021,9,12,6,2,9,1,0,0,1,0,0,0,0,"693640,339001","5379328,792",11.623330459,48.53715598,0,2,#fc8d62,car
101717,"9,21E+18",9,1,75,132,2021,8,13,2,1,9,6,0,0,1,0,0,1,0,"705184,34856","5335694,46053",11.758286452,48.141383814,1,2,#fc8d62,car
101725,"9,21E+18",9,7,72,202,2021,9,17,5,3,2,6,0,0,1,0,1,0,0,"634547,062687","5359031,57533",10.816756108,48.370102471,0,2,#fc8d62,car
101726,"9,21E+18",9,1,90,148,2021,8,10,2,2,4,6,0,0,1,0,1,0,0,"641309,47","5297770,765",10.887737542,47.817761357,1,2,#fc8d62,car
101729,"9,21E+18",9,1,78,120,2021,8,8,1,3,9,1,0,0,1,0,0,0,0,"694435,778001","5354813,257",11.622725809,48.316587958,1,2,#fc8d62,car
101746,"9,21E+18",9,1,84,146,2021,9,8,4,3,2,7,0,0,1,0,0,0,0,"695085,662145","5328964,82628",11.619603194,48.084077232,0,2,#fc8d62,car
101748,"9,21E+18",9,7,77,139,2021,9,13,1,1,8,1,0,0,0,0,1,0,0,"615757,175551","5306671,97533",10.54891363,47.902925065,0,4,#e78ac3,marker
101752,"9,21E+18",9,7,71,122,2021,9,14,6,3,5,2,0,0,1,0,1,0,0,"651934,690571","5360974,70493",11.052091688,48.383626799,0,2,#fc8d62,car
101754,"9,21E+18",9,7,72,147,2021,8,14,7,3,2,6,0,0,1,0,0,0,0,"631016,305386","5364343,64047",10.770762408,48.41861284,0,2,#fc8d62,car
101761,"9,21E+18",9,1,87,129,2021,8,19,7,3,8,1,0,0,1,0,0,0,0,"722725,863883","5299285,54302",11.974910013,47.808351692,0,2,#fc8d62,car
101762,"9,21E+18",9,1,74,126,2021,9,19,3,3,5,3,0,0,1,0,0,0,0,"683621,281654","5343998,23547",11.47229944,48.222611416,0,2,#fc8d62,car
101766,"9,21E+18",9,1,75,139,2021,8,11,3,3,2,6,0,0,1,0,0,0,0,"711247,849941","5328100,04707",11.835935945,48.07115655,0,2,#fc8d62,car
101775,"9,21E+18",9,7,61,0,2021,8,14,2,3,5,3,0,1,1,0,0,0,0,"636821,270668","5360357,06133",10.84787912,48.381532199,1,1,#66c2a5,bicycle
101776,"9,21E+18",9,7,71,113,2021,8,23,6,3,0,1,2,1,0,0,0,0,0,"657253,678786","5370888,32899",11.127600271,48.471449995,0,1,#66c2a5,bicycle
101781,"9,21E+18",9,1,88,124,2021,9,9,7,3,0,1,0,1,0,0,0,0,0,"659232,849087","5322720,53741",11.136234212,48.037900784,1,1,#66c2a5,bicycle
101785,"9,21E+18",9,1,62,0,2021,9,13,5,3,5,3,0,0,1,0,0,0,1,"689044,881877","5331678,15677",11.539773334,48.110285038,0,2,#fc8d62,car
101786,"9,21E+18",9,1,84,112,2021,9,9,4,3,2,6,0,0,1,0,0,0,0,"701770,749019","5340636,45846",11.714795756,48.186888324,0,2,#fc8d62,car
101787,"9,21E+18",9,1,90,138,2021,9,18,5,3,2,6,0,0,0,0,1,0,1,"660697,253242","5310506,76891",11.151296353,47.927721739,0,4,#e78ac3,marker
101788,"9,21E+18",9,2,74,182,2021,8,13,4,3,8,6,0,0,0,0,1,0,1,"729590,714018","5372521,72919",12.105936245,48.463887482,0,4,#e78ac3,marker
101790,"9,21E+18",9,1,88,120,2021,9,9,5,3,5,3,0,0,1,0,1,0,0,"676551,387747","5325340,0503",11.369460853,48.056895381,0,2,#fc8d62,car
101793,"9,21E+18",9,1,87,129,2021,9,14,6,3,2,6,0,0,1,0,0,0,0,"722796,351868","5300789,22566",11.976622974,47.82183838,0,2,#fc8d62,car
101794,"9,21E+18",9,1,82,123,2021,8,16,5,2,9,1,0,0,0,0,1,0,0,"715999,666332","5301566,73081",11.886325901,47.831142594,1,4,#e78ac3,marker
101795,"9,21E+18",9,1,85,113,2021,9,20,1,2,8,1,2,0,1,0,0,0,0,"672144,177517","5378650,94114",11.332099553,48.5373286,0,2,#fc8d62,car
101797,"9,21E+18",9,1,73,126,2021,8,8,2,3,2,6,0,0,1,0,0,0,0,"685594,996339","5303806,52613",11.481425867,47.860769327,0,2,#fc8d62,car
101798,"9,21E+18",9,1,87,177,2021,8,16,1,3,5,3,0,0,1,0,0,0,0,"736056,93742","5304256,00338",12.155408032,47.848255704,1,2,#fc8d62,car
101802,"9,21E+18",9,7,77,118,2021,8,16,5,3,5,3,0,0,1,0,0,0,0,"628817,468241","5299710,4202",10.7215168,47.837827911,1,2,#fc8d62,car
101820,"9,21E+18",9,1,87,132,2021,9,21,7,3,0,1,0,1,0,0,0,0,0,"746480,117376","5299934,24348",12.292044885,47.805523904,0,1,#66c2a5,bicycle
101824,"9,21E+18",9,7,71,113,2021,9,14,7,2,7,1,0,0,0,0,1,0,0,"658611,965471","5367467,59539",11.144667914,48.440355978,0,4,#e78ac3,marker
101826,"9,21E+18",9,2,74,183,2021,9,20,5,3,7,7,2,0,0,0,1,0,0,"741215,731554","5363529,56384",12.257771766,48.378771696,0,4,#e78ac3,marker
101828,"9,21E+18",9,1,87,128,2021,8,19,4,3,8,1,0,0,1,0,0,0,0,"745015,909648","5310713,82401",12.278626549,47.902912446,0,2,#fc8d62,car
101830,"9,21E+18",9,7,61,0,2021,9,18,4,3,5,2,0,1,1,0,0,0,0,"642358,441633","5359223,24239",10.922236098,48.370112284,0,1,#66c2a5,bicycle
101834,"9,21E+18",9,1,84,135,2021,9,12,5,2,5,2,0,0,1,0,1,0,0,"691216,475853","5347499,39404",11.576037238,48.251835331,0,2,#fc8d62,car
101839,"9,21E+18",9,1,74,146,2021,9,15,3,3,2,7,0,0,1,0,0,0,0,"668613,999584","5349852,54743",11.272743871,48.279406217,0,2,#fc8d62,car
101842,"9,21E+18",9,1,74,115,2021,9,14,5,3,1,6,0,0,1,0,1,0,0,"682647,684089","5350451,47885",11.461987946,48.280897325,0,2,#fc8d62,car
101844,"9,21E+18",9,1,84,123,2021,8,16,2,3,5,3,0,1,1,0,0,0,0,"703752,655716","5331832,01192",11.73721691,48.107133188,1,1,#66c2a5,bicycle
101845,"9,21E+18",9,1,79,130,2021,8,21,7,3,2,6,2,0,1,0,0,0,0,"657862,329513","5335931,72943",11.12274682,48.157021148,0,2,#fc8d62,car
101851,"9,21E+18",9,1,87,150,2021,8,11,3,3,2,6,0,0,1,0,0,0,0,"729834,816566","5303381,11827",12.07189671,47.8426499,1,2,#fc8d62,car
101853,"9,21E+18",9,1,79,119,2021,9,7,6,3,2,6,0,0,1,0,0,1,1,"670294,703891","5340460,80722",11.291603786,48.194528447,0,2,#fc8d62,car
101858,"9,21E+18",9,2,61,0,2021,9,13,7,2,9,7,0,0,1,0,0,0,0,"736782,495673","5381582,15143",12.208208991,48.542605903,0,2,#fc8d62,car
101859,"9,21E+18",9,1,84,147,2021,9,7,3,2,2,6,0,0,1,0,1,0,0,"695733,257961","5340060,99588",11.633387496,48.183605364,0,2,#fc8d62,car
101864,"9,21E+18",9,1,79,136,2021,8,7,6,3,3,6,0,1,1,0,0,0,0,"660794,633242","5341660,35672",11.164316133,48.207789526,1,1,#66c2a5,bicycle
101866,"9,21E+18",9,1,77,119,2021,9,12,7,3,8,1,0,0,0,0,1,0,0,"721363,967629","5340585,32665",11.97803979,48.179904794,1,4,#e78ac3,marker
101873,"9,21E+18",9,1,79,142,2021,8,17,4,3,4,2,0,0,1,0,0,0,0,"670855,191","5341470,643",11.299546245,48.203455942,0,2,#fc8d62,car
101875,"9,21E+18",9,1,87,179,2021,9,16,5,3,9,7,0,0,1,0,0,0,0,"725354,420022","5313641,73897",12.017455085,47.936426335,0,2,#fc8d62,car
101880,"9,21E+18",9,1,78,124,2021,9,22,1,3,0,1,2,0,1,0,0,0,0,"701725,287136","5368411,20857",11.727464026,48.436501709,0,2,#fc8d62,car
101883,"9,21E+18",9,1,62,0,2021,8,12,7,3,3,6,0,0,1,0,0,0,0,"694258,185277","5336716,22506",11.612035398,48.153996773,0,2,#fc8d62,car
101885,"9,21E+18",9,1,62,0,2021,9,15,7,3,0,7,0,1,0,0,0,0,0,"694176,053891","5340453,11018",11.612638848,48.187607334,0,1,#66c2a5,bicycle
101890,"9,21E+18",9,1,84,148,2021,8,17,6,3,5,3,0,0,1,0,0,0,0,"695551,626004","5326301,68226",11.624635059,48.059999158,0,2,#fc8d62,car
101893,"9,21E+18",9,7,72,202,2021,8,16,3,3,0,1,0,0,0,0,1,0,0,"636774,848","5359205,224",10.846877712,48.371185042,0,4,#e78ac3,marker
101895,"9,21E+18",9,1,90,157,2021,9,11,6,3,6,4,0,0,0,1,0,0,1,"660382,18765","5300791,74114",11.143473263,47.840452301,0,3,#8da0cb,toilet
101897,"9,21E+18",9,7,73,143,2021,8,19,4,2,5,3,0,0,1,0,1,0,0,"627630,963301","5376037,02773",10.728598381,48.52445881,0,2,#fc8d62,car
101899,"9,21E+18",9,1,84,145,2021,8,18,7,3,2,6,1,0,1,0,0,0,0,"697860,10359","5323477,34963",11.654279008,48.033903997,1,2,#fc8d62,car
101902,"9,21E+18",9,1,82,125,2021,9,19,5,3,8,1,0,0,0,0,1,0,0,"715222,915546","5296345,57904",11.873368874,47.784484894,0,4,#e78ac3,marker
101911,"9,21E+18",9,1,87,117,2021,8,13,3,3,5,3,0,0,1,0,0,0,0,"725286,067161","5305853,32777",12.012474816,47.866472461,1,2,#fc8d62,car
101912,"9,21E+18",9,1,88,124,2021,8,18,7,3,0,6,0,1,1,0,0,0,0,"662994,946216","5318533,57375",11.185076103,47.9993082,0,1,#66c2a5,bicycle
101918,"9,21E+18",9,7,77,130,2021,8,14,4,2,3,2,0,0,0,0,1,0,1,"625008,94303","5310327,86543",10.673716702,47.934068018,0,4,#e78ac3,marker
101928,"9,21E+18",9,1,84,132,2021,8,10,2,2,8,1,0,0,1,0,0,0,0,"681661,058317","5323741,1452",11.437294658,48.041088767,1,2,#fc8d62,car
101929,"9,21E+18",9,1,83,135,2021,8,14,6,3,2,6,0,0,1,0,0,1,0,"743599,065469","5349250,91369",12.281661928,48.249607133,0,2,#fc8d62,car
101931,"9,21E+18",9,1,79,121,2021,8,15,3,3,5,3,0,0,1,0,0,0,1,"665469,826708","5339736,04287",11.2264461,48.189288291,0,2,#fc8d62,car
101934,"9,21E+18",9,1,74,131,2021,9,14,6,3,5,3,0,0,1,0,1,0,0,"676290,710459","5358527,85364",11.379753541,48.355297212,0,2,#fc8d62,car
101944,"9,21E+18",9,1,90,131,2021,9,13,6,3,5,3,0,0,1,0,0,0,1,"661445,232756","5292905,31505",11.15473439,47.769278472,0,2,#fc8d62,car
101945,"9,21E+18",9,1,62,0,2021,8,10,5,3,0,7,0,0,1,0,0,0,1,"695796,583006","5333891,33081",11.631399693,48.128136404,1,2,#fc8d62,car
101949,"9,21E+18",9,1,62,0,2021,8,14,1,3,5,3,0,1,1,0,0,0,0,"694853,098437","5334111,48125",11.618834206,48.13040452,0,1,#66c2a5,bicycle
101954,"9,21E+18",9,1,82,123,2021,9,10,5,2,8,1,0,0,0,0,1,0,0,"716545,043364","5298267,89344",11.891956073,47.801315889,0,4,#e78ac3,marker
101955,"9,21E+18",9,1,88,141,2021,8,10,4,2,5,3,0,0,1,0,1,0,0,"669434,465609","5306529,25919",11.266608679,47.889712895,0,2,#fc8d62,car
101956,"9,21E+18",9,1,90,142,2021,8,12,7,2,5,2,0,0,1,0,1,0,0,"658407,560148","5296440,80123",11.11551085,47.801821151,0,2,#fc8d62,car
101957,"9,21E+18",9,1,84,113,2021,9,13,4,3,5,3,0,0,1,0,1,0,0,"686032,599694","5322457,59439",11.495331946,48.028292738,0,2,#fc8d62,car
101969,"9,21E+18",9,1,62,0,2021,9,15,4,3,3,6,0,0,1,0,1,0,0,"692512,61901","5339207,94425",11.589717019,48.176922445,0,2,#fc8d62,car
101972,"9,21E+18",9,1,73,137,2021,8,14,7,2,0,1,0,1,0,0,0,0,0,"674374,758789","5309189,64713",11.333716788,47.912306325,0,1,#66c2a5,bicycle
101975,"9,21E+18",9,1,88,139,2021,8,18,3,3,9,1,0,0,1,0,0,0,0,"680629,093767","5319668,44723",11.421745527,48.004771665,1,2,#fc8d62,car
101979,"9,21E+18",9,1,84,149,2021,8,8,4,2,4,2,0,1,1,0,0,0,0,"690246,272245","5350411,44837",11.564290176,48.278300115,0,1,#66c2a5,bicycle
101982,"9,21E+18",9,1,62,0,2021,9,12,7,3,2,6,2,0,1,0,0,0,0,"679074,868786","5337216,74465",11.4082831,48.162952709,0,2,#fc8d62,car
101984,"9,21E+18",9,1,74,115,2021,8,17,3,3,5,3,0,1,1,0,0,0,0,"680086,499004","5348211,18043",11.426542868,48.261493652,0,1,#66c2a5,bicycle
101985,"9,21E+18",9,7,62,0,2021,8,18,6,3,5,3,0,1,1,0,0,0,0,"622228,513003","5304619,46286",10.634887921,47.883264995,0,1,#66c2a5,bicycle
101987,"9,21E+18",9,1,84,131,2021,8,11,2,3,2,6,0,0,0,0,0,1,0,"704448,733211","5337453,42958",11.749254223,48.157427726,0,5,#a6d854,bus
101993,"9,21E+18",9,1,87,165,2021,9,10,1,3,2,6,0,0,1,0,0,0,0,"730755,338915","5300018,67085",12.082390824,47.812110591,0,2,#fc8d62,car
101996,"9,21E+18",9,2,74,146,2021,8,17,2,3,2,6,0,0,1,0,0,0,0,"733045,320611","5378156,3855",12.155739551,48.51323238,0,2,#fc8d62,car
102000,"9,21E+18",9,7,72,223,2021,8,22,6,3,0,7,2,0,1,0,0,0,0,"622404,267539","5363463,42314",10.654161043,48.4124293,0,2,#fc8d62,car
102006,"9,21E+18",9,2,61,0,2021,9,9,7,2,0,7,0,0,0,0,0,0,1,"732601,91101","5378848,77659",12.150130621,48.519616315,0,6,#ffd92f,circle
102008,"9,21E+18",9,7,71,122,2021,8,6,1,3,9,1,0,0,1,0,0,0,0,"649839,849954","5362427,61266",11.024334684,48.397190878,1,2,#fc8d62,car
102010,"9,21E+18",9,7,62,0,2021,9,18,7,3,2,2,0,0,1,0,1,0,0,"620862,914635","5304437,61571",10.616578796,47.881888077,0,2,#fc8d62,car
102012,"9,21E+18",9,2,74,126,2021,9,16,5,2,0,1,0,1,0,0,0,0,0,"733558,954613","5383893,82293",12.165899102,48.564578754,0,1,#66c2a5,bicycle
102013,"9,21E+18",9,1,88,144,2021,9,14,4,3,0,1,0,1,0,0,0,0,0,"668000,7367","5327118,31152",11.255497455,48.075190704,0,1,#66c2a5,bicycle
102014,"9,21E+18",9,1,75,132,2021,8,15,2,3,2,6,0,0,1,0,0,0,0,"709011,901072","5336988,48519",11.810311766,48.151766355,1,2,#fc8d62,car
102018,"9,21E+18",9,1,84,127,2021,8,9,2,3,0,7,0,1,0,0,0,0,0,"702774,061001","5322050,352",11.719448165,48.01953839,0,1,#66c2a5,bicycle
102021,"9,21E+18",9,1,78,143,2021,9,22,6,2,5,2,2,0,1,0,0,0,0,"721186,393002","5374094,20299",11.993237474,48.481025431,0,2,#fc8d62,car
102025,"9,21E+18",9,1,74,113,2021,8,19,1,2,5,2,2,0,1,0,0,0,0,"677716,813001","5351087,087",11.395851121,48.288013961,1,2,#fc8d62,car
102026,"9,21E+18",9,7,71,144,2021,8,2,6,3,9,1,2,0,1,0,0,0,0,"661812,099108","5373468,53496",11.19022716,48.493489403,1,2,#fc8d62,car
102036,"9,21E+18",9,1,62,0,2021,9,15,7,3,2,6,0,0,1,0,0,0,0,"697259,624001","5328983,868",11.64877171,48.083579458,0,2,#fc8d62,car
102037,"9,21E+18",9,1,79,123,2021,9,17,7,3,0,1,0,1,0,0,0,0,0,"676460,851342","5333695,22323",11.371700297,48.132027852,0,1,#66c2a5,bicycle
102044,"9,21E+18",9,1,88,145,2021,9,5,4,3,0,1,2,0,1,0,0,0,0,"663467,126328","5328031,30782",11.195027625,48.08457724,1,2,#fc8d62,car
102047,"9,21E+18",9,1,84,118,2021,9,15,4,2,5,3,0,1,1,0,0,0,0,"704628,047415","5336090,57813",11.751007417,48.145122701,0,1,#66c2a5,bicycle
102051,"9,21E+18",9,1,78,145,2021,8,9,5,2,2,3,0,0,1,0,0,0,0,"699738,542037","5356449,99037",11.694948467,48.329644281,0,2,#fc8d62,car
102055,"9,21E+18",9,1,77,135,2021,9,17,3,3,8,1,0,0,1,0,0,0,0,"718874,746841","5344704,62581",11.946721785,48.217778813,0,2,#fc8d62,car
102070,"9,21E+18",9,1,81,123,2021,8,15,7,3,8,7,0,0,1,0,0,0,0,"654027,969592","5326250,88874",11.067725541,48.07091983,1,2,#fc8d62,car
102071,"9,21E+18",9,1,88,139,2021,9,11,7,2,5,3,0,1,1,0,0,0,0,"679416,664001","5320418,596",11.405818803,48.011856348,0,1,#66c2a5,bicycle
102073,"9,21E+18",9,1,84,145,2021,8,13,2,3,2,7,0,0,1,0,0,0,0,"698576,025524","5324566,27444",11.664377233,48.043468397,1,2,#fc8d62,car
102081,"9,21E+18",9,1,86,162,2021,8,11,3,2,2,6,0,0,1,0,0,0,0,"691246,882035","5382994,17435",11.592623662,48.570831133,0,2,#fc8d62,car
102082,"9,21E+18",9,1,82,123,2021,9,18,1,3,2,6,0,0,1,0,1,0,0,"718144,812783","5301371,50693",11.91485425,47.828664453,0,2,#fc8d62,car
102088,"9,21E+18",9,1,62,0,2021,8,20,7,3,5,3,2,0,1,0,0,0,0,"691179,86817","5331994,8642",11.5685686,48.112494374,0,2,#fc8d62,car
102095,"9,21E+18",9,1,62,0,2021,9,17,1,2,2,6,0,0,1,0,1,0,0,"687359,927399","5333154,48946",11.517807813,48.12405263,0,2,#fc8d62,car
102097,"9,21E+18",9,7,71,142,2021,8,4,1,3,9,7,2,0,1,0,0,0,0,"645396,439667","5353091,51318",10.961115965,48.314287097,0,2,#fc8d62,car
102098,"9,21E+18",9,7,61,0,2021,8,10,7,3,5,3,0,1,1,0,0,0,0,"641785,915293","5358752,68879",10.914351253,48.366010144,0,1,#66c2a5,bicycle
102107,"9,21E+18",9,7,71,130,2021,9,15,4,3,2,6,0,0,1,0,0,0,0,"647228,954531","5357283,6435",10.987282415,48.351555596,0,2,#fc8d62,car
102109,"9,21E+18",9,1,85,158,2021,9,17,2,3,0,2,0,0,1,0,0,0,0,"666399,434","5381379,592",11.255427697,48.563407114,0,2,#fc8d62,car
102111,"9,21E+18",9,1,78,137,2021,9,16,6,3,8,1,0,0,0,0,1,0,0,"693321,203186","5362856,17421",11.611401206,48.389213692,0,4,#e78ac3,marker
102120,"9,21E+18",9,7,72,168,2021,8,11,2,3,5,3,0,0,1,0,1,0,0,"619132,909","5347039,71",10.605325333,48.265356023,0,2,#fc8d62,car
102121,"9,21E+18",9,1,84,130,2021,8,7,7,3,3,6,0,0,1,0,0,0,0,"696783,462474","5342924,08361",11.64882823,48.209012265,0,2,#fc8d62,car
102122,"9,21E+18",9,1,84,145,2021,9,16,2,2,5,2,0,0,1,0,1,0,0,"697440,20439","5324296,67287",11.649030052,48.041397613,0,2,#fc8d62,car
102124,"9,21E+18",9,1,73,112,2021,8,13,6,2,0,1,0,1,0,0,0,0,0,"692115,087465","5293268,41382",11.563841621,47.764131676,1,1,#66c2a5,bicycle
102127,"9,21E+18",9,7,72,147,2021,8,18,2,3,9,1,0,0,1,0,0,0,0,"629866,406","5364206,428",10.755185976,48.417617054,1,2,#fc8d62,car
102128,"9,21E+18",9,1,82,123,2021,8,16,4,3,2,6,0,0,1,0,0,1,0,"718548,874263","5301075,13807",11.920096576,47.825864209,1,2,#fc8d62,car
102130,"9,21E+18",9,1,81,146,2021,9,13,5,3,8,1,0,0,1,0,0,0,0,"650598,3336","5325628,35203",11.02149564,48.066141393,0,2,#fc8d62,car
102134,"9,21E+18",9,1,84,132,2021,9,13,5,3,1,7,0,0,1,0,0,0,1,"680152,872001","5327253,594",11.418557648,48.073089771,0,2,#fc8d62,car
102135,"9,21E+18",9,1,90,157,2021,8,14,5,3,0,2,0,1,1,0,0,0,0,"659914,408","5301022,284",11.137311172,47.842641671,1,1,#66c2a5,bicycle
102139,"9,21E+18",9,1,84,145,2021,9,16,2,3,1,6,0,0,1,0,1,0,0,"696476,180381","5324280,09881",11.636102478,48.041546023,0,2,#fc8d62,car
102146,"9,21E+18",9,1,82,123,2021,8,18,6,3,5,2,0,0,1,0,0,0,0,"717270,741002","5301399,445",11.903204432,47.829211307,0,2,#fc8d62,car
102151,"9,21E+18",9,1,74,141,2021,9,17,6,3,5,3,0,0,1,0,1,0,0,"679837,705366","5356354,77416",11.426662338,48.334764242,0,2,#fc8d62,car
102156,"9,21E+18",9,1,87,130,2021,9,11,7,2,0,1,0,1,0,0,0,0,0,"710608,065742","5310844,10039",11.818892673,47.916301639,0,1,#66c2a5,bicycle
102157,"9,21E+18",9,1,62,0,2021,9,16,3,3,2,6,0,0,1,0,0,0,0,"693098,221657","5338100,69551",11.597083375,48.166793198,0,2,#fc8d62,car
102158,"9,21E+18",9,1,62,0,2021,8,10,3,3,0,1,0,0,0,0,1,0,0,"678084,473671","5335116,91077",11.394097168,48.144355328,1,4,#e78ac3,marker
102161,"9,21E+18",9,7,72,147,2021,9,16,4,3,3,6,0,0,1,0,0,1,0,"638669,704375","5363519,85088",10.873874308,48.409567627,0,2,#fc8d62,car
102167,"9,21E+18",9,1,88,132,2021,9,10,1,3,5,3,0,1,1,0,0,0,0,"661909,983645","5323356,54113",11.172364061,48.042945645,0,1,#66c2a5,bicycle
102169,"9,21E+18",9,7,72,147,2021,9,8,5,3,2,6,0,0,1,0,0,0,0,"638519,457295","5364106,05729",10.872038659,48.414871678,0,2,#fc8d62,car