OBJECTID,UIDENTSTLA,ULAND,UREGBEZ,UKREIS,UGEMEINDE,UJAHR,UMONAT,USTUNDE,UWOCHENTAG,UKATEGORIE,UART,UTYP1,ULICHTVERH,IstRad,IstPKW,IstFuss,IstKrad,IstGkfz,IstSonstig,LINREFX,LINREFY,XGCSWGS84,YGCSWGS84,STRZUSTAN,Teilnehmer,color,symbol
102179,"9,21E+18",9,1,82,133,2021,9,3,1,3,0,1,2,1,0,0,0,0,0,"706230,345416","5305901,13309",11.758008152,47.873302377,0,1,#66c2a5,bicycle
102180,"9,21E+18",9,1,78,120,2021,9,10,7,3,4,1,0,0,1,0,0,0,0,"691396,68488","5352401,60302",11.580681654,48.295840169,0,2,#fc8d62,car
102183,"9,21E+18",9,7,61,0,2021,9,7,3,3,2,6,0,0,1,0,0,0,0,"639343,189946","5360883,89958",10.882095394,48.385717403,0,2,#fc8d62,car
102187,"9,21E+18",9,1,82,125,2021,8,15,3,3,2,6,0,0,1,0,0,0,0,"712192,727011","5295949,76028",11.832771883,47.781932984,1,2,#fc8d62,car
102194,"9,21E+18",9,7,62,0,2021,8,21,4,3,1,1,2,0,1,0,0,0,0,"622304,22177","5307110,75094",10.636606219,47.905656421,0,2,#fc8d62,car
102205,"9,21E+18",9,1,87,179,2021,8,18,6,3,2,6,0,0,1,0,0,0,0,"725601,336322","5314419,55987",12.021164015,47.943328004,0,2,#fc8d62,car
102208,"9,21E+18",9,1,62,0,2021,8,14,2,3,5,3,0,0,1,0,0,0,0,"697026,177852","5330399,98041",11.646293833,48.096378869,0,2,#fc8d62,car
102209,"9,21E+18",9,7,61,0,2021,9,11,1,2,5,3,0,1,1,0,0,0,0,"643361,552433","5361342,97404",10.936495902,48.388944681,0,1,#66c2a5,bicycle
102215,"9,21E+18",9,1,78,129,2021,9,17,7,3,4,2,0,0,1,0,0,0,0,"709011,247427","5373179,03089",11.828233108,48.476967197,0,2,#fc8d62,car
102223,"9,21E+18",9,1,77,117,2021,9,14,7,3,2,6,0,0,1,0,0,0,0,"714222,225121","5350235,29347",11.886965506,48.26906154,1,2,#fc8d62,car
102226,"9,21E+18",9,1,90,129,2021,9,18,1,3,5,3,0,0,1,0,0,0,0,"641966,397","5301223,639",10.897640502,47.848666753,0,2,#fc8d62,car
102228,"9,21E+18",9,7,73,140,2021,9,16,5,2,4,6,0,0,1,0,1,0,0,"617275,700286","5376862,67163",10.58864049,48.533903909,0,2,#fc8d62,car
102231,"9,21E+18",9,1,84,141,2021,8,9,3,2,7,7,0,0,0,0,0,1,0,"698325,421045","5316553,62583",11.657314116,47.971532819,0,5,#a6d854,bus
102237,"9,21E+18",9,1,62,0,2021,8,12,7,3,2,6,0,0,1,0,0,0,0,"688531,676614","5335150,80073",11.534421652,48.141649903,0,2,#fc8d62,car
102239,"9,21E+18",9,1,87,128,2021,9,12,7,3,3,6,0,1,1,0,0,0,0,"748069,06753","5309631,58843",12.31878925,47.892018565,0,1,#66c2a5,bicycle
102248,"9,21E+18",9,2,74,182,2021,9,2,1,2,0,1,2,1,0,0,0,0,0,"728785,591716","5377991,43712",12.098055447,48.513316579,0,1,#66c2a5,bicycle
102255,"9,21E+18",9,1,77,117,2021,9,18,5,2,4,2,0,0,1,0,0,0,0,"714485,060001","5355423,849",11.893137569,48.315593104,0,2,#fc8d62,car
102257,"9,21E+18",9,7,71,176,2021,9,9,6,3,5,3,0,1,1,0,0,0,0,"644416,009526","5383838,08045",10.958506895,48.590961579,0,1,#66c2a5,bicycle
102260,"9,21E+18",9,1,62,0,2021,9,18,7,3,5,2,0,1,1,0,0,0,0,"685682,229001","5331779,813",11.494685944,48.11218793,0,1,#66c2a5,bicycle
102268,"9,21E+18",9,1,62,0,2021,8,22,3,3,2,6,2,0,1,0,0,0,0,"685267,081018","5329890,73734",11.488293622,48.095328819,0,2,#fc8d62,car
102269,"9,21E+18",9,1,62,0,2021,8,8,6,3,0,1,0,0,0,0,1,0,0,"697079,438275","5333645,46452",11.648507838,48.125530847,0,4,#e78ac3,marker
102275,"9,21E+18",9,7,71,149,2021,8,11,4,1,8,7,0,0,0,0,1,0,0,"652942,59562","5364144,40432",11.066850224,48.41188108,0,4,#e78ac3,marker
102276,"9,21E+18",9,1,87,129,2021,8,10,1,3,2,6,0,0,1,0,0,0,0,"725614,490643","5300730,91337",12.014190243,47.820332535,0,2,#fc8d62,car
102280,"9,21E+18",9,1,81,116,2021,9,17,5,3,2,6,0,0,1,0,0,0,0,"647862,079219","5340374,78498",10.98990814,48.199374972,0,2,#fc8d62,car
102287,"9,21E+18",9,1,75,118,2021,8,15,3,3,9,1,0,0,1,0,0,0,0,"714794,716295","5338119,32427",11.888535447,48.160001106,0,2,#fc8d62,car
102289,"9,21E+18",9,7,71,142,2021,9,14,1,3,2,6,0,0,1,0,0,0,0,"645378,710592","5353154,76329",10.96089878,48.314859881,0,2,#fc8d62,car
102290,"9,21E+18",9,1,77,126,2021,9,15,6,3,2,6,0,0,1,0,0,0,0,"717836,802747","5368491,68252",11.945056181,48.431858546,0,2,#fc8d62,car
102293,"9,21E+18",9,1,62,0,2021,8,10,7,2,0,1,0,1,0,0,0,0,0,"686211,595662","5335256,79975",11.503310345,48.143285909,0,1,#66c2a5,bicycle
102294,"9,21E+18",9,7,77,151,2021,8,15,6,3,6,4,0,0,1,1,0,0,0,"620950,182476","5292482,87842",10.614406922,47.774352237,0,2,#fc8d62,car
102295,"9,21E+18",9,1,79,118,2021,9,9,7,3,6,7,0,1,0,1,0,0,0,"672765,927666","5337520,08427",11.323634432,48.167425367,0,1,#66c2a5,bicycle
102296,"9,21E+18",9,1,84,142,2021,9,17,3,3,0,1,0,1,0,0,0,0,0,"683531,667915","5318496,34748",11.460123042,47.993409111,0,1,#66c2a5,bicycle
102302,"9,21E+18",9,1,81,127,2021,8,14,6,3,2,6,0,0,1,0,0,0,0,"633256,585809","5322394,21693",10.787833519,48.040916648,0,2,#fc8d62,car
102312,"9,21E+18",9,1,62,0,2021,9,9,4,3,5,2,0,1,1,0,0,0,0,"694432,491001","5340771,884",11.616231398,48.190393878,0,1,#66c2a5,bicycle
102322,"9,21E+18",9,1,81,130,2021,8,19,1,3,2,6,0,0,1,0,0,0,0,"638744,095059","5326289,54224",10.862680562,48.074775762,1,2,#fc8d62,car
102323,"9,21E+18",9,1,84,123,2021,9,17,2,3,5,3,0,0,1,0,0,0,0,"703326,924392","5331807,843",11.731492856,48.107052009,0,2,#fc8d62,car
102326,"9,21E+18",9,1,81,146,2021,9,15,5,3,9,7,0,0,1,0,0,1,0,"649384,967994","5325581,69478",11.005202597,48.066007189,0,2,#fc8d62,car
102333,"9,21E+18",9,7,72,217,2021,9,14,1,2,9,1,0,0,0,0,1,0,0,"636372,318578","5379953,97227",10.848209007,48.557840491,0,4,#e78ac3,marker
102338,"9,21E+18",9,1,87,150,2021,9,14,6,3,5,3,0,1,1,0,0,0,0,"729342,343767","5303363,98189",12.06531515,47.842671774,0,1,#66c2a5,bicycle
102342,"9,21E+18",9,1,78,130,2021,8,3,2,2,9,1,2,0,1,0,0,0,0,"701497,874001","5355396,979",11.718155164,48.319622997,1,2,#fc8d62,car
102343,"9,21E+18",9,7,78,173,2021,8,9,7,3,2,6,0,0,1,0,0,0,0,"613563,365415","5320880,04757",10.523323549,48.0311055,1,2,#fc8d62,car
102355,"9,21E+18",9,1,73,126,2021,9,20,6,2,1,6,2,0,1,0,1,0,0,"684660,603884","5303478,79121",11.468805004,47.858092531,0,2,#fc8d62,car
102362,"9,21E+18",9,1,62,0,2021,9,18,5,3,2,6,0,0,1,0,1,0,0,"686737,367395","5333260,3779",11.509496361,48.125187302,0,2,#fc8d62,car
102366,"9,21E+18",9,1,87,177,2021,8,13,2,3,2,2,0,0,1,0,0,1,0,"735615,556026","5306778,73964",12.150891594,47.871081357,1,2,#fc8d62,car
102371,"9,21E+18",9,1,62,0,2021,8,18,2,3,2,6,0,0,1,0,0,1,0,"679847,929327","5336283,37669",11.418275428,48.154344532,1,2,#fc8d62,car
102378,"9,21E+18",9,7,77,151,2021,8,8,7,3,3,6,0,0,1,0,0,0,0,"626077,574896","5293272,92078",10.683045299,47.780474768,0,2,#fc8d62,car
102384,"9,21E+18",9,7,77,151,2021,9,13,6,3,9,7,0,0,1,0,0,0,0,"621214,464897","5292987,5562",10.61807389,47.77884162,0,2,#fc8d62,car
102391,"9,21E+18",9,7,77,172,2021,9,7,3,3,3,6,0,0,1,0,0,1,0,"626471,061","5306163,326",10.692062012,47.896327783,0,2,#fc8d62,car
102392,"9,21E+18",9,7,77,121,2021,9,6,7,2,8,1,1,0,1,0,0,0,0,"629740,552932","5321462,69765",10.740401379,48.033263762,0,2,#fc8d62,car
102400,"9,21E+18",9,1,87,129,2021,8,9,4,3,5,3,0,1,1,0,0,0,0,"725583,993652","5296640,03292",12.011656221,47.783586475,0,1,#66c2a5,bicycle
102406,"9,21E+18",9,1,87,167,2021,8,16,2,3,8,1,0,0,0,0,1,0,0,"745546,862854","5305723,64211",12.282883094,47.857884801,0,4,#e78ac3,marker
102407,"9,21E+18",9,1,62,0,2021,8,22,1,3,9,1,2,0,0,0,1,0,0,"692591,009254","5339031,44808",11.590690451,48.175312398,1,4,#e78ac3,marker
102408,"9,21E+18",9,1,62,0,2021,9,17,2,2,6,2,0,0,1,1,0,0,0,"684503,0854","5332108,4814",11.479001474,48.115484865,0,2,#fc8d62,car
102417,"9,21E+18",9,7,61,0,2021,9,17,4,3,3,6,0,0,1,0,0,0,0,"643513,738173","5357586,63977",10.937268278,48.355135179,0,2,#fc8d62,car
102424,"9,21E+18",9,1,74,135,2021,8,6,7,3,9,1,1,0,1,0,0,1,0,"661679,968871","5354458,03883",11.181116038,48.322619102,1,2,#fc8d62,car
102425,"9,21E+18",9,1,88,139,2021,9,15,7,3,5,2,0,1,1,0,0,0,0,"676175,935001","5322278,241",11.363166453,48.029475157,0,1,#66c2a5,bicycle
102426,"9,21E+18",9,1,81,145,2021,9,7,4,3,9,1,0,0,1,0,0,0,0,"642970,463519","5332727,26818",10.921545351,48.13173,0,2,#fc8d62,car
102428,"9,21E+18",9,1,84,134,2021,8,15,2,3,8,6,0,0,1,0,0,0,0,"692008,030637","5315813,27156",11.572428027,47.96680476,1,2,#fc8d62,car
102436,"9,21E+18",9,1,85,158,2021,9,18,1,3,5,3,0,0,1,0,1,0,0,"666698,020405","5381224,52157",11.25940943,48.561933817,0,2,#fc8d62,car
102438,"9,21E+18",9,7,77,151,2021,9,17,5,3,5,3,0,1,1,0,0,0,0,"624171,273","5293680,668",10.657725239,47.784512206,0,1,#66c2a5,bicycle
102442,"9,21E+18",9,1,84,122,2021,8,4,7,3,1,7,2,0,1,0,0,0,0,"688992,186294","5325306,20613",11.536247427,48.053028156,0,2,#fc8d62,car
102447,"9,21E+18",9,1,90,149,2021,8,11,7,2,9,1,0,0,0,0,1,0,0,"636352,956325","5296867,80815",10.821275171,47.810710654,1,4,#e78ac3,marker
102459,"9,21E+18",9,1,82,125,2021,9,17,1,3,4,6,0,0,1,0,0,0,0,"713585,556962","5296703,31515",11.851713109,47.788244523,0,2,#fc8d62,car
102461,"9,21E+18",9,7,61,0,2021,9,16,5,3,3,6,0,0,1,0,0,1,0,"637492,183749","5359864,81637",10.856774367,48.376960139,0,2,#fc8d62,car
102465,"9,21E+18",9,1,84,147,2021,8,8,1,3,8,6,0,0,1,0,0,0,0,"698480,616593","5341851,18586",11.671145574,48.19884167,0,2,#fc8d62,car
102466,"9,21E+18",9,7,61,0,2021,8,20,6,2,0,1,1,0,0,0,0,0,1,"636447,937885","5360842,42196",10.842997291,48.385977382,1,6,#ffd92f,circle
102468,"9,21E+18",9,1,84,119,2021,9,6,6,2,2,6,0,0,1,0,0,0,0,"696298,545665","5346438,85654",11.643935672,48.240750546,0,2,#fc8d62,car
102470,"9,21E+18",9,7,71,112,2021,8,3,5,3,0,7,2,0,0,0,1,0,0,"642821,021133","5369683,89103",10.932040443,48.464063858,0,4,#e78ac3,marker
102471,"9,21E+18",9,1,74,115,2021,9,12,1,3,0,7,0,1,0,0,0,0,0,"682898,167182","5350325,23314",11.465306438,48.279690272,0,1,#66c2a5,bicycle
102472,"9,21E+18",9,1,81,132,2021,9,11,7,3,5,2,0,0,1,0,0,0,0,"644984,972023","5327227,65679",10.946735468,48.081822761,0,2,#fc8d62,car
102476,"9,21E+18",9,1,62,0,2021,9,20,7,1,5,3,2,0,1,0,0,0,0,"677725,353697","5339224,24045",11.390989885,48.181376925,0,2,#fc8d62,car
102480,"9,21E+18",9,1,84,148,2021,8,20,3,3,8,1,1,0,1,0,0,0,0,"693718,297639","5328198,90512",11.600914692,48.077610242,0,2,#fc8d62,car
102487,"9,21E+18",9,1,78,145,2021,8,9,5,3,0,1,0,1,0,0,0,0,0,"700072,383467","5354626,87498",11.698582641,48.313154936,1,1,#66c2a5,bicycle
102490,"9,21E+18",9,1,77,135,2021,8,0,1,3,9,7,2,0,1,0,0,0,0,"720207,784951","5345399,8184",11.965004678,48.223563832,0,2,#fc8d62,car
102494,"9,21E+18",9,1,62,0,2021,9,19,5,3,2,6,0,0,1,0,0,0,0,"680269,417208","5339820,89601",11.425437462,48.186023442,0,2,#fc8d62,car
102495,"9,21E+18",9,1,87,129,2021,8,11,3,3,3,1,0,0,1,0,0,1,0,"726603,344408","5300525,258",12.027274707,47.818137292,1,2,#fc8d62,car
102496,"9,21E+18",9,1,87,124,2021,8,11,7,3,5,3,0,0,1,0,0,0,0,"732999,428417","5329597,19858",12.128330061,48.077033305,0,2,#fc8d62,car
102497,"9,21E+18",9,1,81,114,2021,9,13,3,3,2,6,0,0,1,0,0,0,1,"657131,240507","5312391,1466",11.104278554,47.945548705,0,2,#fc8d62,car
102503,"9,21E+18",9,7,72,125,2021,9,16,1,3,0,6,0,0,0,0,1,0,0,"635564,035518","5346373,68463",10.826412846,48.256063723,0,4,#e78ac3,marker
102509,"9,21E+18",9,1,87,159,2021,9,15,7,3,5,3,0,1,1,0,0,0,0,"731474,200994","5328778,8389",12.107440036,48.070236688,0,1,#66c2a5,bicycle
102511,"9,21E+18",9,7,72,177,2021,8,23,6,3,9,1,2,0,1,0,0,0,0,"635349,957052","5377340,52645",10.833511361,48.534562665,0,2,#fc8d62,car
102516,"9,21E+18",9,1,77,133,2021,9,14,7,3,9,1,0,0,0,0,1,0,0,"710524,208503","5357658,30348",11.840895219,48.337001896,0,4,#e78ac3,marker
102518,"9,21E+18",9,1,79,121,2021,9,10,1,3,4,6,0,0,1,0,0,0,0,"667938,710841","5339755,85318",11.259646894,48.188818412,0,2,#fc8d62,car
102520,"9,21E+18",9,1,84,149,2021,9,12,5,3,5,3,0,1,1,0,0,0,0,"690379,051284","5350613,9153",11.56616921,48.280079925,0,1,#66c2a5,bicycle
102521,"9,21E+18",9,1,62,0,2021,9,10,4,3,2,6,0,0,1,0,0,0,0,"687359,927399","5333154,48946",11.517807813,48.12405263,0,2,#fc8d62,car
102523,"9,21E+18",9,1,78,145,2021,8,23,4,2,2,6,2,0,1,0,0,1,0,"692955,321001","5357995,855",11.604234614,48.345644584,0,2,#fc8d62,car
102529,"9,21E+18",9,1,84,141,2021,9,8,5,3,3,2,0,1,1,0,0,0,0,"698075,475937","5316555,11242",11.65396957,47.971623577,0,1,#66c2a5,bicycle
102531,"9,21E+18",9,1,86,130,2021,9,19,1,3,9,1,1,0,1,0,0,0,0,"686244,795183","5372980,67689",11.520410055,48.48233984,0,2,#fc8d62,car
102536,"9,21E+18",9,7,71,130,2021,9,22,7,2,2,6,2,0,1,0,0,0,1,"646590,715219","5362832,58188",10.980607889,48.40159578,0,2,#fc8d62,car
102546,"9,21E+18",9,7,62,0,2021,8,21,4,2,4,2,2,0,1,0,1,0,0,"622707,534","5305818,205",10.641633186,47.89395469,0,2,#fc8d62,car
102547,"9,21E+18",9,1,73,123,2021,8,10,1,3,9,1,0,0,1,0,0,0,0,"679562,619001","5297758,774",11.398338696,47.808117018,0,2,#fc8d62,car
102550,"9,21E+18",9,7,71,156,2021,9,15,6,3,4,2,0,0,1,0,0,0,0,"655772,018987","5380122,16827",11.111015296,48.554833492,0,2,#fc8d62,car
102553,"9,21E+18",9,1,87,156,2021,9,14,1,3,0,1,0,0,0,0,1,0,0,"736308,809919","5294019,27436",12.153193778,47.756198099,0,4,#e78ac3,marker
102558,"9,21E+18",9,7,72,130,2021,9,18,7,3,0,2,0,1,0,0,1,0,0,"630869,351988","5359347,78704",10.767220209,48.373719289,0,1,#66c2a5,bicycle
102561,"9,21E+18",9,1,90,148,2021,8,12,3,3,2,6,0,0,1,0,0,0,0,"642031,788618","5297548,9606",10.89730877,47.815607727,1,2,#fc8d62,car
102566,"9,21E+18",9,1,62,0,2021,9,16,1,3,4,3,0,0,1,0,0,0,0,"698099,383393","5333327,42919",11.662051555,48.122356025,0,2,#fc8d62,car
102568,"9,21E+18",9,1,84,135,2021,9,7,5,3,5,3,0,1,1,0,0,0,0,"689388,94896","5347112,60647",11.551269524,48.24890765,0,1,#66c2a5,bicycle
102577,"9,21E+18",9,1,62,0,2021,8,15,2,3,4,7,0,1,1,0,0,0,0,"685624,384093","5335299,2112",11.495442514,48.143838718,0,1,#66c2a5,bicycle
102578,"9,21E+18",9,1,87,150,2021,8,15,7,3,2,6,0,0,1,0,1,0,0,"729814,808193","5303379,69077",12.071628924,47.842644226,0,2,#fc8d62,car
102581,"9,21E+18",9,1,87,122,2021,8,15,6,3,0,1,0,1,0,0,0,0,0,"717386,197199","5306610,98542",11.907363791,47.876002334,1,1,#66c2a5,bicycle
102585,"9,21E+18",9,7,77,121,2021,9,13,1,3,2,1,0,0,1,0,1,0,0,"628468,665045","5321745,88913",10.723432657,48.036067667,0,2,#fc8d62,car
102586,"9,21E+18",9,1,81,130,2021,9,8,6,2,5,2,0,0,1,0,0,0,1,"642254,104","5324565,807",10.909203145,48.058502433,0,2,#fc8d62,car
102594,"9,21E+18",9,7,72,131,2021,9,14,2,3,5,3,0,0,1,0,0,0,0,"621594,451","5357030,167",10.641360278,48.354732556,0,2,#fc8d62,car
102603,"9,21E+18",9,7,71,155,2021,8,15,3,3,4,2,0,0,1,0,0,0,0,"650054,621033","5376651,73362",11.032335244,48.525026174,0,2,#fc8d62,car
102606,"9,21E+18",9,1,73,137,2021,8,18,7,3,5,3,0,0,1,0,0,0,0,"679144,394866","5308244,86176",11.397100983,47.902498712,0,2,#fc8d62,car
102607,"9,21E+18",9,1,84,137,2021,9,10,4,3,5,3,0,0,1,0,0,0,0,"708397,403546","5314215,26563",11.790971402,47.947319169,0,2,#fc8d62,car
102612,"9,21E+18",9,1,73,147,2021,8,9,5,3,0,1,0,0,0,0,1,0,0,"680861,782554","5309425,86199",11.420555198,47.912633237,0,4,#e78ac3,marker
102614,"9,21E+18",9,1,62,0,2021,9,10,6,3,5,3,0,0,1,0,0,0,0,"680886,92922","5335159,01418",11.431755232,48.143943147,0,2,#fc8d62,car
102616,"9,21E+18",9,1,82,134,2021,8,13,1,3,0,1,0,1,0,0,0,0,0,"701231,051431","5293959,88277",11.685682498,47.767565599,1,1,#66c2a5,bicycle
102618,"9,21E+18",9,7,72,145,2021,9,5,7,2,8,1,2,0,1,0,0,0,0,"634284,791461","5366577,69931",10.815630822,48.438013342,0,2,#fc8d62,car
102622,"9,21E+18",9,1,87,156,2021,8,7,7,2,0,7,0,1,0,0,0,0,0,"735990,243861","5293736,23289",12.14879605,47.753771903,0,1,#66c2a5,bicycle
102625,"9,21E+18",9,1,78,115,2021,9,19,2,3,0,6,1,1,0,0,0,0,0,"703742,772694","5376281,82802",11.75854302,48.50657782,0,1,#66c2a5,bicycle
102628,"9,21E+18",9,7,72,159,2021,8,17,4,3,2,6,0,0,1,0,1,0,0,"626971,353832","5362768,86423",10.715641825,48.405279833,0,2,#fc8d62,car
102629,"9,21E+18",9,1,73,130,2021,8,19,1,3,9,1,1,0,1,0,0,0,0,"679422,642888","5311912,341",11.402347457,47.935389401,1,2,#fc8d62,car
102632,"9,21E+18",9,1,62,0,2021,9,16,4,3,8,1,0,0,1,0,0,0,0,"685269,51867","5329043,27575",11.487958632,48.08771066,0,2,#fc8d62,car
102633,"9,21E+18",9,1,74,115,2021,9,20,5,2,5,3,1,0,1,0,1,0,0,"683374,218634","5348786,30916",11.471049558,48.265720153,0,2,#fc8d62,car
102636,"9,21E+18",9,7,71,113,2021,9,15,2,3,0,1,0,1,0,0,0,0,0,"658987,854863","5366805,2245",11.149495436,48.434306351,0,1,#66c2a5,bicycle
102637,"9,21E+18",9,1,86,125,2021,8,19,6,3,8,1,0,0,0,0,1,0,0,"676115,385062","5376979,24494",11.385144733,48.521200506,0,4,#e78ac3,marker
102643,"9,21E+18",9,7,77,140,2021,9,18,5,2,6,4,0,0,1,1,0,0,0,"629489,252219","5316873,94213",10.735646138,47.992047951,0,2,#fc8d62,car
102648,"9,21E+18",9,1,78,113,2021,9,13,7,3,3,3,0,1,1,0,0,0,0,"691282,520741","5367132,79212",11.585840987,48.428270787,0,1,#66c2a5,bicycle
102649,"9,21E+18",9,1,62,0,2021,9,11,3,3,0,7,0,0,0,1,0,0,1,"679791,767749","5336438,22588",11.417586391,48.155752339,0,3,#8da0cb,toilet
102652,"9,21E+18",9,2,74,194,2021,9,21,2,3,0,1,2,0,0,0,1,0,0,"721479,460002","5377948,52099",11.999241614,48.515549755,0,4,#e78ac3,marker
102654,"9,21E+18",9,1,90,158,2021,9,9,3,3,4,6,0,0,1,0,0,0,1,"653959,605824","5303968,30124",11.058826147,47.870584792,0,2,#fc8d62,car
102657,"9,21E+18",9,7,61,0,2021,9,16,4,3,2,6,0,0,1,0,1,0,0,"637726,302453","5360993,04213",10.860304068,48.387053905,0,2,#fc8d62,car
102660,"9,21E+18",9,7,72,184,2021,9,18,2,3,5,7,0,0,1,0,1,0,0,"635853,350156","5361552,55547",10.835200172,48.392491211,0,2,#fc8d62,car
102661,"9,21E+18",9,1,74,115,2021,8,8,2,3,4,2,0,0,1,0,0,0,1,"680893,047001","5348433,298",11.437495339,48.263260425,1,2,#fc8d62,car
102665,"9,21E+18",9,1,88,145,2021,8,9,3,3,2,6,0,0,1,0,0,0,0,"663437,142468","5328030,54788",11.194625018,48.084578095,0,2,#fc8d62,car
102667,"9,21E+18",9,1,87,122,2021,9,18,6,2,3,3,0,1,0,0,0,0,1,"717850,822179","5307234,2576",11.913883763,47.881445456,0,1,#66c2a5,bicycle
102671,"9,21E+18",9,1,75,127,2021,8,4,7,3,9,1,2,0,1,0,0,0,0,"713267,372804","5340861,65627",11.869398304,48.185156747,1,2,#fc8d62,car
102672,"9,21E+18",9,1,78,136,2021,9,14,7,3,8,1,0,0,0,0,1,0,0,"697773,673001","5368984,55",11.674367303,48.442907545,0,4,#e78ac3,marker
102676,"9,21E+18",9,7,72,117,2021,9,10,6,3,5,3,0,0,1,0,0,0,0,"632142,384","5363052,438",10.785567664,48.406766966,0,2,#fc8d62,car
102678,"9,21E+18",9,1,73,126,2021,9,17,6,2,8,1,0,0,0,0,1,0,0,"684134,831001","5305333,937",11.462572709,47.874919464,0,4,#e78ac3,marker
102679,"9,21E+18",9,7,61,0,2021,8,15,5,3,4,2,0,0,1,0,0,0,0,"639534,653815","5352492,71557",10.881899035,48.310223448,1,2,#fc8d62,car
102681,"9,21E+18",9,1,62,0,2021,9,13,6,3,3,7,0,1,1,0,0,0,0,"689916,392676","5327928,23179",11.54980191,48.076321027,0,1,#66c2a5,bicycle
102683,"9,21E+18",9,1,77,115,2021,8,16,2,3,2,6,0,0,1,0,0,0,0,"734151,408359","5352078,49349",12.156156587,48.27856757,0,2,#fc8d62,car
102687,"9,21E+18",9,1,84,142,2021,8,14,3,3,4,2,0,0,1,0,0,0,0,"681318,044001","5318571,511",11.430510412,47.994716185,0,2,#fc8d62,car
102688,"9,21E+18",9,1,78,136,2021,9,15,5,2,0,1,0,1,0,0,0,0,0,"696978,028891","5369204,47286",11.663723857,48.44513336,0,1,#66c2a5,bicycle
102689,"9,21E+18",9,1,84,122,2021,8,11,3,3,3,3,0,1,1,0,0,0,0,"688078,65252","5323735,40231",11.523310128,48.039179042,0,1,#66c2a5,bicycle
102691,"9,21E+18",9,7,78,116,2021,9,14,4,3,3,3,0,1,1,0,0,0,0,"618524,813121","5322274,88585",10.590235818,48.042748646,0,1,#66c2a5,bicycle
102695,"9,21E+18",9,1,88,141,2021,9,13,6,2,0,1,0,1,0,0,0,0,0,"669360,601","5306641,849",11.265665526,47.890744608,0,1,#66c2a5,bicycle
102697,"9,21E+18",9,7,71,146,2021,9,8,7,1,8,1,0,0,0,0,1,0,0,"646333,468419","5348116,96453",10.972023244,48.269342859,1,4,#e78ac3,marker
102700,"9,21E+18",9,1,74,135,2021,8,23,1,3,8,1,2,0,1,0,0,0,0,"663842,875596","5352705,96012",11.209591415,48.306311095,1,2,#fc8d62,car
102702,"9,21E+18",9,1,75,124,2021,9,12,1,3,2,6,0,0,1,0,0,0,0,"712902,809492","5329362,47298",11.858753579,48.08195031,0,2,#fc8d62,car
102705,"9,21E+18",9,1,87,130,2021,8,18,3,3,4,6,0,0,1,0,0,0,0,"711571,636725","5310436,83104",11.83157353,47.912324633,0,2,#fc8d62,car
102706,"9,21E+18",9,1,62,0,2021,8,16,6,3,0,1,0,1,0,0,0,0,0,"685032,376038","5328965,82987",11.484743631,48.08708341,0,1,#66c2a5,bicycle
102718,"9,21E+18",9,7,61,0,2021,8,9,2,3,5,3,0,0,1,0,0,0,0,"643344,966","5357586,044",10.9349912,48.355168157,1,2,#fc8d62,car
102719,"9,21E+18",9,7,62,0,2021,8,7,6,3,5,3,0,1,1,0,0,0,0,"622208,311912","5304162,20493",10.634488432,47.879156396,0,1,#66c2a5,bicycle
102720,"9,21E+18",9,1,62,0,2021,9,8,2,3,5,2,0,1,1,0,0,0,0,"695473,223338","5331073,0475",11.625766862,48.102906341,0,1,#66c2a5,bicycle
102723,"9,21E+18",9,1,86,152,2021,8,23,6,3,9,1,2,0,1,0,0,0,0,"690938,940197","5379199,33721",11.586713246,48.536820314,1,2,#fc8d62,car
102727,"9,21E+18",9,1,88,126,2021,9,12,1,2,2,6,0,0,0,0,1,0,0,"658687,394114","5327208,45215",11.130586687,48.078386846,0,4,#e78ac3,marker
102730,"9,21E+18",9,2,74,113,2021,9,5,5,2,5,3,2,0,1,0,0,0,1,"728244,831137","5383998,57574",12.094034164,48.567476756,0,2,#fc8d62,car
102747,"9,21E+18",9,7,71,146,2021,9,9,3,2,0,1,0,1,0,0,0,0,0,"646376,856622","5346393,10287",10.97201109,48.253832836,0,1,#66c2a5,bicycle
102751,"9,21E+18",9,7,72,184,2021,8,15,3,2,1,1,0,0,1,1,0,0,0,"636029,966633","5361363,69619",10.837523587,48.390754928,0,2,#fc8d62,car
102752,"9,21E+18",9,1,83,123,2021,8,16,4,3,5,2,0,0,1,0,1,0,0,"735287,69191","5339413,62921",12.164421491,48.164377059,0,2,#fc8d62,car
102755,"9,21E+18",9,1,74,115,2021,9,10,5,3,1,6,0,0,1,0,0,0,0,"683306,925592","5347942,55674",11.469778037,48.258155639,0,2,#fc8d62,car
102757,"9,21E+18",9,1,87,128,2021,9,21,2,2,8,1,2,0,0,0,1,0,0,"747528,131003","5309829,80999",12.311678501,47.894007857,0,4,#e78ac3,marker
102759,"9,21E+18",9,1,74,136,2021,9,17,6,3,0,3,0,0,1,0,1,0,0,"682687,513969","5364701,88539",11.468706044,48.408972833,0,2,#fc8d62,car