OBJECTID,UIDENTSTLA,ULAND,UREGBEZ,UKREIS,UGEMEINDE,UJAHR,UMONAT,USTUNDE,UWOCHENTAG,UKATEGORIE,UART,UTYP1,ULICHTVERH,IstRad,IstPKW,IstFuss,IstKrad,IstGkfz,IstSonstig,LINREFX,LINREFY,XGCSWGS84,YGCSWGS84,STRZUSTAN,Teilnehmer,color,symbol
102760,"9,21E+18",9,1,63,0,2021,8,11,5,3,2,6,0,0,1,0,0,0,0,"731696,167309","5303109,55629",12.096592164,47.839542122,0,2,#fc8d62,car
102762,"9,21E+18",9,7,72,171,2021,8,19,1,3,8,1,1,0,1,0,0,0,0,"638647,587033","5370681,57235",10.875946168,48.473968334,1,2,#fc8d62,car
102766,"9,21E+18",9,1,90,140,2021,9,13,4,3,4,1,0,0,1,0,1,0,0,"646770,082259","5300550,31676",10.961583887,47.841533145,0,2,#fc8d62,car
102769,"9,21E+18",9,2,61,0,2021,8,16,3,3,2,6,0,0,1,0,0,0,0,"731827,053272","5381181,62534",12.140950208,48.540858404,0,2,#fc8d62,car
102771,"9,21E+18",9,1,77,120,2021,8,9,6,3,0,1,0,1,0,0,0,0,0,"721797,472067","5363089,07353",11.995672524,48.381938185,0,1,#66c2a5,bicycle
102772,"9,21E+18",9,1,84,130,2021,9,1,7,3,9,1,2,0,1,0,0,0,0,"699893,800515","5344067,2633",11.691186464,48.218314122,0,2,#fc8d62,car
102783,"9,21E+18",9,1,84,141,2021,9,17,4,2,0,3,0,1,1,0,0,0,0,"698058,175631","5316399,77111",11.653666446,47.97023279,0,1,#66c2a5,bicycle
102784,"9,21E+18",9,1,88,113,2021,9,15,2,2,0,1,0,0,0,0,0,0,1,"678395,396493","5311424,67177",11.38840373,47.931292305,0,6,#ffd92f,circle
102789,"9,21E+18",9,1,62,0,2021,8,13,1,3,2,2,0,0,1,0,0,0,0,"690882,002218","5339121,55424",11.567765805,48.176637872,0,2,#fc8d62,car
102791,"9,21E+18",9,1,87,172,2021,9,15,3,2,4,7,0,0,1,0,0,0,0,"742377,584645","5297477,50343",12.235969644,47.785012095,0,2,#fc8d62,car
102799,"9,21E+18",9,1,90,141,2021,8,15,3,2,5,3,0,1,1,0,0,0,0,"676883,586723","5292873,10416",11.360597033,47.76493726,0,1,#66c2a5,bicycle
102807,"9,21E+18",9,1,74,126,2021,9,18,4,3,3,6,0,0,1,0,1,0,0,"683377,058542","5344212,0203",11.469106836,48.22460365,0,2,#fc8d62,car
102813,"9,21E+18",9,1,87,132,2021,8,10,6,3,2,6,0,0,1,0,0,0,0,"742651,844473","5298952,75469",12.240449845,47.79816122,1,2,#fc8d62,car
102817,"9,21E+18",9,1,84,141,2021,9,7,1,3,8,7,0,0,1,0,0,0,0,"700487,212164","5316674,17776",11.686302879,47.971942786,0,2,#fc8d62,car
102819,"9,21E+18",9,1,77,116,2021,9,15,6,3,0,1,0,1,0,0,0,0,0,"714748,033861","5359685,35368",11.898851633,48.353794093,0,1,#66c2a5,bicycle
102827,"9,21E+18",9,7,71,146,2021,9,19,4,3,4,2,0,0,1,0,0,0,0,"646391,516159","5349368,35253",10.973238401,48.280581192,0,2,#fc8d62,car
102829,"9,21E+18",9,1,62,0,2021,8,20,5,3,9,1,1,1,0,0,0,0,0,"686727,251165","5335169,539",11.510197334,48.142350449,0,1,#66c2a5,bicycle
102830,"9,21E+18",9,1,82,125,2021,9,16,1,3,5,3,0,0,1,0,0,0,0,"712670,994763","5297464,65821",11.839890784,47.795388872,0,2,#fc8d62,car
102838,"9,21E+18",9,1,90,113,2021,9,17,4,3,8,6,0,0,1,0,1,0,0,"669521,98723","5293917,13934",11.262841124,47.776301666,0,2,#fc8d62,car
102839,"9,21E+18",9,1,87,122,2021,8,14,4,3,0,3,0,0,1,0,0,0,0,"717856,561101","5307304,17745",11.913995687,47.882071789,0,2,#fc8d62,car
102841,"9,21E+18",9,7,61,0,2021,9,21,4,3,4,2,2,0,1,0,0,0,0,"639826,639","5352479,007",10.885830271,48.310035696,0,2,#fc8d62,car
102843,"9,21E+18",9,1,82,137,2021,9,9,2,3,2,7,0,0,0,0,1,0,1,"714358,875283","5303321,54599",11.865297897,47.847460566,0,4,#e78ac3,marker
102853,"9,21E+18",9,1,78,124,2021,9,5,5,3,2,6,1,0,1,0,0,0,0,"705743,705248","5363112,981",11.779132179,48.38759224,0,2,#fc8d62,car
102854,"9,21E+18",9,1,90,159,2021,8,6,3,2,4,2,1,0,1,0,0,1,0,"662456,038182","5304548,19889",11.172580523,47.873705715,0,2,#fc8d62,car
102856,"9,21E+18",9,1,75,132,2021,9,16,3,3,0,6,0,0,1,0,1,0,0,"710749,754716","5333962,33645",11.832151713,48.124000085,0,2,#fc8d62,car
102861,"9,21E+18",9,1,75,124,2021,8,5,3,3,8,1,2,0,1,0,0,0,0,"712397,726171","5329419,02241",11.852008401,48.082626901,1,2,#fc8d62,car
102867,"9,21E+18",9,1,62,0,2021,8,17,6,3,3,2,0,1,0,0,0,0,1,"679399,652275","5334798,5401",11.411627587,48.141123989,0,1,#66c2a5,bicycle
102875,"9,21E+18",9,1,73,147,2021,9,10,7,2,0,1,0,1,0,0,0,0,0,"680899,910732","5310658,13515",11.421582172,47.923699722,1,1,#66c2a5,bicycle
102877,"9,21E+18",9,1,87,150,2021,8,11,7,3,2,6,0,0,1,0,0,0,0,"727771,400667","5303209,4439",12.044267869,47.841841684,0,2,#fc8d62,car
102882,"9,21E+18",9,1,88,145,2021,8,6,3,3,2,7,0,0,1,0,0,0,0,"664798,332082","5328273,66755",11.212982728,48.086413392,0,2,#fc8d62,car
102883,"9,21E+18",9,7,73,182,2021,9,17,1,3,4,6,0,0,1,0,1,0,0,"628473,785426","5380171,19497",10.741282953,48.561462042,0,2,#fc8d62,car
102889,"9,21E+18",9,1,84,121,2021,9,20,7,2,8,1,2,0,0,0,1,0,0,"704948,926227","5332116,35938",11.753405039,48.109304783,0,4,#e78ac3,marker
102890,"9,21E+18",9,1,62,0,2021,9,14,3,3,2,6,0,0,1,0,0,0,0,"692590,751825","5339162,8675",11.590746537,48.176493635,0,2,#fc8d62,car
102892,"9,21E+18",9,7,72,145,2021,8,18,6,3,1,5,0,0,1,0,0,0,0,"634842,918955","5369070,24472",10.82397589,48.460306825,0,2,#fc8d62,car
102893,"9,21E+18",9,7,72,184,2021,9,14,2,3,5,3,0,0,1,0,0,0,0,"632938,599395","5358935,0683",10.795018064,48.36957552,0,2,#fc8d62,car
102901,"9,21E+18",9,7,61,0,2021,9,17,5,3,2,6,0,0,1,0,0,0,1,"641464,693293","5363783,268",10.911710764,48.411315003,0,2,#fc8d62,car
102911,"9,21E+18",9,1,83,135,2021,8,16,5,2,5,3,0,0,1,0,0,0,1,"741136,24491","5345084,95245",12.24616935,48.213128509,1,2,#fc8d62,car
102913,"9,21E+18",9,1,87,137,2021,9,22,7,3,8,1,2,0,1,0,0,0,0,"729528,017425","5308339,3602",12.070434416,47.887306697,0,2,#fc8d62,car
102921,"9,21E+18",9,1,74,126,2021,8,12,4,3,5,3,0,1,1,0,0,0,0,"683008,236106","5344532,57678",11.464283944,48.227591474,0,1,#66c2a5,bicycle
102923,"9,21E+18",9,7,71,144,2021,9,8,4,3,5,3,0,0,1,0,0,0,0,"661635,509859","5373374,93389",11.187802512,48.492693387,0,2,#fc8d62,car
102925,"9,21E+18",9,1,85,158,2021,9,11,2,3,7,1,0,1,0,0,0,0,0,"668209,327526","5381985,93004",11.280184537,48.568374592,0,1,#66c2a5,bicycle
102927,"9,21E+18",9,7,62,0,2021,9,16,5,3,5,3,0,0,1,0,1,0,0,"622848,339","5306017,497",10.643572868,47.89572011,0,2,#fc8d62,car
102928,"9,21E+18",9,7,72,131,2021,8,16,4,3,8,1,0,0,0,0,1,0,0,"618377,730917","5352507,52629",10.596685942,48.314670974,0,4,#e78ac3,marker
102932,"9,21E+18",9,1,81,141,2021,9,8,3,2,8,6,0,0,1,0,0,0,0,"643883,094287","5316250,55267",10.928261713,47.983366013,0,2,#fc8d62,car
102936,"9,21E+18",9,7,72,147,2021,8,21,2,3,8,1,2,0,1,0,0,0,0,"630713,754049","5364283,57635",10.766656553,48.41813557,1,2,#fc8d62,car
102937,"9,21E+18",9,1,87,167,2021,8,17,7,2,8,1,0,0,0,0,1,0,0,"744310,726541","5304172,51339",12.265508395,47.844422417,0,4,#e78ac3,marker
102945,"9,21E+18",9,1,87,145,2021,9,18,6,3,0,1,1,1,0,0,0,0,0,"746010,949411","5313392,2644",12.293446797,47.926590706,0,1,#66c2a5,bicycle
102949,"9,21E+18",9,1,84,121,2021,8,14,7,3,2,6,0,0,1,0,0,0,0,"704794,637184","5331511,73926",11.751044507,48.103920904,1,2,#fc8d62,car
102950,"9,21E+18",9,1,73,118,2021,9,14,7,2,4,1,0,1,1,0,0,0,0,"696566,9306","5303938,16045",11.628026577,47.858689697,0,1,#66c2a5,bicycle
102951,"9,21E+18",9,1,62,0,2021,9,4,3,3,2,6,2,0,1,0,0,0,0,"684572,174165","5342922,63005",11.484621771,48.212667559,0,2,#fc8d62,car
102952,"9,21E+18",9,7,71,141,2021,8,4,1,3,8,1,2,0,1,0,0,0,0,"656317,008426","5373306,60535",11.115840841,48.493424506,0,2,#fc8d62,car
102953,"9,21E+18",9,1,62,0,2021,9,6,2,3,5,2,1,1,1,0,0,0,0,"686287,25011","5335246,7001",11.50432197,48.143172983,0,1,#66c2a5,bicycle
102957,"9,21E+18",9,1,62,0,2021,9,17,6,3,5,2,0,0,1,0,0,0,0,"692081,241086","5340383,66856",11.584451662,48.187620083,0,2,#fc8d62,car
102963,"9,21E+18",9,1,78,124,2021,9,8,5,3,0,3,0,1,1,0,0,0,0,"703754,279954","5364636,01859",11.753030789,48.401924207,0,1,#66c2a5,bicycle
102964,"9,21E+18",9,1,79,123,2021,8,18,4,3,3,2,0,1,1,0,0,0,0,"674941,494241","5332864,30671",11.350956355,48.124977853,0,1,#66c2a5,bicycle
102966,"9,21E+18",9,1,86,143,2021,9,12,5,3,3,2,0,1,0,0,0,0,1,"685529,846376","5378791,89659",11.5133276,48.534780898,0,1,#66c2a5,bicycle
102967,"9,21E+18",9,1,62,0,2021,9,16,1,3,1,1,0,0,1,0,0,0,1,"692164,768443","5339474,17996",11.585162991,48.179420584,0,2,#fc8d62,car
102969,"9,21E+18",9,1,87,174,2021,9,14,6,3,8,6,0,0,0,0,1,0,0,"740145,641003","5309730,56299",12.213016075,47.89592079,0,4,#e78ac3,marker
102972,"9,21E+18",9,1,84,122,2021,9,17,6,3,3,2,0,1,1,0,0,0,0,"687712,496746","5321605,02094",11.517469244,48.020137977,0,1,#66c2a5,bicycle
102973,"9,21E+18",9,7,61,0,2021,8,1,1,3,9,1,2,0,1,0,0,0,0,"640357,122306","5355595,24959",10.894018306,48.337938693,0,2,#fc8d62,car
102984,"9,21E+18",9,1,77,117,2021,9,6,4,3,4,2,1,0,1,0,1,0,0,"714966,804958","5351726,98122",11.89774499,48.282212486,0,2,#fc8d62,car
102985,"9,21E+18",9,1,87,182,2021,9,10,5,3,0,1,0,1,0,0,0,0,0,"740290,662002","5328115,03299",12.225233433,48.061014147,0,1,#66c2a5,bicycle
102988,"9,21E+18",9,1,75,135,2021,9,17,5,3,5,3,0,0,1,0,0,0,0,"709524,650817","5339175,76",11.818274682,48.171252604,0,2,#fc8d62,car
102992,"9,21E+18",9,1,75,115,2021,8,19,5,2,8,1,0,0,1,0,0,0,0,"721776,557002","5334527,87999",11.980426421,48.125336305,0,2,#fc8d62,car
102993,"9,21E+18",9,1,75,132,2021,9,13,1,3,3,6,0,0,1,0,0,0,0,"706044,360802","5335870,71992",11.769918864,48.142689855,0,2,#fc8d62,car
103002,"9,21E+18",9,1,78,145,2021,8,14,7,3,2,6,0,0,1,0,0,1,0,"696028,385055","5356019,4853",11.644745379,48.32693678,0,2,#fc8d62,car
103011,"9,21E+18",9,1,88,127,2021,9,14,3,3,2,6,0,0,1,0,0,0,0,"672649,562656","5328154,18108",11.318276693,48.083261218,0,2,#fc8d62,car
103014,"9,21E+18",9,1,62,0,2021,9,17,4,3,2,6,2,0,1,0,0,0,0,"688543,05784","5334658,48818",11.534356549,48.137221549,0,2,#fc8d62,car
103017,"9,21E+18",9,1,84,137,2021,9,15,2,3,8,5,0,0,1,0,0,0,0,"704337,218371","5315763,27013",11.737395304,47.962539011,0,2,#fc8d62,car
103021,"9,21E+18",9,1,74,147,2021,8,22,3,2,8,1,2,0,1,0,0,0,0,"672288,266","5368343,931",11.32979934,48.4446398,0,2,#fc8d62,car
103024,"9,21E+18",9,1,73,120,2021,9,8,6,3,2,6,0,0,1,0,0,0,0,"682991,383001","5310093,182",11.449313072,47.918027757,0,2,#fc8d62,car
103030,"9,21E+18",9,1,79,142,2021,9,9,4,3,2,6,0,0,1,0,0,0,0,"671823,798056","5342552,77624",11.313010005,48.21292239,0,2,#fc8d62,car
103035,"9,21E+18",9,7,61,0,2021,9,19,6,3,2,1,0,0,1,0,0,0,0,"640131,350329","5352448,15753",10.88992732,48.309690863,0,2,#fc8d62,car
103037,"9,21E+18",9,1,75,115,2021,8,10,6,3,8,1,0,0,1,0,0,0,0,"721833,937839","5333529,84701",11.980677218,48.116349181,1,2,#fc8d62,car
103039,"9,21E+18",9,1,62,0,2021,9,13,6,3,3,7,0,0,1,0,0,0,0,"690621,476397","5332000,09996",11.561076533,48.112708799,0,2,#fc8d62,car
103041,"9,21E+18",9,1,62,0,2021,8,16,1,3,5,7,0,0,1,0,0,0,0,"683959,608727","5335417,39884",11.473134886,48.14538461,0,2,#fc8d62,car
103047,"9,21E+18",9,1,86,130,2021,8,18,4,3,1,6,0,0,1,0,0,0,1,"685520,227775","5373145,03822",11.510687416,48.4840313,0,2,#fc8d62,car
103049,"9,21E+18",9,1,75,118,2021,9,9,5,2,2,6,0,0,1,0,0,0,0,"715133,879207","5339426,79432",11.893751779,48.17163465,0,2,#fc8d62,car
103050,"9,21E+18",9,1,62,0,2021,9,12,1,3,5,3,0,1,1,0,0,0,0,"694980,112001","5332979,815",11.620021744,48.120194696,0,1,#66c2a5,bicycle
103065,"9,21E+18",9,7,72,200,2021,9,7,4,3,5,3,1,0,1,0,1,0,0,"629379,063308","5337127,24864",10.740304582,48.17420653,0,2,#fc8d62,car
103074,"9,21E+18",9,1,79,113,2021,9,13,4,3,5,3,0,1,1,0,0,0,0,"670899,747758","5333451,21904",11.296922403,48.13135193,0,1,#66c2a5,bicycle
103075,"9,21E+18",9,7,73,125,2021,8,18,6,3,3,3,0,1,1,0,0,0,0,"613030,603139","5383449,64805",10.532946883,48.593920155,0,1,#66c2a5,bicycle
103077,"9,21E+18",9,1,78,123,2021,8,7,2,3,9,1,0,0,1,0,0,0,0,"688684,047259","5360524,29711",11.547780574,48.369659681,1,2,#fc8d62,car
103082,"9,21E+18",9,1,78,124,2021,8,9,3,3,7,7,0,0,1,0,0,1,0,"700658,439956","5357341,91455",11.707770388,48.337368315,0,2,#fc8d62,car
103083,"9,21E+18",9,1,88,126,2021,9,18,1,3,2,6,0,0,1,0,0,0,0,"660241,139897","5327829,17937",11.151665413,48.083579042,0,2,#fc8d62,car
103091,"9,21E+18",9,1,90,148,2021,9,16,6,3,2,6,0,0,1,0,0,0,0,"642051,923343","5297549,71018",10.897577829,47.815610023,0,2,#fc8d62,car
103092,"9,21E+18",9,7,72,200,2021,9,8,5,3,5,3,0,0,1,0,0,0,0,"631283,472019","5337535,56816",10.766034776,48.1774878,0,2,#fc8d62,car
103100,"9,21E+18",9,1,84,136,2021,8,18,2,3,5,3,0,0,1,0,0,0,0,"698147,299266","5327126,20075",11.659816764,48.066608676,1,2,#fc8d62,car
103115,"9,21E+18",9,1,87,169,2021,9,7,7,2,2,6,0,0,1,0,1,0,0,"741475,172911","5298793,96941",12.224673622,47.797177066,0,2,#fc8d62,car
103124,"9,21E+18",9,1,62,0,2021,9,13,7,3,2,6,2,0,1,0,0,0,0,"690948,641236","5339154,24996",11.568675994,48.176911717,0,2,#fc8d62,car
103125,"9,21E+18",9,1,83,144,2021,9,17,7,3,4,2,0,0,1,0,0,0,0,"741399,023861","5351953,63695",12.25361566,48.274725218,1,2,#fc8d62,car
103129,"9,21E+18",9,1,78,150,2021,9,13,1,2,4,6,0,1,0,0,0,0,0,"691400,886151","5370957,52244",11.58918721,48.46260882,0,1,#66c2a5,bicycle
103135,"9,21E+18",9,1,62,0,2021,9,17,4,3,3,6,0,1,0,0,0,0,0,"693255,957668","5337521,60102",11.598939468,48.161540561,0,1,#66c2a5,bicycle
103139,"9,21E+18",9,1,77,144,2021,8,17,5,3,8,1,0,0,1,0,0,0,0,"717317,177777","5348858,67609",11.927911373,48.255638489,0,2,#fc8d62,car
103143,"9,21E+18",9,1,84,137,2021,9,13,2,3,2,2,0,0,1,0,0,0,0,"706313,256001","5316868,372",11.764365783,47.971836626,0,2,#fc8d62,car
103156,"9,21E+18",9,7,71,122,2021,8,14,4,3,2,6,0,0,1,0,0,0,0,"652170,096006","5362402,44884",11.055786244,48.396406588,0,2,#fc8d62,car
103159,"9,21E+18",9,1,88,137,2021,9,14,7,3,5,2,0,1,1,0,0,0,0,"672309,148","5313948,526",11.307999388,47.95564689,0,1,#66c2a5,bicycle
103160,"9,21E+18",9,1,62,0,2021,9,8,3,3,2,6,0,0,1,0,1,0,0,"687732,269517","5331593,47808",11.522119209,48.109912147,0,2,#fc8d62,car
103171,"9,21E+18",9,1,88,132,2021,9,12,1,3,5,3,0,0,1,0,1,0,0,"663256,964","5323020,531",11.190294894,48.039581698,0,2,#fc8d62,car
103174,"9,21E+18",9,1,79,121,2021,8,10,2,3,2,6,0,0,1,0,0,0,0,"664684,070027","5335655,76364",11.21430115,48.152810038,1,2,#fc8d62,car
103177,"9,21E+18",9,1,62,0,2021,8,10,7,3,5,3,0,1,1,0,0,0,0,"694441,758001","5331866,731",11.612287989,48.110355318,0,1,#66c2a5,bicycle
103181,"9,21E+18",9,7,78,116,2021,9,11,6,3,3,6,0,0,1,0,0,0,0,"618781,536989","5322120,88351",10.593636147,48.041315886,0,2,#fc8d62,car
103182,"9,21E+18",9,1,73,118,2021,9,18,6,2,8,7,0,1,0,0,0,0,0,"688833,620637","5302860,4553",11.524270496,47.851321769,0,1,#66c2a5,bicycle
103184,"9,21E+18",9,1,81,133,2021,9,17,1,3,4,6,0,0,1,0,1,0,0,"645914,739034","5312019,02293",10.954036538,47.944855911,0,2,#fc8d62,car
103187,"9,21E+18",9,1,62,0,2021,8,8,1,3,8,1,0,0,1,0,0,0,0,"687667,129001","5333130,83",11.521921534,48.123749492,1,2,#fc8d62,car
103192,"9,21E+18",9,2,74,126,2021,9,21,4,2,4,2,2,0,1,0,1,0,0,"733071,277575","5382820,34367",12.158698082,48.555117561,0,2,#fc8d62,car
103193,"9,21E+18",9,1,82,136,2021,8,14,3,2,9,1,0,0,0,0,1,0,0,"703141,328434","5299022,98246",11.713517607,47.812470691,1,4,#e78ac3,marker
103200,"9,21E+18",9,1,88,120,2021,8,13,1,3,5,3,0,0,1,0,1,0,0,"675639,396758","5326798,86846",11.357831129,48.070261044,0,2,#fc8d62,car
103201,"9,21E+18",9,7,71,122,2021,8,7,6,2,2,7,0,0,1,0,0,1,0,"651134,720474","5362365,29122",11.041794434,48.396321521,0,2,#fc8d62,car
103206,"9,21E+18",9,1,75,112,2021,8,17,6,3,5,2,0,0,1,0,0,0,0,"723570,607002","5321468,48399",11.99767491,48.007373756,0,2,#fc8d62,car
103215,"9,21E+18",9,2,61,0,2021,9,10,4,2,0,1,0,0,0,0,1,0,0,"732715,669381","5381656,65247",12.15323613,48.544796532,0,4,#e78ac3,marker
103217,"9,21E+18",9,1,79,121,2021,8,16,4,3,3,3,0,0,1,0,1,0,0,"666699,194","5339435,315",11.242856475,48.186263294,0,2,#fc8d62,car
103220,"9,21E+18",9,7,72,111,2021,8,4,3,3,8,1,2,0,0,0,0,1,0,"628041,038599","5364061,91924",10.730483228,48.416691166,0,5,#a6d854,bus
103221,"9,21E+18",9,1,88,145,2021,9,11,2,3,8,7,0,0,1,0,0,0,0,"665605,220551","5328337,13314",11.223834141,48.08677485,0,2,#fc8d62,car
103224,"9,21E+18",9,1,63,0,2021,8,17,5,3,2,6,1,0,1,0,0,0,0,"734822,260949","5303706,71435",12.138631582,47.843773094,1,2,#fc8d62,car
103228,"9,21E+18",9,1,84,136,2021,9,8,2,3,4,2,0,1,1,0,0,0,0,"698242,284879","5326956,63568",11.661011763,48.065055223,0,1,#66c2a5,bicycle
103231,"9,21E+18",9,1,75,121,2021,9,18,5,3,0,1,0,1,0,0,0,0,0,"714543,353333","5320455,12536",11.876290474,48.001361198,0,1,#66c2a5,bicycle
103233,"9,21E+18",9,1,77,117,2021,8,23,7,3,2,6,2,0,1,0,0,0,0,"714849,081098","5355263,82676",11.897959747,48.314031723,0,2,#fc8d62,car
103236,"9,21E+18",9,1,73,123,2021,8,11,6,3,2,2,0,0,1,0,0,0,0,"680044,973004","5305679,11726",11.408070368,47.879182112,1,2,#fc8d62,car
103238,"9,21E+18",9,7,72,147,2021,8,13,2,3,2,6,0,0,0,0,0,1,0,"639530,180722","5364073,57865",10.885679736,48.41435665,1,5,#a6d854,bus
103239,"9,21E+18",9,7,72,149,2021,9,20,1,2,2,6,2,0,1,0,1,0,0,"637704,287818","5340036,29305",10.853173083,48.198615674,0,2,#fc8d62,car
103244,"9,21E+18",9,1,88,137,2021,8,19,7,3,8,1,0,0,1,0,0,0,0,"672042,486405","5316371,77241",11.305400339,47.977503453,1,2,#fc8d62,car
103249,"9,21E+18",9,7,72,147,2021,9,20,2,3,0,6,0,0,1,0,0,0,0,"638346,372281","5366570,81397",10.87051415,48.437072102,0,2,#fc8d62,car
103257,"9,21E+18",9,1,84,118,2021,9,14,5,3,0,7,0,1,0,0,0,0,0,"703556,851253","5335021,11426",11.736112245,48.135855389,0,1,#66c2a5,bicycle
103258,"9,21E+18",9,1,87,122,2021,9,20,4,3,8,1,2,0,1,0,0,0,0,"716994,808002","5308451,507",11.903060974,47.89267327,0,2,#fc8d62,car
103263,"9,21E+18",9,1,73,147,2021,9,19,2,3,9,1,1,0,1,0,1,0,0,"682670,807179","5309892,07613",11.444941036,47.916311397,0,2,#fc8d62,car
103265,"9,21E+18",9,1,78,124,2021,9,19,6,3,5,3,1,1,1,0,0,0,0,"702445,727035","5364218,1714",11.735169812,48.398590806,0,1,#66c2a5,bicycle
103266,"9,21E+18",9,1,90,152,2021,8,14,5,3,0,7,0,0,1,0,0,0,0,"666763,218158","5298568,80934",11.227833042,47.818843316,1,2,#fc8d62,car
103267,"9,21E+18",9,1,87,129,2021,9,16,1,3,3,6,0,0,1,0,1,0,0,"725703,02857","5300245,82191",12.015118819,47.81594294,0,2,#fc8d62,car
103268,"9,21E+18",9,7,72,130,2021,9,15,6,3,3,6,0,0,1,0,1,0,0,"632602,956631","5358186,69125",10.79025237,48.362916563,0,2,#fc8d62,car
103269,"9,21E+18",9,2,74,126,2021,8,8,2,2,4,3,0,1,1,0,0,0,0,"733557,963352","5383893,24755",12.165885364,48.564573955,1,1,#66c2a5,bicycle
103277,"9,21E+18",9,7,77,167,2021,9,15,4,3,1,6,0,0,1,0,0,0,0,"619005,462","5298035,07",10.58998306,47.824650963,0,2,#fc8d62,car
103285,"9,21E+18",9,2,74,184,2021,9,5,3,3,7,7,2,0,1,0,0,0,0,"747818,131544","5369057,26904",12.350047282,48.425859212,0,2,#fc8d62,car
103287,"9,21E+18",9,2,61,0,2021,9,15,4,3,1,6,0,0,1,0,1,0,0,"732205,006793","5381533,31049",12.146258925,48.54387777,0,2,#fc8d62,car
103295,"9,21E+18",9,7,72,207,2021,9,14,1,3,0,7,0,1,0,0,0,0,0,"640113,371288","5381073,06434",10.899258445,48.567077818,0,1,#66c2a5,bicycle
103300,"9,21E+18",9,1,62,0,2021,9,17,3,3,5,2,0,1,1,0,0,0,0,"698794,048001","5333052,745",11.671247847,48.119670872,0,1,#66c2a5,bicycle
103301,"9,21E+18",9,1,84,114,2021,9,16,7,3,3,6,0,0,1,0,1,0,0,"699117,495918","5320536,25889",11.669761804,48.00708055,0,2,#fc8d62,car
103302,"9,21E+18",9,1,74,113,2021,9,3,2,2,2,6,2,0,1,0,0,1,0,"670496,994539","5347891,93068",11.297313083,48.261276979,0,2,#fc8d62,car
103304,"9,21E+18",9,1,62,0,2021,10,15,6,3,5,6,0,0,1,0,1,0,0,"693681,518001","5337042,619",11.604438293,48.157106159,0,2,#fc8d62,car
103305,"9,21E+18",9,1,85,113,2021,9,14,7,3,0,3,0,0,1,0,0,0,0,"667097,448043","5376584,73576",11.262957947,48.520119034,0,2,#fc8d62,car
103309,"9,21E+18",9,7,77,151,2021,9,16,3,3,0,1,0,0,0,0,1,0,0,"621882,569487","5292560,48206",10.626868759,47.774874506,0,4,#e78ac3,marker
103315,"9,21E+18",9,1,62,0,2021,9,23,4,3,0,7,2,1,0,0,0,0,0,"693048,336735","5337782,64713",11.596268795,48.163949832,0,1,#66c2a5,bicycle
103330,"9,21E+18",9,1,81,122,2021,9,13,7,2,1,1,0,0,1,0,0,0,1,"650737,118","5332471,318",11.02577392,48.127636532,0,2,#fc8d62,car
103331,"9,21E+18",9,1,84,147,2021,9,17,1,3,5,3,0,1,0,0,0,0,0,"696899,631001","5342085,68",11.650001204,48.201441317,0,1,#66c2a5,bicycle
103332,"9,21E+18",9,1,84,119,2021,10,16,4,3,2,6,0,0,1,0,0,0,0,"695836,151309","5346044,41429",11.637532209,48.237348568,0,2,#fc8d62,car
103333,"9,21E+18",9,7,71,130,2021,10,7,6,3,2,6,0,0,1,0,0,0,0,"646141,506575","5362806,36334",10.974533196,48.401464335,0,2,#fc8d62,car
103338,"9,21E+18",9,1,62,0,2021,10,9,6,3,3,6,0,0,1,0,0,0,0,"693110,695487","5338110,926",11.597255609,48.166881357,1,2,#fc8d62,car
103344,"9,21E+18",9,1,81,116,2021,9,17,3,3,5,3,0,0,1,0,0,0,0,"646837,487","5338519,948",10.975486478,48.182934938,0,2,#fc8d62,car
103346,"9,21E+18",9,1,62,0,2021,10,12,1,3,2,6,0,0,1,0,0,0,0,"694592,808622","5334066,44056",11.615319114,48.13007934,0,2,#fc8d62,car
103355,"9,21E+18",9,1,84,122,2021,9,10,4,3,0,7,0,1,0,0,0,0,0,"688287,223235","5324036,55171",11.52623797,48.041824416,0,1,#66c2a5,bicycle
103359,"9,21E+18",9,1,81,144,2021,9,11,6,3,2,6,0,0,1,0,1,0,0,"654956,223956","5320032,89856",11.07792761,48.014787845,0,2,#fc8d62,car
103361,"9,21E+18",9,7,61,0,2021,10,16,2,3,5,1,0,0,1,0,0,0,0,"641752,352626","5359753,94462",10.914235885,48.375020552,0,2,#fc8d62,car
103363,"9,21E+18",9,2,74,182,2021,10,13,3,3,8,1,0,0,1,0,0,0,0,"732371,949","5374376,91454",12.144533154,48.479531479,1,2,#fc8d62,car
103375,"9,21E+18",9,1,62,0,2021,10,6,3,3,4,6,0,1,0,0,0,0,0,"689218,120294","5330136,77197",11.541414916,48.096379383,0,1,#66c2a5,bicycle
103376,"9,21E+18",9,7,61,0,2021,10,17,4,2,3,1,0,1,1,0,0,0,0,"640491,388154","5354173,1115",10.89535497,48.325121362,0,1,#66c2a5,bicycle
103377,"9,21E+18",9,1,81,121,2021,9,5,4,3,8,1,2,0,1,0,0,0,0,"639188,315195","5312714,3377",10.864234206,47.952605472,0,2,#fc8d62,car