OBJECTID,UIDENTSTLA,ULAND,UREGBEZ,UKREIS,UGEMEINDE,UJAHR,UMONAT,USTUNDE,UWOCHENTAG,UKATEGORIE,UART,UTYP1,ULICHTVERH,IstRad,IstPKW,IstFuss,IstKrad,IstGkfz,IstSonstig,LINREFX,LINREFY,XGCSWGS84,YGCSWGS84,STRZUSTAN,Teilnehmer,color,symbol
103378,"9,21E+18",9,1,82,133,2021,10,12,6,3,9,7,0,0,1,0,0,1,0,"708124,264529","5305635,30565",11.783177575,47.870302543,0,2,#fc8d62,car
103386,"9,21E+18",9,7,72,141,2021,10,0,1,3,0,7,2,1,0,0,0,0,0,"622433,337137","5350316,76277",10.65072941,48.294197256,0,1,#66c2a5,bicycle
103387,"9,21E+18",9,1,81,130,2021,9,13,2,3,2,6,0,0,1,0,0,0,0,"640311,645643","5323395,51152",10.88276415,48.048408992,0,2,#fc8d62,car
103388,"9,21E+18",9,1,84,122,2021,9,18,5,2,5,2,1,0,1,0,1,0,0,"688596,6959","5323643,32622",11.530212765,48.038198633,0,2,#fc8d62,car
103390,"9,21E+18",9,1,81,130,2021,10,10,1,3,2,6,0,0,1,0,0,0,0,"640622,20394","5322749,12177",10.886716659,48.042528159,0,2,#fc8d62,car
103392,"9,21E+18",9,7,62,0,2021,9,16,3,3,3,2,0,1,1,0,0,0,0,"622608,035255","5306522,31674",10.640502695,47.900306249,0,1,#66c2a5,bicycle
103396,"9,21E+18",9,1,73,145,2021,10,14,7,2,5,3,0,1,1,0,0,0,0,"690225,213637","5295054,4463",11.539428291,47.780746192,0,1,#66c2a5,bicycle
103397,"9,21E+18",9,1,77,135,2021,9,18,7,3,3,6,1,0,1,0,0,0,0,"719017,463255","5344351,41132",11.948458159,48.214555973,0,2,#fc8d62,car
103398,"9,21E+18",9,1,84,147,2021,9,17,3,3,2,6,0,0,1,0,1,0,0,"695545,618942","5339904,17165",11.630793598,48.1822537,0,2,#fc8d62,car
103402,"9,21E+18",9,1,74,115,2021,9,13,3,3,0,7,0,1,0,0,0,0,0,"683340,437176","5348661,40079",11.470540636,48.264607204,0,1,#66c2a5,bicycle
103403,"9,21E+18",9,1,87,182,2021,10,11,2,2,5,3,0,0,1,0,1,0,0,"740458,015807","5326292,98353",12.226452314,48.04458397,0,2,#fc8d62,car
103404,"9,21E+18",9,7,71,122,2021,9,18,4,3,3,6,0,0,1,0,0,0,0,"650031,293795","5362367,02981",11.026897759,48.396600659,0,2,#fc8d62,car
103405,"9,21E+18",9,7,77,151,2021,9,20,7,3,0,1,1,0,0,0,0,0,1,"621358,798323","5293434,19648",10.620124615,47.782831499,0,6,#ffd92f,circle
103408,"9,21E+18",9,2,74,182,2021,10,23,6,1,4,6,2,0,1,0,1,0,0,"728517,911915","5377875,16869",12.09437256,48.51236955,0,2,#fc8d62,car
103419,"9,21E+18",9,7,72,200,2021,9,13,6,3,5,3,0,0,1,0,1,0,0,"629375,385","5337126,301",10.740254839,48.174198757,0,2,#fc8d62,car
103421,"9,21E+18",9,1,62,0,2021,10,8,3,3,2,6,0,0,1,0,0,0,0,"693066,63258","5331346,86557",11.593597878,48.106101171,1,2,#fc8d62,car
103423,"9,21E+18",9,7,72,207,2021,9,11,6,3,5,3,0,0,1,0,1,0,0,"640691,776093","5382099,47611",10.90744151,48.57617703,0,2,#fc8d62,car
103425,"9,21E+18",9,7,73,122,2021,10,16,2,3,9,1,0,0,1,0,0,0,0,"626604,463761","5382642,19678",10.71671111,48.584062198,0,2,#fc8d62,car
103426,"9,21E+18",9,1,81,130,2021,10,16,7,2,4,6,0,0,1,0,0,0,0,"638773,665743","5320229,51865",10.861112345,48.020275444,0,2,#fc8d62,car
103427,"9,21E+18",9,1,84,135,2021,9,21,3,3,3,6,2,0,1,0,0,0,0,"687990,958589","5347331,40948",11.532553455,48.251290396,0,2,#fc8d62,car
103428,"9,21E+18",9,7,72,147,2021,9,10,4,3,9,7,0,0,1,0,0,0,0,"634537,271496","5364449,66952",10.818359739,48.418824251,0,2,#fc8d62,car
103432,"9,21E+18",9,1,84,136,2021,9,19,2,3,5,3,1,1,1,0,0,0,0,"698552,703646","5326374,12306",11.664903434,48.059723448,0,1,#66c2a5,bicycle
103435,"9,21E+18",9,1,82,137,2021,10,17,1,2,3,2,0,0,1,0,0,0,0,"709111,564899","5305232,45211",11.796169307,47.866361587,0,2,#fc8d62,car
103440,"9,21E+18",9,1,62,0,2021,9,21,4,3,0,7,2,0,1,0,0,0,0,"694647,358357","5334498,31232",11.616248762,48.133944147,1,2,#fc8d62,car
103442,"9,21E+18",9,1,62,0,2021,9,9,5,3,3,6,0,0,1,0,0,1,0,"683285,455267","5342528,81076",11.467147163,48.209500605,0,2,#fc8d62,car
103448,"9,21E+18",9,1,62,0,2021,9,17,5,3,4,6,0,1,0,0,0,0,0,"682732,953645","5336222,69652",11.457005342,48.152976695,0,1,#66c2a5,bicycle
103450,"9,21E+18",9,7,72,147,2021,10,11,2,3,5,3,0,0,1,0,0,0,0,"638167,555291","5365128,22732",10.867622229,48.424140026,0,2,#fc8d62,car
103456,"9,21E+18",9,1,62,0,2021,10,7,2,3,0,6,0,0,0,0,0,1,1,"689696,17151","5331901,79544",11.548613752,48.112101494,0,5,#a6d854,bus
103457,"9,21E+18",9,1,77,139,2021,10,21,7,3,8,1,2,0,1,0,0,0,0,"738064,250898","5360461,33784",12.213543065,48.352408188,0,2,#fc8d62,car
103458,"9,21E+18",9,1,84,145,2021,9,12,4,2,2,2,0,0,1,0,0,0,0,"699207,844725","5324800,42926",11.672954026,48.045375999,0,2,#fc8d62,car
103460,"9,21E+18",9,1,63,0,2021,9,16,4,3,2,6,0,0,1,0,0,0,0,"732606,290212","5306725,60446",12.110681756,47.87170069,0,2,#fc8d62,car
103461,"9,21E+18",9,7,77,155,2021,9,14,7,3,9,6,0,1,0,0,0,0,1,"633206,011296","5311839,41561",10.783879789,47.94600974,0,1,#66c2a5,bicycle
103462,"9,21E+18",9,1,62,0,2021,9,19,2,3,5,2,1,0,1,0,1,0,0,"697509,099697","5333584,50905",11.654247301,48.124849868,0,2,#fc8d62,car
103465,"9,21E+18",9,1,75,124,2021,10,13,1,2,5,3,0,0,1,0,1,0,0,"715919,377002","5328457,602",11.898748033,48.072805235,0,2,#fc8d62,car
103467,"9,21E+18",9,1,62,0,2021,9,14,1,3,3,6,0,0,1,0,1,0,0,"686586,454739","5333267,6439",11.507473496,48.12529686,0,2,#fc8d62,car
103477,"9,21E+18",9,1,82,116,2021,9,7,6,3,2,2,0,0,1,0,0,0,0,"704865,453001","5293321,126",11.733830606,47.760680164,1,2,#fc8d62,car
103483,"9,21E+18",9,1,74,121,2021,9,17,6,3,4,2,0,0,1,0,0,0,0,"690750,958157","5353359,85945",11.572417145,48.304647593,0,2,#fc8d62,car
103484,"9,21E+18",9,1,77,137,2021,10,11,1,3,9,1,0,0,0,0,1,0,0,"733229,73548","5347021,08873",12.140965907,48.233475783,0,4,#e78ac3,marker
103488,"9,21E+18",9,1,85,158,2021,10,16,5,3,0,3,0,1,1,0,0,0,0,"666560,123772","5381295,03747",11.257570129,48.562604356,0,1,#66c2a5,bicycle
103494,"9,21E+18",9,1,85,158,2021,10,18,5,3,4,2,1,0,1,0,0,0,0,"665610,955599","5383053,1167",11.245415329,48.578659841,0,2,#fc8d62,car
103495,"9,21E+18",9,1,81,121,2021,9,17,4,3,5,3,0,0,1,0,0,0,0,"636473,049717","5312544,54283",10.827832478,47.951662979,0,2,#fc8d62,car
103498,"9,21E+18",9,1,79,119,2021,10,11,2,3,0,1,0,1,0,0,0,0,0,"671335,549089","5339084,13309",11.305043063,48.181872735,0,1,#66c2a5,bicycle
103500,"9,21E+18",9,1,88,121,2021,9,7,5,3,3,6,0,0,1,0,0,0,0,"670168,846481","5329225,76896",11.285421181,48.093561656,0,2,#fc8d62,car
103503,"9,21E+18",9,1,84,145,2021,10,13,2,3,2,7,0,0,1,0,0,0,1,"698988,395183","5324724,24198",11.669977372,48.044759716,0,2,#fc8d62,car
103504,"9,21E+18",9,7,77,128,2021,10,17,1,2,8,1,0,0,0,0,1,0,0,"617414,595859","5303231,89056",10.570146898,47.871683777,0,4,#e78ac3,marker
103505,"9,21E+18",9,1,87,170,2021,9,6,2,3,4,6,0,0,1,0,0,0,0,"734725,662002","5321412,66599",12.146985247,48.002874441,1,2,#fc8d62,car
103508,"9,21E+18",9,1,87,129,2021,10,13,1,3,4,2,0,0,1,0,0,0,0,"725644,137613","5300598,39111",12.014516764,47.819131427,0,2,#fc8d62,car
103509,"9,21E+18",9,1,82,120,2021,10,17,6,2,4,6,0,0,1,0,1,0,0,"699789,90111","5302166,00633",11.67025016,47.84176825,0,2,#fc8d62,car
103522,"9,21E+18",9,1,84,122,2021,9,9,2,3,2,6,0,0,1,0,0,0,1,"689659,157123","5323379,72657",11.544335489,48.035514659,1,2,#fc8d62,car
103528,"9,21E+18",9,1,78,143,2021,10,16,6,3,2,6,0,0,1,0,0,0,0,"717766,624741","5372217,18671",11.946045856,48.465354917,0,2,#fc8d62,car
103535,"9,21E+18",9,7,71,130,2021,9,15,5,2,9,1,0,1,0,0,0,0,0,"650790,874778","5356327,02961",11.034987132,48.342114319,0,1,#66c2a5,bicycle
103538,"9,21E+18",9,1,62,0,2021,9,18,2,2,3,3,0,0,1,0,1,0,0,"694558,152809","5336407,31612",11.615923251,48.151128744,0,2,#fc8d62,car
103540,"9,21E+18",9,1,86,152,2021,9,14,7,3,8,6,0,0,1,0,1,0,0,"694406,358032","5378794,62996",11.633447512,48.53211872,0,2,#fc8d62,car
103541,"9,21E+18",9,1,77,124,2021,9,17,2,3,4,6,0,0,1,0,0,0,1,"725460,647311","5367252,30182",12.047311679,48.418041752,0,2,#fc8d62,car
103543,"9,21E+18",9,7,62,0,2021,10,17,6,2,0,7,0,1,0,0,0,0,0,"621984,234172","5308592,43004",10.632745366,47.919043087,0,1,#66c2a5,bicycle
103544,"9,21E+18",9,7,71,112,2021,9,15,6,3,5,3,0,1,1,0,0,0,0,"645455,785794","5367777,21859",10.966998502,48.446316956,0,1,#66c2a5,bicycle
103547,"9,21E+18",9,1,79,136,2021,10,18,7,2,4,6,0,0,1,0,0,0,0,"660729,301007","5341682,921",11.163445952,48.208008936,0,2,#fc8d62,car
103549,"9,21E+18",9,1,88,126,2021,9,12,3,3,2,6,0,0,1,0,0,1,0,"659670,632612","5325072,99495",11.142980833,48.058941965,0,2,#fc8d62,car
103551,"9,21E+18",9,1,79,142,2021,9,8,5,3,1,6,0,0,1,0,0,0,0,"672737,551433","5340848,13922",11.324606145,48.197350598,1,2,#fc8d62,car
103555,"9,21E+18",9,1,74,113,2021,9,17,3,2,4,2,0,0,1,0,0,0,0,"677718,144592","5351085,38258",11.395868339,48.287998266,0,2,#fc8d62,car
103564,"9,21E+18",9,1,84,132,2021,10,13,3,3,4,2,0,0,1,0,0,0,1,"683765,653216","5329106,55173",11.467810157,48.088714742,0,2,#fc8d62,car
103565,"9,21E+18",9,1,88,117,2021,9,21,5,3,5,3,2,0,1,0,0,0,0,"665948,798","5315977,305",11.223656305,47.975566445,0,2,#fc8d62,car
103567,"9,21E+18",9,1,78,120,2021,9,7,5,2,6,3,0,0,1,1,0,0,0,"694415,248983","5353168,95571",11.62169163,48.301816491,1,2,#fc8d62,car
103573,"9,21E+18",9,1,62,0,2021,10,21,2,3,5,7,2,0,1,0,0,0,0,"688070,410489","5340232,97999",11.530474453,48.187465811,0,2,#fc8d62,car
103574,"9,21E+18",9,1,73,112,2021,9,14,5,3,2,6,0,0,1,0,1,0,0,"693454,344126","5292856,85403",11.58151264,47.760031928,0,2,#fc8d62,car
103575,"9,21E+18",9,7,73,125,2021,10,13,6,3,4,6,0,0,1,0,0,0,1,"613550,794381","5383775,91167",10.540088383,48.596760128,0,2,#fc8d62,car
103578,"9,21E+18",9,1,84,123,2021,9,20,5,3,1,5,2,0,1,0,0,1,0,"702718,232911","5331968,42895",11.723401591,48.108689152,0,2,#fc8d62,car
103579,"9,21E+18",9,1,87,177,2021,9,7,2,3,5,3,0,1,1,0,0,0,0,"736054,727845","5305653,57288",12.156141119,47.860811935,0,1,#66c2a5,bicycle
103580,"9,21E+18",9,7,72,177,2021,10,17,7,3,9,1,0,0,1,0,0,0,0,"635721,150236","5375776,98855",10.838028015,48.520423593,0,2,#fc8d62,car
103581,"9,21E+18",9,1,62,0,2021,10,15,7,3,1,6,0,0,1,0,0,0,0,"684613,687491","5342661,97704",11.485066627,48.210312636,0,2,#fc8d62,car
103585,"9,21E+18",9,1,62,0,2021,10,8,4,3,6,4,0,0,1,1,0,0,0,"684519,433585","5332098,52963",11.47921661,48.115390677,1,2,#fc8d62,car
103590,"9,21E+18",9,1,62,0,2021,9,11,4,3,2,6,0,0,1,0,1,0,0,"687329,744273","5333159,48634",11.517404803,48.124106425,0,2,#fc8d62,car
103596,"9,21E+18",9,1,74,126,2021,9,7,5,3,5,3,0,1,1,0,0,0,0,"683274,692581","5344303,24539",11.467769283,48.225453206,0,1,#66c2a5,bicycle
103598,"9,21E+18",9,1,62,0,2021,10,18,5,3,2,6,2,0,1,0,0,0,0,"693751,475861","5337013,31301",11.605364664,48.156821457,0,2,#fc8d62,car
103601,"9,21E+18",9,1,62,0,2021,9,23,1,3,2,6,2,0,1,0,0,0,0,"691129,306328","5332015,46127",11.567899221,48.112694675,1,2,#fc8d62,car
103604,"9,21E+18",9,2,61,0,2021,10,21,7,3,4,2,2,1,1,0,0,0,0,"731666,41193","5382224,53991",12.139357073,48.550286034,0,1,#66c2a5,bicycle
103605,"9,21E+18",9,1,78,120,2021,10,16,6,2,3,6,0,0,1,0,0,0,0,"695199,185975","5352726,11598",11.632046718,48.297595236,0,2,#fc8d62,car
103608,"9,21E+18",9,1,84,130,2021,9,13,6,3,2,6,0,0,1,0,0,0,0,"698705,331733","5346190,33015",11.676199479,48.237767395,0,2,#fc8d62,car
103609,"9,21E+18",9,1,63,0,2021,9,6,2,3,8,7,0,0,1,0,0,0,0,"731543,521201","5301552,36105",12.093722682,47.825606765,0,2,#fc8d62,car
103612,"9,21E+18",9,1,84,121,2021,9,21,7,3,2,6,2,0,1,0,0,0,0,"705049,868885","5331357,6649",11.754394948,48.102454206,0,2,#fc8d62,car
103613,"9,21E+18",9,1,63,0,2021,9,18,4,3,5,2,0,0,1,0,0,0,0,"733524,296306","5302738,98909",12.120787725,47.835551682,0,2,#fc8d62,car
103614,"9,21E+18",9,1,77,117,2021,10,18,3,3,4,2,0,0,1,0,0,0,0,"715977,557001","5352266,854",11.911627585,48.286719358,0,2,#fc8d62,car
103615,"9,21E+18",9,1,62,0,2021,9,12,3,3,5,2,0,1,1,0,0,0,0,"686761,330782","5335164,69103",11.510652888,48.142296871,0,1,#66c2a5,bicycle
103620,"9,21E+18",9,1,87,128,2021,9,19,7,3,0,7,2,0,0,0,1,0,0,"745025,464538","5308243,66208",12.277352352,47.880720281,0,4,#e78ac3,marker
103622,"9,21E+18",9,1,81,128,2021,10,17,5,3,0,1,0,0,1,0,1,0,0,"638479,916285","5327337,03467",10.859475348,48.084252574,0,2,#fc8d62,car
103630,"9,21E+18",9,2,61,0,2021,10,14,6,3,3,2,0,1,1,0,0,0,0,"733397,850136","5382639,54533",12.163015598,48.55337209,0,1,#66c2a5,bicycle
103633,"9,21E+18",9,1,90,142,2021,10,12,2,3,4,6,0,0,1,0,0,1,0,"662289,584543","5296142,84264",11.167205404,47.798175313,0,2,#fc8d62,car
103638,"9,21E+18",9,7,72,184,2021,10,12,1,3,0,1,0,1,0,0,0,0,0,"634637,195875","5362571,24473",10.819106822,48.401912109,0,1,#66c2a5,bicycle
103641,"9,21E+18",9,1,62,0,2021,9,2,1,3,3,6,2,0,1,0,0,0,0,"692186,737833","5339323,08218",11.585389901,48.178055913,0,2,#fc8d62,car
103642,"9,21E+18",9,7,71,111,2021,10,16,7,3,9,1,0,0,1,0,0,0,0,"657193,167","5357706,302",11.121843391,48.352954111,0,2,#fc8d62,car
103643,"9,21E+18",9,1,79,123,2021,10,17,6,3,5,3,0,1,1,0,0,0,0,"675393,195001","5333206,091",11.357161888,48.127925988,0,1,#66c2a5,bicycle
103647,"9,21E+18",9,1,79,118,2021,9,17,2,3,2,6,0,0,1,0,1,0,0,"672661,131765","5337945,02802",11.322398733,48.171273882,0,2,#fc8d62,car
103650,"9,21E+18",9,1,62,0,2021,9,20,6,3,5,3,2,0,1,0,0,0,0,"682691,703001","5340866,425",11.458446958,48.194729297,0,2,#fc8d62,car
103651,"9,21E+18",9,1,74,121,2021,9,16,4,3,4,6,0,0,1,0,0,0,0,"691041,726226","5352868,05275",11.576111677,48.300139692,0,2,#fc8d62,car
103655,"9,21E+18",9,1,86,143,2021,9,16,5,3,5,2,0,0,1,0,0,0,0,"684292,906026","5377268,35553",11.49591427,48.521452059,1,2,#fc8d62,car
103657,"9,21E+18",9,7,77,145,2021,10,11,1,3,3,2,0,0,1,0,0,1,0,"629101,065808","5323897,83162",10.732561522,48.05529253,0,2,#fc8d62,car
103661,"9,21E+18",9,1,82,120,2021,9,19,3,3,0,7,2,1,0,0,0,0,0,"702521,839466","5305595,94825",11.708327491,47.871739678,0,1,#66c2a5,bicycle
103662,"9,21E+18",9,1,85,158,2021,10,7,6,3,2,6,0,0,1,0,1,0,0,"665754,796206","5382915,0502",11.247308969,48.577380678,0,2,#fc8d62,car
103669,"9,21E+18",9,7,61,0,2021,9,16,5,3,5,1,0,0,1,0,0,0,1,"642432,577445","5359310,062",10.92326596,48.370876198,0,2,#fc8d62,car
103673,"9,21E+18",9,1,62,0,2021,9,9,2,3,0,6,0,0,0,0,1,0,1,"685112,924155","5328919,09759",11.485803979,48.086639969,0,4,#e78ac3,marker
103675,"9,21E+18",9,7,61,0,2021,9,7,1,3,9,1,1,0,0,0,0,0,1,"639491,455715","5351742,97026",10.881068905,48.303491381,0,6,#ffd92f,circle
103676,"9,21E+18",9,1,73,137,2021,10,4,4,2,9,1,2,0,1,0,0,0,0,"679103,945313","5304718,18766",11.395097344,47.870807003,1,2,#fc8d62,car
103683,"9,21E+18",9,1,84,141,2021,9,14,2,2,5,3,0,1,0,0,0,0,1,"697749,065636","5316569,739",11.649607645,47.971855964,0,1,#66c2a5,bicycle
103686,"9,21E+18",9,1,63,0,2021,9,11,4,3,2,6,0,0,1,0,0,0,0,"733702,197085","5301324,86302",12.122398641,47.822782448,1,2,#fc8d62,car
103688,"9,21E+18",9,1,62,0,2021,9,16,2,3,2,6,0,0,1,0,0,0,0,"693227,191991","5338408,07766",11.598955791,48.169516655,0,2,#fc8d62,car
103691,"9,21E+18",9,1,78,113,2021,10,10,1,3,2,6,0,0,1,0,0,0,0,"691614,660678","5365725,63984",11.589683309,48.415523314,0,2,#fc8d62,car
103693,"9,21E+18",9,1,75,116,2021,9,13,1,3,5,3,0,0,1,0,0,0,0,"708837,013001","5320622,99",11.799965616,48.004758909,0,2,#fc8d62,car
103697,"9,21E+18",9,7,62,0,2021,10,4,3,3,5,2,2,1,1,0,0,0,0,"622730,589827","5304715,11488",10.641627876,47.884029459,1,1,#66c2a5,bicycle
103698,"9,21E+18",9,7,72,125,2021,10,17,4,3,2,6,1,0,1,0,0,0,0,"636986,363984","5346895,91307",10.845734256,48.260453762,0,2,#fc8d62,car
103699,"9,21E+18",9,7,73,182,2021,9,21,4,2,0,3,2,0,1,0,0,0,0,"625084,616398","5379261,57553",10.695095356,48.553967812,0,2,#fc8d62,car
103706,"9,21E+18",9,1,73,112,2021,9,18,5,3,2,6,0,0,1,0,0,0,0,"693929,21327","5292847,00066",11.587838373,47.759800715,0,2,#fc8d62,car
103710,"9,21E+18",9,1,62,0,2021,9,8,5,2,3,6,0,0,1,0,1,0,0,"692415,201279","5331169,17712",11.584775871,48.104701223,0,2,#fc8d62,car
103711,"9,21E+18",9,1,77,115,2021,9,18,2,3,5,3,0,1,1,0,0,0,0,"734126,766098","5350877,90071",12.155160229,48.267791636,0,1,#66c2a5,bicycle
103713,"9,21E+18",9,1,75,139,2021,10,17,1,3,2,6,0,0,1,0,0,0,0,"708235,52878","5330010,08529",11.796477574,48.089311308,0,2,#fc8d62,car
103727,"9,21E+18",9,2,74,114,2021,9,12,3,3,5,3,0,0,1,0,0,0,0,"735771,819532","5372565,41107",12.189446648,48.461994286,0,2,#fc8d62,car
103730,"9,21E+18",9,1,84,129,2021,9,21,7,3,0,7,2,1,0,0,0,0,0,"701878,454065","5323530,84635",11.708148337,48.033127295,0,1,#66c2a5,bicycle
103732,"9,21E+18",9,1,73,147,2021,9,10,3,3,2,2,0,0,1,0,0,0,1,"681143,646293","5309109,49381",11.424191115,47.909709772,0,2,#fc8d62,car
103733,"9,21E+18",9,1,81,146,2021,10,7,6,3,4,2,0,0,1,0,0,0,0,"651824,433247","5326549,96398",11.038270275,48.074137302,0,2,#fc8d62,car
103743,"9,21E+18",9,1,87,116,2021,9,9,3,2,4,6,0,0,1,0,1,0,0,"747305,37667","5329283,89087",12.319900835,48.068833141,0,2,#fc8d62,car
103745,"9,21E+18",9,7,72,125,2021,9,2,1,3,8,1,2,0,0,0,1,0,0,"636412,429213","5346248,30965",10.83779649,48.254754254,0,4,#e78ac3,marker
103750,"9,21E+18",9,1,79,119,2021,10,19,3,3,8,1,2,0,0,0,1,0,0,"671860,972759","5339189,3492",11.312148385,48.182676671,1,4,#e78ac3,marker
103751,"9,21E+18",9,1,62,0,2021,9,16,3,3,3,2,0,1,1,0,0,0,0,"691746,46368","5331891,61895",11.576126629,48.111396091,0,1,#66c2a5,bicycle
103759,"9,21E+18",9,1,84,137,2021,9,6,2,2,8,7,2,0,1,0,0,0,0,"704161,838434","5315976,10386",11.735149655,47.96450769,0,2,#fc8d62,car
103761,"9,21E+18",9,1,62,0,2021,10,9,1,3,5,2,0,0,1,0,1,0,0,"687932,846238","5327745,77907",11.523117653,48.075268719,0,2,#fc8d62,car
103762,"9,21E+18",9,1,81,114,2021,10,15,1,3,0,1,0,1,0,0,0,0,0,"657317,774449","5311837,03964",11.106572324,47.940520841,0,1,#66c2a5,bicycle
103770,"9,21E+18",9,1,62,0,2021,9,14,4,3,0,7,0,0,0,0,0,0,1,"693170,235453","5338960,9035",11.59844171,48.174502574,0,6,#ffd92f,circle
103772,"9,21E+18",9,7,72,202,2021,10,13,3,2,1,5,0,0,1,0,0,0,0,"636664,25107","5356728,29176",10.844580571,48.348936549,1,2,#fc8d62,car
103777,"9,21E+18",9,7,61,0,2021,10,14,6,3,0,7,0,1,0,0,0,0,0,"639333,147897","5360882,95173",10.881959518,48.385711099,0,1,#66c2a5,bicycle
103778,"9,21E+18",9,1,87,132,2021,10,0,3,2,2,6,2,0,0,0,0,1,0,"747148,695208","5299736,12434",12.3008464,47.803488014,0,5,#a6d854,bus
103782,"9,21E+18",9,1,87,128,2021,9,16,4,3,0,1,0,1,0,0,0,0,0,"746226,408014","5311790,79765",12.29541163,47.912122967,0,1,#66c2a5,bicycle
103785,"9,21E+18",9,1,62,0,2021,10,18,4,3,5,2,1,1,1,0,0,0,0,"689199,168237","5329874,04333",11.541044195,48.094023558,0,1,#66c2a5,bicycle
103788,"9,21E+18",9,1,73,137,2021,9,13,7,3,2,6,0,1,0,0,0,0,0,"674402,594848","5307963,24083",11.333593094,47.901273534,0,1,#66c2a5,bicycle
103791,"9,21E+18",9,7,77,177,2021,10,19,1,3,7,1,2,0,1,0,0,0,0,"633481,976","5314173,612",10.788298044,47.966943414,0,2,#fc8d62,car
103795,"9,21E+18",9,1,62,0,2021,9,16,2,3,5,2,0,1,1,0,0,0,0,"686877,468715","5335148,24057",11.512205367,48.142114908,0,1,#66c2a5,bicycle
103798,"9,21E+18",9,1,82,116,2021,10,14,1,3,2,1,0,0,1,0,0,0,1,"704504,287283","5293691,50207",11.729190906,47.764123509,0,2,#fc8d62,car
103802,"9,21E+18",9,7,62,0,2021,10,15,6,3,1,6,0,0,1,0,0,1,0,"622127,220827","5304697,92386",10.633555832,47.883989929,0,2,#fc8d62,car
103804,"9,21E+18",9,1,63,0,2021,10,7,4,3,2,2,0,0,1,0,0,0,0,"730985,177927","5303251,2161",12.087179734,47.841070612,0,2,#fc8d62,car
103808,"9,21E+18",9,1,73,134,2021,10,7,4,2,4,6,0,1,0,0,0,0,0,"685749,291414","5300141,7736",11.481913902,47.827782369,1,1,#66c2a5,bicycle
103822,"9,21E+18",9,7,72,184,2021,10,13,4,3,2,6,0,0,1,0,0,0,0,"633096,734","5358899,168",10.797140839,48.36921937,0,2,#fc8d62,car
103827,"9,21E+18",9,1,78,124,2021,10,0,4,3,4,6,2,0,1,0,0,1,0,"702794,395487","5360523,26376",11.73809223,48.365275244,1,2,#fc8d62,car
103828,"9,21E+18",9,7,61,0,2021,10,4,4,2,5,3,2,0,1,0,0,1,0,"643353,009446","5361335,63402",10.936378069,48.388880625,1,2,#fc8d62,car
103829,"9,21E+18",9,1,87,145,2021,9,20,4,3,8,1,2,0,1,0,0,0,0,"746583,810808","5314251,88245",12.30159473,47.934092039,0,2,#fc8d62,car
103830,"9,21E+18",9,1,73,123,2021,9,19,2,2,8,1,2,0,1,0,0,0,0,"680032,74467","5300163,55677",11.40561125,47.829603581,0,2,#fc8d62,car
103834,"9,21E+18",9,1,84,142,2021,10,15,1,3,2,6,0,0,1,0,0,0,0,"681317,006248","5318559,27524",11.430491346,47.994606491,0,2,#fc8d62,car
103835,"9,21E+18",9,1,62,0,2021,10,7,2,2,5,3,0,0,1,0,0,0,0,"688316,154273","5340198,52478",11.533762291,48.187083322,0,2,#fc8d62,car
103837,"9,21E+18",9,7,61,0,2021,10,14,6,3,1,6,0,0,1,0,0,0,0,"637482,947359","5359808,50493",10.856631284,48.376455807,0,2,#fc8d62,car
103840,"9,21E+18",9,1,73,112,2021,9,12,6,3,1,6,0,0,1,0,1,0,0,"692474,052782","5292937,59632",11.568480695,47.761051051,0,2,#fc8d62,car
103841,"9,21E+18",9,1,77,133,2021,9,16,2,3,0,6,0,0,1,0,0,0,1,"709520,027781","5354255,71882",11.82567106,48.306760933,0,2,#fc8d62,car
103844,"9,21E+18",9,1,73,126,2021,9,14,7,1,5,3,0,1,0,0,1,0,0,"686514,845645","5303692,69279",11.493663239,47.859479733,0,1,#66c2a5,bicycle
103848,"9,21E+18",9,1,74,113,2021,9,6,7,3,2,6,2,0,1,0,0,0,0,"670793,917168","5347490,64677",11.301148546,48.25758966,0,2,#fc8d62,car
103849,"9,21E+18",9,1,82,137,2021,9,14,4,3,8,1,0,0,0,0,1,0,0,"712164,515542","5304228,5472",11.836448409,47.856339176,0,4,#e78ac3,marker
103852,"9,21E+18",9,7,72,184,2021,9,9,3,3,4,6,0,0,1,0,0,0,0,"636090,66164","5361212,68",10.838294103,48.389383905,0,2,#fc8d62,car
103855,"9,21E+18",9,7,72,149,2021,10,19,5,2,0,1,2,1,0,0,0,0,0,"635280,592","5339115,041",10.820279578,48.190852517,0,1,#66c2a5,bicycle
103857,"9,21E+18",9,1,73,112,2021,10,7,2,3,0,7,0,0,0,0,1,0,0,"693190,291119","5296495,91379",11.579611173,47.792820476,1,4,#e78ac3,marker
103858,"9,21E+18",9,1,62,0,2021,9,11,4,3,4,2,0,1,1,0,0,0,0,"694584,47322","5340825,42738",11.618298746,48.190828558,0,1,#66c2a5,bicycle
103859,"9,21E+18",9,1,62,0,2021,9,9,7,3,5,2,0,0,1,0,0,0,1,"689015,749561","5331895,74579",11.539478766,48.112249409,0,2,#fc8d62,car