OBJECTID,UIDENTSTLA,ULAND,UREGBEZ,UKREIS,UGEMEINDE,UJAHR,UMONAT,USTUNDE,UWOCHENTAG,UKATEGORIE,UART,UTYP1,ULICHTVERH,IstRad,IstPKW,IstFuss,IstKrad,IstGkfz,IstSonstig,LINREFX,LINREFY,XGCSWGS84,YGCSWGS84,STRZUSTAN,Teilnehmer,color,symbol
103860,"9,21E+18",9,1,87,132,2021,10,14,6,2,8,6,0,0,1,0,0,0,0,"747545,309139","5298617,14609",12.305496047,47.793284434,0,2,#fc8d62,car
103866,"9,21E+18",9,7,72,125,2021,9,14,5,3,2,6,0,1,0,0,0,0,0,"633213,598885","5347825,77354",10.795219739,48.269619931,0,1,#66c2a5,bicycle
103869,"9,21E+18",9,1,62,0,2021,9,14,5,3,2,6,0,0,1,0,0,0,0,"688379,370595","5334101,0555",11.531912032,48.132259721,0,2,#fc8d62,car
103871,"9,21E+18",9,1,79,134,2021,10,16,6,3,2,6,0,0,1,0,0,0,0,"664341,920466","5344879,67781",11.213274423,48.235823118,0,2,#fc8d62,car
103874,"9,21E+18",9,7,71,113,2021,9,17,1,2,3,2,0,0,1,0,1,0,0,"660085,805273","5369083,7118",11.165199483,48.454511939,0,2,#fc8d62,car
103881,"9,21E+18",9,1,62,0,2021,10,9,6,3,1,6,0,0,1,0,0,0,1,"692046,903888","5341322,38361",11.584414637,48.196067376,1,2,#fc8d62,car
103886,"9,21E+18",9,7,61,0,2021,9,20,7,3,3,6,2,0,1,0,0,0,0,"639275,449774","5351013,49363",10.877916967,48.296979611,0,2,#fc8d62,car
103889,"9,21E+18",9,7,71,142,2021,10,11,1,2,4,6,0,0,1,0,0,0,0,"645246,702629","5353920,62473",10.959383091,48.321776398,1,2,#fc8d62,car
103890,"9,21E+18",9,1,82,136,2021,10,15,1,3,5,3,0,0,1,0,0,0,0,"706559,62871","5295208,82211",11.75730887,47.777104632,0,2,#fc8d62,car
103893,"9,21E+18",9,1,81,127,2021,9,13,1,3,2,6,0,0,1,0,0,0,0,"634970,249703","5322951,9276",10.810988867,48.045571934,0,2,#fc8d62,car
103902,"9,21E+18",9,1,78,155,2021,9,14,6,3,2,6,0,0,0,0,1,0,0,"712767,431327","5376153,58816",11.880508199,48.50243419,0,4,#e78ac3,marker
103905,"9,21E+18",9,7,78,203,2021,10,11,6,3,4,6,0,0,1,0,1,0,0,"622715,819441","5326603,28026",10.647684577,48.080883586,0,2,#fc8d62,car
103910,"9,21E+18",9,7,72,184,2021,9,16,3,3,5,3,0,1,1,0,0,0,0,"635810,625464","5361604,9227",10.834640259,48.392971297,0,1,#66c2a5,bicycle
103915,"9,21E+18",9,1,73,137,2021,9,21,1,2,8,1,2,0,1,0,0,0,0,"679140,940485","5307743,74317",11.39684674,47.89799489,1,2,#fc8d62,car
103920,"9,21E+18",9,7,61,0,2021,10,18,4,3,5,3,1,0,1,0,0,0,0,"641578,191192","5357767,81758",10.911216818,48.357201195,0,2,#fc8d62,car
103924,"9,21E+18",9,1,63,0,2021,10,19,2,3,8,1,2,0,1,0,0,0,0,"730463,832183","5303426,25897",12.080315416,47.842830327,0,2,#fc8d62,car
103926,"9,21E+18",9,1,84,145,2021,9,7,4,3,5,3,0,0,1,0,1,0,0,"695155,751001","5324491,102",11.618501812,48.043847412,1,2,#fc8d62,car
103931,"9,21E+18",9,1,62,0,2021,9,10,1,3,3,2,0,1,1,0,0,0,0,"682683,280527","5337605,16941",11.456931724,48.16541754,0,1,#66c2a5,bicycle
103938,"9,21E+18",9,1,87,167,2021,9,15,7,3,7,7,0,1,1,0,0,0,0,"740015,812519","5301168,13667",12.20653072,47.819050634,0,1,#66c2a5,bicycle
103950,"9,21E+18",9,1,74,115,2021,10,19,5,3,4,6,2,0,1,0,0,0,0,"680500,445001","5348300,271",11.432153307,48.262176665,0,2,#fc8d62,car
103957,"9,21E+18",9,1,90,157,2021,10,15,6,3,3,2,0,0,1,0,1,0,0,"656742,234604","5302238,64131",11.095384257,47.854359689,0,2,#fc8d62,car
103959,"9,21E+18",9,1,79,142,2021,9,14,2,3,2,6,0,0,1,0,0,0,0,"672588,518446","5341397,59146",11.322825655,48.202330407,0,2,#fc8d62,car
103961,"9,21E+18",9,1,84,142,2021,9,12,1,3,5,2,0,1,1,0,0,0,0,"684096,500536","5316727,88752",11.466928944,47.977350336,0,1,#66c2a5,bicycle
103965,"9,21E+18",9,2,74,126,2021,9,9,2,3,3,6,0,0,1,0,0,0,0,"733611,827135","5383270,08853",12.166264587,48.558956331,0,2,#fc8d62,car
103967,"9,21E+18",9,1,87,156,2021,10,11,7,3,5,3,0,0,1,0,1,0,0,"735901,384641","5292546,8656",12.146967424,47.743119139,0,2,#fc8d62,car
103968,"9,21E+18",9,1,75,135,2021,9,13,7,3,5,3,0,0,1,0,0,0,0,"708794,358142","5340161,7085",11.808948213,48.180352728,0,2,#fc8d62,car
103974,"9,21E+18",9,1,84,131,2021,10,6,5,2,5,3,1,0,1,0,0,0,0,"705533,277646","5339516,69116",11.764817821,48.175619516,0,2,#fc8d62,car
103976,"9,21E+18",9,1,87,181,2021,10,10,2,2,2,6,0,0,1,0,0,0,0,"737518,687184","5316609,27601",12.181716757,47.958692732,0,2,#fc8d62,car
103977,"9,21E+18",9,7,72,111,2021,9,7,4,2,5,3,1,0,1,0,0,0,0,"627622,868647","5364059,19689",10.724833473,48.416751524,1,2,#fc8d62,car
103978,"9,21E+18",9,1,62,0,2021,9,12,7,3,5,3,0,0,1,0,1,0,0,"695071,964879","5331488,96225",11.620572796,48.106767397,0,2,#fc8d62,car
103979,"9,21E+18",9,2,61,0,2021,10,12,3,3,5,3,0,1,1,0,0,0,0,"732360,666002","5382045,87299",12.148650597,48.548424359,0,1,#66c2a5,bicycle
103982,"9,21E+18",9,1,88,139,2021,10,18,2,3,2,2,2,0,1,0,0,0,0,"675389,30068","5319050,2455",11.351303616,48.00067334,0,2,#fc8d62,car
103983,"9,21E+18",9,2,61,0,2021,10,13,1,3,1,6,0,0,1,0,0,0,0,"732810,480883","5383047,34161",12.155296148,48.55725346,0,2,#fc8d62,car
103985,"9,21E+18",9,7,77,158,2021,9,20,5,3,5,3,2,0,1,0,0,0,0,"620137,549","5310089,816",10.608455426,47.932858921,0,2,#fc8d62,car
103990,"9,21E+18",9,1,79,142,2021,10,15,6,3,5,3,0,1,1,0,0,0,0,"673171,623001","5339351,862",11.329832514,48.183781678,0,1,#66c2a5,bicycle
103995,"9,21E+18",9,1,84,147,2021,10,12,6,2,4,6,0,0,1,0,1,1,0,"696223,326001","5339247,872",11.639598152,48.176146374,0,2,#fc8d62,car
103996,"9,21E+18",9,7,77,121,2021,9,8,6,3,5,3,0,0,1,0,0,1,0,"627248,059","5321313,276",10.706937013,48.03242154,0,2,#fc8d62,car
103998,"9,21E+18",9,1,81,130,2021,10,18,3,3,5,3,1,1,1,0,0,0,0,"639366,12227","5322924,29399",10.869930285,48.044378818,1,1,#66c2a5,bicycle
104000,"9,21E+18",9,7,72,130,2021,9,7,4,3,2,6,0,0,1,0,0,0,0,"631320,946922","5356960,82078",10.772570241,48.352161146,0,2,#fc8d62,car
104006,"9,21E+18",9,7,73,122,2021,10,17,1,3,2,6,0,0,0,0,1,0,0,"626892,3265","5383830,77782",10.720975596,48.594691908,0,4,#e78ac3,marker
104007,"9,21E+18",9,7,78,127,2021,10,20,7,3,2,6,2,1,1,0,0,0,0,"614027,051898","5317964,78231",10.528765573,48.004803122,0,1,#66c2a5,bicycle
104009,"9,21E+18",9,1,62,0,2021,9,18,7,3,5,2,1,0,1,0,0,0,0,"689044,730392","5331679,50849",11.5397719,48.110297232,0,2,#fc8d62,car
104012,"9,21E+18",9,1,81,130,2021,9,14,5,3,6,4,0,0,1,1,0,0,0,"638553,304502","5323264,00003",10.859140322,48.047610523,1,2,#fc8d62,car
104025,"9,21E+18",9,1,84,142,2021,9,20,5,3,4,2,1,0,1,0,0,0,0,"681318,044001","5318571,511",11.430510412,47.994716185,0,2,#fc8d62,car
104026,"9,21E+18",9,1,62,0,2021,10,13,7,3,5,3,0,1,1,0,0,0,0,"688561,166771","5340180,71655",11.537047637,48.186850582,0,1,#66c2a5,bicycle
104029,"9,21E+18",9,7,72,149,2021,9,16,2,1,2,6,0,0,1,0,0,1,0,"636957,818815","5337753,73401",10.84239671,48.178251836,0,2,#fc8d62,car
104037,"9,21E+18",9,1,87,170,2021,9,7,4,3,2,6,0,0,1,0,0,0,0,"733366,779002","5319616,37999",12.127818391,47.987234395,0,2,#fc8d62,car
104038,"9,21E+18",9,1,74,115,2021,10,6,6,3,5,3,1,1,1,0,0,0,0,"679410,758001","5349495,893",11.417991149,48.273233316,0,1,#66c2a5,bicycle
104040,"9,21E+18",9,1,78,143,2021,10,16,2,3,2,6,0,0,1,0,0,0,0,"718288,052255","5372029,5122",11.95299232,48.463488066,0,2,#fc8d62,car
104042,"9,21E+18",9,7,78,137,2021,9,18,4,3,8,1,1,0,1,0,0,0,0,"625075,006007","5335618,91868",10.681992435,48.161503827,1,2,#fc8d62,car
104046,"9,21E+18",9,7,72,184,2021,10,10,1,3,2,6,0,0,1,0,1,0,0,"634942,054461","5363328,64267",10.82346717,48.408657441,0,2,#fc8d62,car
104047,"9,21E+18",9,1,86,152,2021,9,13,2,3,2,6,0,0,1,0,0,0,0,"691195,649866","5375753,68924",11.588607844,48.50577553,0,2,#fc8d62,car
104049,"9,21E+18",9,1,79,145,2021,9,18,2,2,2,6,0,1,1,0,0,0,0,"673324,972001","5336873,36",11.33088335,48.161459468,0,1,#66c2a5,bicycle
104055,"9,21E+18",9,1,88,124,2021,9,10,2,3,5,3,0,1,0,0,0,0,0,"661271,288061","5316689,44566",11.161293475,47.983165119,0,1,#66c2a5,bicycle
104060,"9,21E+18",9,1,87,129,2021,10,13,3,3,4,6,0,0,1,0,1,0,0,"726014,249275","5298723,94829",12.018477237,47.802159714,0,2,#fc8d62,car
104066,"9,21E+18",9,1,62,0,2021,10,21,1,3,2,6,2,0,1,0,0,0,0,"693086,665285","5338835,56928",11.597261831,48.173401508,0,2,#fc8d62,car
104068,"9,21E+18",9,7,72,148,2021,9,14,7,3,2,1,0,0,0,0,0,0,1,"628296,052836","5354448,83336",10.730994626,48.330193789,0,6,#ffd92f,circle
104070,"9,21E+18",9,1,87,159,2021,9,14,3,3,0,2,0,0,1,0,1,0,0,"732334,938002","5324777,22099",12.116805083,48.033974182,0,2,#fc8d62,car
104078,"9,21E+18",9,7,72,207,2021,9,16,5,2,2,6,0,0,1,0,1,0,0,"638098,664679","5380387,44232",10.871736516,48.561360182,0,2,#fc8d62,car
104079,"9,21E+18",9,1,63,0,2021,10,8,4,3,5,3,0,1,1,0,0,0,0,"733512,949231","5305125,36199",12.121923844,47.856995128,1,1,#66c2a5,bicycle
104081,"9,21E+18",9,1,81,132,2021,9,16,3,3,4,6,0,0,1,0,1,0,0,"641987,81268","5329734,39724",10.907349228,48.105038083,0,2,#fc8d62,car
104082,"9,21E+18",9,7,71,130,2021,9,19,2,3,3,6,2,0,1,0,0,0,0,"647796,765922","5362772,7884",10.996871707,48.400776589,0,2,#fc8d62,car
104085,"9,21E+18",9,1,77,115,2021,10,0,4,3,3,1,2,0,1,0,0,0,0,"737453,90143","5349550,49319",12.199180688,48.254629682,1,2,#fc8d62,car
104090,"9,21E+18",9,1,78,124,2021,10,12,7,3,8,6,0,1,1,0,0,0,0,"703200,241016","5366623,16854",11.74651604,48.419959919,0,1,#66c2a5,bicycle
104092,"9,21E+18",9,7,77,121,2021,9,13,2,3,2,6,0,0,1,0,0,0,0,"628400,953027","5321686,94434",10.722507039,48.035551193,0,2,#fc8d62,car
104097,"9,21E+18",9,1,77,130,2021,9,18,3,2,0,1,0,1,0,0,0,0,0,"708552,712925","5350972,79648",11.811020902,48.2775806,0,1,#66c2a5,bicycle
104103,"9,21E+18",9,7,78,203,2021,10,19,6,3,0,6,2,0,1,0,0,0,0,"621050,813645","5322135,40292",10.624073518,48.0410202,0,2,#fc8d62,car
104108,"9,21E+18",9,7,78,134,2021,9,13,4,2,5,3,0,0,1,0,0,0,1,"616545,850422","5338467,8532",10.568120912,48.188746751,0,2,#fc8d62,car
104109,"9,21E+18",9,1,75,122,2021,9,14,3,3,2,6,0,0,1,0,0,1,0,"721302,025648","5327453,52982",11.970391783,48.061938944,0,2,#fc8d62,car
104116,"9,21E+18",9,1,88,126,2021,10,17,2,3,2,6,1,0,1,0,0,0,0,"658683,034106","5327239,93521",11.130539882,48.07867099,0,2,#fc8d62,car
104122,"9,21E+18",9,1,62,0,2021,9,17,5,3,2,6,2,0,1,0,0,0,0,"687493,348001","5331638,573",11.518932419,48.110387846,0,2,#fc8d62,car
104123,"9,21E+18",9,2,74,114,2021,10,5,4,3,8,1,2,0,1,0,0,0,0,"736005,407255","5371414,13058",12.191952433,48.45156536,1,2,#fc8d62,car
104125,"9,21E+18",9,1,82,133,2021,9,10,3,3,2,6,0,0,1,0,0,0,1,"703718,267759","5308099,59574",11.725489594,47.893862071,0,2,#fc8d62,car
104129,"9,21E+18",9,1,74,126,2021,10,10,4,3,5,2,0,0,1,0,0,0,0,"683776,511662","5346834,29446",11.475617657,48.248058142,0,2,#fc8d62,car
104131,"9,21E+18",9,7,61,0,2021,9,13,6,3,2,6,0,0,1,0,0,0,0,"644263,361636","5357604,41129",10.947387352,48.355124158,0,2,#fc8d62,car
104133,"9,21E+18",9,7,72,184,2021,10,10,2,3,3,2,0,1,0,0,0,1,0,"636058,298975","5361339,85649",10.83789838,48.390534451,0,1,#66c2a5,bicycle
104139,"9,21E+18",9,1,75,133,2021,9,21,5,3,2,1,2,0,1,0,0,0,0,"710637,899534","5342197,34295",11.834727788,48.198036258,1,2,#fc8d62,car
104143,"9,21E+18",9,1,86,128,2021,9,9,3,2,5,3,0,1,0,0,0,0,1,"677256,498252","5384041,71177",11.403591436,48.584359689,0,1,#66c2a5,bicycle
104149,"9,21E+18",9,1,63,0,2021,10,21,7,3,5,3,1,1,1,0,0,0,0,"733505,268002","5305130,00699",12.121823816,47.857039649,0,1,#66c2a5,bicycle
104151,"9,21E+18",9,7,72,125,2021,9,13,4,3,8,1,0,0,0,0,1,0,0,"626661,18225","5345571,1879",10.706284424,48.250689296,1,4,#e78ac3,marker
104158,"9,21E+18",9,1,84,112,2021,9,2,5,3,9,7,2,0,1,0,0,0,0,"702916,016952","5337680,73617",11.728776296,48.159961377,1,2,#fc8d62,car
104165,"9,21E+18",9,1,79,113,2021,9,18,6,2,4,6,0,0,1,0,0,0,0,"671859,741705","5335750,9085",11.310742172,48.151766818,0,2,#fc8d62,car
104168,"9,21E+18",9,1,73,120,2021,9,12,7,2,0,1,0,1,0,0,0,0,0,"685470,079721","5312366,3078",11.483436629,47.93774839,0,1,#66c2a5,bicycle
104170,"9,21E+18",9,1,75,132,2021,10,21,5,3,5,3,2,0,1,0,0,0,0,"706364,358119","5330683,94826",11.771705161,48.095975482,0,2,#fc8d62,car
104176,"9,21E+18",9,1,79,145,2021,9,19,4,3,2,6,1,0,1,0,1,0,0,"674147,454882","5336851,66821",11.341925699,48.161039722,0,2,#fc8d62,car
104182,"9,21E+18",9,1,62,0,2021,9,17,4,3,2,6,0,0,1,0,0,0,0,"689221,041305","5330182,12441",11.541474211,48.096786151,0,2,#fc8d62,car
104190,"9,21E+18",9,1,73,137,2021,10,4,1,3,9,1,2,0,1,0,0,0,0,"679024,96065","5308305,30639",11.395529383,47.903075415,0,2,#fc8d62,car
104191,"9,21E+18",9,1,74,113,2021,10,19,6,3,2,6,1,0,1,0,0,0,0,"678611,803575","5341981,57882",11.404064507,48.205913944,0,2,#fc8d62,car
104194,"9,21E+18",9,1,62,0,2021,9,10,6,3,0,1,2,0,0,0,1,0,0,"689934,836162","5331932,73656",11.551830752,48.112308469,0,4,#e78ac3,marker
104199,"9,21E+18",9,1,62,0,2021,9,14,3,2,4,2,0,1,1,0,0,0,0,"686269,690042","5331785,3121",11.502573233,48.112065822,0,1,#66c2a5,bicycle
104200,"9,21E+18",9,1,84,120,2021,10,9,3,3,2,6,0,0,1,0,0,0,0,"682219,644485","5333251,01992",11.448838528,48.126412355,1,2,#fc8d62,car
104201,"9,21E+18",9,7,71,130,2021,9,22,3,3,2,6,2,0,1,0,0,0,0,"645645,917636","5362855,85962",10.96785853,48.402024054,0,2,#fc8d62,car
104205,"9,21E+18",9,1,77,114,2021,9,16,3,3,0,6,0,1,1,0,0,0,0,"721490,035316","5344288,08314",11.981664841,48.213128987,0,1,#66c2a5,bicycle
104208,"9,21E+18",9,7,61,0,2021,9,18,7,3,0,1,0,1,0,0,0,0,0,"641580,995962","5359871,90506",10.911962938,48.376119673,0,1,#66c2a5,bicycle
104212,"9,21E+18",9,1,77,131,2021,10,5,2,2,4,6,2,0,1,0,0,0,0,"712773,440068","5345903,04727",11.865289172,48.230622314,1,2,#fc8d62,car
104216,"9,21E+18",9,1,73,137,2021,9,16,1,2,0,1,0,1,0,0,0,0,0,"677583,43846","5308344,03745",11.37627358,47.903824229,0,1,#66c2a5,bicycle
104218,"9,21E+18",9,1,84,118,2021,10,20,6,2,9,6,2,0,1,0,0,0,0,"704962,134626","5336479,21048",11.755680576,48.14850762,0,2,#fc8d62,car
104229,"9,21E+18",9,1,74,126,2021,10,13,7,3,3,6,0,0,1,0,0,0,0,"683356,970717","5344229,89863",11.468844354,48.224770155,0,2,#fc8d62,car
104232,"9,21E+18",9,2,74,194,2021,9,11,6,2,8,1,0,0,0,0,1,0,0,"721549,698402","5377758,28833",12.000090417,48.513815927,0,4,#e78ac3,marker
104238,"9,21E+18",9,1,62,0,2021,10,9,4,3,5,3,0,1,1,0,0,0,0,"694617,086381","5334173,36757",11.61569389,48.131032934,1,1,#66c2a5,bicycle
104243,"9,21E+18",9,1,62,0,2021,10,20,3,3,2,6,2,0,1,0,0,0,0,"698331,014574","5333218,67421",11.665110121,48.121306507,1,2,#fc8d62,car
104244,"9,21E+18",9,1,79,119,2021,9,11,5,3,3,3,0,0,1,0,0,1,0,"668613,222333","5339914,57519",11.268778216,48.190066599,0,2,#fc8d62,car
104251,"9,21E+18",9,1,87,154,2021,10,14,2,3,5,3,0,1,1,0,0,0,0,"734675,575518","5296825,91418",12.132949878,47.782009539,0,1,#66c2a5,bicycle
104252,"9,21E+18",9,7,72,223,2021,10,8,2,2,2,6,0,0,1,0,0,1,0,"617484,225827","5363019,17333",10.587574725,48.409370607,0,2,#fc8d62,car
104257,"9,21E+18",9,1,90,157,2021,9,13,6,3,5,3,0,0,1,0,0,0,0,"660536,090819","5300888,26422",11.145564455,47.841281741,0,2,#fc8d62,car
104258,"9,21E+18",9,7,72,147,2021,9,16,1,2,8,1,0,0,0,0,1,0,0,"638190,814332","5366229,0461",10.868299375,48.434033184,0,4,#e78ac3,marker
104260,"9,21E+18",9,1,79,125,2021,9,15,4,2,4,6,0,0,1,0,0,0,0,"662830,370765","5333200,63874",11.188456891,48.131214826,0,2,#fc8d62,car
104261,"9,21E+18",9,2,61,0,2021,9,11,7,2,2,6,0,1,1,0,0,0,0,"732563,651681","5378889,7494",12.14963613,48.519998533,0,1,#66c2a5,bicycle
104264,"9,21E+18",9,1,84,112,2021,10,17,7,3,3,6,0,0,1,0,0,0,0,"703260,993129","5339211,07007",11.734141408,48.173603808,0,2,#fc8d62,car
104274,"9,21E+18",9,1,62,0,2021,9,16,4,3,3,6,0,0,1,0,0,1,0,"689673,946091","5339023,29272",11.551487825,48.176116418,0,2,#fc8d62,car
104275,"9,21E+18",9,1,84,123,2021,9,16,7,2,5,3,0,0,1,0,0,0,0,"703985,003557","5333884,10377",11.741316146,48.125500364,0,2,#fc8d62,car
104276,"9,21E+18",9,1,87,174,2021,10,13,6,3,5,2,0,0,1,0,0,0,0,"740273,518619","5312108,90876",12.21604886,47.917237972,0,2,#fc8d62,car
104277,"9,21E+18",9,1,87,124,2021,9,9,3,2,0,1,0,1,0,0,0,0,0,"735906,158199","5327439,88534",12.166105385,48.05658497,0,1,#66c2a5,bicycle
104278,"9,21E+18",9,7,74,198,2021,10,15,5,3,3,6,0,0,1,0,1,0,0,"612862,805285","5348262,72678",10.521193481,48.277503616,0,2,#fc8d62,car
104279,"9,21E+18",9,1,81,130,2021,10,14,2,2,2,6,0,0,1,0,1,1,0,"642050,109342","5324342,71664",10.906392803,48.05654183,0,2,#fc8d62,car
104281,"9,21E+18",9,1,73,137,2021,9,18,2,2,5,3,1,0,1,0,0,0,0,"679036,340005","5308236,68386",11.395653033,47.90245536,0,2,#fc8d62,car
104285,"9,21E+18",9,7,72,177,2021,9,9,5,3,2,6,0,0,0,0,0,1,0,"635562,295044","5375924,36122",10.835925745,48.521783052,0,5,#a6d854,bus
104289,"9,21E+18",9,1,62,0,2021,9,21,5,3,9,6,2,0,1,0,0,0,0,"694440,115457","5331865,57861",11.61226542,48.110345462,1,2,#fc8d62,car
104296,"9,21E+18",9,1,78,124,2021,9,15,6,3,9,1,0,1,0,0,0,0,0,"702660,295281","5363284,93256",11.737615046,48.390135537,0,1,#66c2a5,bicycle
104297,"9,21E+18",9,1,74,115,2021,9,15,2,3,6,4,0,0,1,1,0,0,0,"681105,468576","5347363,63768",11.439897154,48.253584976,0,2,#fc8d62,car
104303,"9,21E+18",9,1,62,0,2021,10,14,4,3,4,3,0,1,0,0,0,0,0,"699702,326252","5332943,65925",11.68338768,48.118406302,0,1,#66c2a5,bicycle
104309,"9,21E+18",9,1,81,124,2021,10,17,1,3,3,6,0,0,1,0,1,0,0,"645101,753896","5318308,01286",10.945279449,48.001591452,0,2,#fc8d62,car
104310,"9,21E+18",9,7,72,121,2021,9,4,5,2,4,6,2,0,1,0,0,1,0,"635995,475131","5374896,00991",10.841453908,48.512442714,1,2,#fc8d62,car
104311,"9,21E+18",9,7,77,167,2021,10,6,5,3,0,1,1,0,0,0,1,1,0,"618932,356761","5297394,11638",10.588830765,47.818899745,1,4,#e78ac3,marker
104314,"9,21E+18",9,1,87,117,2021,9,11,5,2,4,6,0,0,0,0,1,0,0,"722941,307168","5302671,46734",11.979525666,47.838700641,0,4,#e78ac3,marker
104318,"9,21E+18",9,1,88,141,2021,10,7,2,3,2,6,0,0,1,0,0,0,0,"668178,299927","5311591,21523",11.251792276,47.935552151,0,2,#fc8d62,car
104324,"9,21E+18",9,1,84,130,2021,9,16,5,3,0,3,0,1,0,0,0,0,0,"698402,299782","5344958,09476",11.671545874,48.226788141,0,1,#66c2a5,bicycle
104327,"9,21E+18",9,7,77,111,2021,9,13,6,2,5,3,0,0,0,0,1,0,1,"615247,028916","5296654,52639",10.539420038,47.812918448,0,4,#e78ac3,marker
104328,"9,21E+18",9,1,78,143,2021,9,16,2,3,1,6,0,0,1,0,0,0,1,"721650,529783","5374239,10368",11.999586347,48.482163806,0,2,#fc8d62,car
104331,"9,21E+18",9,1,63,0,2021,9,20,7,2,0,2,2,0,1,0,1,0,0,"734285,123002","5304534,97099",12.131911683,47.851410065,0,2,#fc8d62,car
104342,"9,21E+18",9,1,84,119,2021,10,15,2,2,2,2,0,1,0,0,0,1,0,"696787,823177","5347276,50504",11.650907665,48.248126972,0,1,#66c2a5,bicycle
104343,"9,21E+18",9,1,62,0,2021,9,8,2,3,5,3,0,1,1,0,0,0,0,"692539,587285","5339190,56071",11.590071542,48.176758037,0,1,#66c2a5,bicycle
104346,"9,21E+18",9,1,84,135,2021,10,9,7,2,8,7,0,0,1,0,0,0,0,"691753,385441","5346909,84136",11.582995748,48.246374437,0,2,#fc8d62,car
104349,"9,21E+18",9,1,62,0,2021,9,12,7,3,4,2,0,1,1,0,0,0,0,"692190,888768","5342922,52454",11.587074812,48.210405386,0,1,#66c2a5,bicycle
104357,"9,21E+18",9,1,62,0,2021,10,17,6,3,0,7,2,1,0,0,0,0,0,"691615,846778","5339280,79704",11.577699008,48.177848266,0,1,#66c2a5,bicycle
104361,"9,21E+18",9,1,62,0,2021,10,14,2,3,2,6,0,0,1,0,0,0,0,"685132,357268","5341690,26321",11.491617616,48.201427469,0,2,#fc8d62,car
104388,"9,21E+18",9,7,71,113,2021,9,15,1,2,0,1,0,0,0,0,1,0,0,"656945,994502","5370801,98159",11.12340796,48.470750567,0,4,#e78ac3,marker
104396,"9,21E+18",9,1,62,0,2021,9,14,3,3,8,7,0,0,0,0,1,0,0,"683818,266971","5335551,36168",11.471294375,48.146629601,0,4,#e78ac3,marker
104400,"9,21E+18",9,1,87,134,2021,9,6,5,2,6,6,2,0,1,1,0,0,0,"738075,162853","5322634,57896",12.192498637,48.012612872,0,2,#fc8d62,car
104402,"9,21E+18",9,1,90,148,2021,9,15,3,2,6,7,0,0,0,1,0,1,0,"642382,350607","5297183,46825",10.901868971,47.812243555,0,3,#8da0cb,toilet
104404,"9,21E+18",9,7,61,0,2021,9,16,4,3,3,6,0,0,1,0,0,1,0,"637651,982115","5360747,64238",10.859220354,48.384863534,0,2,#fc8d62,car
104405,"9,21E+18",9,1,79,136,2021,9,14,1,3,0,1,0,1,0,0,0,0,0,"661841,983062","5343135,38641",11.178965897,48.220784363,0,1,#66c2a5,bicycle
104415,"9,21E+18",9,1,62,0,2021,9,16,5,3,3,6,0,0,1,0,0,0,1,"687572,01381","5333198,28801",11.520674318,48.124383853,0,2,#fc8d62,car
104417,"9,21E+18",9,1,62,0,2021,10,11,6,3,2,6,0,0,1,0,0,0,1,"679155,281502","5340854,19751",11.410897015,48.195626886,1,2,#fc8d62,car
104419,"9,21E+18",9,1,81,122,2021,9,15,7,3,3,6,0,0,1,0,1,0,0,"652415,976701","5333483,0499",11.048683383,48.136333442,0,2,#fc8d62,car
104420,"9,21E+18",9,1,84,121,2021,9,17,1,3,2,6,0,0,1,0,0,0,0,"705381,194041","5331148,58841",11.75873962,48.10046861,0,2,#fc8d62,car
104427,"9,21E+18",9,1,62,0,2021,9,15,4,2,0,1,0,1,0,0,0,0,0,"690881,389594","5330162,90045",11.563743116,48.096118202,1,1,#66c2a5,bicycle
104431,"9,21E+18",9,1,78,124,2021,9,9,3,3,0,1,0,0,0,0,1,0,0,"705650,638089","5363204,50756",11.777921385,48.388445042,0,4,#e78ac3,marker
104434,"9,21E+18",9,1,74,141,2021,10,21,1,3,1,5,2,0,1,0,0,0,0,"679908,882046","5356670,71888",11.42775678,48.337583876,0,2,#fc8d62,car
104436,"9,21E+18",9,1,74,113,2021,9,22,1,2,8,7,2,0,1,0,0,0,0,"669779,927547","5348854,55707",11.288045602,48.270123153,0,2,#fc8d62,car
104439,"9,21E+18",9,7,77,151,2021,9,18,4,3,4,6,1,0,1,0,0,0,0,"621813,114926","5294259,90908",10.626418884,47.790172119,1,2,#fc8d62,car
104440,"9,21E+18",9,1,74,135,2021,10,7,4,3,2,6,2,0,1,0,0,0,0,"663187,549078","5353342,59794",11.201006669,48.312203902,1,2,#fc8d62,car
104448,"9,21E+18",9,1,79,142,2021,10,9,6,3,9,7,0,0,0,0,0,1,0,"677283,997359","5342516,79202",11.386432397,48.211097205,0,5,#a6d854,bus
104452,"9,21E+18",9,1,62,0,2021,10,21,3,3,4,3,2,0,1,0,0,0,0,"688303,197001","5340192,517",11.533585467,48.187033165,1,2,#fc8d62,car
104456,"9,21E+18",9,1,62,0,2021,10,4,2,3,8,1,2,0,1,0,0,0,0,"679043,912973","5334698,85672",11.406807938,48.140328138,0,2,#fc8d62,car