OBJECTID,UIDENTSTLA,ULAND,UREGBEZ,UKREIS,UGEMEINDE,UJAHR,UMONAT,USTUNDE,UWOCHENTAG,UKATEGORIE,UART,UTYP1,ULICHTVERH,IstRad,IstPKW,IstFuss,IstKrad,IstGkfz,IstSonstig,LINREFX,LINREFY,XGCSWGS84,YGCSWGS84,STRZUSTAN,Teilnehmer,color,symbol
104457,"9,21E+18",9,1,63,0,2021,10,1,7,3,1,7,2,0,1,0,0,1,0,"734867,866003","5304939,07699",12.139909058,47.854827863,1,2,#fc8d62,car
104469,"9,21E+18",9,1,62,0,2021,9,14,1,3,2,6,0,0,1,0,0,0,0,"685958,37162","5333270,18179",11.499042343,48.125503447,0,2,#fc8d62,car
104489,"9,21E+18",9,1,63,0,2021,10,8,5,2,4,2,0,1,1,0,0,0,0,"732590,526496","5306183,59954",12.110179627,47.86683696,1,1,#66c2a5,bicycle
104494,"9,21E+18",9,1,62,0,2021,10,22,3,3,5,3,2,1,1,0,0,0,0,"688628,336484","5331724,78009",11.534203445,48.110827589,1,1,#66c2a5,bicycle
104495,"9,21E+18",9,7,71,130,2021,10,16,4,3,2,6,0,0,1,0,0,0,0,"644621,421639","5362979,47154",10.954067299,48.403371342,0,2,#fc8d62,car
104499,"9,21E+18",9,2,74,113,2021,10,14,2,3,0,1,0,1,0,0,0,0,0,"729312,150632","5381907,41164",12.107328559,48.548302235,0,1,#66c2a5,bicycle
104500,"9,21E+18",9,1,90,140,2021,10,16,2,3,2,6,0,0,1,0,0,0,0,"645207,510358","5292870,50075",10.938140676,47.77282855,0,2,#fc8d62,car
104504,"9,21E+18",9,1,74,113,2021,10,15,3,3,2,6,0,0,1,0,0,0,0,"677235,082059","5346618,43536",11.387489881,48.247980587,0,2,#fc8d62,car
104505,"9,21E+18",9,7,78,169,2021,10,13,1,1,5,3,0,1,0,0,1,0,0,"617173,775","5331659,392",10.574690916,48.127399096,0,1,#66c2a5,bicycle
104507,"9,21E+18",9,1,77,127,2021,9,17,6,2,2,6,0,0,1,0,0,0,0,"726262,705866","5348305,04993",12.047964846,48.247534515,0,2,#fc8d62,car
104508,"9,21E+18",9,7,71,130,2021,9,6,1,3,9,1,2,0,1,0,0,0,0,"645196,869298","5360591,73774",10.961012341,48.381770253,0,2,#fc8d62,car
104511,"9,21E+18",9,1,84,135,2021,9,8,3,3,2,6,0,0,1,0,0,0,0,"692169,266946","5344778,28982",11.587625029,48.22709092,0,2,#fc8d62,car
104512,"9,21E+18",9,1,87,129,2021,9,10,7,3,1,7,0,0,1,0,0,1,0,"726606,665127","5300544,67809",12.027329159,47.818310611,0,2,#fc8d62,car
104515,"9,21E+18",9,1,88,120,2021,10,17,7,2,3,6,0,1,1,0,0,0,0,"677272,752852","5326476,94495",11.379604752,48.066915304,0,1,#66c2a5,bicycle
104518,"9,21E+18",9,2,61,0,2021,10,6,3,3,5,2,2,1,0,0,0,0,1,"730724,286801","5380955,83415",12.125907392,48.539236552,1,1,#66c2a5,bicycle
104523,"9,21E+18",9,1,81,122,2021,9,17,3,3,4,6,0,0,1,0,0,0,0,"649711,304937","5331968,74169",11.011820191,48.123359757,0,2,#fc8d62,car
104528,"9,21E+18",9,2,61,0,2021,9,15,3,3,2,6,0,0,1,0,1,0,0,"732867,158241","5381347,88131",12.155112954,48.541966737,0,2,#fc8d62,car
104529,"9,21E+18",9,1,87,128,2021,10,18,6,3,4,6,0,0,1,0,0,0,0,"746368,240919","5311511,48291",12.297147077,47.909559592,0,2,#fc8d62,car
104530,"9,21E+18",9,1,87,165,2021,10,16,2,3,2,6,0,0,1,0,0,1,0,"733124,064282","5297687,50739",12.112731254,47.790313464,0,2,#fc8d62,car
104533,"9,21E+18",9,7,71,144,2021,9,15,5,3,0,7,0,1,0,0,0,0,0,"659403,052029","5375386,41481",11.158375738,48.51134683,0,1,#66c2a5,bicycle
104536,"9,21E+18",9,7,72,184,2021,9,7,5,3,4,2,0,1,0,0,0,0,1,"635878,501905","5361521,73723",10.835529787,48.392208677,0,1,#66c2a5,bicycle
104537,"9,21E+18",9,1,88,137,2021,10,8,4,3,9,1,0,0,1,0,0,0,0,"673416,356365","5315235,04708",11.323336155,47.966913634,1,2,#fc8d62,car
104543,"9,21E+18",9,7,61,0,2021,10,15,6,3,4,2,0,1,1,0,0,0,0,"640207,317","5360554,385",10.893650516,48.382563037,0,1,#66c2a5,bicycle
104546,"9,21E+18",9,7,77,112,2021,10,14,2,3,0,6,0,0,1,0,0,0,0,"623804,700469","5296622,3345",10.653673016,47.811039396,0,2,#fc8d62,car
104547,"9,21E+18",9,1,86,146,2021,9,5,5,3,0,7,2,0,0,0,1,0,0,"681033,690567","5370520,27795",11.448892339,48.461747349,0,4,#e78ac3,marker
104555,"9,21E+18",9,7,61,0,2021,9,13,2,2,9,7,0,0,0,0,0,1,0,"642193,278654","5363607,01285",10.921491169,48.409566244,0,5,#a6d854,bus
104561,"9,21E+18",9,1,74,115,2021,10,17,7,3,5,3,0,1,1,0,0,0,0,"680689,654153","5348445,47182",11.434762436,48.263427891,0,1,#66c2a5,bicycle
104563,"9,21E+18",9,1,62,0,2021,9,23,4,3,0,1,2,0,1,0,0,0,0,"690965,816032","5332035,84499",11.565714074,48.112926924,1,2,#fc8d62,car
104565,"9,21E+18",9,1,77,133,2021,10,8,5,3,7,6,0,0,1,0,0,1,0,"713745,09894","5355359,30207",11.883136863,48.315263639,0,2,#fc8d62,car
104570,"9,21E+18",9,1,82,123,2021,9,10,6,3,9,7,0,0,1,0,0,0,0,"719092,938212","5300707,83598",11.927170462,47.822378695,0,2,#fc8d62,car
104576,"9,21E+18",9,1,62,0,2021,9,11,5,3,0,2,0,1,1,0,0,0,0,"694997,573738","5333477,66496",11.620483855,48.124663812,0,1,#66c2a5,bicycle
104579,"9,21E+18",9,1,90,148,2021,9,10,7,3,2,6,0,0,1,0,0,0,0,"641409,884902","5294452,32601",10.887996239,47.787897888,0,2,#fc8d62,car
104581,"9,21E+18",9,1,86,126,2021,10,20,5,3,0,7,2,1,0,0,0,0,0,"688826,309371","5373527,33846",11.555556167,48.486482957,0,1,#66c2a5,bicycle
104587,"9,21E+18",9,1,62,0,2021,9,22,4,3,3,6,2,0,1,0,0,0,0,"678821,457592","5333373,34249",11.403263892,48.128475584,0,2,#fc8d62,car
104597,"9,21E+18",9,7,62,0,2021,10,15,1,3,5,3,0,1,0,0,0,0,0,"622159,886","5308160,445",10.634973019,47.91512452,0,1,#66c2a5,bicycle
104598,"9,21E+18",9,7,78,134,2021,9,8,1,2,4,6,0,0,1,0,1,0,0,"616377,320299","5339575,28514",10.566157784,48.198737364,1,2,#fc8d62,car
104599,"9,21E+18",9,7,72,200,2021,9,15,5,3,3,6,0,0,1,0,0,1,0,"633813,542005","5340109,50488",10.80086319,48.200105973,0,2,#fc8d62,car
104602,"9,21E+18",9,1,82,133,2021,10,14,6,3,5,2,0,0,1,0,0,0,0,"706388,521473","5305882,11182",11.760111887,47.873080626,0,2,#fc8d62,car
104609,"9,21E+18",9,1,81,144,2021,9,22,6,3,8,1,2,0,1,0,0,0,0,"654744,999281","5319368,00922",11.074857129,48.008860837,0,2,#fc8d62,car
104610,"9,21E+18",9,1,74,146,2021,10,15,1,2,8,7,0,0,1,0,0,0,0,"665768,329824","5351385,52116",11.23501925,48.293938894,0,2,#fc8d62,car
104611,"9,21E+18",9,1,84,112,2021,9,14,3,1,4,6,0,0,1,0,0,0,0,"700788,147382","5341563,34706",11.702028486,48.195529476,0,2,#fc8d62,car
104614,"9,21E+18",9,1,75,124,2021,10,20,5,3,9,1,2,0,1,0,0,0,0,"712553,528794","5329412,98518",11.854094776,48.082520733,0,2,#fc8d62,car
104621,"9,21E+18",9,1,85,158,2021,10,7,5,3,3,2,0,1,1,0,0,0,0,"667395,613995","5380506,99601",11.26856827,48.555297934,0,1,#66c2a5,bicycle
104622,"9,21E+18",9,1,75,135,2021,9,6,4,3,2,6,0,0,1,0,0,0,0,"709866,974668","5337507,28349",11.822050224,48.156146742,0,2,#fc8d62,car
104623,"9,21E+18",9,1,79,121,2021,10,7,6,3,5,3,0,1,1,0,0,0,0,"667367,03","5339227,25",11.251752722,48.184217196,0,1,#66c2a5,bicycle
104627,"9,21E+18",9,1,87,122,2021,9,14,5,3,5,3,0,0,1,0,0,0,0,"717680,621641","5307175,15367",11.911580487,47.880972084,0,2,#fc8d62,car
104628,"9,21E+18",9,1,73,141,2021,10,17,6,3,4,2,0,0,1,0,0,0,0,"697909,231646","5297411,81562",11.642971045,47.799619803,0,2,#fc8d62,car
104632,"9,21E+18",9,1,62,0,2021,9,12,1,3,1,7,0,1,1,0,0,0,0,"694837,995933","5334123,20242",11.618636807,48.130514488,0,1,#66c2a5,bicycle
104633,"9,21E+18",9,7,61,0,2021,9,13,5,2,2,6,0,0,1,0,0,0,0,"636708,28682","5360483,40509",10.84639511,48.382692764,0,2,#fc8d62,car
104634,"9,21E+18",9,1,86,143,2021,9,14,2,3,8,1,0,0,0,0,1,0,0,"680999,571044","5380750,13029",11.452867229,48.553704616,0,4,#e78ac3,marker
104640,"9,21E+18",9,1,82,123,2021,9,17,2,2,0,7,0,0,0,0,1,0,0,"716757,319087","5297902,16421",11.894604563,47.797958022,0,4,#e78ac3,marker
104642,"9,21E+18",9,2,74,146,2021,10,12,7,2,2,1,0,0,0,0,1,0,0,"736543,464818","5378626,39259",12.203298891,48.516146618,0,4,#e78ac3,marker
104645,"9,21E+18",9,2,74,124,2021,10,10,3,3,9,1,0,0,1,0,0,0,0,"726127,263368","5376186,01712",12.061134217,48.498060151,1,2,#fc8d62,car
104649,"9,21E+18",9,1,62,0,2021,9,5,2,2,4,3,2,0,1,0,0,0,0,"688303,197001","5340192,517",11.533585467,48.187033165,0,2,#fc8d62,car
104650,"9,21E+18",9,1,87,129,2021,10,10,2,3,2,6,0,0,1,0,0,0,1,"723085,677139","5300790,03567",11.980483457,47.821745417,0,2,#fc8d62,car
104660,"9,21E+18",9,1,82,125,2021,9,22,1,3,9,1,2,0,1,0,0,0,0,"709227,768872","5296096,95887",11.793309569,47.784225446,1,2,#fc8d62,car
104662,"9,21E+18",9,1,62,0,2021,9,17,5,3,3,2,0,1,1,0,0,0,0,"694999,268595","5333016,29248",11.620295563,48.120516674,0,1,#66c2a5,bicycle
104663,"9,21E+18",9,1,79,145,2021,10,9,4,3,9,1,0,0,1,0,0,0,0,"673337,081843","5336838,80961",11.331031985,48.161145576,1,2,#fc8d62,car
104664,"9,21E+18",9,1,63,0,2021,10,15,5,3,6,4,0,0,1,1,0,0,0,"732604,537083","5307205,55253",12.110916675,47.876013231,0,2,#fc8d62,car
104665,"9,21E+18",9,1,87,129,2021,9,10,3,3,1,6,0,0,1,0,1,0,0,"725044,491341","5296335,91947",12.004306257,47.781042628,0,2,#fc8d62,car
104668,"9,21E+18",9,1,77,133,2021,9,18,2,3,3,3,0,0,1,0,0,0,0,"713379,470392","5354392,92072",11.877722811,48.306703838,0,2,#fc8d62,car
104669,"9,21E+18",9,1,77,144,2021,10,0,4,3,8,1,2,0,1,0,0,0,0,"717172,661822","5349122,34492",11.92610225,48.258057099,1,2,#fc8d62,car
104678,"9,21E+18",9,1,62,0,2021,9,16,5,3,2,6,2,0,1,0,0,1,0,"679270,85061","5337444,82087",11.41101247,48.164947645,0,2,#fc8d62,car
104682,"9,21E+18",9,1,78,120,2021,9,5,3,3,5,1,2,0,1,0,0,1,0,"694997,641785","5352943,86885",11.629432657,48.299614367,0,2,#fc8d62,car
104683,"9,21E+18",9,1,84,114,2021,10,22,5,3,3,6,2,0,1,0,0,0,0,"699954,3247","5318885,96352",11.680200399,47.991987605,0,2,#fc8d62,car
104685,"9,21E+18",9,1,79,123,2021,10,17,1,2,0,1,0,0,0,0,1,0,0,"676166,899041","5335008,00616",11.368295963,48.143910254,0,4,#e78ac3,marker
104688,"9,21E+18",9,7,71,130,2021,10,16,6,3,4,7,0,0,0,0,1,0,1,"645883,195657","5363557,51681",10.97130636,48.408277946,0,4,#e78ac3,marker
104690,"9,21E+18",9,1,62,0,2021,9,11,4,3,1,5,0,0,1,0,0,0,0,"692311,327592","5330969,7601",11.583292103,48.102940253,0,2,#fc8d62,car
104692,"9,21E+18",9,1,79,142,2021,9,18,5,3,2,6,0,0,1,0,1,0,0,"673314,785279","5343816,60917",11.333580305,48.223878043,0,2,#fc8d62,car
104693,"9,21E+18",9,7,71,130,2021,10,16,4,3,1,6,0,0,1,0,0,0,0,"645489,313915","5363136,86198",10.96584131,48.404586777,0,2,#fc8d62,car
104694,"9,21E+18",9,1,62,0,2021,9,14,4,3,2,6,0,0,1,0,0,0,0,"689644,862001","5340133,129",11.551592303,48.186100276,0,2,#fc8d62,car
104700,"9,21E+18",9,7,62,0,2021,10,16,2,3,6,4,0,0,1,1,0,0,0,"622178,853594","5307855,66639",10.635140391,47.912379832,0,2,#fc8d62,car
104705,"9,21E+18",9,1,87,169,2021,9,11,6,3,2,6,0,0,1,0,0,0,0,"738949,73191","5299069,94908",12.19115504,47.800598252,0,2,#fc8d62,car
104707,"9,21E+18",9,7,78,173,2021,10,5,7,3,8,7,2,0,1,0,0,0,0,"613678,433831","5324815,50267",10.52591195,48.066480187,0,2,#fc8d62,car
104708,"9,21E+18",9,1,62,0,2021,9,17,3,3,4,2,0,0,1,0,1,0,0,"684674,611503","5335403,32453",11.482731865,48.145050947,0,2,#fc8d62,car
104709,"9,21E+18",9,1,87,124,2021,9,12,7,3,1,6,0,0,1,0,1,0,0,"735936,972202","5328344,35969",12.167017117,48.064698775,0,2,#fc8d62,car
104711,"9,21E+18",9,1,62,0,2021,10,18,4,3,2,6,2,0,1,0,0,0,0,"689295,47027","5339030,77425",11.546405135,48.176296512,0,2,#fc8d62,car
104719,"9,21E+18",9,1,82,136,2021,10,19,6,3,2,6,2,0,1,0,0,0,0,"703375,816318","5302950,42193",11.718490291,47.847693805,0,2,#fc8d62,car
104721,"9,21E+18",9,1,62,0,2021,10,16,6,3,5,2,0,0,1,0,0,0,0,"694677,42971","5341558,72369",11.619884381,48.197390551,0,2,#fc8d62,car
104724,"9,21E+18",9,1,88,126,2021,9,16,5,2,8,7,0,0,1,0,0,0,0,"660951,719119","5327880,02673",11.161218975,48.083857187,0,2,#fc8d62,car
104725,"9,21E+18",9,2,74,118,2021,10,16,6,3,5,3,0,0,1,0,0,0,0,"737761,919932","5365728,58241",12.212446903,48.399834829,0,2,#fc8d62,car
104726,"9,21E+18",9,1,87,150,2021,10,15,6,3,0,7,0,1,0,0,1,0,0,"728980,772361","5303462,62614",12.060541818,47.843686911,0,1,#66c2a5,bicycle
104727,"9,21E+18",9,1,78,155,2021,10,2,2,3,9,1,2,0,1,0,0,0,0,"721773,688291","5375393,53637",12.001863267,48.492491878,1,2,#fc8d62,car
104733,"9,21E+18",9,1,84,149,2021,10,17,6,3,2,6,0,0,1,0,0,0,0,"689389,034755","5350716,77294",11.552884406,48.281301278,0,2,#fc8d62,car
104736,"9,21E+18",9,1,84,131,2021,9,7,6,3,4,2,0,0,1,0,0,0,1,"705529,254413","5339525,1835",11.764767872,48.175697133,0,2,#fc8d62,car
104740,"9,21E+18",9,1,81,130,2021,9,17,7,3,4,2,0,0,1,0,0,0,0,"642252,355066","5324563,80794",10.909179021,48.058484847,0,2,#fc8d62,car
104742,"9,21E+18",9,1,87,169,2021,10,15,3,3,2,6,0,0,1,0,0,0,0,"741589,746138","5298825,28159",12.226218565,47.797415385,0,2,#fc8d62,car
104744,"9,21E+18",9,1,62,0,2021,9,16,3,3,2,6,0,0,1,0,1,0,0,"686606,156631","5335186,33754",11.508578425,48.142536968,0,2,#fc8d62,car
104747,"9,21E+18",9,1,73,123,2021,9,11,5,3,8,1,0,0,1,0,0,0,0,"679982,781207","5304878,64904",11.406905857,47.872003792,1,2,#fc8d62,car
104748,"9,21E+18",9,7,78,116,2021,10,8,1,2,4,1,0,0,1,0,0,0,0,"620124,161","5316289,15",10.610008157,47.988616358,1,2,#fc8d62,car
104751,"9,21E+18",9,1,78,124,2021,10,7,3,3,2,6,0,0,1,0,0,0,0,"702559,919832","5365594,63748",11.737374978,48.410923438,1,2,#fc8d62,car
104753,"9,21E+18",9,7,61,0,2021,10,14,5,2,6,4,0,0,1,1,0,0,0,"636502,263501","5360775,52036",10.843708935,48.385364054,0,2,#fc8d62,car
104755,"9,21E+18",9,1,79,147,2021,10,15,1,2,4,6,0,1,1,0,0,0,0,"663966,006325","5332994,58068",11.203628985,48.129070742,0,1,#66c2a5,bicycle
104765,"9,21E+18",9,1,90,157,2021,10,7,4,3,5,3,0,0,1,0,0,0,0,"664245,295346","5297709,11696",11.193895374,47.811761614,1,2,#fc8d62,car
104772,"9,21E+18",9,7,62,0,2021,9,15,2,3,6,4,0,0,1,1,0,0,0,"620742,980327","5304421,7543",10.614970862,47.881767993,0,2,#fc8d62,car
104775,"9,21E+18",9,1,81,130,2021,9,12,7,3,1,6,0,0,1,0,0,0,0,"638930,941996","5325432,1202",10.864908968,48.067024881,0,2,#fc8d62,car
104778,"9,21E+18",9,1,82,116,2021,10,12,7,3,5,3,0,0,1,0,0,0,0,"703699,943614","5292498,95469",11.717910441,47.753660208,0,2,#fc8d62,car
104779,"9,21E+18",9,1,78,144,2021,9,17,7,3,4,6,0,1,0,0,0,1,0,"705458,082077","5378073,61903",11.782621003,48.522119802,0,1,#66c2a5,bicycle
104785,"9,21E+18",9,1,62,0,2021,9,16,2,3,5,3,0,0,1,0,0,0,0,"698743,847001","5329537,702",11.668936981,48.088095988,0,2,#fc8d62,car
104786,"9,21E+18",9,1,85,131,2021,10,18,2,3,8,1,1,0,0,0,0,1,0,"667469,49935","5373884,5446",11.266909022,48.495746983,0,5,#a6d854,bus
104790,"9,21E+18",9,1,63,0,2021,9,15,3,3,2,6,0,0,1,0,1,0,0,"730658,697002","5303431,03599",12.082918574,47.842803374,0,2,#fc8d62,car
104797,"9,21E+18",9,1,90,140,2021,10,15,7,3,4,6,0,0,1,0,0,0,0,"642313,043918","5294028,30309",10.899908688,47.783885906,0,2,#fc8d62,car
104799,"9,21E+18",9,1,73,112,2021,10,9,4,3,2,6,0,0,1,0,0,0,0,"692253,917016","5293053,46747",11.565597367,47.762158239,0,2,#fc8d62,car
104800,"9,21E+18",9,1,82,127,2021,10,11,5,1,6,2,0,0,1,1,0,0,0,"699927,657818","5309620,77036",11.675538684,47.908725681,1,2,#fc8d62,car
104802,"9,21E+18",9,1,86,152,2021,9,18,3,3,0,1,0,1,0,0,0,0,0,"692096,391779","5375641,18577",11.600738215,48.504489673,0,1,#66c2a5,bicycle
104811,"9,21E+18",9,2,74,184,2021,10,7,3,3,1,6,0,0,1,0,0,0,0,"746292,343778","5372384,15806",12.331413267,48.456337171,0,2,#fc8d62,car
104812,"9,21E+18",9,1,75,122,2021,9,8,3,2,5,3,0,0,1,0,1,0,0,"720522,071984","5325146,26118",11.958748626,48.041477948,0,2,#fc8d62,car
104817,"9,21E+18",9,1,62,0,2021,9,14,2,3,5,3,0,0,1,0,0,1,0,"693671,537785","5337044,58706",11.604305129,48.157126887,0,2,#fc8d62,car
104823,"9,21E+18",9,7,72,160,2021,10,14,6,3,2,6,0,0,1,0,0,0,0,"638549,602248","5342794,45636",10.865443661,48.223233409,0,2,#fc8d62,car
104825,"9,21E+18",9,1,77,116,2021,9,16,5,3,4,6,0,0,1,0,0,1,0,"711297,321839","5359776,94735",11.852377464,48.355780932,1,2,#fc8d62,car
104827,"9,21E+18",9,7,72,121,2021,10,6,4,3,7,7,1,0,1,0,0,0,0,"628961,759745","5370862,10363",10.745015173,48.477652769,1,2,#fc8d62,car
104832,"9,21E+18",9,1,62,0,2021,9,7,5,3,5,2,0,0,1,0,1,0,0,"696804,795913","5333689,66933",11.644841471,48.126013093,1,2,#fc8d62,car
104833,"9,21E+18",9,1,62,0,2021,10,23,1,3,0,7,2,0,0,0,1,0,0,"688528,717227","5334383,46875",11.534042263,48.134753878,0,4,#e78ac3,marker
104834,"9,21E+18",9,7,71,114,2021,10,23,2,3,9,1,2,0,1,0,0,0,0,"646703,421","5375106,928",10.98643212,48.511929037,0,2,#fc8d62,car
104836,"9,21E+18",9,7,61,0,2021,10,14,6,3,5,1,0,0,1,0,0,0,0,"639821,010187","5352479,40865",10.885754532,48.310040552,0,2,#fc8d62,car
104845,"9,21E+18",9,7,61,0,2021,9,12,2,2,3,2,0,1,1,0,0,0,0,"636976,240042","5360158,05318",10.849906108,48.379709111,0,1,#66c2a5,bicycle
104851,"9,21E+18",9,1,74,137,2021,9,16,4,3,2,6,0,0,1,0,0,0,0,"658659,063427","5351271,37985",11.139194606,48.29473506,0,2,#fc8d62,car
104857,"9,21E+18",9,1,79,121,2021,9,18,5,3,3,6,1,0,1,0,1,0,0,"667679,865984","5338444,83669",11.255649474,48.177100867,0,2,#fc8d62,car
104858,"9,21E+18",9,1,81,111,2021,9,14,1,3,8,1,0,0,0,0,1,0,0,"645172,611287","5305736,26458",10.941988139,47.8885291,0,4,#e78ac3,marker
104860,"9,21E+18",9,1,73,120,2021,9,12,3,2,5,2,0,0,1,0,1,0,0,"689392,315752","5311170,23786",11.53537663,47.92585033,0,2,#fc8d62,car
104862,"9,21E+18",9,1,74,131,2021,10,7,2,3,2,6,0,0,1,0,0,0,0,"675345,424237","5357232,83575",11.366465101,48.343919534,0,2,#fc8d62,car
104872,"9,21E+18",9,1,78,130,2021,9,18,2,3,5,3,0,0,1,0,1,0,0,"703276,991001","5354334,179",11.741614457,48.30950286,0,2,#fc8d62,car
104874,"9,21E+18",9,1,88,139,2021,10,15,7,3,0,1,0,0,0,0,1,0,0,"674866,926054","5319196,08916",11.344366074,48.002127505,0,4,#e78ac3,marker
104875,"9,21E+18",9,1,77,120,2021,9,11,7,3,8,1,0,1,0,0,0,0,0,"721807,856922","5362701,9022",11.995608302,48.37845608,0,1,#66c2a5,bicycle
104880,"9,21E+18",9,1,87,162,2021,9,10,5,3,4,6,0,0,1,0,0,0,0,"748013,474003","5303799,75199",12.314701564,47.839656681,0,2,#fc8d62,car
104887,"9,21E+18",9,1,78,133,2021,10,17,2,2,5,3,0,0,1,0,0,0,0,"687964,65476","5363808,68765",11.539545683,48.399393562,0,2,#fc8d62,car
104888,"9,21E+18",9,1,74,131,2021,10,2,1,3,8,7,2,0,1,0,0,0,0,"676161,460309","5363429,33064",11.380064298,48.39939182,0,2,#fc8d62,car
104897,"9,21E+18",9,1,90,148,2021,9,16,2,3,5,3,0,0,1,0,0,0,1,"644179,253756","5297826,97653",10.9260712,47.817630158,0,2,#fc8d62,car
104902,"9,21E+18",9,1,88,126,2021,9,19,5,3,2,6,0,0,1,0,0,0,0,"658683,034106","5327239,93521",11.130539882,48.07867099,0,2,#fc8d62,car
104918,"9,21E+18",9,1,77,113,2021,10,17,4,3,5,3,0,0,1,0,0,0,0,"718664,055002","5353398,05599",11.948380737,48.295960837,0,2,#fc8d62,car
104919,"9,21E+18",9,7,72,121,2021,10,17,4,3,2,6,0,0,1,0,0,0,0,"636638,348642","5374176,78625",10.84991857,48.50583613,0,2,#fc8d62,car
104921,"9,21E+18",9,1,73,120,2021,10,14,6,3,5,3,0,0,1,0,1,0,0,"682994,669675","5310094,94464",11.44935777,47.918042663,0,2,#fc8d62,car
104923,"9,21E+18",9,2,74,194,2021,10,18,2,3,3,6,1,1,0,0,0,1,0,"722080,789002","5377782,63999",12.007284775,48.513847151,0,1,#66c2a5,bicycle
104925,"9,21E+18",9,1,74,111,2021,9,10,5,3,9,6,0,0,1,0,0,0,0,"670113,891477","5364960,17554",11.299047544,48.414813681,0,2,#fc8d62,car
104927,"9,21E+18",9,1,79,142,2021,10,6,3,3,5,3,1,0,1,0,0,0,0,"670388,631089","5341750,53462",11.293384409,48.206097461,1,2,#fc8d62,car
104928,"9,21E+18",9,1,75,132,2021,9,19,2,3,2,6,0,0,1,0,1,0,0,"709702,676964","5337393,40401",11.819787597,48.155177613,0,2,#fc8d62,car
104929,"9,21E+18",9,1,62,0,2021,9,13,5,3,3,6,0,0,1,0,0,1,0,"688718,688295","5338267,21289",11.538315211,48.169605111,0,2,#fc8d62,car
104930,"9,21E+18",9,1,88,141,2021,9,7,2,2,8,1,1,0,1,0,0,0,0,"668520,222075","5307003,18601",11.25457324,47.894214374,1,2,#fc8d62,car
104932,"9,21E+18",9,7,72,200,2021,9,15,3,3,6,2,0,0,1,1,0,0,0,"630546,88537","5337534,92733",10.756130806,48.177633808,0,2,#fc8d62,car
104934,"9,21E+18",9,1,63,0,2021,9,10,2,3,0,7,0,1,0,0,0,0,0,"734692,548002","5304884,02099",12.137539028,47.854397283,0,1,#66c2a5,bicycle
104938,"9,21E+18",9,1,75,133,2021,9,16,4,3,2,6,0,0,1,0,0,0,0,"706026,105485","5340513,3667",11.771922441,48.184416437,0,2,#fc8d62,car
104950,"9,21E+18",9,1,79,142,2021,9,15,4,3,2,6,0,0,1,0,0,0,0,"673040,92696","5339830,30337",11.328270542,48.188118219,0,2,#fc8d62,car
104954,"9,21E+18",9,2,74,182,2021,9,10,6,3,0,1,0,0,0,0,1,0,0,"729783,250801","5378496,97456",12.11182272,48.51749371,0,4,#e78ac3,marker
104955,"9,21E+18",9,1,85,158,2021,10,16,2,3,0,1,0,0,0,0,1,0,0,"668503,527606","5383238,94402",11.284676998,48.579559074,1,4,#e78ac3,marker
104956,"9,21E+18",9,7,73,182,2021,10,12,2,3,3,6,0,0,1,0,0,0,0,"628564,694526","5377508,05906",10.741692244,48.537496061,0,2,#fc8d62,car
104958,"9,21E+18",9,7,61,0,2021,10,14,6,3,2,6,0,0,1,0,0,0,0,"637469,001666","5359809,50554",10.856443385,48.376467842,0,2,#fc8d62,car
104962,"9,21E+18",9,1,63,0,2021,9,19,2,3,3,2,2,0,1,0,0,0,0,"733676,587944","5305029,2302",12.1240563,47.856072002,1,2,#fc8d62,car
104965,"9,21E+18",9,1,73,145,2021,9,20,7,3,8,1,2,0,0,0,1,0,0,"687422,94019","5294071,91396",11.501632267,47.772735506,0,4,#e78ac3,marker
104969,"9,21E+18",9,7,78,203,2021,9,12,6,3,1,6,0,0,1,0,0,0,0,"620722,913675","5322078,27976",10.619659977,48.040568553,0,2,#fc8d62,car
104970,"9,21E+18",9,1,87,182,2021,9,18,4,3,0,1,0,1,0,0,0,0,0,"738137,113886","5327932,16857",12.196273072,48.060178722,0,1,#66c2a5,bicycle
104972,"9,21E+18",9,7,72,149,2021,9,14,3,1,2,6,0,0,1,0,0,1,0,"637438,173","5339293,534",10.849353293,48.191994307,0,2,#fc8d62,car
104981,"9,21E+18",9,1,87,132,2021,9,22,3,3,8,1,2,1,1,0,0,0,0,"747085,571402","5300286,00099",12.300318,47.808451534,0,1,#66c2a5,bicycle
104983,"9,21E+18",9,1,88,141,2021,10,7,2,3,2,6,1,0,1,0,0,0,0,"668384,038246","5311929,65598",11.254677115,47.93854081,0,2,#fc8d62,car
104985,"9,21E+18",9,1,90,159,2021,9,20,2,3,0,7,2,0,0,0,1,0,0,"662975,665","5305512,899",11.179888451,47.882247537,0,4,#e78ac3,marker
104989,"9,21E+18",9,1,77,143,2021,10,16,6,3,0,7,0,0,1,0,1,0,0,"721424,239355","5365087,04122",11.991691657,48.400019603,0,2,#fc8d62,car