OBJECTID,UIDENTSTLA,ULAND,UREGBEZ,UKREIS,UGEMEINDE,UJAHR,UMONAT,USTUNDE,UWOCHENTAG,UKATEGORIE,UART,UTYP1,ULICHTVERH,IstRad,IstPKW,IstFuss,IstKrad,IstGkfz,IstSonstig,LINREFX,LINREFY,XGCSWGS84,YGCSWGS84,STRZUSTAN,Teilnehmer,color,symbol
104994,"9,21E+18",9,1,84,112,2021,9,15,1,3,5,3,0,1,0,0,0,0,0,"702300,733105","5338061,7463",11.720692959,48.163581476,0,1,#66c2a5,bicycle
104995,"9,21E+18",9,1,62,0,2021,10,20,3,3,4,6,2,0,0,0,0,0,1,"692569,780287","5331172,31339",11.586851602,48.104682706,1,6,#ffd92f,circle
104996,"9,21E+18",9,7,72,200,2021,10,20,6,3,2,6,2,0,1,0,0,0,0,"631086,35636","5337509,94588",10.763376563,48.177298086,0,2,#fc8d62,car
105000,"9,21E+18",9,1,84,121,2021,10,23,7,2,0,1,2,0,1,0,0,0,0,"705004,962498","5331570,93577",11.753894903,48.10438524,0,2,#fc8d62,car
105005,"9,21E+18",9,1,78,136,2021,10,12,3,3,8,1,0,0,1,0,0,0,0,"695104,741192","5370411,96248",11.63898221,48.456568307,1,2,#fc8d62,car
105006,"9,21E+18",9,1,86,143,2021,9,6,3,3,7,7,1,0,0,0,1,0,0,"686692,207257","5380985,96314",11.53004118,48.554155492,0,4,#e78ac3,marker
105007,"9,21E+18",9,7,77,140,2021,10,11,5,3,4,6,0,0,0,0,0,1,1,"629393,363","5315631,022",10.733986926,47.980889677,0,5,#a6d854,bus
105009,"9,21E+18",9,1,87,124,2021,10,22,1,3,2,2,2,0,1,0,0,0,0,"732996,582986","5329597,78307",12.128292235,48.077039596,0,2,#fc8d62,car
105012,"9,21E+18",9,1,85,143,2021,9,2,1,2,8,1,2,1,0,0,0,0,0,"664431,062227","5384126,04392",11.229855013,48.588615612,0,1,#66c2a5,bicycle
105013,"9,21E+18",9,1,75,121,2021,10,13,7,2,5,3,0,0,0,0,1,0,1,"713760,077001","5316166,262",11.863668946,47.963083987,0,4,#e78ac3,marker
105021,"9,21E+18",9,1,62,0,2021,9,17,5,3,5,3,0,1,1,0,0,0,0,"692034,986568","5340947,673",11.584084973,48.192703186,1,1,#66c2a5,bicycle
105029,"9,21E+18",9,7,62,0,2021,10,10,7,3,2,6,0,0,1,0,0,0,0,"621977,389045","5302702,69906",10.630989171,47.8660739,0,2,#fc8d62,car
105033,"9,21E+18",9,1,62,0,2021,10,12,4,3,4,3,0,0,1,0,0,0,0,"694594,336653","5332011,10678",11.614401505,48.111606321,1,2,#fc8d62,car
105035,"9,21E+18",9,1,82,114,2021,9,13,1,3,0,6,0,0,1,0,1,0,0,"720617,738895","5293350,16538",11.94377565,47.755744504,0,2,#fc8d62,car
105041,"9,21E+18",9,1,88,132,2021,10,11,6,3,2,6,0,0,1,0,0,0,0,"664758,518891","5323318,01904",11.210539128,48.041870539,0,2,#fc8d62,car
105042,"9,21E+18",9,7,61,0,2021,9,11,5,3,0,1,0,0,0,0,1,0,0,"638710,233687","5361171,95381",10.873645984,48.388447025,1,4,#e78ac3,marker
105043,"9,21E+18",9,1,81,130,2021,10,10,2,3,6,4,0,0,1,1,0,0,0,"640532,58648","5323003,42743",10.885598431,48.044834671,0,2,#fc8d62,car
105050,"9,21E+18",9,1,78,120,2021,9,5,2,3,4,2,2,0,1,0,0,0,0,"695172,646001","5353065,73",11.631846239,48.300655606,1,2,#fc8d62,car
105051,"9,21E+18",9,7,72,215,2021,9,15,5,3,5,3,0,1,0,0,0,0,1,"633902,199343","5345656,8753",10.803808234,48.249971307,0,1,#66c2a5,bicycle
105053,"9,21E+18",9,1,74,143,2021,10,16,1,2,4,6,0,0,0,0,1,1,0,"672596,326888","5356263,78931",11.328998307,48.335965617,0,4,#e78ac3,marker
105060,"9,21E+18",9,1,74,111,2021,9,16,7,2,4,6,0,0,1,0,0,0,0,"664129,343475","5361666,88526",11.21694453,48.386794744,0,2,#fc8d62,car
105081,"9,21E+18",9,1,81,130,2021,9,18,3,3,0,6,0,1,0,0,0,0,0,"638341,756802","5323555,38891",10.856397469,48.050276691,0,1,#66c2a5,bicycle
105082,"9,21E+18",9,7,61,0,2021,9,18,6,3,5,3,0,1,1,0,0,0,0,"642844,264273","5359918,19208",10.929028305,48.376251151,0,1,#66c2a5,bicycle
105085,"9,21E+18",9,1,62,0,2021,10,14,6,2,0,6,0,0,1,0,0,0,1,"693207,213203","5337569,44215",11.598306372,48.161985355,0,2,#fc8d62,car
105086,"9,21E+18",9,7,61,0,2021,9,13,6,3,6,2,0,0,1,1,0,0,0,"639088,943","5360924,292",10.878676598,48.386136715,0,2,#fc8d62,car
105093,"9,21E+18",9,1,79,123,2021,9,17,5,3,2,6,0,0,1,0,0,0,0,"677381,004239","5332210,96746",11.38343871,48.118429805,1,2,#fc8d62,car
105097,"9,21E+18",9,1,73,137,2021,9,14,5,3,3,1,0,0,1,0,0,0,0,"679180,88562","5307345,49924",11.397215359,47.894403737,1,2,#fc8d62,car
105102,"9,21E+18",9,1,62,0,2021,9,11,7,3,2,6,2,0,1,0,0,0,0,"691236,726044","5339274,87644",11.572601589,48.177909259,0,2,#fc8d62,car
105105,"9,21E+18",9,1,74,115,2021,10,12,6,3,3,6,0,0,1,0,0,0,0,"681198,022466","5347216,47527",11.441079888,48.252235735,0,2,#fc8d62,car
105109,"9,21E+18",9,7,72,215,2021,9,16,5,3,2,6,0,0,1,0,0,0,0,"634839,452334","5346701,26994",10.816760268,48.259164061,0,2,#fc8d62,car
105112,"9,21E+18",9,7,78,173,2021,9,12,5,3,5,3,0,0,1,0,1,0,0,"613207,137882","5324525,27138",10.519511179,48.063953697,0,2,#fc8d62,car
105129,"9,21E+18",9,1,75,137,2021,9,4,3,2,8,1,2,0,1,0,0,0,0,"726670,436002","5334277,15099",12.045965975,48.121360286,0,2,#fc8d62,car
105131,"9,21E+18",9,7,77,151,2021,10,21,1,2,5,2,2,0,1,0,0,0,0,"621108,498968","5292505,02316",10.61652539,47.774521669,0,2,#fc8d62,car
105132,"9,21E+18",9,1,79,142,2021,10,15,1,3,3,6,0,1,1,0,0,0,0,"671756,981215","5340808,31048",11.311405238,48.197258544,0,1,#66c2a5,bicycle
105150,"9,21E+18",9,1,62,0,2021,9,16,5,3,2,6,0,0,1,0,0,1,0,"692711,878379","5339092,79681",11.592342442,48.175827142,0,2,#fc8d62,car
105152,"9,21E+18",9,1,83,118,2021,10,12,1,3,0,1,0,0,0,0,1,0,0,"743643,721212","5338422,47242",12.276048227,48.152327604,0,4,#e78ac3,marker
105153,"9,21E+18",9,7,62,0,2021,9,7,3,3,5,3,0,0,1,0,0,0,0,"621947,325403","5302927,14567",10.630650683,47.868098225,1,2,#fc8d62,car
105156,"9,21E+18",9,1,62,0,2021,10,7,5,3,2,6,0,0,1,0,0,0,0,"685924,928534","5343221,28012",11.502944834,48.214957067,0,2,#fc8d62,car
105162,"9,21E+18",9,1,74,147,2021,10,14,5,3,9,7,0,0,1,0,0,0,0,"673841,080814","5365987,86083",11.349801941,48.42303438,0,2,#fc8d62,car
105163,"9,21E+18",9,1,82,133,2021,9,17,4,3,0,1,0,0,0,0,1,0,0,"708009,731786","5305697,91094",11.781677964,47.870902262,0,4,#e78ac3,marker
105164,"9,21E+18",9,1,87,177,2021,10,16,6,3,4,2,0,0,1,0,1,0,0,"735372,309627","5305305,93416",12.14684199,47.857939121,0,2,#fc8d62,car
105166,"9,21E+18",9,1,84,135,2021,10,16,1,3,5,2,0,1,1,0,0,0,0,"689845,998082","5347319,05713",11.557512679,48.250626472,0,1,#66c2a5,bicycle
105168,"9,21E+18",9,1,78,120,2021,9,9,5,3,5,2,0,0,1,0,0,0,0,"695188,726163","5353077,22014",11.63206815,48.30075391,0,2,#fc8d62,car
105171,"9,21E+18",9,1,84,136,2021,10,11,2,3,2,6,0,0,1,0,0,0,0,"698832,576037","5325822,50872",11.668399197,48.054678762,0,2,#fc8d62,car
105177,"9,21E+18",9,7,71,111,2021,10,14,6,3,1,7,0,0,0,0,0,1,0,"658333,296756","5357356,09508",11.137090416,48.349520807,0,5,#a6d854,bus
105179,"9,21E+18",9,2,61,0,2021,9,17,3,3,2,6,0,0,1,0,0,0,0,"732756,356042","5382085,90852",12.154026389,48.548637312,0,2,#fc8d62,car
105181,"9,21E+18",9,1,87,177,2021,9,18,2,3,2,6,0,0,1,0,0,1,0,"735995,657995","5305666,80837",12.155359794,47.860952535,0,2,#fc8d62,car
105183,"9,21E+18",9,1,86,162,2021,10,15,7,2,3,6,0,0,1,0,1,0,0,"688502,62317","5383689,07089",11.555775141,48.577907716,0,2,#fc8d62,car
105185,"9,21E+18",9,1,82,120,2021,9,12,4,2,2,6,0,0,1,0,0,0,0,"703170,996446","5309330,43424",11.718755864,47.905097348,0,2,#fc8d62,car
105186,"9,21E+18",9,1,77,117,2021,10,5,3,2,3,6,2,0,0,0,1,1,0,"716480,276754","5351063,35793",11.917779289,48.275734172,1,4,#e78ac3,marker
105192,"9,21E+18",9,1,87,186,2021,10,12,2,2,9,1,0,0,1,0,0,0,0,"732179,996723","5333288,36133",12.119351973,48.110492434,0,2,#fc8d62,car
105195,"9,21E+18",9,1,84,142,2021,10,14,3,3,2,6,0,0,1,0,0,0,0,"681316,975012","5318558,90695",11.430490772,47.994603189,1,2,#fc8d62,car
105197,"9,21E+18",9,1,63,0,2021,10,19,6,3,5,2,1,0,1,0,0,0,0,"730990,218002","5303259,38599",12.087251354,47.841142203,0,2,#fc8d62,car
105205,"9,21E+18",9,2,61,0,2021,10,8,4,3,0,3,0,1,1,0,0,0,0,"734021,975595","5381515,58262",12.17082884,48.543043524,1,1,#66c2a5,bicycle
105209,"9,21E+18",9,1,84,135,2021,9,20,1,3,4,2,2,0,1,0,0,0,0,"689444,771875","5347333,83712",11.552119744,48.250879359,0,2,#fc8d62,car
105210,"9,21E+18",9,1,73,123,2021,10,6,4,3,9,1,0,0,1,0,0,0,0,"677299,612592","5300679,93865",11.369334873,47.835004934,1,2,#fc8d62,car
105218,"9,21E+18",9,1,78,150,2021,9,15,3,2,4,6,0,0,1,0,1,0,0,"689082,583467","5372572,50848",11.558589038,48.477824444,0,2,#fc8d62,car
105220,"9,21E+18",9,1,84,127,2021,9,11,4,3,4,6,0,1,0,0,0,0,0,"703290,497622","5322552,68982",11.726604333,48.023888789,0,1,#66c2a5,bicycle
105230,"9,21E+18",9,1,84,140,2021,9,12,7,3,5,3,0,0,1,0,1,0,0,"703189,568001","5328658,362",11.728151079,48.078792,0,2,#fc8d62,car
105231,"9,21E+18",9,1,74,135,2021,10,12,7,3,9,6,0,0,1,0,0,0,0,"663042,719674","5353480,93613",11.199108232,48.313484924,0,2,#fc8d62,car
105233,"9,21E+18",9,1,74,113,2021,9,18,5,3,5,2,1,0,1,0,0,0,0,"677718,004806","5351085,56151",11.395866531,48.287999914,1,2,#fc8d62,car
105240,"9,21E+18",9,1,74,146,2021,9,23,6,3,8,1,2,0,1,0,0,0,0,"666720,681783","5352270,33942",11.248198765,48.301643046,0,2,#fc8d62,car
105242,"9,21E+18",9,7,71,158,2021,10,7,2,2,4,6,0,0,1,0,0,0,0,"643651,341211","5373204,66958",10.944476014,48.495530994,0,2,#fc8d62,car
105248,"9,21E+18",9,1,77,139,2021,9,15,6,3,2,6,0,0,1,0,1,0,0,"731274,028822","5355866,5252",12.119506448,48.313654202,0,2,#fc8d62,car
105255,"9,21E+18",9,7,71,149,2021,10,19,4,2,0,7,2,0,0,0,1,0,1,"652961,887547","5364190,97232",11.067127734,48.412295076,1,4,#e78ac3,marker
105260,"9,21E+18",9,1,73,120,2021,9,18,5,3,8,1,1,0,0,0,1,0,0,"687644,658262","5308743,75938",11.510948151,47.904553463,0,4,#e78ac3,marker
105261,"9,21E+18",9,1,77,139,2021,9,7,4,3,6,4,0,0,1,1,0,0,0,"731717,810125","5359212,23653",12.127321987,48.343547194,0,2,#fc8d62,car
105264,"9,21E+18",9,2,74,124,2021,9,7,4,3,2,6,0,0,1,0,0,0,0,"723525,146379","5375177,26554",12.025420512,48.489928561,1,2,#fc8d62,car
105270,"9,21E+18",9,1,87,181,2021,9,13,1,3,2,6,0,0,1,0,0,0,0,"738262,984171","5315257,00596",12.190922389,47.946268431,0,2,#fc8d62,car
105271,"9,21E+18",9,7,61,0,2021,9,10,7,3,0,7,0,1,0,0,0,0,0,"640212,815","5360553,43",10.893724411,48.382553228,0,1,#66c2a5,bicycle
105276,"9,21E+18",9,7,71,160,2021,10,11,4,2,5,3,0,0,1,0,0,0,0,"655572,22681","5351103,3917",11.097542273,48.293991143,0,2,#fc8d62,car
105288,"9,21E+18",9,1,82,133,2021,9,19,6,2,8,1,1,0,1,0,0,0,0,"703695,750464","5308184,65251",11.725228833,47.894633637,0,2,#fc8d62,car
105290,"9,21E+18",9,1,79,145,2021,9,18,4,3,0,7,0,0,1,0,0,0,1,"675917,436001","5338610,657",11.366435096,48.176364439,0,2,#fc8d62,car
105292,"9,21E+18",9,7,72,177,2021,9,10,2,3,2,6,0,0,0,0,0,1,0,"635885,262855","5375386,59446",10.840122163,48.516877777,0,5,#a6d854,bus
105302,"9,21E+18",9,1,75,115,2021,10,9,2,2,5,3,0,0,1,0,0,1,0,"721025,631348","5329922,8801",11.96796383,48.084221837,0,2,#fc8d62,car
105304,"9,21E+18",9,1,62,0,2021,9,7,4,3,3,2,0,1,1,0,0,0,0,"690874,853726","5330126,20181",11.563639015,48.095790312,0,1,#66c2a5,bicycle
105305,"9,21E+18",9,2,74,194,2021,10,11,6,3,2,6,0,0,1,0,0,0,0,"722073,824002","5375989,10599",12.0062366,48.49773652,0,2,#fc8d62,car
105307,"9,21E+18",9,7,72,207,2021,10,7,2,3,2,6,1,0,1,0,1,0,0,"641472,48","5382750,841",10.918241466,48.581857823,0,2,#fc8d62,car
105310,"9,21E+18",9,7,61,0,2021,9,17,5,3,2,1,0,0,1,0,0,0,0,"640743,905065","5355569,62245",10.899226122,48.337622223,0,2,#fc8d62,car
105311,"9,21E+18",9,1,78,124,2021,9,11,2,2,0,6,0,1,0,0,0,0,0,"702680,108001","5364181,937",11.738315199,48.398189907,0,1,#66c2a5,bicycle
105313,"9,21E+18",9,1,81,114,2021,10,11,6,2,5,3,0,0,1,0,1,0,0,"657039,373","5313366,326",11.103405054,47.954339263,0,2,#fc8d62,car
105316,"9,21E+18",9,7,72,167,2021,9,7,6,3,0,7,0,1,0,0,0,0,0,"625669,622575","5358456,12963",10.69677084,48.366757891,0,1,#66c2a5,bicycle
105320,"9,21E+18",9,1,88,120,2021,9,19,7,3,5,3,1,1,1,0,0,0,0,"677521,281001","5326375,546",11.38289576,48.065934685,0,1,#66c2a5,bicycle
105321,"9,21E+18",9,1,75,127,2021,9,16,4,3,2,6,0,0,1,0,0,0,0,"713217,676001","5341390,581",11.868996,48.189926133,1,2,#fc8d62,car
105325,"9,21E+18",9,1,83,120,2021,9,17,5,3,8,1,0,0,1,0,0,0,0,"748284,045974","5349265,76038",12.344674059,48.247923129,1,2,#fc8d62,car
105327,"9,21E+18",9,7,71,122,2021,10,13,1,3,3,6,0,0,1,0,0,0,0,"651274,881902","5362361,82097",11.043685479,48.396256711,0,2,#fc8d62,car
105332,"9,21E+18",9,1,82,119,2021,10,15,6,2,5,3,0,1,1,0,0,0,0,"711698,214289","5294269,6521",11.82535978,47.766997209,0,1,#66c2a5,bicycle
105333,"9,21E+18",9,1,81,144,2021,10,16,2,3,8,1,0,0,1,0,0,0,0,"655721,69923","5322502,80607",11.089083001,48.036809105,0,2,#fc8d62,car
105337,"9,21E+18",9,1,88,139,2021,9,17,1,3,2,1,0,0,1,0,0,0,0,"680307,938159","5321123,43337",11.418055397,48.017941414,0,2,#fc8d62,car
105338,"9,21E+18",9,1,90,157,2021,10,15,7,3,2,6,0,0,0,0,1,0,1,"658899,43723","5301408,74268",11.123897309,47.846368088,0,4,#e78ac3,marker
105339,"9,21E+18",9,7,72,171,2021,9,8,5,3,2,6,0,0,1,0,0,0,0,"637837,88076","5371266,08449",10.86518936,48.479402076,0,2,#fc8d62,car
105340,"9,21E+18",9,1,63,0,2021,10,7,4,3,6,4,1,0,1,1,0,0,0,"732717,337194","5305588,2583",12.11155232,47.861442424,1,2,#fc8d62,car
105345,"9,21E+18",9,1,78,124,2021,10,12,4,3,2,6,0,0,1,0,0,0,0,"703232,891506","5361464,71278",11.744460569,48.373594363,0,2,#fc8d62,car
105346,"9,21E+18",9,7,71,142,2021,10,11,6,3,0,3,0,1,1,0,0,0,0,"645597,264069","5351898,79586",10.963411467,48.303516679,0,1,#66c2a5,bicycle
105353,"9,21E+18",9,1,73,120,2021,9,17,6,2,5,3,0,1,1,0,0,0,0,"687010,201654","5311419,48993",11.503627393,47.928790121,0,1,#66c2a5,bicycle
105356,"9,21E+18",9,2,61,0,2021,9,6,4,3,5,2,1,0,1,0,0,0,0,"731510,547445","5381765,6793",12.136993196,48.546221708,1,2,#fc8d62,car
105358,"9,21E+18",9,1,62,0,2021,9,11,2,3,1,7,0,0,1,0,0,0,1,"684639,297258","5335405,21211",11.482258387,48.145078163,0,2,#fc8d62,car
105361,"9,21E+18",9,1,86,143,2021,9,16,1,3,0,1,0,0,0,0,1,0,0,"680999,180784","5380744,13004",11.452859337,48.553650798,0,4,#e78ac3,marker
105362,"9,21E+18",9,1,75,115,2021,9,11,1,3,3,6,0,1,0,0,0,0,0,"716312,720431","5337470,19307",11.908592228,48.153653894,0,1,#66c2a5,bicycle
105364,"9,21E+18",9,7,71,113,2021,9,16,4,3,0,7,0,1,0,0,0,0,0,"657426,300768","5369024,34802",11.129232784,48.454649178,0,1,#66c2a5,bicycle
105365,"9,21E+18",9,1,74,126,2021,10,19,4,3,5,2,1,0,1,0,0,0,0,"683848,667099","5344030,23896",11.475371899,48.222833228,0,2,#fc8d62,car
105371,"9,21E+18",9,1,82,123,2021,9,3,6,3,3,1,2,0,1,0,0,0,0,"716894,259055","5301293,57144",11.898127471,47.828386981,1,2,#fc8d62,car
105372,"9,21E+18",9,1,90,159,2021,10,7,2,3,8,6,0,0,1,0,0,0,0,"663826,699342","5305782,18909",11.191365071,47.884452061,0,2,#fc8d62,car
105378,"9,21E+18",9,1,84,123,2021,9,16,6,3,2,6,0,0,1,0,0,0,1,"705103,435994","5332112,97891",11.755476702,48.109224674,0,2,#fc8d62,car
105379,"9,21E+18",9,7,73,182,2021,9,7,1,3,8,7,0,0,1,0,0,0,0,"626128,266306","5378797,16769",10.70909125,48.549582661,0,2,#fc8d62,car
105383,"9,21E+18",9,1,90,115,2021,9,17,7,3,8,1,0,0,1,0,0,0,0,"670406,61","5302086,953",11.277851301,47.849518007,0,2,#fc8d62,car
105386,"9,21E+18",9,1,82,127,2021,10,10,7,3,2,6,0,0,1,0,0,0,0,"702456,385125","5311724,83367",11.710328711,47.92684231,0,2,#fc8d62,car
105388,"9,21E+18",9,1,77,131,2021,9,13,4,3,8,1,0,0,0,0,1,0,0,"710423,264295","5343770,16283",11.832622747,48.212240553,0,4,#e78ac3,marker
105396,"9,21E+18",9,1,78,124,2021,9,19,5,3,0,1,2,1,0,0,0,0,0,"703324,477648","5364103,25756",11.746972489,48.397275448,0,1,#66c2a5,bicycle
105397,"9,21E+18",9,1,78,143,2021,9,23,1,3,8,1,2,0,1,0,0,0,0,"713473,151615","5372079,35682",11.88796906,48.465587952,1,2,#fc8d62,car
105400,"9,21E+18",9,1,62,0,2021,10,9,6,3,3,6,0,0,1,0,0,0,0,"691167,930336","5344797,33957",11.574164445,48.227564678,0,2,#fc8d62,car
105407,"9,21E+18",9,7,62,0,2021,9,18,5,3,4,2,1,0,1,0,0,0,0,"623020,085995","5306246,36366",10.645934922,47.897745547,0,2,#fc8d62,car
105412,"9,21E+18",9,7,72,223,2021,9,8,1,2,3,6,0,0,1,0,0,0,0,"619207,358782","5363116,85032",10.610877818,48.409925444,0,2,#fc8d62,car
105413,"9,21E+18",9,1,81,130,2021,10,7,4,3,2,6,1,0,1,0,0,0,0,"642245,272251","5324573,25143",10.909087157,48.058571343,1,2,#fc8d62,car
105417,"9,21E+18",9,1,74,115,2021,10,6,3,3,5,2,1,1,1,0,0,0,0,"683298,912211","5348015,1466",11.469701618,48.258810425,1,1,#66c2a5,bicycle
105418,"9,21E+18",9,1,84,118,2021,10,0,6,2,5,3,2,0,1,0,0,0,1,"703996,808032","5335646,10729",11.742318244,48.141331115,1,2,#fc8d62,car
105420,"9,21E+18",9,2,61,0,2021,9,17,5,3,3,6,0,0,1,0,0,1,0,"731588,208938","5381562,22036",12.137930775,48.544365412,0,2,#fc8d62,car
105423,"9,21E+18",9,7,72,160,2021,9,14,7,3,2,6,0,0,1,0,0,0,0,"638292,298036","5341974,05282",10.861713602,48.215912415,0,2,#fc8d62,car
105424,"9,21E+18",9,1,79,121,2021,10,7,3,3,6,4,0,0,1,1,0,0,0,"667803,156149","5338337,14261",11.257264132,48.17610016,0,2,#fc8d62,car
105432,"9,21E+18",9,1,79,147,2021,10,22,7,3,8,1,2,1,0,0,0,0,0,"664479,345553","5334510,13829",11.211107939,48.142563565,0,1,#66c2a5,bicycle
105435,"9,21E+18",9,1,84,134,2021,10,16,5,3,2,7,0,0,1,0,0,0,0,"693020,717001","5323433,05",11.589408572,48.034986781,0,2,#fc8d62,car
105436,"9,21E+18",9,2,74,121,2021,9,11,3,2,0,7,0,0,0,0,0,1,0,"729013,434467","5368959,81803",12.096191023,48.432100048,0,5,#a6d854,bus
105438,"9,21E+18",9,1,74,136,2021,9,16,5,3,9,1,0,0,1,0,0,0,0,"686997,067467","5363735,37518",11.526453448,48.399022333,0,2,#fc8d62,car
105442,"9,21E+18",9,1,82,133,2021,10,19,2,3,9,1,1,0,1,0,0,0,0,"703721,664799","5307974,63908",11.725476015,47.892737987,0,2,#fc8d62,car
105452,"9,21E+18",9,1,87,117,2021,9,17,2,3,2,6,0,0,1,0,1,0,0,"723790,311002","5307360,15099",11.993282526,47.880534171,0,2,#fc8d62,car
105455,"9,21E+18",9,1,82,127,2021,9,9,7,3,2,6,0,0,1,0,0,0,0,"702749,551453","5310769,62098",11.713799463,47.918164968,0,2,#fc8d62,car
105457,"9,21E+18",9,1,63,0,2021,10,7,3,3,3,2,0,1,0,0,0,1,0,"732720,483318","5305586,36005",12.1115933,47.861424231,0,1,#66c2a5,bicycle
105462,"9,21E+18",9,7,78,203,2021,10,17,1,3,4,6,0,0,1,0,0,0,1,"621267,321248","5322411,11826",10.627055176,48.043458752,0,2,#fc8d62,car
105463,"9,21E+18",9,7,61,0,2021,9,7,4,2,0,1,0,1,0,0,0,0,0,"641035,892","5356923,259",10.903617331,48.349728576,0,1,#66c2a5,bicycle
105465,"9,21E+18",9,1,86,126,2021,10,11,3,2,4,6,0,0,0,0,0,1,1,"685399,847422","5377033,14018",11.510786294,48.519012126,0,5,#a6d854,bus
105466,"9,21E+18",9,1,74,126,2021,9,15,3,2,2,6,0,0,1,0,1,0,0,"683815,109803","5345980,32406",11.475766415,48.240371129,0,2,#fc8d62,car
105469,"9,21E+18",9,1,75,121,2021,10,20,1,3,2,6,2,0,1,0,0,0,0,"713693,518001","5318996,211",11.864185655,47.988536058,0,2,#fc8d62,car
105472,"9,21E+18",9,7,72,209,2021,9,14,7,3,2,6,0,0,1,0,0,0,0,"636874,09468","5337486,37807",10.841184922,48.175865744,0,2,#fc8d62,car
105475,"9,21E+18",9,2,74,126,2021,10,14,4,3,2,6,0,0,1,0,0,0,0,"733715,168057","5382546,27299",12.167256714,48.552416118,0,2,#fc8d62,car
105493,"9,21E+18",9,7,61,0,2021,10,17,4,3,2,1,0,0,1,0,0,0,0,"641509,111532","5357818,10162",10.910301735,48.357668815,0,2,#fc8d62,car
105494,"9,21E+18",9,7,61,0,2021,10,15,7,2,4,3,0,1,1,0,0,0,0,"642847,649069","5360043,24901",10.929116484,48.377374833,0,1,#66c2a5,bicycle
105498,"9,21E+18",9,1,78,138,2021,10,16,4,3,2,6,0,0,1,0,0,0,0,"710279,313614","5368430,53954",11.842984869,48.433877512,0,2,#fc8d62,car
105499,"9,21E+18",9,7,71,122,2021,10,9,4,3,9,7,0,0,1,0,0,0,0,"656581,114097","5359234,37404",11.114156212,48.366844278,0,2,#fc8d62,car
105502,"9,21E+18",9,7,71,146,2021,10,7,3,3,2,2,0,0,1,0,0,0,0,"646778,833435","5348729,08314",10.978233887,48.274743602,0,2,#fc8d62,car
105511,"9,21E+18",9,1,82,116,2021,9,21,6,2,5,3,2,0,1,0,0,0,0,"704025,309001","5295252,901",11.723539352,47.778308136,0,2,#fc8d62,car
105514,"9,21E+18",9,7,62,0,2021,9,19,3,3,5,3,2,1,1,0,0,0,0,"620781,868633","5304444,82157",10.615497242,47.881968139,0,1,#66c2a5,bicycle
105515,"9,21E+18",9,1,87,132,2021,9,9,7,3,4,2,0,0,1,0,0,0,0,"746470,625904","5299864,03352",12.291878439,47.804896867,0,2,#fc8d62,car
105516,"9,21E+18",9,1,62,0,2021,9,14,2,3,2,6,0,0,1,0,0,0,0,"679490,479999","5337649,5992",11.414049975,48.166726411,0,2,#fc8d62,car
105518,"9,21E+18",9,1,77,135,2021,10,14,7,3,5,3,0,0,1,0,1,0,0,"719824,608002","5343551,30999",11.958894558,48.207088156,0,2,#fc8d62,car
105519,"9,21E+18",9,1,84,142,2021,9,16,6,3,5,3,0,0,1,0,0,0,0,"683340,455755","5316956,69828",11.456905102,47.979624165,0,2,#fc8d62,car
105520,"9,21E+18",9,1,81,130,2021,9,16,4,3,1,6,0,0,1,0,0,0,1,"642247,84749","5324571,08071",10.909120978,48.05855125,0,2,#fc8d62,car
105522,"9,21E+18",9,7,71,113,2021,9,15,3,2,8,1,0,0,0,0,1,0,0,"661416,617145","5369160,49331",11.1832151,48.454862253,0,4,#e78ac3,marker
105524,"9,21E+18",9,1,62,0,2021,9,13,5,3,6,2,0,0,0,1,0,0,1,"690793,546493","5329694,84089",11.562355349,48.091937573,1,3,#8da0cb,toilet
105527,"9,21E+18",9,1,79,138,2021,10,6,2,3,5,3,1,0,1,0,0,1,0,"655110,060973","5335540,17217",11.085620474,48.15417801,0,2,#fc8d62,car
105529,"9,21E+18",9,1,62,0,2021,9,11,7,3,1,6,0,0,1,0,0,0,0,"685146,282506","5331929,91951",11.487557581,48.113693188,0,2,#fc8d62,car
105530,"9,21E+18",9,1,81,130,2021,10,9,3,3,0,1,0,1,0,0,0,0,0,"639910,046","5323387,634",10.877375734,48.048426316,1,1,#66c2a5,bicycle
105531,"9,21E+18",9,1,82,116,2021,9,7,3,3,4,2,0,1,1,0,0,0,0,"703699,030623","5292499,46834",11.717898514,47.753665113,0,1,#66c2a5,bicycle
105534,"9,21E+18",9,1,90,138,2021,10,12,1,3,0,6,0,0,0,0,1,0,1,"661954,697098","5312268,0184",11.168780062,47.943240364,0,4,#e78ac3,marker
105539,"9,21E+18",9,7,71,112,2021,9,22,5,3,5,3,2,0,1,0,0,0,0,"642951,940802","5369067,32742",10.933599792,48.458490392,1,2,#fc8d62,car
105543,"9,21E+18",9,1,88,141,2021,9,16,7,3,5,3,0,1,0,0,0,0,0,"670807,384154","5309598,41262",11.286175084,47.916941222,0,1,#66c2a5,bicycle
105546,"9,21E+18",9,7,61,0,2021,10,8,6,3,0,2,0,1,1,0,0,0,0,"639231,259473","5360875,15097",10.880581507,48.385663454,0,1,#66c2a5,bicycle