OBJECTID,UIDENTSTLA,ULAND,UREGBEZ,UKREIS,UGEMEINDE,UJAHR,UMONAT,USTUNDE,UWOCHENTAG,UKATEGORIE,UART,UTYP1,ULICHTVERH,IstRad,IstPKW,IstFuss,IstKrad,IstGkfz,IstSonstig,LINREFX,LINREFY,XGCSWGS84,YGCSWGS84,STRZUSTAN,Teilnehmer,color,symbol
105549,"9,21E+18",9,7,78,203,2021,10,11,2,2,5,2,0,0,1,0,0,0,0,"621428,728985","5325205,92216",10.630013249,48.068563012,0,2,#fc8d62,car
105552,"9,21E+18",9,1,75,139,2021,9,6,5,2,5,3,1,0,1,0,0,0,0,"709861,289785","5329971,15446",11.81826416,48.088428328,0,2,#fc8d62,car
105555,"9,21E+18",9,7,71,140,2021,9,15,7,3,5,3,0,1,1,0,0,0,0,"653142,020347","5373879,79765",11.073105328,48.499359533,0,1,#66c2a5,bicycle
105556,"9,21E+18",9,1,79,134,2021,9,17,3,3,4,6,0,0,1,0,0,0,0,"666044,446916","5342033,2334",11.235070296,48.209790129,0,2,#fc8d62,car
105559,"9,21E+18",9,1,87,179,2021,10,16,1,2,5,6,0,1,1,0,0,0,0,"726661,855026","5314837,58888",12.035565588,47.946709573,0,1,#66c2a5,bicycle
105561,"9,21E+18",9,1,84,146,2021,9,20,7,3,3,6,2,1,0,0,0,0,0,"695353,036329","5328233,08524",11.622855027,48.07741875,0,1,#66c2a5,bicycle
105562,"9,21E+18",9,1,84,135,2021,10,16,6,3,4,6,0,1,0,0,0,0,0,"689509,48577","5347524,7103",11.553076097,48.252575553,0,1,#66c2a5,bicycle
105564,"9,21E+18",9,2,61,0,2021,10,16,4,3,3,7,0,0,1,0,0,0,1,"732381,175002","5380296,19599",12.147952388,48.532699868,0,2,#fc8d62,car
105570,"9,21E+18",9,1,81,126,2021,9,16,6,3,5,3,0,0,1,0,0,0,0,"636253,215401","5332146,89721",10.831127888,48.127984739,0,2,#fc8d62,car
105576,"9,21E+18",9,1,82,127,2021,9,13,6,3,5,2,0,1,1,0,0,0,0,"699910,920745","5309661,88512",11.675334009,47.909100416,0,1,#66c2a5,bicycle
105577,"9,21E+18",9,1,78,133,2021,10,17,1,2,5,3,0,0,1,0,0,0,0,"687967,997598","5363811,50996",11.539592065,48.399417932,0,2,#fc8d62,car
105588,"9,21E+18",9,1,86,146,2021,9,7,4,3,5,3,0,0,1,0,1,0,0,"684914,242581","5371167,70758",11.501620224,48.466437872,0,2,#fc8d62,car
105589,"9,21E+18",9,1,74,135,2021,10,16,6,3,5,6,0,0,1,0,1,0,0,"661404,922757","5353870,46975",11.177183466,48.317407031,0,2,#fc8d62,car
105591,"9,21E+18",9,1,63,0,2021,10,16,4,2,5,3,0,1,0,0,0,0,0,"734762,716805","5303805,03549",12.137890275,47.844678147,1,1,#66c2a5,bicycle
105594,"9,21E+18",9,7,61,0,2021,9,7,2,3,3,1,0,0,1,0,1,0,0,"642111,581222","5359531,7922",10.919009021,48.372942259,0,2,#fc8d62,car
105595,"9,21E+18",9,7,71,144,2021,10,13,3,3,0,1,0,0,0,0,1,0,0,"660646,179308","5372601,75105",11.174124298,48.485996196,1,4,#e78ac3,marker
105597,"9,21E+18",9,1,62,0,2021,9,13,5,3,5,2,0,0,1,0,0,0,0,"686246,954001","5331784,557",11.502267742,48.112065684,0,2,#fc8d62,car
105599,"9,21E+18",9,7,61,0,2021,10,15,2,3,4,3,0,0,1,0,0,0,0,"642842,239978","5360188,17476",10.929092729,48.378679156,0,2,#fc8d62,car
105600,"9,21E+18",9,7,71,158,2021,10,15,6,3,0,1,0,0,0,0,1,0,0,"642192,031","5372206,461",10.924394562,48.486887686,0,4,#e78ac3,marker
105610,"9,21E+18",9,1,90,140,2021,9,12,1,3,5,6,0,0,1,0,1,0,0,"645326,591538","5292652,04014",10.939656079,47.770837224,0,2,#fc8d62,car
105614,"9,21E+18",9,1,74,136,2021,10,1,5,3,9,1,2,0,1,0,0,0,0,"684910,457489","5365428,55531",11.499035967,48.414855952,0,2,#fc8d62,car
105618,"9,21E+18",9,1,85,158,2021,10,6,2,3,8,1,2,0,0,0,1,0,0,"668643,630143","5379214,5088",11.284944177,48.543345179,0,4,#e78ac3,marker
105625,"9,21E+18",9,1,84,131,2021,9,7,6,3,3,6,0,0,1,0,0,1,0,"704092,529843","5338055,33938",11.744758758,48.162951265,0,2,#fc8d62,car
105626,"9,21E+18",9,7,72,223,2021,9,21,1,3,9,7,2,0,1,0,0,0,0,"614020,370734","5364417,6083",10.541165379,48.422583319,0,2,#fc8d62,car
105635,"9,21E+18",9,7,62,0,2021,9,6,3,3,3,6,1,0,1,0,1,0,0,"620576,854742","5303381,39991",10.612459381,47.872442465,0,2,#fc8d62,car
105644,"9,21E+18",9,1,62,0,2021,9,11,7,3,2,6,0,0,1,0,0,0,0,"694446,86692","5336612,0508",11.614522114,48.153002842,0,2,#fc8d62,car
105650,"9,21E+18",9,7,71,113,2021,9,15,1,3,4,2,0,0,1,0,1,0,0,"656380,536","5372768,778",11.116498786,48.488573488,0,2,#fc8d62,car
105652,"9,21E+18",9,1,90,138,2021,9,13,1,2,5,2,0,0,1,0,1,0,0,"661685,218277","5308694,45536",11.163832883,47.91117898,0,2,#fc8d62,car
105656,"9,21E+18",9,1,74,113,2021,10,9,6,3,3,6,0,0,1,0,0,0,0,"670018,906491","5348533,87759",11.291134609,48.267176281,0,2,#fc8d62,car
105660,"9,21E+18",9,1,62,0,2021,10,16,3,3,2,6,2,0,1,0,0,0,0,"691615,806989","5339270,55716",11.577693857,48.177756244,0,2,#fc8d62,car
105662,"9,21E+18",9,7,71,122,2021,9,5,6,3,2,6,2,0,1,0,0,1,0,"655343,297245","5359924,05958",11.097709687,48.373350784,0,2,#fc8d62,car
105664,"9,21E+18",9,1,75,133,2021,10,7,3,2,5,3,1,0,1,0,1,0,0,"708665,520557","5340770,9495",11.807516283,48.185869741,1,2,#fc8d62,car
105667,"9,21E+18",9,1,62,0,2021,9,6,3,3,2,6,2,0,1,0,0,0,0,"679354,366837","5333444,47652",11.41044928,48.128965076,0,2,#fc8d62,car
105674,"9,21E+18",9,7,72,147,2021,10,15,5,3,3,6,0,0,1,0,0,1,0,"638643,087856","5363615,83722",10.873546549,48.410436566,0,2,#fc8d62,car
105678,"9,21E+18",9,1,62,0,2021,9,19,7,3,3,3,2,1,0,0,0,0,1,"695163,865883","5334042,7474",11.622974919,48.129691564,0,1,#66c2a5,bicycle
105683,"9,21E+18",9,7,71,165,2021,10,15,4,3,9,7,0,0,1,0,0,0,0,"660264,685762","5363397,05998",11.165442937,48.403342991,0,2,#fc8d62,car
105685,"9,21E+18",9,7,71,130,2021,9,15,2,3,8,7,0,0,1,0,0,0,0,"645109,602103","5362973,00085",10.960657152,48.403200979,0,2,#fc8d62,car
105688,"9,21E+18",9,1,73,112,2021,9,8,6,3,0,7,0,1,0,0,0,0,0,"690394,686361","5292648,78495",11.54063433,47.759072393,1,1,#66c2a5,bicycle
105690,"9,21E+18",9,1,62,0,2021,10,11,2,2,3,6,2,0,1,0,1,0,0,"688516,338538","5334359,09655",11.533865263,48.134538484,0,2,#fc8d62,car
105691,"9,21E+18",9,7,72,147,2021,10,16,6,3,9,1,0,0,1,0,0,0,0,"629019,912983","5364137,14511",10.74372957,48.417167945,0,2,#fc8d62,car
105695,"9,21E+18",9,1,77,134,2021,10,15,1,3,5,3,0,0,1,0,1,0,0,"713933,945895","5344346,43642",11.880111114,48.216245139,0,2,#fc8d62,car
105696,"9,21E+18",9,1,81,128,2021,9,18,4,2,2,6,0,0,1,0,1,0,0,"638481,71612","5327329,90122",10.85949719,48.084188037,0,2,#fc8d62,car
105699,"9,21E+18",9,7,77,114,2021,10,7,4,3,3,1,0,0,1,0,0,0,0,"615605,989291","5313752,23956",10.548792357,47.966632244,0,2,#fc8d62,car
105705,"9,21E+18",9,1,86,152,2021,9,11,4,3,2,6,0,0,1,0,0,0,0,"691126,674749","5381049,32706",11.590102652,48.553389266,0,2,#fc8d62,car
105706,"9,21E+18",9,2,74,134,2021,10,13,6,3,5,7,0,1,0,0,0,0,1,"740817,772446","5373782,32418",12.258293392,48.471013788,0,1,#66c2a5,bicycle
105711,"9,21E+18",9,1,73,120,2021,10,17,6,2,8,7,0,0,1,0,0,0,0,"683516,233637","5308749,06727",11.455759397,47.905795449,0,2,#fc8d62,car
105714,"9,21E+18",9,7,77,151,2021,10,18,1,3,5,3,1,0,1,0,0,0,0,"617479,674003","5292799,34097",10.568187403,47.777840661,0,2,#fc8d62,car
105715,"9,21E+18",9,1,87,179,2021,9,17,2,3,2,6,0,0,1,0,0,0,0,"726399,706002","5315234,30399",12.032268534,47.950366611,0,2,#fc8d62,car
105717,"9,21E+18",9,1,62,0,2021,9,0,1,3,5,3,2,1,0,0,0,0,1,"698513,389107","5333123,72757",11.667513851,48.120396367,0,1,#66c2a5,bicycle
105726,"9,21E+18",9,1,79,134,2021,9,14,7,3,8,1,0,0,1,0,0,0,0,"668211,891955","5342943,15611",11.264582926,48.217399455,0,2,#fc8d62,car
105727,"9,21E+18",9,1,62,0,2021,9,15,3,3,3,2,0,1,1,0,0,0,0,"692068,052185","5340441,46651",11.584300526,48.188143543,0,1,#66c2a5,bicycle
105732,"9,21E+18",9,1,87,179,2021,10,14,2,2,4,6,0,0,1,0,1,0,0,"722698,627623","5313366,16992",11.981802149,47.93487866,0,2,#fc8d62,car
105738,"9,21E+18",9,1,87,129,2021,10,7,2,3,2,6,1,0,1,0,0,0,0,"724807,687213","5298798,28112",12.00242474,47.803249979,1,2,#fc8d62,car
105743,"9,21E+18",9,1,73,134,2021,10,18,7,2,2,1,0,0,1,0,0,0,0,"687382,287001","5298437,652",11.502975102,47.811990618,0,2,#fc8d62,car
105744,"9,21E+18",9,1,62,0,2021,9,1,5,3,1,1,2,1,0,0,0,0,1,"690884,190364","5330178,26463",11.563787564,48.096255457,1,1,#66c2a5,bicycle
105745,"9,21E+18",9,1,73,147,2021,10,14,4,3,2,6,0,0,1,0,0,0,0,"680876,790697","5309437,64744",11.420760817,47.912734947,0,2,#fc8d62,car
105747,"9,21E+18",9,1,62,0,2021,9,12,2,3,2,6,0,0,1,0,0,0,0,"693450,21695","5331509,41889",11.598819044,48.107445796,0,2,#fc8d62,car
105753,"9,21E+18",9,1,77,130,2021,10,7,3,3,5,3,1,0,1,0,1,0,0,"709719,153268","5350848,18274",11.826661369,48.276075649,1,2,#fc8d62,car
105759,"9,21E+18",9,2,61,0,2021,10,13,6,3,5,2,0,1,1,0,0,0,0,"732483,292176","5381699,77241",12.150116502,48.545270008,0,1,#66c2a5,bicycle
105762,"9,21E+18",9,1,84,114,2021,9,17,7,2,2,6,0,0,1,0,0,0,0,"698771,113206","5321223,45806",11.66544119,48.013364497,0,2,#fc8d62,car
105763,"9,21E+18",9,1,82,116,2021,9,10,2,3,5,6,0,0,1,0,0,0,0,"704864,470001","5295267,068",11.734734861,47.778169226,0,2,#fc8d62,car
105765,"9,21E+18",9,1,79,149,2021,10,0,7,2,9,1,2,0,1,0,0,0,0,"655127,752814","5330176,97521",11.083905531,48.105953089,0,2,#fc8d62,car
105766,"9,21E+18",9,1,84,112,2021,9,10,7,3,2,6,0,0,1,0,0,0,0,"701736,135832","5340657,48328",11.714340568,48.187088262,0,2,#fc8d62,car
105772,"9,21E+18",9,1,90,130,2021,9,19,5,2,4,1,2,0,1,0,0,0,0,"650024,659683","5294472,85834",11.002950664,47.78613357,1,2,#fc8d62,car
105778,"9,21E+18",9,1,90,158,2021,10,15,6,2,4,2,0,1,1,0,0,0,0,"653155,623087","5303133,0101",11.047786014,47.863266384,0,1,#66c2a5,bicycle
105779,"9,21E+18",9,1,81,114,2021,10,18,2,3,0,1,2,0,0,0,1,0,0,"657399,414535","5311581,18741",11.107571224,47.938200374,0,4,#e78ac3,marker
105781,"9,21E+18",9,7,71,122,2021,9,21,1,3,9,1,2,0,1,0,0,0,0,"656047,123032","5359403,88614",11.107014242,48.368500516,1,2,#fc8d62,car
105785,"9,21E+18",9,1,75,122,2021,10,11,6,3,5,2,0,0,1,0,0,0,0,"720887,754002","5323473,96399",11.962785935,48.02632582,0,2,#fc8d62,car
105789,"9,21E+18",9,1,74,121,2021,9,7,3,3,2,6,0,0,1,0,0,0,1,"690740,010477","5353342,80273",11.572261954,48.304497594,0,2,#fc8d62,car
105790,"9,21E+18",9,1,84,135,2021,9,19,6,3,5,3,2,0,1,0,0,0,0,"692562,869388","5349020,96367",11.594848811,48.265102893,0,2,#fc8d62,car
105794,"9,21E+18",9,7,61,0,2021,9,8,6,3,0,1,0,0,0,0,1,0,1,"641503,799","5357821,384",10.910231163,48.35769952,1,4,#e78ac3,marker
105796,"9,21E+18",9,7,71,142,2021,10,9,2,3,2,2,0,0,1,0,0,0,0,"645600,994864","5351876,78321",10.963454153,48.303317895,0,2,#fc8d62,car
105800,"9,21E+18",9,2,61,0,2021,9,9,6,2,5,2,0,0,1,0,0,0,0,"731875,845873","5383862,56461",12.143102996,48.564922648,0,2,#fc8d62,car
105812,"9,21E+18",9,1,62,0,2021,10,14,6,3,5,3,0,1,1,0,0,0,0,"689647,462753","5340137,79625",11.551629342,48.186141448,0,1,#66c2a5,bicycle
105814,"9,21E+18",9,1,79,121,2021,9,13,5,3,5,3,0,0,1,0,0,0,0,"663315,371135","5338360,47836",11.19695074,48.177479211,0,2,#fc8d62,car
105815,"9,21E+18",9,7,71,122,2021,10,8,3,3,4,6,0,0,1,0,0,0,1,"654261,128","5361662,796",11.083744685,48.389248579,0,2,#fc8d62,car
105816,"9,21E+18",9,7,71,113,2021,10,17,4,3,2,6,0,0,0,0,0,1,1,"655156,653196","5365880,25187",11.09739224,48.426946021,0,5,#a6d854,bus
105821,"9,21E+18",9,1,77,115,2021,9,23,6,2,8,1,2,0,1,0,0,0,0,"738008,159002","5353739,96199",12.208993969,48.292054308,0,2,#fc8d62,car
105829,"9,21E+18",9,1,84,129,2021,10,13,7,3,2,6,0,0,1,0,0,0,0,"699854,147734","5324086,00142",11.681282777,48.03875326,0,2,#fc8d62,car
105830,"9,21E+18",9,1,77,113,2021,9,13,4,3,5,3,0,0,1,0,0,0,0,"724859,804036","5358271,15267",12.034399328,48.337570286,0,2,#fc8d62,car
105833,"9,21E+18",9,1,75,124,2021,10,18,5,2,6,4,2,0,1,1,0,0,0,"715053,832201","5328655,27073",11.887242741,48.074873827,0,2,#fc8d62,car
105842,"9,21E+18",9,1,79,119,2021,10,16,6,3,2,6,0,0,1,0,0,0,0,"669289,008","5338716,716",11.277386487,48.179118349,0,2,#fc8d62,car
105844,"9,21E+18",9,2,61,0,2021,10,13,2,3,3,6,0,0,1,0,0,1,0,"731742,902225","5381307,32288",12.139881761,48.542018603,0,2,#fc8d62,car
105845,"9,21E+18",9,1,88,139,2021,9,16,5,3,0,7,0,1,0,1,0,0,0,"674591,544979","5318746,55458",11.340494453,47.998161598,0,1,#66c2a5,bicycle
105852,"9,21E+18",9,1,87,165,2021,9,11,2,3,2,6,0,0,0,0,0,1,1,"735089,434747","5299499,29005",12.139914381,47.805876274,1,5,#a6d854,bus
105853,"9,21E+18",9,1,87,124,2021,10,9,7,2,9,1,0,0,0,0,1,0,0,"734782,757804","5324924,23157",12.149672353,48.034399829,0,4,#e78ac3,marker
105860,"9,21E+18",9,1,86,151,2021,10,15,7,3,2,6,0,0,0,0,1,0,1,"677385,008185","5375737,14974",11.401795574,48.509678571,0,4,#e78ac3,marker
105863,"9,21E+18",9,1,81,130,2021,10,17,3,3,5,3,0,1,1,0,0,0,0,"638893,288783","5322696,10526",10.863515536,48.042429921,1,1,#66c2a5,bicycle
105864,"9,21E+18",9,1,62,0,2021,9,20,3,3,4,6,2,1,0,0,0,0,0,"695443,240028","5330000,06123",11.624873265,48.093271991,0,1,#66c2a5,bicycle
105869,"9,21E+18",9,1,79,113,2021,10,7,2,3,2,6,1,0,1,0,0,0,0,"671349,120295","5335791,57273",11.303898745,48.15227015,1,2,#fc8d62,car
105872,"9,21E+18",9,7,71,113,2021,9,14,7,3,4,6,0,1,0,0,0,0,0,"657068,700159","5370094,55764",11.124801289,48.464360011,0,1,#66c2a5,bicycle
105873,"9,21E+18",9,1,62,0,2021,10,6,3,3,2,6,1,0,1,0,0,0,0,"694342,432728","5341048,22474",11.615147364,48.192905052,1,2,#fc8d62,car
105874,"9,21E+18",9,1,84,123,2021,9,17,2,3,5,3,0,0,1,0,0,0,0,"703323,681001","5331808,865",11.731449823,48.107062228,0,2,#fc8d62,car
105875,"9,21E+18",9,7,72,200,2021,10,6,5,2,4,6,2,0,1,0,0,0,0,"631750,06939","5341282,96331",10.773471254,48.211089929,0,2,#fc8d62,car
105883,"9,21E+18",9,1,74,135,2021,10,6,4,3,2,6,2,0,1,0,0,0,0,"662969,03554","5353548,1843",11.198141126,48.314108482,1,2,#fc8d62,car
105884,"9,21E+18",9,1,87,182,2021,10,19,5,3,5,3,1,0,1,0,0,0,0,"738179,775833","5328281,41054",12.197039209,48.063300067,0,2,#fc8d62,car
105885,"9,21E+18",9,1,79,121,2021,9,16,3,3,0,2,0,0,1,0,1,0,0,"668397,790877","5338051,96608",11.265143617,48.173379158,0,2,#fc8d62,car
105887,"9,21E+18",9,7,78,137,2021,9,17,1,2,5,2,0,0,1,0,0,0,1,"623467,012","5331443,075",10.659166813,48.124264038,0,2,#fc8d62,car
105888,"9,21E+18",9,1,73,123,2021,10,6,4,3,8,1,1,0,1,0,0,0,0,"677300,189399","5300680,83973",11.369342943,47.835012875,1,2,#fc8d62,car
105893,"9,21E+18",9,1,86,162,2021,9,20,5,3,9,1,2,0,1,0,0,0,1,"690703,535554","5384234,79784",11.585834595,48.582146302,0,2,#fc8d62,car
105902,"9,21E+18",9,1,62,0,2021,10,7,4,3,1,6,0,0,1,0,0,0,1,"691296,74029","5331098,7474",11.569735361,48.104405024,0,2,#fc8d62,car
105904,"9,21E+18",9,1,87,169,2021,9,14,1,2,5,3,0,1,1,0,0,0,0,"736847,504047","5299343,6262",12.163273766,47.803833516,0,1,#66c2a5,bicycle
105907,"9,21E+18",9,1,84,112,2021,10,17,4,3,2,6,0,0,1,0,0,0,1,"701238,930323","5340912,57152",11.707779325,48.189538393,0,2,#fc8d62,car
105908,"9,21E+18",9,1,81,114,2021,9,18,5,3,4,2,0,0,1,0,0,0,0,"656614,726863","5315422,19558",11.098470118,47.972928003,0,2,#fc8d62,car
105910,"9,21E+18",9,1,79,121,2021,9,13,4,3,3,6,0,1,1,0,0,0,0,"667608,971125","5338636,66314",11.254772209,48.178844077,0,1,#66c2a5,bicycle
105914,"9,21E+18",9,1,79,142,2021,9,7,6,3,2,6,0,0,1,0,0,0,0,"676851,647884","5342857,37259",11.380759727,48.214279327,0,2,#fc8d62,car
105915,"9,21E+18",9,1,85,158,2021,10,17,2,3,5,3,0,1,1,0,0,0,0,"667921,464455","5379746,82401",11.275382252,48.548323994,1,1,#66c2a5,bicycle
105924,"9,21E+18",9,1,84,141,2021,9,6,2,3,2,7,1,0,1,0,0,0,0,"697022,676791","5319411,99304",11.64118939,47.997625145,0,2,#fc8d62,car
105935,"9,21E+18",9,7,72,185,2021,9,2,2,3,8,1,2,0,1,0,0,0,0,"635331,972065","5383989,50953",10.835430581,48.594352097,1,2,#fc8d62,car
105940,"9,21E+18",9,1,62,0,2021,9,9,2,3,0,7,0,0,0,0,0,0,1,"694730,044001","5332184,583",11.61630198,48.113123984,0,6,#ffd92f,circle
105944,"9,21E+18",9,2,61,0,2021,9,12,1,3,0,1,0,1,0,0,0,0,0,"732439,508924","5382728,3493",12.150098188,48.554525641,0,1,#66c2a5,bicycle
105950,"9,21E+18",9,1,79,126,2021,9,17,5,3,5,2,0,1,1,0,0,0,0,"676213,246282","5340459,90619",11.371177828,48.192905725,0,1,#66c2a5,bicycle
105952,"9,21E+18",9,1,62,0,2021,9,17,4,3,2,6,0,0,1,0,0,0,1,"690227,845986","5331937,04205",11.555765288,48.112259721,0,2,#fc8d62,car
105957,"9,21E+18",9,1,86,143,2021,10,8,2,3,2,6,0,0,1,0,0,1,0,"685534,761091","5378673,41444",11.513341371,48.533714565,0,2,#fc8d62,car
105961,"9,21E+18",9,7,61,0,2021,10,17,2,3,0,1,0,1,0,0,0,0,0,"643394,417827","5357586,77169",10.935658594,48.355163473,0,1,#66c2a5,bicycle
105963,"9,21E+18",9,1,87,177,2021,9,14,6,3,2,6,0,0,1,0,1,0,0,"737441,90163","5302976,07379",12.173189763,47.8362473,0,2,#fc8d62,car
105976,"9,21E+18",9,1,62,0,2021,10,0,7,3,4,6,2,1,0,0,0,0,1,"694845,538833","5334121,50656",11.618737299,48.130496938,0,1,#66c2a5,bicycle
105978,"9,21E+18",9,7,72,223,2021,10,6,5,3,2,6,1,0,1,0,0,1,0,"625077,359485","5364272,8884",10.690510178,48.419183624,0,2,#fc8d62,car
105983,"9,21E+18",9,1,81,115,2021,9,21,1,3,8,1,2,0,1,0,0,0,0,"658514,543566","5327224,05246",11.128273389,48.078570101,1,2,#fc8d62,car
105985,"9,21E+18",9,1,73,137,2021,9,14,3,3,2,6,0,0,1,0,0,0,0,"680403,662001","5307187,312",11.413493492,47.892639166,0,2,#fc8d62,car
105986,"9,21E+18",9,7,77,158,2021,10,16,5,3,4,2,0,0,1,0,0,0,0,"621569,484845","5309214,70612",10.627371879,47.924718417,0,2,#fc8d62,car
105989,"9,21E+18",9,1,73,137,2021,9,21,2,3,2,6,2,0,1,0,0,0,1,"676715,044241","5299216,5545",11.36093285,47.822010295,0,2,#fc8d62,car
105993,"9,21E+18",9,7,71,130,2021,9,10,5,3,2,6,0,0,1,0,0,0,0,"645050,435414","5358486,98122",10.958309738,48.36287936,0,2,#fc8d62,car
105995,"9,21E+18",9,1,87,182,2021,9,11,3,3,0,7,0,0,0,0,1,0,0,"739820,376002","5327963,80699",12.218846712,48.059832607,1,4,#e78ac3,marker
105996,"9,21E+18",9,7,71,140,2021,9,15,6,3,2,2,0,0,1,0,0,0,0,"653142,529753","5373879,53027",11.073112121,48.499357005,0,2,#fc8d62,car
105997,"9,21E+18",9,2,61,0,2021,9,13,2,2,5,3,0,0,0,0,1,1,1,"734413,413266","5381704,40191",12.176230286,48.544593488,0,4,#e78ac3,marker
106002,"9,21E+18",9,1,86,152,2021,10,16,3,3,3,6,0,0,1,0,0,1,0,"691526,670712","5379618,13456",11.594859418,48.540404991,0,2,#fc8d62,car
106013,"9,21E+18",9,1,78,120,2021,10,21,2,3,2,3,2,0,1,0,0,0,0,"695477,705261","5353301,46546",11.63606451,48.302680034,0,2,#fc8d62,car
106014,"9,21E+18",9,1,79,121,2021,10,23,1,3,4,2,2,0,1,0,0,0,0,"667187,204994","5339554,37321",11.249464041,48.187205369,0,2,#fc8d62,car
106018,"9,21E+18",9,1,62,0,2021,10,20,6,3,2,6,2,0,1,0,0,0,0,"688384,465001","5334106,077",11.531982654,48.132303347,0,2,#fc8d62,car
106021,"9,21E+18",9,1,87,179,2021,10,15,5,3,2,6,0,0,1,0,0,0,0,"723189,991522","5312539,74086",11.987943813,47.927282241,0,2,#fc8d62,car
106025,"9,21E+18",9,1,84,141,2021,10,10,6,2,4,6,0,0,1,0,1,0,0,"695458,129393","5315511,83915",11.618464174,47.963051447,0,2,#fc8d62,car
106042,"9,21E+18",9,1,83,138,2021,9,5,4,3,8,1,2,0,1,0,0,0,0,"744847,657588","5349626,58921",12.298670802,48.252500429,0,2,#fc8d62,car
106043,"9,21E+18",9,7,72,121,2021,10,5,3,3,2,6,2,0,1,0,0,0,0,"636220,234518","5374454,90995",10.844351642,48.508427754,1,2,#fc8d62,car
106048,"9,21E+18",9,1,86,152,2021,10,7,2,3,3,6,0,0,1,0,0,1,0,"691417,384745","5375384,31371",11.591437375,48.502388363,0,2,#fc8d62,car
106050,"9,21E+18",9,1,78,120,2021,9,18,5,3,5,1,0,1,1,0,0,0,0,"694576,605614","5352686,9578",11.623643021,48.297435045,0,1,#66c2a5,bicycle
106059,"9,21E+18",9,1,81,130,2021,9,21,2,3,1,6,2,0,1,0,0,0,0,"640169,470888","5323953,93364",10.881040378,48.053461705,0,2,#fc8d62,car
106062,"9,21E+18",9,1,74,113,2021,9,13,7,2,5,2,0,0,1,0,0,0,0,"677716,813001","5351087,087",11.395851121,48.288013961,0,2,#fc8d62,car
106063,"9,21E+18",9,7,78,204,2021,9,11,3,3,4,6,0,0,1,0,0,1,0,"615363,460913","5326937,91227",10.549094676,48.085266117,0,2,#fc8d62,car
106065,"9,21E+18",9,7,72,160,2021,10,17,7,3,2,6,0,0,1,0,0,0,0,"637921,097493","5340778,76419",10.856330531,48.20524502,0,2,#fc8d62,car
106068,"9,21E+18",9,1,74,115,2021,9,17,3,2,0,2,0,1,1,0,0,0,0,"681032,440001","5347482,542",11.438965081,48.254674627,0,1,#66c2a5,bicycle
106070,"9,21E+18",9,7,72,202,2021,9,17,4,2,0,7,0,0,1,0,0,0,0,"636126,346416","5359695,26655",10.838284324,48.375731701,0,2,#fc8d62,car
106071,"9,21E+18",9,1,78,136,2021,9,14,1,3,0,1,0,1,0,0,0,0,0,"694169,069364","5370498,67434",11.626380431,48.457636975,0,1,#66c2a5,bicycle
106081,"9,21E+18",9,7,61,0,2021,9,14,5,2,6,2,0,0,1,1,0,0,0,"641404,177791","5355073,53345",10.907964349,48.333014135,0,2,#fc8d62,car
106083,"9,21E+18",9,7,61,0,2021,10,19,5,3,4,1,1,0,1,0,0,0,1,"641613,287912","5359717,00241",10.912346588,48.374719607,0,2,#fc8d62,car
106085,"9,21E+18",9,1,75,124,2021,9,13,7,3,5,3,0,0,1,0,1,0,0,"714255,757776","5329036,59357",11.876733239,48.078568882,0,2,#fc8d62,car
106086,"9,21E+18",9,1,84,118,2021,9,12,1,3,3,6,0,0,1,0,1,0,0,"703039,884786","5336219,42522",11.729742931,48.146789444,0,2,#fc8d62,car
106087,"9,21E+18",9,1,82,137,2021,10,13,4,3,4,2,0,0,1,0,0,0,1,"709103,775865","5305232,24805",11.796065184,47.866362288,1,2,#fc8d62,car
106097,"9,21E+18",9,1,90,148,2021,10,14,1,3,2,6,0,0,0,0,1,0,0,"643321,180706","5297030,22987",10.9143515,47.810657164,0,4,#e78ac3,marker
106106,"9,21E+18",9,1,78,124,2021,10,7,4,3,0,3,0,1,1,0,0,0,0,"700772,215033","5358110,0982",11.70967005,48.344235523,0,1,#66c2a5,bicycle
106120,"9,21E+18",9,7,62,0,2021,11,11,2,3,2,6,0,0,1,0,0,0,0,"622618,497376","5305597,68225",10.640379866,47.891988403,1,2,#fc8d62,car
106125,"9,21E+18",9,1,87,128,2021,10,8,4,3,5,3,0,0,1,0,1,0,0,"746225,578118","5311791,91349",12.295401179,47.912133308,0,2,#fc8d62,car
106126,"9,21E+18",9,1,84,132,2021,10,14,7,3,1,6,0,0,1,1,0,0,1,"682319,25051","5324276,51228",11.446345101,48.045713526,0,2,#fc8d62,car
106127,"9,21E+18",9,1,77,137,2021,10,16,7,3,2,6,0,0,1,0,0,0,0,"734506,197628","5349837,30381",12.159688734,48.258303548,0,2,#fc8d62,car
106130,"9,21E+18",9,7,72,202,2021,11,9,2,3,2,6,0,1,1,0,0,0,0,"636830,475692","5359367,68824",10.847681319,48.372633849,0,1,#66c2a5,bicycle