OBJECTID,UIDENTSTLA,ULAND,UREGBEZ,UKREIS,UGEMEINDE,UJAHR,UMONAT,USTUNDE,UWOCHENTAG,UKATEGORIE,UART,UTYP1,ULICHTVERH,IstRad,IstPKW,IstFuss,IstKrad,IstGkfz,IstSonstig,LINREFX,LINREFY,XGCSWGS84,YGCSWGS84,STRZUSTAN,Teilnehmer,color,symbol
106138,"9,21E+18",9,1,84,119,2021,11,17,5,3,4,2,2,0,1,0,0,0,0,"697271,949001","5348904,517",11.658180836,48.262607598,0,2,#fc8d62,car
106145,"9,21E+18",9,1,81,130,2021,10,9,3,3,5,3,0,0,0,0,1,0,1,"639571,199828","5323198,20566",10.872769688,48.046797108,0,4,#e78ac3,marker
106146,"9,21E+18",9,1,73,147,2021,10,14,6,2,6,7,0,0,1,1,0,0,0,"681732,563106","5309593,46711",11.432269055,47.913893722,0,2,#fc8d62,car
106152,"9,21E+18",9,1,79,125,2021,10,8,5,3,0,7,0,0,1,0,0,0,0,"661469,279182","5332653,51471",11.169970019,48.126642668,1,2,#fc8d62,car
106154,"9,21E+18",9,7,77,158,2021,10,11,7,3,3,6,0,0,1,0,0,0,0,"619747,346421","5311109,7951",10.603517037,47.942105403,0,2,#fc8d62,car
106155,"9,21E+18",9,1,77,119,2021,10,14,1,2,0,6,0,1,1,0,0,0,0,"721196,968513","5341185,59282",11.976108734,48.185356187,0,1,#66c2a5,bicycle
106159,"9,21E+18",9,1,78,123,2021,11,17,3,3,5,2,1,0,1,0,1,0,0,"689995,085001","5358253,352",11.564439695,48.348856087,0,2,#fc8d62,car
106162,"9,21E+18",9,1,74,126,2021,11,5,5,3,5,3,2,1,1,0,0,0,0,"682917,30902","5344601,5461",11.463090512,48.228237631,1,1,#66c2a5,bicycle
106167,"9,21E+18",9,1,75,124,2021,11,14,1,3,5,3,0,1,1,0,0,0,0,"714013,482723","5329201,87762",11.873567321,48.080135433,0,1,#66c2a5,bicycle
106178,"9,21E+18",9,7,71,169,2021,10,13,4,3,6,7,0,0,1,1,0,0,0,"642167,16797","5375464,55162",10.925167708,48.516187836,0,2,#fc8d62,car
106181,"9,21E+18",9,1,62,0,2021,10,11,6,3,1,6,0,0,1,0,0,0,0,"686184,296848","5330684,40648",11.500946664,48.10219537,0,2,#fc8d62,car
106182,"9,21E+18",9,1,78,113,2021,10,20,2,3,3,6,2,0,1,0,0,0,0,"691634,329717","5364958,81143",11.589598646,48.408625587,0,2,#fc8d62,car
106184,"9,21E+18",9,1,75,127,2021,11,10,3,3,4,2,0,1,1,0,0,0,0,"712938,789001","5341500,412",11.865303311,48.19100658,0,1,#66c2a5,bicycle
106187,"9,21E+18",9,1,87,172,2021,10,19,4,3,2,6,2,0,0,0,1,0,0,"740961,391356","5297132,66295",12.216901673,47.782445448,0,4,#e78ac3,marker
106188,"9,21E+18",9,2,74,194,2021,10,22,3,3,8,1,2,0,0,0,1,0,0,"723774,597592","5379307,92697",12.031006194,48.526948833,0,4,#e78ac3,marker
106193,"9,21E+18",9,1,84,127,2021,11,9,4,1,8,7,0,0,1,0,0,0,0,"704205,346066","5321862,22442",11.73853121,48.017391927,0,2,#fc8d62,car
106194,"9,21E+18",9,1,62,0,2021,11,18,6,3,2,6,2,0,1,0,0,0,0,"686537,031712","5333275,98885",11.506813628,48.125386351,0,2,#fc8d62,car
106195,"9,21E+18",9,1,81,114,2021,11,12,2,3,3,6,0,0,1,0,0,0,0,"651758,757313","5314475,09563",11.033114003,47.965582086,0,2,#fc8d62,car
106196,"9,21E+18",9,1,75,118,2021,10,20,6,2,3,6,2,0,1,0,0,1,1,"716317,44437","5340576,32217",11.910235576,48.181561824,0,2,#fc8d62,car
106200,"9,21E+18",9,7,78,116,2021,10,11,3,2,5,3,0,1,1,0,0,0,0,"619261,558395","5319677,03281",10.599393372,48.019247305,0,1,#66c2a5,bicycle
106201,"9,21E+18",9,7,62,0,2021,10,15,2,3,2,6,0,0,1,0,0,0,0,"623090,4267","5306188,82791",10.646859222,47.897214601,0,2,#fc8d62,car
106205,"9,21E+18",9,1,73,120,2021,11,17,4,2,4,6,2,1,0,0,0,0,0,"682535,893609","5309654,49413",11.443036403,47.914214158,0,1,#66c2a5,bicycle
106208,"9,21E+18",9,1,84,120,2021,10,8,5,3,3,6,0,0,1,0,0,1,0,"681590,282523","5333394,42863",11.440449648,48.127881271,0,2,#fc8d62,car
106211,"9,21E+18",9,1,78,120,2021,10,18,1,3,5,3,2,1,1,0,0,0,0,"695477,705261","5353301,46546",11.63606451,48.302680034,0,1,#66c2a5,bicycle
106216,"9,21E+18",9,1,63,0,2021,11,17,3,3,5,2,2,1,1,0,0,0,0,"732621,638002","5307123,73199",12.111100992,47.875271953,0,1,#66c2a5,bicycle
106222,"9,21E+18",9,7,62,0,2021,10,12,3,2,3,6,0,0,1,0,1,0,0,"621963,69481","5304621,35191",10.631347821,47.883332354,0,2,#fc8d62,car
106228,"9,21E+18",9,7,71,130,2021,11,17,2,3,4,6,2,0,1,0,0,0,0,"648402,135263","5353917,66161",11.001922225,48.321016939,0,2,#fc8d62,car
106230,"9,21E+18",9,1,62,0,2021,10,14,4,3,0,1,2,0,0,0,1,0,0,"689473,382969","5331868,26488",11.545608705,48.111866433,0,4,#e78ac3,marker
106237,"9,21E+18",9,7,72,202,2021,10,17,4,3,2,6,0,0,1,0,0,1,0,"637184,08506","5357498,82167",10.851844183,48.355752402,0,2,#fc8d62,car
106238,"9,21E+18",9,1,62,0,2021,10,19,3,3,1,2,2,0,1,0,0,0,0,"684667,702856","5335403,85016",11.482639304,48.145057677,0,2,#fc8d62,car
106239,"9,21E+18",9,1,88,117,2021,10,20,7,3,0,1,2,1,0,0,0,0,0,"660619,01294","5313537,07321",11.151380358,47.954986611,0,1,#66c2a5,bicycle
106240,"9,21E+18",9,1,90,158,2021,10,13,1,3,2,6,0,0,1,0,1,0,0,"650875,800524","5304667,3636",11.017858776,47.877602486,0,2,#fc8d62,car
106243,"9,21E+18",9,1,82,120,2021,11,18,2,3,4,6,2,0,1,0,0,0,0,"703267,598728","5306099,54094",11.718525846,47.876030017,1,2,#fc8d62,car
106258,"9,21E+18",9,7,61,0,2021,10,16,4,3,2,6,0,0,1,0,0,0,0,"639790,69525","5352975,23794",10.885510214,48.314505661,0,2,#fc8d62,car
106259,"9,21E+18",9,1,79,145,2021,10,8,6,3,2,6,0,0,1,0,0,0,0,"676241,330512","5339564,04546",11.37118367,48.184844883,1,2,#fc8d62,car
106260,"9,21E+18",9,1,74,115,2021,10,8,4,3,5,3,0,1,1,0,0,0,0,"680766,805241","5348496,44203",11.435822839,48.263864035,0,1,#66c2a5,bicycle
106273,"9,21E+18",9,1,75,122,2021,11,17,3,3,0,1,2,0,0,0,1,0,0,"719385,420529","5325070,28773",11.943480135,48.041186837,1,4,#e78ac3,marker
106276,"9,21E+18",9,1,88,137,2021,11,3,4,2,0,7,2,0,0,0,0,1,0,"670416,325179","5314960,84245",11.283068032,47.965254238,1,5,#a6d854,bus
106280,"9,21E+18",9,1,82,136,2021,10,17,4,3,5,3,0,1,1,0,0,0,0,"703022,003001","5300293,447",11.712520642,47.823926489,0,1,#66c2a5,bicycle
106281,"9,21E+18",9,1,82,137,2021,10,15,7,3,2,6,0,0,1,0,1,0,0,"709570,813982","5304232,79738",11.801818149,47.857228409,0,2,#fc8d62,car
106284,"9,21E+18",9,1,78,124,2021,10,5,7,3,9,1,2,0,1,0,0,0,0,"704256,663001","5368500,054",11.761692148,48.436484169,0,2,#fc8d62,car
106285,"9,21E+18",9,1,62,0,2021,10,15,1,3,3,6,0,0,1,0,1,0,0,"682439,426611","5335530,32061",11.452765603,48.146837406,0,2,#fc8d62,car
106287,"9,21E+18",9,1,84,119,2021,11,7,2,3,5,3,0,0,1,0,0,0,1,"697269,792191","5348900,06391",11.658149729,48.262568249,0,2,#fc8d62,car
106290,"9,21E+18",9,1,78,124,2021,10,19,5,3,2,6,1,0,1,0,0,0,0,"705615,541546","5363386,61026",11.777537,48.390092856,0,2,#fc8d62,car
106291,"9,21E+18",9,7,71,130,2021,11,20,6,3,5,3,2,0,1,0,0,0,0,"646969,275","5358145,748",10.984080531,48.359367459,0,2,#fc8d62,car
106293,"9,21E+18",9,1,62,0,2021,10,7,3,3,2,6,0,0,1,0,0,0,0,"694351,93401","5341080,02839",11.615289634,48.19318798,0,2,#fc8d62,car
106295,"9,21E+18",9,1,88,139,2021,11,9,3,3,2,6,0,0,1,0,0,0,0,"674731,312001","5318975,886",11.34245986,48.000185032,0,2,#fc8d62,car
106300,"9,21E+18",9,1,75,124,2021,11,13,2,3,1,6,0,0,1,0,0,0,0,"716364,372002","5328338,955",11.904654155,48.071588342,0,2,#fc8d62,car
106301,"9,21E+18",9,2,61,0,2021,10,6,5,2,2,6,2,0,1,0,0,0,0,"733155,471813","5382631,27892",12.159731457,48.553387974,0,2,#fc8d62,car
106307,"9,21E+18",9,1,84,148,2021,11,15,3,3,2,6,0,0,1,0,0,0,0,"695347,827786","5325558,90513",11.621563555,48.053385748,0,2,#fc8d62,car
106311,"9,21E+18",9,1,74,136,2021,10,17,4,2,5,3,0,0,1,0,1,0,0,"682594,576069","5364521,88166",11.467373046,48.407381854,0,2,#fc8d62,car
106312,"9,21E+18",9,1,79,126,2021,10,10,7,3,3,6,0,1,1,0,0,0,0,"677019,734641","5339830,37516",11.381758076,48.187022527,0,1,#66c2a5,bicycle
106314,"9,21E+18",9,7,71,144,2021,11,18,4,3,5,3,2,0,1,0,0,0,0,"661633,733089","5373374,08755",11.187778153,48.492686236,1,2,#fc8d62,car
106316,"9,21E+18",9,1,75,124,2021,11,9,2,3,2,6,0,0,1,0,0,0,0,"714855,188893","5328717,17426",11.884610442,48.075497018,0,2,#fc8d62,car
106320,"9,21E+18",9,7,71,113,2021,10,20,3,2,6,2,2,0,1,1,0,0,0,"657728,117662","5369789,92611",11.133600523,48.46145632,0,2,#fc8d62,car
106322,"9,21E+18",9,1,79,121,2021,10,5,6,3,5,2,2,0,1,0,0,0,0,"668400,071947","5338048,82263",11.26517303,48.173350295,1,2,#fc8d62,car
106323,"9,21E+18",9,1,84,140,2021,11,2,2,3,9,1,2,0,1,0,0,0,0,"701669,394543","5328559,19777",11.707717189,48.078383384,0,2,#fc8d62,car
106324,"9,21E+18",9,1,74,126,2021,10,16,1,3,3,3,0,0,1,0,0,0,0,"683098,869849","5344454,02591",11.465469261,48.226859266,0,2,#fc8d62,car
106328,"9,21E+18",9,1,84,118,2021,10,11,4,3,5,3,0,1,1,0,0,0,0,"703428,844684","5335723,00819",11.734728911,48.142204036,0,1,#66c2a5,bicycle
106329,"9,21E+18",9,1,84,131,2021,10,13,4,3,2,6,0,0,1,0,0,1,0,"704309,773115","5337717,19044",11.747514491,48.159842694,0,2,#fc8d62,car
106331,"9,21E+18",9,7,71,122,2021,10,4,6,3,2,6,2,0,1,0,0,0,0,"650133,005041","5360999,91794",11.027782346,48.384284842,1,2,#fc8d62,car
106346,"9,21E+18",9,1,81,144,2021,11,14,3,2,9,1,0,0,1,0,0,0,0,"654991,519383","5320124,96808",11.078433874,48.015607104,0,2,#fc8d62,car
106349,"9,21E+18",9,1,77,117,2021,10,9,5,3,5,3,0,0,1,0,0,0,0,"717884,530002","5351426,5",11.936867609,48.278515446,1,2,#fc8d62,car
106350,"9,21E+18",9,7,72,223,2021,11,7,6,3,9,7,0,0,0,0,0,0,1,"624166,863525","5364310,17273",10.678220724,48.419699011,1,6,#ffd92f,circle
106351,"9,21E+18",9,1,79,134,2021,10,7,4,3,5,3,0,0,1,0,0,0,0,"666316,827","5341791,748",11.238639148,48.207547864,0,2,#fc8d62,car
106355,"9,21E+18",9,1,81,131,2021,10,6,1,3,9,1,0,0,1,0,0,0,0,"636240,199167","5333965,59665",10.831534814,48.144341947,0,2,#fc8d62,car
106360,"9,21E+18",9,1,62,0,2021,10,9,4,3,5,2,0,1,1,0,0,0,0,"694984,643082","5332996,34702",11.620090125,48.120341891,0,1,#66c2a5,bicycle
106377,"9,21E+18",9,1,84,131,2021,11,10,3,3,2,6,0,0,1,0,0,1,0,"704148,162335","5337970,09742",11.745465137,48.162167371,0,2,#fc8d62,car
106389,"9,21E+18",9,7,77,130,2021,10,9,6,3,8,7,0,0,1,0,0,0,0,"623419,254073","5306838,8285",10.651442759,47.902997278,0,2,#fc8d62,car
106392,"9,21E+18",9,1,84,123,2021,11,16,2,3,5,3,0,1,1,0,0,0,0,"703012,648102","5331892,88646",11.727316299,48.107916507,0,1,#66c2a5,bicycle
106394,"9,21E+18",9,7,77,112,2021,11,18,7,3,2,6,2,0,1,0,0,0,0,"622393,699612","5296023,28098",10.634664981,47.805921523,0,2,#fc8d62,car
106402,"9,21E+18",9,1,75,132,2021,11,8,2,3,5,6,0,0,1,0,0,0,0,"707068,442354","5333977,97785",11.782749197,48.125348563,1,2,#fc8d62,car
106403,"9,21E+18",9,1,82,134,2021,10,22,6,3,8,6,2,0,1,0,0,0,0,"701505,747345","5294761,79894",11.689716373,47.774687112,0,2,#fc8d62,car
106407,"9,21E+18",9,1,62,0,2021,10,9,3,3,3,2,0,1,1,0,0,0,0,"691519,067868","5331448,12945",11.572875645,48.107478453,0,1,#66c2a5,bicycle
106410,"9,21E+18",9,1,81,132,2021,11,16,3,3,2,6,0,0,1,0,0,0,0,"646597,171113","5328352,65187",10.968755705,48.091569733,0,2,#fc8d62,car
106411,"9,21E+18",9,1,88,144,2021,10,12,1,2,5,3,0,1,1,0,0,0,0,"668170,891","5327520,372",11.257938257,48.078760407,0,1,#66c2a5,bicycle
106415,"9,21E+18",9,2,74,126,2021,10,17,5,3,3,2,0,0,1,0,1,0,0,"734303,370817","5384350,6646",12.176230779,48.568404593,0,2,#fc8d62,car
106422,"9,21E+18",9,7,72,125,2021,11,8,3,3,9,1,0,0,1,0,0,0,0,"626621,2","5345542,342",10.705737432,48.25043788,1,2,#fc8d62,car
106425,"9,21E+18",9,1,62,0,2021,10,13,4,2,2,6,0,0,1,0,1,0,0,"688530,227048","5335124,23378",11.534390423,48.141411545,0,2,#fc8d62,car
106426,"9,21E+18",9,7,72,163,2021,10,22,3,3,3,6,2,0,1,0,0,0,0,"638921,117","5349557,542",10.872663084,48.283965709,0,2,#fc8d62,car
106428,"9,21E+18",9,2,61,0,2021,10,17,1,3,0,1,2,0,0,0,1,0,0,"734527,844512","5381782,28227",12.177822151,48.545250287,0,4,#e78ac3,marker
106429,"9,21E+18",9,1,77,121,2021,10,18,7,3,5,3,2,0,1,0,0,0,0,"731547,518002","5363194,36899",12.127218277,48.379381964,0,2,#fc8d62,car
106430,"9,21E+18",9,1,78,145,2021,10,7,2,3,3,6,1,0,1,0,0,1,0,"695854,571452","5355921,37425",11.642357361,48.32610892,0,2,#fc8d62,car
106435,"9,21E+18",9,1,87,165,2021,10,0,4,3,9,1,2,0,1,0,0,0,0,"731441,161477","5298914,89919",12.09094918,47.801947668,0,2,#fc8d62,car
106442,"9,21E+18",9,1,83,138,2021,11,13,6,2,5,3,0,0,1,0,0,0,0,"746295,238003","5346854,34899",12.316527614,48.227040202,0,2,#fc8d62,car
106444,"9,21E+18",9,1,84,119,2021,10,6,6,3,1,6,2,0,1,0,0,0,0,"696260,213063","5349047,29099",11.644629355,48.264204933,1,2,#fc8d62,car
106446,"9,21E+18",9,7,61,0,2021,10,17,4,3,5,3,0,0,1,0,0,0,0,"637978,62593","5361375,07498",10.863835871,48.390433926,0,2,#fc8d62,car
106451,"9,21E+18",9,1,87,169,2021,11,19,3,3,1,6,2,0,1,0,0,0,0,"738830,750752","5299145,21499",12.189610031,47.801318543,0,2,#fc8d62,car
106454,"9,21E+18",9,7,61,0,2021,11,9,1,3,0,3,0,0,0,0,1,0,0,"637622,451","5352690,265",10.85618783,48.312418803,0,4,#e78ac3,marker
106456,"9,21E+18",9,2,61,0,2021,10,7,4,2,4,2,0,0,1,0,1,0,0,"734858,869599","5381975,8697",12.182409429,48.546865358,0,2,#fc8d62,car
106459,"9,21E+18",9,1,74,135,2021,10,7,6,2,6,4,0,0,1,1,0,0,0,"664242,049","5354628,922",11.215719258,48.323494927,1,2,#fc8d62,car
106461,"9,21E+18",9,1,62,0,2021,10,9,4,3,2,6,0,0,1,0,0,0,0,"687790,575001","5333546,122",11.523761743,48.127445841,0,2,#fc8d62,car
106462,"9,21E+18",9,1,78,123,2021,10,16,6,3,7,1,0,0,1,0,0,0,0,"692267,209132","5361961,58533",11.5967697,48.381495869,0,2,#fc8d62,car
106464,"9,21E+18",9,1,84,122,2021,10,7,2,2,6,2,1,0,1,1,0,0,0,"688038,210606","5323784,47483",11.522789643,48.039632036,0,2,#fc8d62,car
106465,"9,21E+18",9,1,63,0,2021,10,11,6,3,2,6,0,0,1,0,0,0,0,"732196,377002","5301590,41799",12.102452881,47.825713404,0,2,#fc8d62,car
106467,"9,21E+18",9,1,78,145,2021,10,11,1,3,5,2,0,0,1,0,0,0,0,"699538,306001","5355305,019",11.691708048,48.319417965,0,2,#fc8d62,car
106480,"9,21E+18",9,7,72,215,2021,11,15,3,3,5,3,0,0,1,0,0,0,0,"633907,989822","5345663,07445",10.803888159,48.250025828,0,2,#fc8d62,car
106481,"9,21E+18",9,1,84,145,2021,11,18,5,3,4,1,2,0,1,0,0,0,0,"694485,405881","5323473,8982",11.609055164,48.034909559,0,2,#fc8d62,car
106482,"9,21E+18",9,1,73,112,2021,11,12,7,3,2,6,0,0,1,0,0,0,0,"693518,432001","5292864,993",11.582370573,47.760085853,0,2,#fc8d62,car
106484,"9,21E+18",9,1,81,130,2021,10,13,4,3,8,1,0,1,0,0,0,0,0,"639926,660095","5323498,32852",10.87763474,48.049418069,0,1,#66c2a5,bicycle
106485,"9,21E+18",9,7,73,179,2021,10,13,6,3,5,3,0,0,1,0,0,0,0,"617361,439035","5376916,46375",10.589816608,48.534371625,0,2,#fc8d62,car
106487,"9,21E+18",9,1,90,148,2021,10,16,1,3,2,6,0,0,1,0,1,0,0,"641131,159746","5298929,41407",10.885734296,47.828219748,0,2,#fc8d62,car
106492,"9,21E+18",9,1,78,120,2021,10,7,5,3,3,6,1,0,1,0,0,1,0,"694624,12086","5354050,03938",11.624911494,48.309670802,0,2,#fc8d62,car
106493,"9,21E+18",9,1,79,126,2021,11,10,7,3,1,6,0,0,1,0,0,0,0,"677493,258875","5339464,17415",11.387970494,48.183598587,0,2,#fc8d62,car
106494,"9,21E+18",9,2,74,194,2021,10,10,4,2,8,1,0,0,0,0,1,0,0,"718486,897208","5384622,3787",11.962273843,48.576557895,0,4,#e78ac3,marker
106504,"9,21E+18",9,7,73,125,2021,10,13,5,1,4,6,0,0,1,0,0,0,0,"619172,387745","5382347,81036",10.615893495,48.582872941,0,2,#fc8d62,car
106507,"9,21E+18",9,1,75,122,2021,10,15,4,3,4,1,0,0,1,0,1,0,0,"723577,908791","5321995,96562",11.9980476,48.012110542,0,2,#fc8d62,car
106509,"9,21E+18",9,1,87,165,2021,10,14,6,3,5,3,0,1,1,0,0,0,0,"733660,371385","5298450,90735",12.120292168,47.796977667,0,1,#66c2a5,bicycle
106513,"9,21E+18",9,1,81,138,2021,11,11,1,3,5,3,0,0,1,0,0,0,0,"639975,072067","5334743,47731",10.881972378,48.150525856,0,2,#fc8d62,car
106516,"9,21E+18",9,1,87,170,2021,10,16,4,2,5,3,0,0,1,0,0,0,0,"735340,299699","5320963,79218",12.154966689,47.998616057,0,2,#fc8d62,car
106517,"9,21E+18",9,1,62,0,2021,10,5,6,3,5,2,2,0,1,0,1,0,0,"692204,995001","5342922,929",11.587264677,48.210404749,1,2,#fc8d62,car
106518,"9,21E+18",9,1,62,0,2021,10,15,7,3,2,6,0,0,1,0,0,0,0,"687397,236819","5335077,34959",11.519154449,48.141324845,0,2,#fc8d62,car
106519,"9,21E+18",9,2,61,0,2021,10,22,7,3,0,7,2,0,1,0,0,0,0,"726763,006334","5380122,04134",12.071866476,48.533190134,0,2,#fc8d62,car
106522,"9,21E+18",9,1,84,145,2021,11,16,2,3,9,1,1,0,1,0,0,0,0,"696989,279487","5322697,98631",11.642251527,48.02716861,1,2,#fc8d62,car
106532,"9,21E+18",9,1,90,140,2021,10,16,2,3,8,6,0,0,1,0,0,0,0,"647654,35371","5301827,07435",10.973830668,47.852811369,0,2,#fc8d62,car
106533,"9,21E+18",9,1,88,144,2021,11,20,6,3,2,6,2,0,1,0,0,0,0,"669042,097507","5329118,02622",11.270258286,48.092892919,0,2,#fc8d62,car
106535,"9,21E+18",9,1,87,181,2021,10,15,6,3,2,2,0,0,1,0,0,0,1,"737436,203355","5312534,02021",12.178366498,47.922113613,1,2,#fc8d62,car
106536,"9,21E+18",9,7,61,0,2021,10,19,5,2,6,4,2,0,1,1,0,0,0,"641742,931785","5361816,46239",10.914804489,48.393567909,1,2,#fc8d62,car
106537,"9,21E+18",9,1,62,0,2021,10,14,4,3,2,6,0,0,1,0,0,0,0,"693047,127081","5337729,93596",11.59622862,48.163476448,0,2,#fc8d62,car
106540,"9,21E+18",9,1,77,133,2021,11,19,3,2,8,7,1,0,1,0,0,0,0,"708834,422917","5361738,30863",11.820145614,48.374224345,0,2,#fc8d62,car
106541,"9,21E+18",9,1,87,128,2021,11,17,3,3,2,6,2,0,1,0,0,0,0,"748250,585541","5311596,38999",12.32234372,47.909596649,0,2,#fc8d62,car
106542,"9,21E+18",9,1,78,113,2021,10,13,5,3,2,6,0,0,0,0,0,1,0,"691592,872211","5366230,19421",11.589619601,48.420064536,0,5,#a6d854,bus
106543,"9,21E+18",9,7,72,111,2021,11,6,3,3,3,6,2,0,1,0,0,1,0,"626672,74494","5364148,48569",10.712025428,48.417746186,0,2,#fc8d62,car
106547,"9,21E+18",9,7,61,0,2021,10,11,3,3,0,1,0,0,0,0,1,0,0,"641522,55859","5353550,81381",10.909049504,48.319295838,1,4,#e78ac3,marker
106548,"9,21E+18",9,1,73,112,2021,10,9,7,3,5,2,0,0,1,0,0,0,0,"693032,405001","5296782,423",11.577632614,47.795443074,0,2,#fc8d62,car
106550,"9,21E+18",9,1,81,128,2021,10,0,7,3,6,7,2,1,0,1,0,0,0,"638574,126775","5326965,30882",10.860619103,48.080889428,0,1,#66c2a5,bicycle
106553,"9,21E+18",9,7,61,0,2021,11,16,2,3,5,3,0,1,0,0,0,0,1,"641598,911625","5361620,96991",10.912794141,48.391842484,0,1,#66c2a5,bicycle
106556,"9,21E+18",9,7,61,0,2021,10,13,4,3,2,6,0,0,1,0,0,0,1,"642303,672989","5363596,90946",10.922978653,48.409450484,0,2,#fc8d62,car
106557,"9,21E+18",9,7,61,0,2021,11,11,6,2,0,7,0,1,0,0,0,0,0,"642835,469123","5359752,93097",10.928853451,48.374767198,0,1,#66c2a5,bicycle
106564,"9,21E+18",9,7,77,177,2021,11,19,4,3,4,7,2,0,1,0,1,0,0,"631416,844807","5317275,45564",10.761593554,47.995265522,1,2,#fc8d62,car
106568,"9,21E+18",9,1,87,122,2021,10,17,5,3,5,3,0,0,1,0,0,0,1,"717913,108109","5308229,05032",11.915217734,47.89036324,0,2,#fc8d62,car
106571,"9,21E+18",9,7,72,184,2021,10,9,3,3,4,6,0,0,1,0,0,0,1,"636091,060896","5361210,45886",10.838298774,48.389363847,0,2,#fc8d62,car
106572,"9,21E+18",9,1,87,129,2021,10,17,3,1,4,1,1,0,1,0,1,0,0,"722615,457052","5299709,58787",11.973655074,47.812200074,1,2,#fc8d62,car
106579,"9,21E+18",9,1,62,0,2021,10,19,3,3,4,2,2,0,1,0,0,0,0,"687368,074001","5335082,564",11.518765105,48.141380302,0,2,#fc8d62,car
106580,"9,21E+18",9,1,62,0,2021,10,6,6,3,5,2,2,0,1,0,0,0,0,"684371,386001","5332105,286",11.477232282,48.115494286,1,2,#fc8d62,car
106583,"9,21E+18",9,1,84,139,2021,10,17,1,3,4,1,2,0,1,0,0,0,0,"687198,447682","5323889,83595",11.511580377,48.040825819,0,2,#fc8d62,car
106598,"9,21E+18",9,1,87,177,2021,11,13,7,3,2,6,0,0,1,0,0,0,0,"735989,733023","5304150,4589",12.154453555,47.847332188,0,2,#fc8d62,car
106599,"9,21E+18",9,1,84,112,2021,10,18,4,3,2,6,1,0,1,0,0,0,0,"701053,871174","5340987,54147",11.705327622,48.190270736,0,2,#fc8d62,car
106606,"9,21E+18",9,1,84,140,2021,11,18,1,2,3,6,2,0,1,0,0,0,0,"702997,448866","5327900,94866",11.725214855,48.072046406,0,2,#fc8d62,car
106610,"9,21E+18",9,1,82,119,2021,10,18,7,3,6,4,0,0,1,1,0,0,0,"711947,307345","5293413,8949",11.82826282,47.75922503,0,2,#fc8d62,car
106616,"9,21E+18",9,1,84,123,2021,10,19,3,3,5,3,2,1,1,0,0,0,0,"702104,823553","5332168,85762",11.715265356,48.110685294,0,1,#66c2a5,bicycle
106618,"9,21E+18",9,1,62,0,2021,10,20,5,3,5,3,2,0,1,0,0,0,1,"694645,380556","5334297,41837",11.616130427,48.1321392,0,2,#fc8d62,car
106622,"9,21E+18",9,7,72,200,2021,11,16,5,3,5,3,0,0,1,0,0,1,0,"629162,484972","5336772,6238",10.737284974,48.171061528,1,2,#fc8d62,car
106629,"9,21E+18",9,1,62,0,2021,11,14,2,3,3,7,0,0,1,0,0,0,1,"688707,630001","5337851,376",11.537982091,48.165870816,1,2,#fc8d62,car
106638,"9,21E+18",9,1,77,134,2021,10,15,2,3,9,1,0,0,1,0,0,0,0,"713801,662664","5344725,17181",11.878523495,48.219692834,0,2,#fc8d62,car
106649,"9,21E+18",9,1,62,0,2021,11,18,5,3,5,2,2,0,1,0,1,0,0,"685193,857116","5335349,02087",11.489682061,48.144411899,1,2,#fc8d62,car
106650,"9,21E+18",9,1,81,127,2021,11,18,2,2,3,6,2,0,1,0,0,0,0,"635489,371801","5323006,34574",10.817967886,48.045951314,0,2,#fc8d62,car
106654,"9,21E+18",9,1,62,0,2021,11,10,6,3,4,2,0,0,1,0,0,0,1,"699675,595385","5329012,42538",11.681189749,48.083084058,0,2,#fc8d62,car
106656,"9,21E+18",9,1,81,130,2021,10,19,3,3,2,6,2,0,1,0,0,0,0,"638904,793214","5325470,86337",10.864570747,48.067378967,0,2,#fc8d62,car
106658,"9,21E+18",9,2,74,111,2021,11,6,3,3,8,6,1,0,0,0,1,1,0,"744643,546013","5380078,13314",12.313654559,48.526082644,1,4,#e78ac3,marker
106660,"9,21E+18",9,1,62,0,2021,10,18,7,3,8,7,2,0,1,0,0,0,0,"687636,751001","5333349,244",11.521609866,48.125721609,0,2,#fc8d62,car
106662,"9,21E+18",9,7,78,216,2021,11,22,5,2,8,7,2,0,1,0,0,0,0,"623142,223419","5321533,50527",10.651947751,48.03520711,0,2,#fc8d62,car
106663,"9,21E+18",9,1,62,0,2021,11,17,1,3,5,3,2,1,1,0,0,0,0,"694781,125004","5332286,24596",11.617033967,48.114022072,0,1,#66c2a5,bicycle
106677,"9,21E+18",9,1,62,0,2021,10,9,6,3,4,3,0,1,1,0,0,0,0,"696037,178769","5333806,44633",11.63459058,48.12729946,1,1,#66c2a5,bicycle
106678,"9,21E+18",9,1,90,138,2021,10,15,1,3,0,1,0,1,0,0,0,0,0,"660280,210858","5310514,60712",11.14572027,47.927896632,0,1,#66c2a5,bicycle
106682,"9,21E+18",9,1,77,119,2021,11,17,3,3,2,6,2,0,1,1,0,0,0,"721829,813061","5339134,16715",11.983540911,48.166704118,0,2,#fc8d62,car