OBJECTID,UIDENTSTLA,ULAND,UREGBEZ,UKREIS,UGEMEINDE,UJAHR,UMONAT,USTUNDE,UWOCHENTAG,UKATEGORIE,UART,UTYP1,ULICHTVERH,IstRad,IstPKW,IstFuss,IstKrad,IstGkfz,IstSonstig,LINREFX,LINREFY,XGCSWGS84,YGCSWGS84,STRZUSTAN,Teilnehmer,color,symbol
106683,"9,21E+18",9,1,84,118,2021,10,8,5,3,3,6,0,0,1,0,0,1,0,"704137,325364","5335836,72633",11.74429634,48.142999073,0,2,#fc8d62,car
106689,"9,21E+18",9,1,74,113,2021,10,12,4,3,2,6,0,0,1,0,0,0,0,"676778,894654","5351539,41018",11.383407476,48.292342497,0,2,#fc8d62,car
106690,"9,21E+18",9,1,62,0,2021,10,14,6,3,5,3,0,1,1,0,0,0,0,"686066,322359","5335240,64203",11.501352254,48.14318318,0,1,#66c2a5,bicycle
106692,"9,21E+18",9,1,77,126,2021,10,0,7,2,0,3,2,0,1,0,0,0,0,"717757,651173","5370176,44096",11.944863104,48.4470228,1,2,#fc8d62,car
106693,"9,21E+18",9,1,81,133,2021,10,19,2,3,2,6,2,0,1,0,0,0,0,"642983,181671","5313814,10561",10.915397784,47.961658784,0,2,#fc8d62,car
106710,"9,21E+18",9,1,75,121,2021,10,8,6,3,0,1,0,1,0,0,0,0,0,"714175,221001","5318834,188",11.870552854,47.986919046,0,1,#66c2a5,bicycle
106711,"9,21E+18",9,1,75,132,2021,10,14,4,3,4,1,0,0,1,0,0,0,0,"707388,660307","5335924,3498",11.787994701,48.142735049,0,2,#fc8d62,car
106712,"9,21E+18",9,1,62,0,2021,10,18,2,3,5,3,0,0,1,0,0,0,0,"691268,063511","5339265,41218",11.573018454,48.177814764,0,2,#fc8d62,car
106713,"9,21E+18",9,1,78,124,2021,10,16,6,3,5,3,0,0,1,0,1,0,0,"702864,162909","5359046,13842",11.738321077,48.351978888,1,2,#fc8d62,car
106714,"9,21E+18",9,1,90,158,2021,11,6,3,3,9,1,1,0,1,0,0,0,0,"651999,00235","5301446,49663",11.031738616,47.84837639,1,2,#fc8d62,car
106722,"9,21E+18",9,1,62,0,2021,10,14,7,3,3,2,0,0,1,0,0,0,0,"683382,629559","5335708,91641",11.465511069,48.148171533,0,2,#fc8d62,car
106727,"9,21E+18",9,1,90,157,2021,11,11,3,2,9,1,0,0,1,0,0,0,0,"660397,386727","5300408,66627",11.143534306,47.83700423,0,2,#fc8d62,car
106729,"9,21E+18",9,7,61,0,2021,11,17,3,3,4,3,2,0,1,0,0,0,0,"641357,606","5352521,948",10.906480868,48.310081482,0,2,#fc8d62,car
106730,"9,21E+18",9,1,87,117,2021,11,19,5,3,2,6,2,0,1,0,0,0,0,"725544,675002","5301060,04399",12.013430141,47.82331425,0,2,#fc8d62,car
106733,"9,21E+18",9,1,62,0,2021,10,15,3,3,2,6,0,0,1,0,0,0,0,"684186,473019","5342605,91189",11.47929719,48.209932812,0,2,#fc8d62,car
106738,"9,21E+18",9,1,79,118,2021,10,17,2,3,0,1,0,1,0,0,0,0,0,"672651,101527","5338017,63563",11.322293422,48.171929314,0,1,#66c2a5,bicycle
106741,"9,21E+18",9,1,83,139,2021,10,19,6,3,2,1,2,0,1,0,0,0,0,"731028,327483","5338094,06121",12.106508324,48.15408435,0,2,#fc8d62,car
106743,"9,21E+18",9,1,84,122,2021,11,16,6,3,4,6,1,0,1,0,0,0,0,"690372,46842","5323171,55861",11.553802429,48.033431369,0,2,#fc8d62,car
106744,"9,21E+18",9,1,90,138,2021,10,19,4,2,5,2,2,0,1,0,0,1,0,"663457,598888","5306852,77461",11.186837029,47.894171572,0,2,#fc8d62,car
106748,"9,21E+18",9,1,87,170,2021,10,2,1,2,9,1,2,0,1,0,0,0,0,"732657,621095","5321186,53848",12.119179011,48.001598742,1,2,#fc8d62,car
106751,"9,21E+18",9,7,72,125,2021,11,18,4,2,6,4,2,0,1,1,0,0,0,"634730,206164","5347351,28405",10.815496144,48.265032393,1,2,#fc8d62,car
106757,"9,21E+18",9,1,62,0,2021,10,11,3,3,5,3,0,1,1,0,0,0,0,"694729,049162","5332182,79115",11.61628781,48.113108184,1,1,#66c2a5,bicycle
106759,"9,21E+18",9,1,78,120,2021,10,13,6,3,2,6,0,0,1,0,0,0,0,"694418,520001","5354527,34",11.622361497,48.314023654,0,2,#fc8d62,car
106762,"9,21E+18",9,2,61,0,2021,10,6,3,2,5,3,2,0,1,0,0,0,0,"731234,432504","5383558,72064",12.134253329,48.562430143,0,2,#fc8d62,car
106767,"9,21E+18",9,7,78,111,2021,11,10,4,3,5,3,0,1,1,0,0,0,0,"624593,784997","5324700,70168",10.672334008,48.063408988,0,1,#66c2a5,bicycle
106770,"9,21E+18",9,1,75,132,2021,10,14,6,3,2,6,0,0,1,0,0,0,0,"706415,428786","5336022,35007",11.774974685,48.143932193,0,2,#fc8d62,car
106773,"9,21E+18",9,1,62,0,2021,10,9,5,3,0,7,0,0,0,0,1,0,0,"683931,581184","5335417,89314",11.472758664,48.145397157,0,4,#e78ac3,marker
106776,"9,21E+18",9,1,82,133,2021,10,23,6,3,4,6,2,0,1,0,0,0,0,"703872,720001","5306236,591",11.726674019,47.877069898,1,2,#fc8d62,car
106777,"9,21E+18",9,1,74,113,2021,11,17,3,3,0,7,2,1,0,0,0,0,0,"678484,812088","5347302,41734",11.404597741,48.25377815,1,1,#66c2a5,bicycle
106787,"9,21E+18",9,1,84,148,2021,11,15,2,3,5,3,0,0,1,0,0,0,0,"695079,257299","5327274,24502",11.61874559,48.068884829,1,2,#fc8d62,car
106790,"9,21E+18",9,1,63,0,2021,11,8,4,3,3,2,0,0,1,0,1,0,0,"732355,719002","5307315,37099",12.107653033,47.877089917,0,2,#fc8d62,car
106791,"9,21E+18",9,1,84,119,2021,11,13,4,3,3,2,0,0,1,0,0,0,0,"696065,827318","5344894,87926",11.640090222,48.226946431,0,2,#fc8d62,car
106795,"9,21E+18",9,1,62,0,2021,10,13,6,3,2,6,0,0,1,0,0,0,0,"682661,8665","5337197,08672",11.456468744,48.161755581,0,2,#fc8d62,car
106797,"9,21E+18",9,1,88,120,2021,10,15,7,3,5,3,0,0,1,0,1,0,0,"676027,681076","5325236,25741",11.362395784,48.056107022,0,2,#fc8d62,car
106798,"9,21E+18",9,7,72,202,2021,10,2,1,3,9,1,2,0,1,0,0,0,0,"637113,201016","5357732,79819",10.850964076,48.357871698,0,2,#fc8d62,car
106800,"9,21E+18",9,1,82,120,2021,11,9,3,3,4,6,0,0,1,0,0,0,0,"701538,325352","5303436,94734",11.694183686,47.852645139,1,2,#fc8d62,car
106801,"9,21E+18",9,2,61,0,2021,10,12,6,3,4,2,0,0,1,0,0,0,1,"732141,569427","5379977,03643",12.144533964,48.529921581,0,2,#fc8d62,car
106803,"9,21E+18",9,1,78,120,2021,10,15,5,3,2,6,0,0,0,0,0,1,0,"694842,552541","5353600,20276",11.627646595,48.305560772,0,5,#a6d854,bus
106804,"9,21E+18",9,1,84,140,2021,11,5,6,3,2,2,1,0,1,0,0,0,0,"702244,184405","5328415,38318",11.715357582,48.076908895,1,2,#fc8d62,car
106812,"9,21E+18",9,1,84,131,2021,11,8,1,3,5,3,0,0,1,0,1,0,0,"704055,075001","5338877,884",11.744650304,48.17035516,0,2,#fc8d62,car
106815,"9,21E+18",9,7,62,0,2021,10,14,7,3,1,7,0,0,1,0,0,1,0,"623734,864997","5302846,89873",10.65452003,47.867034619,0,2,#fc8d62,car
106822,"9,21E+18",9,1,62,0,2021,11,15,4,3,2,6,0,0,1,0,0,0,0,"687481,930729","5326685,54061",11.516604911,48.065871607,0,2,#fc8d62,car
106825,"9,21E+18",9,1,63,0,2021,10,10,4,3,2,6,0,0,1,0,0,0,0,"733759,828461","5303290,97089",12.124228504,47.840425157,0,2,#fc8d62,car
106827,"9,21E+18",9,1,84,112,2021,10,10,7,3,2,6,0,0,1,0,0,0,0,"701330,86192","5340871,67174",11.708995494,48.189141703,0,2,#fc8d62,car
106830,"9,21E+18",9,1,62,0,2021,11,16,2,3,6,2,1,0,1,1,0,0,0,"682836,482977","5339846,01172",11.459954091,48.18551556,0,2,#fc8d62,car
106833,"9,21E+18",9,1,87,169,2021,10,10,4,3,5,3,0,0,1,0,0,0,0,"740631,293003","5298592,76699",12.213311185,47.795685435,0,2,#fc8d62,car
106842,"9,21E+18",9,2,61,0,2021,10,17,7,3,0,1,0,1,0,0,0,0,0,"733976,055239","5381494,45626",12.170195781,48.54287088,0,1,#66c2a5,bicycle
106846,"9,21E+18",9,1,74,115,2021,11,10,2,3,9,1,0,0,1,0,0,0,0,"677585,555551","5366100,63254",11.400417861,48.42300372,1,2,#fc8d62,car
106855,"9,21E+18",9,1,75,133,2021,10,7,2,3,2,1,1,0,1,0,0,0,0,"708714,636046","5341945,46965",11.808753461,48.196407924,2,2,#fc8d62,car
106861,"9,21E+18",9,1,78,113,2021,11,8,7,3,6,3,0,0,1,1,0,0,0,"692252,46977","5367513,95245",11.599113987,48.431401094,0,2,#fc8d62,car
106865,"9,21E+18",9,2,61,0,2021,11,15,3,3,5,3,0,0,1,0,0,0,0,"731600,683289","5381537,96593",12.138086051,48.544142934,1,2,#fc8d62,car
106872,"9,21E+18",9,7,71,130,2021,10,17,7,3,9,6,0,0,1,0,0,0,0,"646800,471999","5362839,24427",10.983442507,48.401606876,1,2,#fc8d62,car
106878,"9,21E+18",9,1,74,121,2021,11,20,1,3,4,6,2,0,1,0,1,0,0,"688073,329371","5353445,34829",11.536382472,48.306217631,1,2,#fc8d62,car
106894,"9,21E+18",9,1,63,0,2021,10,2,1,2,9,7,2,0,1,0,0,0,0,"733192,715647","5302896,82013",12.116448298,47.837089958,0,2,#fc8d62,car
106898,"9,21E+18",9,1,77,138,2021,10,6,5,3,8,1,2,0,1,0,0,0,0,"728603,075615","5363356,9513",12.087600278,48.381915989,1,2,#fc8d62,car
106900,"9,21E+18",9,1,84,121,2021,10,13,2,3,5,3,0,0,1,0,0,0,0,"704655,682001","5326955,729",11.746997603,48.063022077,0,2,#fc8d62,car
106902,"9,21E+18",9,1,79,145,2021,11,15,3,3,4,6,0,0,1,0,0,0,0,"675671,729981","5338252,67483",11.362984838,48.173214419,1,2,#fc8d62,car
106911,"9,21E+18",9,1,87,122,2021,11,7,2,3,2,6,0,0,1,0,0,0,0,"717899,365849","5308128,07711",11.914983179,47.889460589,0,2,#fc8d62,car
106912,"9,21E+18",9,1,75,118,2021,10,20,6,3,2,3,2,0,1,0,0,1,0,"715551,097001","5338115,166",11.898691583,48.159707806,1,2,#fc8d62,car
106916,"9,21E+18",9,1,84,148,2021,10,9,3,3,0,6,0,0,1,0,1,0,0,"697170,164585","5326595,66078",11.646470195,48.062143214,0,2,#fc8d62,car
106923,"9,21E+18",9,1,73,118,2021,11,15,1,2,0,7,0,0,0,0,1,0,0,"688529,358316","5302885,66229",11.520218266,47.851637667,0,4,#e78ac3,marker
106925,"9,21E+18",9,1,86,132,2021,10,17,5,3,1,6,0,0,1,0,0,0,0,"677780,095569","5367503,25669",11.403639895,48.435556466,0,2,#fc8d62,car
106936,"9,21E+18",9,1,62,0,2021,10,18,4,3,2,6,2,0,1,0,0,0,1,"688549,000338","5335251,7496",11.534698995,48.142552113,0,2,#fc8d62,car
106939,"9,21E+18",9,7,78,116,2021,10,11,6,2,5,3,0,1,1,0,0,0,0,"620409,318523","5318016,36433",10.614313129,48.004096641,0,1,#66c2a5,bicycle
106941,"9,21E+18",9,2,74,113,2021,11,13,2,3,8,1,0,0,1,0,0,0,0,"728359,387162","5383945,27794",12.095555448,48.566956259,1,2,#fc8d62,car
106942,"9,21E+18",9,1,77,116,2021,11,7,3,3,5,3,0,0,1,0,0,0,0,"714679,606001","5361166,984",11.898685,48.367129947,0,2,#fc8d62,car
106943,"9,21E+18",9,1,73,118,2021,10,23,5,2,9,1,2,0,0,0,0,0,1,"690123,698572","5299743,8757",11.540129815,47.822927811,0,6,#ffd92f,circle
106951,"9,21E+18",9,1,62,0,2021,11,20,4,3,6,2,2,0,1,1,0,0,0,"692131,758682","5339727,68988",11.584834004,48.181709047,1,2,#fc8d62,car
106953,"9,21E+18",9,1,74,126,2021,11,19,2,3,2,6,2,0,1,0,0,0,0,"683707,590859","5343924,86883",11.473428604,48.221926979,0,2,#fc8d62,car
106954,"9,21E+18",9,1,62,0,2021,10,18,5,3,4,2,2,0,1,0,1,0,0,"686893,133592","5335146,15498",11.512414825,48.142091561,0,2,#fc8d62,car
106959,"9,21E+18",9,1,62,0,2021,10,21,5,3,5,7,2,0,1,0,1,0,0,"692043,511638","5341287,02069",11.584353041,48.19575057,0,2,#fc8d62,car
106965,"9,21E+18",9,1,82,134,2021,11,15,1,3,0,7,0,1,0,0,0,0,0,"700999,354597","5296651,4208",11.683839335,47.791828502,0,1,#66c2a5,bicycle
106973,"9,21E+18",9,1,74,115,2021,11,5,3,2,2,6,2,0,1,0,0,0,0,"679124,517245","5349658,85856",11.414205974,48.274779197,1,2,#fc8d62,car
106977,"9,21E+18",9,7,61,0,2021,11,18,3,3,3,3,2,1,1,0,0,0,0,"641470,921","5358554,049",10.910033945,48.364294729,1,1,#66c2a5,bicycle
106978,"9,21E+18",9,1,79,138,2021,11,1,5,3,9,1,2,0,1,0,0,0,0,"657096,107261","5334632,97289",11.111971435,48.145534015,1,2,#fc8d62,car
106979,"9,21E+18",9,7,62,0,2021,11,0,7,3,4,1,2,0,1,0,0,0,0,"622152,13119","5307640,96675",10.634722082,47.910453988,0,2,#fc8d62,car
106985,"9,21E+18",9,1,79,126,2021,10,14,7,3,5,3,0,0,1,0,0,0,0,"675495,84195","5340740,4267",11.361648693,48.195626033,0,2,#fc8d62,car
106989,"9,21E+18",9,1,90,157,2021,10,14,7,3,5,3,0,0,1,0,0,0,0,"659904,663826","5299042,43301",11.136449879,47.82484289,0,2,#fc8d62,car
106992,"9,21E+18",9,7,61,0,2021,11,14,2,3,9,1,0,0,1,0,0,0,0,"642097,760723","5363447,85976",10.920147273,48.408156764,1,2,#fc8d62,car
106993,"9,21E+18",9,7,72,223,2021,11,7,3,3,9,1,1,0,1,0,0,0,0,"618219,329","5363131,45",10.597535869,48.410242854,1,2,#fc8d62,car
106999,"9,21E+18",9,1,63,0,2021,11,7,4,3,8,7,0,0,1,0,0,0,0,"735571,912943","5303787,95378",12.148680017,47.844228732,0,2,#fc8d62,car
107002,"9,21E+18",9,1,62,0,2021,10,15,1,3,0,1,0,0,0,0,0,0,1,"694567,433122","5334800,27393",11.615313565,48.136682494,0,6,#ffd92f,circle
107003,"9,21E+18",9,1,84,145,2021,11,19,2,3,4,2,2,0,1,0,0,0,0,"696461,253716","5322874,2743",11.635257622,48.028915625,0,2,#fc8d62,car
107004,"9,21E+18",9,1,79,142,2021,10,7,5,3,2,6,1,0,1,0,0,0,0,"670698,040052","5340948,46978",11.297222909,48.198804072,0,2,#fc8d62,car
107006,"9,21E+18",9,2,61,0,2021,10,18,4,3,4,2,2,0,1,0,1,0,0,"732241,438668","5381569,35933",12.146771877,48.544188105,0,2,#fc8d62,car
107013,"9,21E+18",9,1,84,112,2021,11,8,5,3,9,1,0,0,1,0,0,0,0,"702482,934309","5337432,05757",11.722840764,48.157864614,1,2,#fc8d62,car
107018,"9,21E+18",9,1,82,125,2021,10,11,6,3,6,4,0,0,1,1,0,0,0,"712362,431893","5296186,64316",11.835150418,47.784005823,0,2,#fc8d62,car
107020,"9,21E+18",9,7,77,121,2021,10,12,2,3,5,3,0,0,1,0,1,0,0,"628018,619049","5321463,72683",10.71731367,48.033620548,0,2,#fc8d62,car
107021,"9,21E+18",9,1,75,133,2021,10,20,6,2,8,1,2,0,1,0,0,0,0,"709751,875595","5342393,41192",11.822915757,48.200091386,0,2,#fc8d62,car
107024,"9,21E+18",9,7,72,147,2021,11,9,5,3,1,6,0,0,1,0,0,0,0,"636002,317891","5364419,43878",10.838140456,48.418237878,1,2,#fc8d62,car
107033,"9,21E+18",9,7,78,203,2021,10,16,1,2,4,2,1,0,1,0,0,0,0,"622608,960301","5326368,7861",10.646183112,48.07879526,0,2,#fc8d62,car
107035,"9,21E+18",9,1,87,169,2021,10,17,5,3,5,3,0,0,1,0,0,0,0,"737330,6235","5298044,7354",12.169005618,47.791986753,0,2,#fc8d62,car
107036,"9,21E+18",9,1,63,0,2021,11,7,4,2,5,2,0,1,0,0,0,1,0,"734566,391785","5304281,82168",12.135528625,47.849033217,0,1,#66c2a5,bicycle
107037,"9,21E+18",9,2,74,184,2021,11,13,5,3,2,6,0,0,1,0,0,0,0,"745676,139129","5372765,64611",12.323316814,48.46000425,1,2,#fc8d62,car
107044,"9,21E+18",9,7,78,203,2021,10,19,1,2,8,1,2,0,1,0,0,0,0,"620382,75306","5325867,75143",10.616164693,48.074713458,0,2,#fc8d62,car
107045,"9,21E+18",9,1,62,0,2021,11,21,6,3,2,6,2,0,1,0,0,0,0,"689160,096629","5344622,72916",11.547077999,48.226597193,0,2,#fc8d62,car
107046,"9,21E+18",9,1,79,123,2021,11,11,3,2,0,1,0,1,0,0,0,0,0,"676492,38631","5334397,29299",11.372414644,48.138330191,0,1,#66c2a5,bicycle
107048,"9,21E+18",9,7,71,130,2021,10,7,5,3,8,1,1,0,1,0,0,0,0,"645740,739128","5362826,28243",10.969128631,48.401736205,1,2,#fc8d62,car
107052,"9,21E+18",9,7,62,0,2021,10,7,2,3,5,3,0,1,1,0,0,0,0,"622186,021539","5304701,9328",10.634343145,47.884014794,0,1,#66c2a5,bicycle
107054,"9,21E+18",9,1,74,146,2021,11,1,3,2,8,7,2,0,1,0,0,0,0,"668076,031781","5350207,11225",11.265639534,48.282736682,1,2,#fc8d62,car
107057,"9,21E+18",9,7,77,112,2021,11,16,5,3,5,3,0,0,1,0,0,0,0,"621386,442","5297213,192",10.621551051,47.816814187,1,2,#fc8d62,car
107058,"9,21E+18",9,1,84,135,2021,11,17,1,3,2,6,2,0,1,0,0,0,0,"689644,069851","5347322,7523",11.554796866,48.250720132,0,2,#fc8d62,car
107059,"9,21E+18",9,2,61,0,2021,10,17,5,3,5,2,0,1,0,0,0,0,1,"732279,183795","5381594,47047",12.147296503,48.544399701,0,1,#66c2a5,bicycle
107061,"9,21E+18",9,1,87,179,2021,10,6,2,3,4,6,2,1,1,0,0,0,0,"723982,148415","5312620,81995",11.998575915,47.927734472,0,1,#66c2a5,bicycle
107062,"9,21E+18",9,1,90,111,2021,11,21,2,3,9,1,2,0,1,0,0,0,0,"639142,258357","5297101,47543",10.858587003,47.812214946,1,2,#fc8d62,car
107075,"9,21E+18",9,1,62,0,2021,11,5,5,3,3,2,2,1,1,0,0,0,0,"687350,922249","5335080,70825",11.518533951,48.141368672,1,1,#66c2a5,bicycle
107076,"9,21E+18",9,1,78,130,2021,11,13,2,3,6,3,0,0,1,1,0,0,0,"703526,252945","5355318,94794",11.745447342,48.318272195,0,2,#fc8d62,car
107079,"9,21E+18",9,7,77,124,2021,10,15,7,3,9,1,0,0,0,0,1,0,0,"614518,583237","5306929,41505",10.532414901,47.905462826,0,4,#e78ac3,marker
107080,"9,21E+18",9,1,62,0,2021,10,23,3,3,1,5,2,0,1,0,0,0,1,"685583,493403","5335303,79824",11.49489534,48.143891878,0,2,#fc8d62,car
107088,"9,21E+18",9,7,78,216,2021,10,7,4,3,2,6,0,0,1,0,0,0,0,"624792,200545","5320834,94702",10.673868879,48.028604435,0,2,#fc8d62,car
107089,"9,21E+18",9,1,78,145,2021,10,13,4,3,2,1,0,0,1,0,0,0,1,"699511,911008","5355168,51711",11.691287825,48.318199586,0,2,#fc8d62,car
107090,"9,21E+18",9,1,62,0,2021,10,15,6,3,0,7,0,1,0,0,0,0,0,"692157,085122","5342567,81554",11.58645962,48.207227609,1,1,#66c2a5,bicycle
107097,"9,21E+18",9,1,87,122,2021,11,16,5,3,0,7,0,1,0,0,0,0,0,"717499,469002","5306859,114",11.909001599,47.87819361,0,1,#66c2a5,bicycle
107104,"9,21E+18",9,7,61,0,2021,10,15,1,3,0,2,0,1,0,0,1,0,0,"641235,135","5360944,236",10.907655366,48.385839149,0,1,#66c2a5,bicycle
107106,"9,21E+18",9,1,62,0,2021,11,11,2,3,1,7,0,1,1,0,0,0,0,"682830,898397","5339915,96152",11.45990913,48.186145918,0,1,#66c2a5,bicycle
107111,"9,21E+18",9,1,62,0,2021,10,7,3,3,6,2,0,0,1,1,0,0,0,"692104,893321","5340012,7943",11.584601857,48.184279613,0,2,#fc8d62,car
107113,"9,21E+18",9,2,61,0,2021,10,12,6,3,5,3,0,0,1,0,0,0,0,"734761,914049","5381901,92573",12.181056092,48.546237445,0,2,#fc8d62,car
107114,"9,21E+18",9,2,74,121,2021,11,16,3,3,5,2,0,0,1,0,0,0,0,"722222,841002","5372007,32599",12.006134619,48.461911422,1,2,#fc8d62,car
107115,"9,21E+18",9,1,86,162,2021,10,14,1,3,2,6,0,0,1,0,0,0,0,"691244,704536","5383163,27974",11.592671923,48.572351559,0,2,#fc8d62,car
107124,"9,21E+18",9,7,62,0,2021,11,17,2,3,1,6,1,0,1,0,0,0,0,"622482,124436","5306750,52556",10.638883511,47.902382732,1,2,#fc8d62,car
107131,"9,21E+18",9,1,78,113,2021,10,4,7,3,8,1,2,0,1,0,0,0,0,"691605,214377","5365624,20664",11.589509453,48.414614572,0,2,#fc8d62,car
107132,"9,21E+18",9,7,62,0,2021,10,13,6,3,6,4,0,0,1,1,0,0,0,"621702,323498","5303542,72465",10.627549329,47.873681066,0,2,#fc8d62,car
107135,"9,21E+18",9,7,73,188,2021,11,7,2,3,0,6,0,0,0,0,1,0,0,"618111,326407","5377385,86583",10.600103769,48.538452176,0,4,#e78ac3,marker
107139,"9,21E+18",9,1,78,145,2021,11,10,3,3,4,6,0,0,1,0,0,0,0,"696411,812791","5361043,87692",11.652256456,48.371971957,0,2,#fc8d62,car
107141,"9,21E+18",9,1,84,114,2021,11,11,3,3,0,1,0,1,0,0,0,0,0,"698415,988339","5319278,72694",11.659785069,47.995996628,1,1,#66c2a5,bicycle
107145,"9,21E+18",9,1,78,143,2021,10,12,4,2,0,3,0,1,1,0,0,0,0,"721127,021354","5371524,44512",11.991076811,48.457959167,0,1,#66c2a5,bicycle
107148,"9,21E+18",9,1,87,117,2021,10,17,2,3,1,6,1,0,1,0,0,0,0,"723487,185402","5306190,56693",11.9886289,47.870130878,0,2,#fc8d62,car
107159,"9,21E+18",9,1,90,157,2021,11,9,6,2,5,3,0,0,1,0,0,0,0,"659903,296806","5299037,9092",11.136429958,47.824802556,0,2,#fc8d62,car
107161,"9,21E+18",9,1,79,138,2021,10,17,6,2,5,3,0,0,1,0,1,0,0,"658511,962","5333814,341",11.130687591,48.13782268,0,2,#fc8d62,car
107163,"9,21E+18",9,7,71,112,2021,10,17,4,1,4,6,0,0,1,0,0,0,0,"647258,076175","5368623,82754",10.991653405,48.453509798,0,2,#fc8d62,car
107164,"9,21E+18",9,1,84,148,2021,11,18,6,2,4,2,2,0,1,0,0,0,0,"696139,079393","5326328,20137",11.632523229,48.060057197,0,2,#fc8d62,car
107167,"9,21E+18",9,1,62,0,2021,10,6,5,3,2,6,1,0,1,0,0,0,0,"693341,526094","5337451,65487",11.600057187,48.160885895,1,2,#fc8d62,car
107170,"9,21E+18",9,1,81,144,2021,10,19,1,3,3,1,2,0,1,0,0,0,0,"655687,671858","5322648,62325",11.088679835,48.038128466,0,2,#fc8d62,car
107173,"9,21E+18",9,1,84,142,2021,11,21,1,3,3,1,2,0,1,0,0,0,0,"680987,823106","5319125,16606",11.426321492,47.999786595,0,2,#fc8d62,car
107175,"9,21E+18",9,1,74,113,2021,10,22,5,3,6,4,2,0,1,1,0,1,0,"673655,977609","5345481,16805",11.338852435,48.238747995,1,2,#fc8d62,car
107186,"9,21E+18",9,1,62,0,2021,10,7,4,3,1,6,0,0,1,0,1,0,0,"690148,46015","5339034,46774",11.55786938,48.176075056,0,2,#fc8d62,car
107190,"9,21E+18",9,1,84,148,2021,10,0,6,3,5,2,2,0,1,0,0,0,0,"693545,780944","5328504,0455",11.598739118,48.080405166,0,2,#fc8d62,car
107192,"9,21E+18",9,1,90,157,2021,11,2,2,2,8,1,2,0,0,0,1,0,0,"661165,71003","5301995,03151",11.154385403,47.851075229,0,4,#e78ac3,marker
107193,"9,21E+18",9,7,62,0,2021,11,17,2,3,4,6,2,0,1,0,0,0,0,"622706,491913","5305815,57632",10.641618503,47.893931248,0,2,#fc8d62,car
107195,"9,21E+18",9,1,87,142,2021,11,20,7,2,4,6,2,0,1,0,0,0,0,"733687,216826","5311176,67723",12.127524151,47.91129659,1,2,#fc8d62,car
107202,"9,21E+18",9,1,62,0,2021,11,16,5,3,6,7,1,1,0,1,0,0,0,"687959,3725","5342923,18143",11.530173112,48.211678461,1,1,#66c2a5,bicycle
107203,"9,21E+18",9,2,61,0,2021,11,13,2,2,5,3,0,0,1,0,1,0,0,"733637,238002","5381336,44399",12.165523776,48.541577762,0,2,#fc8d62,car
107208,"9,21E+18",9,1,81,139,2021,10,13,5,3,5,3,0,1,1,0,0,0,0,"655819,794088","5324324,55227",11.091061236,48.053164712,0,1,#66c2a5,bicycle
107214,"9,21E+18",9,1,63,0,2021,10,10,1,3,2,6,0,0,1,0,0,0,0,"732591,772411","5306195,05499",12.110202425,47.866939426,0,2,#fc8d62,car
107220,"9,21E+18",9,1,62,0,2021,10,14,4,3,2,6,0,0,1,0,0,0,0,"688724,595335","5338453,16307",11.538477119,48.171274692,0,2,#fc8d62,car
107221,"9,21E+18",9,7,61,0,2021,10,12,5,3,0,1,0,1,0,0,0,0,0,"644288,114702","5358789,62766",10.948127745,48.365775274,0,1,#66c2a5,bicycle
107222,"9,21E+18",9,1,84,123,2021,10,11,3,2,0,7,0,1,0,0,0,0,0,"704376,470824","5331538,31946",11.745446624,48.104294047,0,1,#66c2a5,bicycle
107223,"9,21E+18",9,1,84,114,2021,10,8,2,3,4,3,0,1,1,0,0,0,0,"700266,736001","5320326,677",11.685055475,48.00483799,0,1,#66c2a5,bicycle
107225,"9,21E+18",9,1,63,0,2021,11,4,3,3,3,6,2,0,0,0,1,1,0,"734711,700958","5303726,95176",12.137167102,47.843995272,1,4,#e78ac3,marker
107238,"9,21E+18",9,1,74,146,2021,11,15,3,3,5,3,0,1,1,0,0,0,0,"664901,576336","5352508,43113",11.223780774,48.304260225,0,1,#66c2a5,bicycle
107239,"9,21E+18",9,2,61,0,2021,11,13,3,3,0,2,0,1,1,0,0,0,0,"731655,732735","5382219,59363",12.139209833,48.550245546,0,1,#66c2a5,bicycle
107240,"9,21E+18",9,7,71,113,2021,11,16,3,3,5,3,2,1,1,0,0,0,0,"657757,586432","5368356,55789",11.133458648,48.448562627,1,1,#66c2a5,bicycle
107241,"9,21E+18",9,1,87,167,2021,11,12,5,3,8,1,0,1,0,0,0,0,0,"739485,40596","5303732,09237",12.200873593,47.842281278,0,1,#66c2a5,bicycle
107244,"9,21E+18",9,1,62,0,2021,10,10,3,3,5,3,0,0,1,0,0,0,0,"701104,273964","5332383,099",11.701939579,48.11292736,1,2,#fc8d62,car
107245,"9,21E+18",9,1,62,0,2021,10,23,6,3,1,7,2,0,1,0,0,0,0,"685588,770517","5331809,33937",11.493444387,48.112480567,0,2,#fc8d62,car