OBJECTID,UIDENTSTLA,ULAND,UREGBEZ,UKREIS,UGEMEINDE,UJAHR,UMONAT,USTUNDE,UWOCHENTAG,UKATEGORIE,UART,UTYP1,ULICHTVERH,IstRad,IstPKW,IstFuss,IstKrad,IstGkfz,IstSonstig,LINREFX,LINREFY,XGCSWGS84,YGCSWGS84,STRZUSTAN,Teilnehmer,color,symbol
107816,"9,21E+18",9,7,77,112,2021,12,11,4,2,4,1,0,0,1,0,0,1,0,"623456,766574","5296425,20887",10.648971479,47.809333339,2,2,#fc8d62,car
107817,"9,21E+18",9,1,84,135,2021,12,17,6,3,2,6,1,0,1,0,0,0,0,"692058,054001","5344764,329",11.586122767,48.226999125,0,2,#fc8d62,car
107820,"9,21E+18",9,1,78,120,2021,11,12,6,3,2,6,0,0,1,0,0,1,0,"693433,675774","5354103,91972",11.608897913,48.310520203,0,2,#fc8d62,car
107824,"9,21E+18",9,7,61,0,2021,11,18,4,3,2,6,2,0,1,0,0,0,0,"637471,542293","5359827,878",10.856483685,48.376632492,0,2,#fc8d62,car
107826,"9,21E+18",9,2,61,0,2021,12,17,3,3,5,3,2,0,1,0,0,0,0,"732723,261316","5382083,60607",12.153577352,48.548628907,1,2,#fc8d62,car
107827,"9,21E+18",9,1,73,120,2021,11,15,1,2,8,1,0,0,1,0,0,0,0,"686328,502936","5315903,51153",11.49645157,47.969294274,0,2,#fc8d62,car
107835,"9,21E+18",9,1,74,118,2021,11,14,3,3,8,1,0,0,1,0,0,0,0,"668676,511582","5354248,5712",11.275342161,48.318908149,2,2,#fc8d62,car
107841,"9,21E+18",9,7,72,209,2021,11,7,5,2,2,6,1,0,1,0,0,0,0,"636094,969093","5337124,5862",10.830594104,48.172779751,1,2,#fc8d62,car
107848,"9,21E+18",9,1,88,126,2021,11,18,3,3,4,2,2,0,1,0,0,0,0,"660210,696","5328125,928",11.151368227,48.086254672,0,2,#fc8d62,car
107849,"9,21E+18",9,1,87,126,2021,11,6,6,3,2,6,2,0,1,0,1,0,0,"738982,717393","5324213,31819",12.205528874,48.026456142,0,2,#fc8d62,car
107850,"9,21E+18",9,1,74,115,2021,12,11,2,3,5,3,0,0,1,0,0,0,0,"683374,980001","5348791,647",11.471062122,48.265767911,0,2,#fc8d62,car
107853,"9,21E+18",9,7,72,111,2021,11,11,2,3,8,1,0,0,1,0,0,0,0,"625625,032161","5364221,60785",10.697893631,48.418613514,2,2,#fc8d62,car
107855,"9,21E+18",9,1,81,114,2021,11,17,1,3,2,6,2,0,1,0,0,0,0,"656120,023","5316641,686",11.092289364,47.984013581,1,2,#fc8d62,car
107857,"9,21E+18",9,7,71,156,2021,11,13,3,3,4,6,0,0,1,0,0,0,0,"655778,903529","5380103,81101",11.11110166,48.554666746,2,2,#fc8d62,car
107860,"9,21E+18",9,7,72,156,2021,12,10,4,3,4,1,0,0,1,0,0,0,1,"628167,869737","5368891,36163",10.733674048,48.46009355,2,2,#fc8d62,car
107861,"9,21E+18",9,1,78,123,2021,11,13,1,3,8,1,0,0,1,0,0,0,0,"694027,647849","5359568,61767",11.619416547,48.359450928,0,2,#fc8d62,car
107862,"9,21E+18",9,1,87,122,2021,12,7,6,3,4,1,0,0,1,0,0,0,0,"718747,782521","5311817,34315",11.928188476,47.922322241,1,2,#fc8d62,car
107867,"9,21E+18",9,1,62,0,2021,11,13,4,3,2,6,0,0,1,0,0,0,0,"692531,624974","5339194,69324",11.589966417,48.176797591,0,2,#fc8d62,car
107879,"9,21E+18",9,1,87,182,2021,11,13,2,1,4,7,0,0,1,0,0,1,1,"738166,178012","5328548,15314",12.197005515,48.065701308,1,2,#fc8d62,car
107881,"9,21E+18",9,7,72,200,2021,11,7,5,3,4,6,1,0,1,0,0,1,0,"628800,266623","5339014,38743",10.733094919,48.191294737,1,2,#fc8d62,car
107886,"9,21E+18",9,7,77,158,2021,12,21,2,3,8,1,2,0,1,0,0,0,0,"622772,078012","5308779,41178",10.643339364,47.920574341,2,2,#fc8d62,car
107887,"9,21E+18",9,1,62,0,2021,11,11,2,3,5,3,0,0,1,0,0,0,0,"688470,513295","5334979,08745",11.533524277,48.140124637,0,2,#fc8d62,car
107892,"9,21E+18",9,1,62,0,2021,11,8,1,3,3,6,0,0,1,0,1,0,0,"694737,857411","5332220,81753",11.616423388,48.113447257,1,2,#fc8d62,car
107894,"9,21E+18",9,1,87,169,2021,11,19,6,3,2,7,2,0,0,0,0,1,1,"738919,616871","5299091,3889",12.190765306,47.800802031,0,5,#a6d854,bus
107896,"9,21E+18",9,1,81,127,2021,12,15,5,3,5,3,1,0,1,0,0,0,0,"636489,040761","5326605,05566",10.832522755,48.078099682,2,2,#fc8d62,car
107897,"9,21E+18",9,7,61,0,2021,11,9,2,3,2,6,0,0,1,0,0,0,0,"638719,973749","5356651,90356",10.872286551,48.347801517,1,2,#fc8d62,car
107905,"9,21E+18",9,2,74,111,2021,12,7,5,3,9,1,0,0,1,0,0,0,0,"743211,177856","5380778,12833",12.294695157,48.53292608,2,2,#fc8d62,car
107911,"9,21E+18",9,1,84,137,2021,12,13,7,3,5,3,0,0,1,0,0,0,0,"706321,610962","5316871,06395",11.764478887,47.971858125,1,2,#fc8d62,car
107912,"9,21E+18",9,7,72,202,2021,12,11,4,3,6,2,0,0,1,1,0,0,0,"636377,564818","5357770,31748",10.841050837,48.358368393,1,2,#fc8d62,car
107914,"9,21E+18",9,1,77,122,2021,12,18,4,1,6,4,2,0,0,1,0,1,0,"728711,03974","5358385,3724",12.086354597,48.337214471,1,3,#8da0cb,toilet
107915,"9,21E+18",9,7,78,203,2021,11,8,3,3,5,3,0,1,1,0,0,0,0,"622101,689215","5324631,39668",10.638878911,48.063267594,0,1,#66c2a5,bicycle
107916,"9,21E+18",9,1,88,139,2021,11,9,2,2,9,1,0,0,0,0,0,0,1,"680274,307092","5320838,35288",11.417484928,48.015388273,1,6,#ffd92f,circle
107923,"9,21E+18",9,1,62,0,2021,11,13,1,3,5,3,0,0,1,0,0,0,0,"693357,316001","5337448,145",11.600267708,48.160849548,1,2,#fc8d62,car
107924,"9,21E+18",9,1,90,130,2021,11,8,1,2,9,1,0,0,1,0,0,0,0,"652034,284071","5294577,82264",11.029800257,47.786606201,2,2,#fc8d62,car
107926,"9,21E+18",9,1,86,143,2021,12,8,4,3,4,6,0,0,1,0,0,0,0,"682106,763001","5380201,278",11.467617175,48.548451037,2,2,#fc8d62,car
107929,"9,21E+18",9,1,87,169,2021,11,16,6,3,2,6,2,0,1,0,0,0,0,"737445,3739","5299236,82278",12.171187681,47.802653836,1,2,#fc8d62,car
107930,"9,21E+18",9,1,87,182,2021,12,18,3,3,5,3,2,0,1,0,0,0,0,"740458,015807","5326292,98353",12.226452314,48.04458397,1,2,#fc8d62,car
107931,"9,21E+18",9,7,71,130,2021,11,9,2,3,5,2,0,0,1,0,0,0,1,"644859,207331","5357685,69264",10.955453692,48.355718582,0,2,#fc8d62,car
107932,"9,21E+18",9,1,77,114,2021,11,17,7,3,2,6,2,0,1,0,0,0,0,"723267,335421","5346991,63131",12.006980257,48.236796187,1,2,#fc8d62,car
107944,"9,21E+18",9,2,74,134,2021,11,17,2,3,9,1,2,0,1,0,0,0,0,"743791,01341","5375321,75209",12.299350136,48.483695036,2,2,#fc8d62,car
107948,"9,21E+18",9,7,73,143,2021,11,6,4,3,8,1,2,0,1,0,0,0,0,"624312,426144","5373538,79898",10.682929133,48.502659491,0,2,#fc8d62,car
107950,"9,21E+18",9,7,77,158,2021,12,17,4,3,4,1,2,0,1,0,0,0,0,"621661,533148","5309173,01296",10.628591781,47.924325978,2,2,#fc8d62,car
107951,"9,21E+18",9,1,62,0,2021,11,17,7,3,4,7,2,0,1,0,0,0,0,"692504,610755","5331168,58404",11.585975401,48.104668882,1,2,#fc8d62,car
107952,"9,21E+18",9,1,90,152,2021,12,7,6,3,3,6,0,0,1,0,0,0,0,"669643,260828","5300098,07436",11.266876281,47.831839153,2,2,#fc8d62,car
107959,"9,21E+18",9,1,62,0,2021,11,7,6,3,3,6,1,0,1,0,0,1,0,"688374,283903","5340186,19839",11.534538155,48.186955297,1,2,#fc8d62,car
107963,"9,21E+18",9,1,81,140,2021,12,17,6,3,4,1,1,0,1,0,0,0,0,"643360,066872","5324287,43871",10.923944424,48.055751799,2,2,#fc8d62,car
107972,"9,21E+18",9,1,81,114,2021,11,6,6,2,4,6,2,0,1,0,0,0,0,"647839,003193","5316935,07519",10.981480445,47.988619139,1,2,#fc8d62,car
107975,"9,21E+18",9,7,78,116,2021,11,7,3,3,8,1,0,0,1,0,0,0,0,"620767,981936","5314977,70452",10.618264869,47.976700466,2,2,#fc8d62,car
107976,"9,21E+18",9,7,62,0,2021,11,16,6,3,1,6,0,0,1,0,0,0,0,"621423,073939","5304379,40913",10.624051627,47.881258872,1,2,#fc8d62,car
107977,"9,21E+18",9,1,86,151,2021,12,16,3,3,4,6,2,0,1,0,0,0,0,"679339,679799","5374645,63399",11.427768349,48.499312644,0,2,#fc8d62,car
107985,"9,21E+18",9,1,90,148,2021,11,13,6,3,1,6,0,0,1,0,0,0,1,"641831,676391","5297488,53399",10.89461734,47.815108478,0,2,#fc8d62,car
107986,"9,21E+18",9,1,78,120,2021,12,18,2,3,2,6,2,0,1,0,0,0,0,"691693,80948","5352753,74173",11.584843542,48.298915104,1,2,#fc8d62,car
107988,"9,21E+18",9,1,84,119,2021,11,11,2,2,5,3,0,0,1,0,0,1,0,"696323,656293","5346421,72913",11.644265573,48.240588844,1,2,#fc8d62,car
107991,"9,21E+18",9,1,75,132,2021,11,18,5,3,2,6,2,0,1,0,0,0,0,"706581,830173","5336134,23951",11.777263284,48.144883667,0,2,#fc8d62,car
107998,"9,21E+18",9,1,78,124,2021,11,6,5,3,5,2,2,0,1,0,0,0,1,"703010,701001","5363867,724",11.742624481,48.395259973,1,2,#fc8d62,car
108000,"9,21E+18",9,1,84,135,2021,11,7,2,3,4,7,0,0,1,0,0,0,0,"692203,949486","5344020,33426",11.587747917,48.220268175,0,2,#fc8d62,car
108001,"9,21E+18",9,7,72,147,2021,11,19,5,3,3,7,2,0,1,0,0,0,0,"630960,947711","5364320,39879",10.77000733,48.418415354,0,2,#fc8d62,car
108002,"9,21E+18",9,1,78,132,2021,12,13,1,3,4,6,0,0,1,0,0,0,0,"711455,076915","5381050,2381",11.865247039,48.546874147,1,2,#fc8d62,car
108003,"9,21E+18",9,1,75,133,2021,12,11,5,3,2,6,0,0,1,0,0,0,0,"710533,025001","5342159,664",11.833299513,48.197732457,0,2,#fc8d62,car
108005,"9,21E+18",9,1,84,147,2021,11,12,6,3,2,6,0,0,1,0,0,0,0,"696287,934625","5341162,18882",11.641350742,48.193331016,1,2,#fc8d62,car
108006,"9,21E+18",9,1,75,132,2021,12,13,4,3,3,6,0,0,1,0,0,1,0,"707372,922521","5336409,70964",11.788019775,48.147101766,1,2,#fc8d62,car
108007,"9,21E+18",9,1,88,145,2021,11,13,4,3,2,6,0,0,1,0,0,0,0,"662968,399948","5328011,50308",11.188328269,48.084526877,0,2,#fc8d62,car
108013,"9,21E+18",9,1,63,0,2021,11,14,6,3,6,2,0,0,1,1,0,0,0,"733876,623534","5304871,61114",12.126641274,47.854583194,0,2,#fc8d62,car
108015,"9,21E+18",9,7,73,182,2021,11,9,7,3,5,3,0,0,1,0,0,0,1,"625333,471733","5379988,38027",10.698685058,48.560453807,1,2,#fc8d62,car
108019,"9,21E+18",9,7,72,217,2021,11,14,5,3,9,6,0,0,1,0,0,1,0,"636134,125605","5381867,46634",10.845608764,48.575097675,0,2,#fc8d62,car
108023,"9,21E+18",9,7,77,118,2021,11,17,6,3,5,3,2,0,1,0,0,0,0,"629162,264606","5299190,54302",10.725967397,47.833083294,1,2,#fc8d62,car
108026,"9,21E+18",9,1,77,115,2021,11,6,1,1,6,6,2,0,1,1,0,0,0,"738431,057334","5356453,86565",12.21621924,48.316272879,1,2,#fc8d62,car
108032,"9,21E+18",9,1,87,176,2021,11,3,7,2,9,1,2,0,1,0,0,0,0,"737428,694924","5332951,68073",12.189569159,48.105533522,1,2,#fc8d62,car
108033,"9,21E+18",9,1,75,127,2021,11,18,5,3,6,2,2,0,1,1,0,0,0,"712427,288558","5341352,38325",11.85835543,48.189847703,1,2,#fc8d62,car
108036,"9,21E+18",9,1,87,181,2021,11,7,6,3,2,6,1,0,1,0,0,0,0,"737567,65321","5312740,88441",12.180237327,47.923923279,1,2,#fc8d62,car
108037,"9,21E+18",9,1,62,0,2021,12,17,4,3,2,6,2,0,1,0,0,0,0,"692915,954072","5331268,09616",11.591540243,48.105438853,1,2,#fc8d62,car
108042,"9,21E+18",9,1,75,123,2021,11,17,6,3,5,2,1,0,1,0,0,0,0,"725602,114847","5336311,27877",12.032707774,48.140015022,1,2,#fc8d62,car
108044,"9,21E+18",9,1,88,120,2021,12,9,4,3,8,1,0,0,1,0,0,0,0,"676385,44856","5323519,87036",11.366485643,48.0405789,1,2,#fc8d62,car
108048,"9,21E+18",9,1,88,141,2021,11,23,2,2,8,1,2,0,1,0,0,0,0,"669890,961995","5307837,81249",11.273225626,47.901356465,2,2,#fc8d62,car
108049,"9,21E+18",9,1,81,144,2021,12,18,6,3,4,6,2,0,1,0,0,0,0,"654750,803537","5319318,06988",11.074916883,48.008410413,2,2,#fc8d62,car
108057,"9,21E+18",9,1,87,169,2021,11,17,3,3,5,3,2,1,1,0,0,0,0,"736581,176294","5303037,60284",12.161738723,47.837117239,1,1,#66c2a5,bicycle
108064,"9,21E+18",9,1,84,122,2021,12,6,2,3,4,1,2,0,1,0,0,1,0,"687662,094001","5324164,927",11.517915324,48.043162352,2,2,#fc8d62,car
108065,"9,21E+18",9,1,77,117,2021,11,6,3,3,8,1,2,0,1,0,0,0,0,"716806,046402","5350565,4253",11.921908861,48.271148793,1,2,#fc8d62,car
108066,"9,21E+18",9,1,84,123,2021,11,18,7,3,0,3,2,1,1,0,0,0,0,"703923,918434","5334164,37356",11.740630305,48.128038629,0,1,#66c2a5,bicycle
108071,"9,21E+18",9,1,81,114,2021,11,9,4,3,8,1,0,0,1,0,0,0,0,"653498,844","5316128,531",11.057001102,47.980033927,0,2,#fc8d62,car
108073,"9,21E+18",9,7,71,122,2021,12,17,1,3,2,6,2,0,1,0,0,0,0,"655668,390309","5359643,70399",11.101992787,48.370750129,2,2,#fc8d62,car
108076,"9,21E+18",9,7,61,0,2021,11,7,3,3,4,3,0,1,1,1,0,0,0,"642783,440486","5359801,46118",10.928167752,48.375215332,1,1,#66c2a5,bicycle
108082,"9,21E+18",9,1,79,123,2021,11,17,7,2,5,2,2,0,1,0,0,0,0,"677443,376276","5331964,45934",11.384173457,48.116196515,1,2,#fc8d62,car
108094,"9,21E+18",9,1,85,113,2021,11,9,7,3,0,3,0,0,1,0,0,0,0,"670663,666471","5379802,23954",11.312531274,48.54808203,0,2,#fc8d62,car
108096,"9,21E+18",9,2,74,194,2021,11,7,4,2,4,6,0,0,1,0,0,0,0,"723354,203163","5379906,21502",12.025640755,48.53247343,0,2,#fc8d62,car
108109,"9,21E+18",9,1,84,135,2021,11,16,2,3,8,1,1,0,1,0,0,0,0,"693149,999371","5347310,54599",11.601971431,48.249551798,0,2,#fc8d62,car
108110,"9,21E+18",9,1,82,125,2021,11,15,1,3,4,1,0,0,1,0,0,0,0,"713797,006927","5298437,63439",11.855387136,47.803759539,1,2,#fc8d62,car
108121,"9,21E+18",9,1,85,158,2021,12,22,4,3,2,6,2,0,1,0,0,0,0,"668972,056311","5381596,77605",11.290357171,48.564671302,1,2,#fc8d62,car
108122,"9,21E+18",9,1,87,150,2021,12,13,7,3,6,2,0,0,1,1,0,0,0,"729337,434121","5303364,80705",12.065250064,47.842680939,1,2,#fc8d62,car
108132,"9,21E+18",9,1,88,124,2021,11,7,6,2,6,4,0,0,1,1,0,0,0,"662153,480785","5317935,36285",11.173578008,47.994143819,0,2,#fc8d62,car
108133,"9,21E+18",9,1,85,113,2021,12,17,2,3,5,2,2,1,1,0,0,0,0,"669351,759352","5375151,26307",11.292880413,48.506629322,1,1,#66c2a5,bicycle
108135,"9,21E+18",9,1,78,144,2021,11,14,3,3,8,1,0,0,0,0,0,0,1,"705171,554519","5380533,29903",11.779955812,48.544315568,2,6,#ffd92f,circle
108145,"9,21E+18",9,2,61,0,2021,12,11,7,2,4,1,0,0,1,0,0,0,0,"737522,898176","5381136,65656",12.217970466,48.538324597,2,2,#fc8d62,car
108153,"9,21E+18",9,1,84,123,2021,11,20,4,3,9,6,2,0,1,0,0,0,0,"705211,933143","5332866,26815",11.757294976,48.115959227,0,2,#fc8d62,car
108154,"9,21E+18",9,1,74,113,2021,11,5,3,3,2,6,2,0,1,0,0,1,0,"673655,977609","5345481,16805",11.338852435,48.238747995,1,2,#fc8d62,car
108155,"9,21E+18",9,1,87,179,2021,11,20,6,3,8,1,2,0,1,0,0,0,0,"723251,215111","5311107,00214",11.988020222,47.914387681,0,2,#fc8d62,car
108161,"9,21E+18",9,7,78,203,2021,11,17,4,3,0,1,2,1,0,0,0,0,0,"620846,174","5322396,03",10.621402692,48.043402924,0,1,#66c2a5,bicycle
108163,"9,21E+18",9,1,74,131,2021,11,17,5,3,8,1,2,0,1,0,0,0,0,"671322,676506","5363468,60254",11.314761258,48.401078185,0,2,#fc8d62,car
108165,"9,21E+18",9,1,73,126,2021,12,18,5,3,5,3,2,0,1,0,0,0,0,"684752,549001","5304881,693",11.470632623,47.870676824,1,2,#fc8d62,car
108166,"9,21E+18",9,7,62,0,2021,11,17,7,2,6,4,2,0,1,1,0,0,0,"622182,025494","5304717,45664",10.63429411,47.884155172,1,2,#fc8d62,car
108172,"9,21E+18",9,1,62,0,2021,11,18,6,3,5,3,2,1,1,0,0,0,0,"687311,67987","5331959,67402",11.5166352,48.113327456,1,1,#66c2a5,bicycle
108175,"9,21E+18",9,1,77,144,2021,11,19,2,3,9,1,2,0,1,0,0,0,0,"714006,750687","5348079,92246",11.882975427,48.249767557,2,2,#fc8d62,car
108176,"9,21E+18",9,1,62,0,2021,11,17,6,3,2,6,1,0,1,0,1,0,0,"699925,447414","5332927,65871",11.686374828,48.118192493,0,2,#fc8d62,car
108178,"9,21E+18",9,7,73,182,2021,11,17,3,3,2,6,2,0,1,0,0,0,0,"624665,25374","5379190,49915",10.689393619,48.553412177,0,2,#fc8d62,car
108180,"9,21E+18",9,1,82,127,2021,11,15,4,3,9,1,0,0,1,0,0,0,0,"698874,645751","5311205,54973",11.662193549,47.923296371,0,2,#fc8d62,car
108183,"9,21E+18",9,1,87,176,2021,12,7,6,3,2,6,1,0,1,0,0,1,0,"738574,528779","5329787,46518",12.203169641,48.076681498,2,2,#fc8d62,car
108192,"9,21E+18",9,7,72,157,2021,11,10,2,3,9,1,0,0,1,0,0,0,0,"626295,720238","5333018,96403",10.697629454,48.137881103,1,2,#fc8d62,car
108197,"9,21E+18",9,7,72,111,2021,11,7,3,3,9,7,1,0,1,0,0,0,0,"627398,605878","5364111,55607",10.721819873,48.417267746,1,2,#fc8d62,car
108199,"9,21E+18",9,1,88,139,2021,12,15,2,3,9,6,0,0,1,0,0,0,0,"680275,82181","5320793,64937",11.417486427,48.014986,1,2,#fc8d62,car
108204,"9,21E+18",9,2,61,0,2021,12,17,4,3,6,4,2,0,1,1,0,0,0,"733536,734523","5381289,02412",12.164137654,48.541189219,0,2,#fc8d62,car
108207,"9,21E+18",9,1,90,157,2021,11,16,6,3,1,6,2,0,1,0,0,0,0,"661061,063122","5301791,51612",11.152911786,47.849271643,1,2,#fc8d62,car
108208,"9,21E+18",9,1,87,117,2021,12,17,3,3,2,6,2,0,1,0,0,0,0,"723759,781002","5307271,39699",11.99282878,47.879747348,1,2,#fc8d62,car
108210,"9,21E+18",9,1,87,122,2021,12,7,5,3,5,3,0,0,1,0,0,0,1,"721644,339808","5307092,53817",11.964481952,47.878873879,2,2,#fc8d62,car
108215,"9,21E+18",9,1,77,121,2021,11,0,6,1,8,1,2,0,0,0,0,0,1,"731534,620023","5363147,55077",12.127018566,48.37896612,0,6,#ffd92f,circle
108223,"9,21E+18",9,1,84,121,2021,11,17,5,3,2,6,2,0,1,0,0,0,0,"705049,868885","5331357,6649",11.754394948,48.102454206,1,2,#fc8d62,car
108227,"9,21E+18",9,7,73,182,2021,12,17,4,3,2,6,2,0,1,0,0,0,0,"625198,563512","5379288,35861",10.69664687,48.554185915,2,2,#fc8d62,car
108229,"9,21E+18",9,1,84,114,2021,12,6,6,3,3,6,2,0,1,0,0,0,0,"699343,352316","5320085,85126",11.672577398,48.002962178,1,2,#fc8d62,car
108233,"9,21E+18",9,1,62,0,2021,11,17,3,3,6,2,2,0,1,1,0,0,0,"691742,009802","5331949,59665",11.576092916,48.11191853,1,2,#fc8d62,car
108234,"9,21E+18",9,1,62,0,2021,11,14,4,3,5,2,0,1,1,0,0,0,0,"684511,346001","5332093,092",11.479105698,48.115344143,0,1,#66c2a5,bicycle
108239,"9,21E+18",9,1,62,0,2021,11,14,6,3,2,1,0,0,0,0,1,1,0,"685975,711416","5340774,46413",11.502555583,48.192949543,0,4,#e78ac3,marker
108243,"9,21E+18",9,7,72,160,2021,11,7,4,3,5,3,1,0,1,0,0,0,0,"636596,169087","5341962,2609",10.838888522,48.216173777,1,2,#fc8d62,car
108245,"9,21E+18",9,2,61,0,2021,12,16,2,3,5,2,2,0,1,0,0,0,0,"733058,893874","5381064,41072",12.157548134,48.539349237,0,2,#fc8d62,car
108248,"9,21E+18",9,7,71,113,2021,11,18,3,3,5,3,2,1,0,0,0,0,1,"657471,941","5368838,254",11.129779632,48.452964727,1,1,#66c2a5,bicycle
108250,"9,21E+18",9,1,90,120,2021,11,8,6,2,8,1,0,0,1,0,0,0,0,"667255,079","5295277,076",11.233129355,47.789120825,1,2,#fc8d62,car
108252,"9,21E+18",9,7,77,121,2021,11,19,7,3,5,3,2,0,1,0,0,0,0,"628923,427882","5321860,0561",10.729564888,48.037002713,1,2,#fc8d62,car
108256,"9,21E+18",9,7,71,156,2021,12,8,7,3,4,6,0,0,1,0,0,0,0,"653484,043554","5382535,24819",11.080920441,48.577092123,1,2,#fc8d62,car
108258,"9,21E+18",9,1,84,123,2021,11,9,4,2,5,2,0,1,1,0,0,0,0,"702965,537132","5331904,86016",11.726689839,48.108039124,1,1,#66c2a5,bicycle
108262,"9,21E+18",9,1,87,122,2021,11,10,2,3,8,6,0,0,1,0,0,0,0,"715925,383552","5308696,0302",11.888894873,47.895231182,2,2,#fc8d62,car
108263,"9,21E+18",9,7,72,147,2021,11,17,6,3,2,6,2,0,1,0,0,0,0,"638938,452022","5364079,47102",10.877689251,48.414540378,0,2,#fc8d62,car
108265,"9,21E+18",9,1,62,0,2021,11,18,3,3,2,6,2,0,1,0,1,0,0,"686019,002887","5335249,16422",11.500720474,48.143273618,0,2,#fc8d62,car
108270,"9,21E+18",9,7,61,0,2021,12,6,5,3,2,6,2,0,1,0,0,0,0,"643464,600803","5361145,4881",10.937819587,48.38714557,1,2,#fc8d62,car
108280,"9,21E+18",9,1,81,120,2021,11,11,1,3,9,1,0,0,1,0,0,0,0,"648743,338313","5321584,72314",10.995206232,48.030217778,2,2,#fc8d62,car
108281,"9,21E+18",9,1,84,120,2021,11,23,7,3,4,7,2,0,1,0,0,0,0,"682171,365241","5333481,33823",11.448288773,48.12849645,1,2,#fc8d62,car
108284,"9,21E+18",9,1,74,146,2021,11,7,2,3,2,6,1,0,1,0,0,0,0,"666608,289274","5351037,52155",11.246197942,48.290589869,0,2,#fc8d62,car
108287,"9,21E+18",9,1,62,0,2021,12,17,1,3,5,3,2,1,1,0,0,0,0,"687698,448428","5327419,65113",11.519830654,48.072406395,1,1,#66c2a5,bicycle
108289,"9,21E+18",9,7,72,184,2021,11,11,2,3,2,6,0,0,1,0,0,0,0,"633080,63159","5358887,60965",10.79691987,48.36911883,1,2,#fc8d62,car
108290,"9,21E+18",9,1,62,0,2021,11,22,1,3,2,6,2,0,1,0,0,0,0,"693983,276648","5336874,83257",11.608415197,48.155506184,1,2,#fc8d62,car
108291,"9,21E+18",9,1,90,139,2021,11,15,1,3,8,1,0,0,0,0,1,0,0,"653271,791838","5297272,90181",11.047263493,47.810546416,0,4,#e78ac3,marker
108295,"9,21E+18",9,1,90,157,2021,11,17,6,3,2,6,2,0,1,0,0,0,0,"661019,856","5301733,671",11.152339842,47.848761878,1,2,#fc8d62,car
108296,"9,21E+18",9,1,87,177,2021,12,6,3,3,2,6,2,0,1,0,0,0,0,"735144,865479","5305012,84829",12.143646557,47.855389337,2,2,#fc8d62,car
108298,"9,21E+18",9,1,86,162,2021,12,8,5,3,4,1,0,0,1,0,0,0,0,"696517,081858","5384584,32971",11.664740758,48.583491022,2,2,#fc8d62,car
108299,"9,21E+18",9,7,72,202,2021,11,3,1,3,1,1,2,0,1,0,0,0,0,"636612,328652","5358320,34159",10.84439696,48.363263432,0,2,#fc8d62,car
108304,"9,21E+18",9,1,78,150,2021,12,12,1,3,2,6,0,0,1,0,0,0,0,"691277,201915","5371374,1804",11.587706319,48.466391052,0,2,#fc8d62,car
108308,"9,21E+18",9,1,74,111,2021,12,6,4,3,6,4,2,0,1,1,0,0,0,"666851,781674","5361680,75974",11.253693486,48.386205245,1,2,#fc8d62,car
108316,"9,21E+18",9,1,75,121,2021,12,7,5,3,6,4,1,0,1,1,0,0,0,"713699,449878","5318990,18691",11.864262061,47.988479945,2,2,#fc8d62,car
108319,"9,21E+18",9,1,82,133,2021,11,21,2,3,4,6,2,0,1,0,0,0,0,"708256,893176","5305897,47534",11.785075343,47.872615611,1,2,#fc8d62,car
108324,"9,21E+18",9,7,78,203,2021,11,21,4,3,8,1,2,0,1,0,0,0,0,"621244,715502","5323357,1534",10.627020021,48.051971195,0,2,#fc8d62,car
108328,"9,21E+18",9,1,78,143,2021,11,15,2,3,2,6,0,0,1,0,0,0,0,"719083,446361","5373032,89903",11.964262854,48.472226456,0,2,#fc8d62,car
108341,"9,21E+18",9,7,72,111,2021,12,14,6,3,2,6,0,0,1,0,0,0,0,"627324,337588","5364093,27281",10.720811042,48.417118347,0,2,#fc8d62,car
108342,"9,21E+18",9,7,71,142,2021,11,13,3,3,4,1,0,0,1,0,0,0,0,"645054,760672","5355039,44896",10.957180376,48.331880285,2,2,#fc8d62,car
108346,"9,21E+18",9,1,62,0,2021,11,17,3,3,2,6,2,0,1,0,0,0,0,"680578,081306","5338903,57912",11.42919667,48.177690195,1,2,#fc8d62,car
108347,"9,21E+18",9,7,61,0,2021,11,15,7,3,5,3,0,0,1,0,0,0,1,"641598,935","5359669,927",10.912137023,48.374299546,0,2,#fc8d62,car
108351,"9,21E+18",9,1,79,142,2021,11,17,4,3,2,6,2,0,1,0,0,0,0,"671073,834","5340887,46",11.302251456,48.198154481,0,2,#fc8d62,car
108353,"9,21E+18",9,1,87,116,2021,12,12,2,3,3,6,0,0,1,0,0,0,0,"740287,544703","5328867,22543",12.225614235,48.067772126,0,2,#fc8d62,car
108355,"9,21E+18",9,1,78,113,2021,11,12,3,3,3,6,0,0,1,0,0,1,0,"691536,237818","5367204,77098",11.589300089,48.428840591,2,2,#fc8d62,car
108359,"9,21E+18",9,1,87,122,2021,12,18,4,3,5,3,2,1,1,0,0,0,0,"718088,312772","5308185,04683",11.917536234,47.889908338,1,1,#66c2a5,bicycle