OBJECTID,UIDENTSTLA,ULAND,UREGBEZ,UKREIS,UGEMEINDE,UJAHR,UMONAT,USTUNDE,UWOCHENTAG,UKATEGORIE,UART,UTYP1,ULICHTVERH,IstRad,IstPKW,IstFuss,IstKrad,IstGkfz,IstSonstig,LINREFX,LINREFY,XGCSWGS84,YGCSWGS84,STRZUSTAN,Teilnehmer,color,symbol
108361,"9,21E+18",9,1,87,167,2021,11,6,6,3,4,6,2,0,1,0,1,0,0,"739983,407003","5303394,52799",12.207331808,47.839063169,1,2,#fc8d62,car
108366,"9,21E+18",9,7,71,130,2021,11,13,3,3,2,1,0,0,1,0,0,0,0,"645186,963123","5359552,80169",10.960519794,48.372431126,2,2,#fc8d62,car
108374,"9,21E+18",9,1,90,111,2021,11,11,2,2,9,1,0,0,1,0,0,0,0,"639142,258357","5297101,47543",10.858587003,47.812214946,1,2,#fc8d62,car
108376,"9,21E+18",9,1,77,114,2021,11,14,6,3,3,6,0,0,1,0,0,1,0,"721662,124985","5346652,86793",11.98521453,48.234315597,0,2,#fc8d62,car
108387,"9,21E+18",9,1,87,126,2021,12,11,5,1,5,3,0,0,1,0,0,0,0,"741089,390145","5323714,31234",12.233459087,48.021182245,1,2,#fc8d62,car
108391,"9,21E+18",9,7,72,168,2021,11,13,2,3,4,1,0,0,1,0,0,0,1,"618884,154","5346520,402",10.601828737,48.260732492,1,2,#fc8d62,car
108392,"9,21E+18",9,1,90,159,2021,11,17,5,3,1,6,2,0,1,0,0,0,0,"663257,399042","5306216,52223",11.183920004,47.888502108,0,2,#fc8d62,car
108393,"9,21E+18",9,7,78,137,2021,12,17,7,3,4,1,2,0,1,0,0,0,1,"623749,54248","5332546,64162",10.663282368,48.134133757,1,2,#fc8d62,car
108396,"9,21E+18",9,1,62,0,2021,12,18,3,3,2,6,2,0,1,0,0,0,0,"688539,446001","5335103,753",11.534505159,48.141224729,0,2,#fc8d62,car
108397,"9,21E+18",9,1,79,126,2021,11,18,4,3,2,6,2,0,1,0,0,0,0,"677505,358001","5339447,822",11.388126296,48.183448216,0,2,#fc8d62,car
108399,"9,21E+18",9,1,74,131,2021,11,12,7,3,4,1,0,0,1,0,0,0,0,"674230,566513","5362012,75111",11.353411976,48.387194738,1,2,#fc8d62,car
108400,"9,21E+18",9,1,79,142,2021,11,14,5,3,1,6,0,0,1,0,0,0,0,"673420,207208","5343981,23687",11.335065874,48.225329131,0,2,#fc8d62,car
108403,"9,21E+18",9,1,63,0,2021,11,6,6,3,5,3,1,1,1,0,0,0,0,"732714,709407","5302187,36977",12.109688624,47.830889266,1,1,#66c2a5,bicycle
108404,"9,21E+18",9,7,72,202,2021,12,10,4,3,5,3,0,1,1,0,0,0,0,"636378,747486","5357775,55233",10.84106849,48.35841521,1,1,#66c2a5,bicycle
108406,"9,21E+18",9,1,78,144,2021,12,6,6,3,8,1,2,0,1,0,0,0,0,"707047,554454","5379667,31734",11.804912645,48.53591798,1,2,#fc8d62,car
108411,"9,21E+18",9,1,74,113,2021,12,17,4,3,4,3,1,0,1,0,0,0,0,"677712,015453","5351092,34148",11.395788713,48.28806254,1,2,#fc8d62,car
108415,"9,21E+18",9,1,75,131,2021,11,10,2,3,9,1,0,0,1,0,0,0,0,"710630,057534","5321985,11648",11.824644487,48.0164111,1,2,#fc8d62,car
108416,"9,21E+18",9,1,77,133,2021,12,16,6,1,4,6,1,0,1,0,0,1,0,"713497,772001","5356551,51655",11.880408669,48.326059585,1,2,#fc8d62,car
108418,"9,21E+18",9,1,79,147,2021,11,16,3,3,4,6,2,0,1,0,0,0,0,"664464,214072","5334805,98712",11.211018963,48.145227233,1,2,#fc8d62,car
108422,"9,21E+18",9,1,73,112,2021,12,8,2,3,6,4,0,0,1,1,0,0,0,"691820,026006","5293706,51759",11.560101343,47.768157458,1,2,#fc8d62,car
108435,"9,21E+18",9,1,74,141,2021,12,5,7,3,8,1,2,0,1,0,0,0,0,"677810,416083","5353381,49758",11.398078139,48.308611746,2,2,#fc8d62,car
108438,"9,21E+18",9,2,61,0,2021,11,12,6,2,2,6,0,0,1,0,1,0,0,"733222,676832","5381052,32518",12.159756835,48.539179833,0,2,#fc8d62,car
108441,"9,21E+18",9,1,77,117,2021,11,11,3,3,9,1,0,0,1,0,0,0,0,"716806,672434","5350564,24603",11.921916682,48.271137983,2,2,#fc8d62,car
108442,"9,21E+18",9,1,86,152,2021,11,16,4,3,5,3,1,0,1,0,0,0,0,"696065,071739","5377776,13696",11.655412673,48.522449901,1,2,#fc8d62,car
108444,"9,21E+18",9,1,75,132,2021,11,10,5,3,8,6,0,0,1,0,0,0,1,"706043,668635","5335885,47131",11.769916708,48.142822642,0,2,#fc8d62,car
108448,"9,21E+18",9,7,72,147,2021,11,10,2,3,1,6,0,1,1,0,0,0,0,"639012,027537","5365241,97009",10.879068375,48.424976975,0,1,#66c2a5,bicycle
108450,"9,21E+18",9,1,75,128,2021,12,8,5,3,4,1,0,0,1,0,0,0,0,"711481,707641","5327894,76408",11.838969875,48.069234383,2,2,#fc8d62,car
108457,"9,21E+18",9,1,73,112,2021,11,18,7,3,1,6,2,0,1,0,0,0,0,"692965,628358","5292830,64172",11.574986248,47.759942762,1,2,#fc8d62,car
108458,"9,21E+18",9,7,62,0,2021,12,13,3,3,5,3,0,1,1,0,0,0,0,"621607,968556","5308869,50896",10.627789391,47.921606527,1,1,#66c2a5,bicycle
108460,"9,21E+18",9,1,73,118,2021,11,9,2,3,9,1,0,0,1,0,0,0,0,"689626,970027","5300062,06944",11.533639303,47.825934543,2,2,#fc8d62,car
108461,"9,21E+18",9,2,61,0,2021,11,14,7,3,5,3,0,1,1,0,0,0,0,"732760,548912","5381566,97457",12.153793177,48.543974336,0,1,#66c2a5,bicycle
108475,"9,21E+18",9,1,62,0,2021,11,9,2,3,0,7,0,1,0,0,0,0,0,"686112,821155","5328990,06605",11.499248894,48.086986731,1,1,#66c2a5,bicycle
108476,"9,21E+18",9,7,61,0,2021,11,14,5,3,5,2,0,1,1,0,0,0,0,"639374,036438","5360885,88897",10.88251246,48.385728476,0,1,#66c2a5,bicycle
108479,"9,21E+18",9,1,73,118,2021,11,18,7,3,4,6,2,0,1,0,0,0,0,"689116,180001","5303413,129",11.528285493,47.856206482,1,2,#fc8d62,car
108480,"9,21E+18",9,1,78,137,2021,12,9,4,3,8,1,0,0,1,0,0,0,0,"693977,121713","5362248,57348",11.619971311,48.383551726,2,2,#fc8d62,car
108486,"9,21E+18",9,1,73,126,2021,11,6,5,3,2,6,1,0,1,0,0,0,0,"684432,844875","5305148,14449",11.46647515,47.87316385,1,2,#fc8d62,car
108489,"9,21E+18",9,1,81,146,2021,12,17,6,2,4,2,2,0,1,0,0,0,0,"651817,444","5326548,606",11.038176022,48.074126756,1,2,#fc8d62,car
108492,"9,21E+18",9,7,72,171,2021,11,5,5,3,0,6,1,0,1,0,0,0,0,"636761,837","5373100,54",10.851237004,48.496131975,0,2,#fc8d62,car
108496,"9,21E+18",9,7,71,130,2021,11,17,6,3,5,3,1,0,1,0,0,0,0,"644695,930849","5363211,84333",10.955153535,48.40544357,1,2,#fc8d62,car
108508,"9,21E+18",9,1,73,130,2021,11,17,1,3,1,6,2,0,1,0,0,0,0,"679436,658343","5311912,50817",11.402535013,47.93538698,0,2,#fc8d62,car
108510,"9,21E+18",9,2,61,0,2021,12,14,4,2,5,3,0,0,1,0,0,0,0,"730194,642433","5380891,23598",12.118707051,48.538850763,1,2,#fc8d62,car
108512,"9,21E+18",9,7,71,130,2021,11,17,3,3,8,1,2,0,1,0,0,0,0,"648634,338758","5362709,09617",11.008158335,48.400007026,1,2,#fc8d62,car
108513,"9,21E+18",9,1,78,120,2021,11,14,6,3,2,1,0,0,1,0,0,0,0,"694391,787858","5353212,7734",11.621395778,48.302217502,1,2,#fc8d62,car
108522,"9,21E+18",9,7,71,122,2021,12,20,1,3,9,7,2,0,1,0,0,0,0,"654812,597757","5360382,08221",11.090716914,48.377599094,1,2,#fc8d62,car
108524,"9,21E+18",9,1,62,0,2021,11,15,2,3,5,2,0,0,1,0,0,0,0,"691096,807001","5330706,24",11.566876644,48.100937175,0,2,#fc8d62,car
108528,"9,21E+18",9,7,72,125,2021,11,11,3,3,4,6,0,0,1,0,0,0,0,"637186,086","5350616,776",10.849631557,48.293868771,2,2,#fc8d62,car
108531,"9,21E+18",9,7,78,173,2021,12,15,4,3,8,1,1,0,1,0,0,0,0,"614355,195275","5320311,77511",10.533789425,48.025853203,2,2,#fc8d62,car
108533,"9,21E+18",9,1,78,123,2021,11,17,5,2,1,6,2,0,1,0,0,0,0,"692369,238644","5359375,38498",11.596963339,48.358221684,0,2,#fc8d62,car
108535,"9,21E+18",9,7,61,0,2021,11,18,2,3,2,6,2,0,1,0,0,0,0,"642835,098035","5360175,71574",10.9289921,48.378568748,0,2,#fc8d62,car
108537,"9,21E+18",9,1,62,0,2021,12,18,7,3,3,6,2,0,1,0,0,0,1,"686276,269372","5331795,52501",11.502666001,48.112155696,1,2,#fc8d62,car
108542,"9,21E+18",9,1,82,133,2021,11,10,2,3,4,1,0,0,1,0,0,0,0,"704575,104493","5310220,97337",11.73794539,47.912654477,2,2,#fc8d62,car
108543,"9,21E+18",9,1,62,0,2021,11,5,6,3,0,6,1,0,1,0,0,0,0,"694555,261945","5333961,73654",11.614767229,48.129149779,0,2,#fc8d62,car
108544,"9,21E+18",9,1,84,114,2021,12,11,5,3,8,1,0,0,1,0,0,0,0,"702129,353359","5319313,00169",11.709522104,47.995141812,1,2,#fc8d62,car
108545,"9,21E+18",9,7,62,0,2021,11,14,3,3,8,1,0,1,0,0,0,0,0,"621438,295466","5304385,79274",10.624256928,47.881313405,0,1,#66c2a5,bicycle
108547,"9,21E+18",9,1,87,165,2021,11,8,4,2,2,6,0,0,0,0,0,1,0,"728889,83768","5300316,38183",12.057665763,47.815451472,1,5,#a6d854,bus
108548,"9,21E+18",9,1,87,145,2021,11,14,7,3,5,3,0,0,1,0,0,0,0,"748215,145003","5316443,67499",12.324662885,47.953149376,0,2,#fc8d62,car
108558,"9,21E+18",9,2,61,0,2021,11,17,3,2,4,2,1,0,1,1,0,0,0,"731821,48645","5381190,36872",12.140879767,48.540939,0,2,#fc8d62,car
108563,"9,21E+18",9,1,84,122,2021,11,15,5,2,6,2,0,0,1,1,0,0,0,"688012,298521","5323772,68108",11.522437168,48.039533659,0,2,#fc8d62,car
108564,"9,21E+18",9,7,73,179,2021,12,10,1,3,5,3,0,0,1,0,0,0,0,"617365,183351","5376918,79192",10.589867965,48.534391861,1,2,#fc8d62,car
108570,"9,21E+18",9,7,72,134,2021,11,16,3,3,8,1,1,0,1,0,0,0,0,"631402,065852","5383895,53077",10.782129049,48.594344058,2,2,#fc8d62,car
108571,"9,21E+18",9,7,71,130,2021,11,16,5,3,7,1,1,0,1,0,0,0,0,"647725,381934","5356762,4371",10.993796048,48.346753409,1,2,#fc8d62,car
108573,"9,21E+18",9,1,74,135,2021,11,18,5,3,2,6,2,0,1,0,0,0,0,"662454,668439","5353945,57306",11.191361637,48.317813392,0,2,#fc8d62,car
108582,"9,21E+18",9,1,84,112,2021,11,17,3,3,2,6,2,0,1,0,0,0,0,"701685,783969","5340688,01184",11.713678371,48.187378603,0,2,#fc8d62,car
108583,"9,21E+18",9,7,71,142,2021,11,15,7,3,2,2,0,0,1,0,0,0,0,"645255,516674","5353868,78867",10.959484062,48.321308294,0,2,#fc8d62,car
108587,"9,21E+18",9,1,62,0,2021,11,7,3,3,5,3,1,1,1,0,0,0,0,"686408,870879","5329059,91188",11.503251004,48.087528035,0,1,#66c2a5,bicycle
108592,"9,21E+18",9,7,73,182,2021,11,18,1,3,1,3,2,0,1,0,1,0,0,"624499,112375","5379991,15897",10.687382675,48.560645043,1,2,#fc8d62,car
108595,"9,21E+18",9,1,90,159,2021,12,12,7,3,5,3,0,0,1,0,0,0,0,"663281,43884","5305793,436",11.184081346,47.8846921,1,2,#fc8d62,car
108596,"9,21E+18",9,7,72,216,2021,11,17,3,3,4,1,2,0,1,0,0,0,0,"621878,382829","5368374,82848",10.648485911,48.45669841,2,2,#fc8d62,car
108597,"9,21E+18",9,1,81,128,2021,11,13,6,3,5,2,0,1,1,0,0,0,0,"638559,692148","5327026,13752",10.860445126,48.081439556,0,1,#66c2a5,bicycle
108599,"9,21E+18",9,1,62,0,2021,11,9,6,2,0,1,0,1,0,0,0,0,0,"701175,722775","5332373,64707",11.702893965,48.112819852,1,1,#66c2a5,bicycle
108605,"9,21E+18",9,1,62,0,2021,11,6,3,3,2,6,1,0,1,0,0,1,1,"694380,897329","5341178,63589",11.615724093,48.194065351,0,2,#fc8d62,car
108606,"9,21E+18",9,1,82,120,2021,11,14,6,3,2,6,0,0,1,0,0,0,0,"703091,967358","5309587,39609",11.717820543,47.907431738,0,2,#fc8d62,car
108607,"9,21E+18",9,1,62,0,2021,12,19,2,3,2,6,2,0,1,0,0,1,0,"678443,801208","5334183,30479",11.398532247,48.135862389,1,2,#fc8d62,car
108611,"9,21E+18",9,2,74,124,2021,11,18,4,2,4,7,2,0,1,0,0,0,1,"724769,765011","5376007,56723",12.042688504,48.496943983,1,2,#fc8d62,car
108613,"9,21E+18",9,1,62,0,2021,11,19,4,3,5,3,2,0,1,0,0,0,0,"694645,608971","5332073,20523",11.615117949,48.112148772,0,2,#fc8d62,car
108614,"9,21E+18",9,7,71,155,2021,11,12,3,3,8,1,0,0,1,0,0,0,0,"648907,030158","5375094,39567",11.016246434,48.511297744,2,2,#fc8d62,car
108617,"9,21E+18",9,7,77,112,2021,12,12,4,3,4,7,0,0,1,0,0,0,0,"625406,983265","5299203,07044",10.675812535,47.833939297,2,2,#fc8d62,car
108619,"9,21E+18",9,1,79,136,2021,11,19,5,3,0,7,1,0,0,0,0,0,1,"660224,017","5341399,354",11.156542665,48.20558728,0,6,#ffd92f,circle
108621,"9,21E+18",9,7,61,0,2021,11,19,2,3,6,3,2,1,0,1,0,0,0,"642847,245898","5360060,30834",10.92911684,48.377528313,1,1,#66c2a5,bicycle
108625,"9,21E+18",9,1,90,115,2021,11,18,7,3,5,3,2,1,1,0,0,0,0,"670495,070381","5304782,41464",11.280095725,47.87372749,1,1,#66c2a5,bicycle
108626,"9,21E+18",9,7,71,113,2021,12,14,3,3,8,7,0,0,1,0,0,0,0,"659476,959662","5365141,19404",11.155470208,48.419222812,0,2,#fc8d62,car
108628,"9,21E+18",9,7,78,209,2021,11,15,1,2,8,1,0,0,1,0,0,0,0,"616999,214014","5325530,92214",10.570665676,48.072313947,1,2,#fc8d62,car
108630,"9,21E+18",9,1,78,143,2021,12,18,6,3,2,6,2,0,1,0,0,0,0,"716396,025971","5373914,11823",11.928407043,48.481074207,2,2,#fc8d62,car
108631,"9,21E+18",9,1,75,132,2021,11,17,4,3,2,6,2,0,1,0,0,0,1,"705107,801515","5335816,16279",11.757317285,48.142502174,0,2,#fc8d62,car
108639,"9,21E+18",9,1,74,111,2021,11,17,6,3,4,6,2,0,1,0,0,0,0,"667614,055384","5358687,89475",11.262788285,48.359098583,1,2,#fc8d62,car
108647,"9,21E+18",9,1,63,0,2021,11,14,7,3,2,6,0,0,1,0,0,1,0,"734652,259135","5303737,84487",12.136379736,47.84411483,1,2,#fc8d62,car
108651,"9,21E+18",9,1,87,150,2021,11,17,4,3,5,3,2,0,1,0,1,0,0,"729333,210288","5303365,51694",12.065194069,47.842688824,0,2,#fc8d62,car
108654,"9,21E+18",9,1,79,142,2021,12,8,5,3,2,6,0,0,1,0,0,0,0,"672049,045289","5343156,55288",11.316284539,48.21828901,1,2,#fc8d62,car
108660,"9,21E+18",9,1,79,126,2021,11,10,6,3,5,3,0,0,1,0,0,0,0,"676425,160406","5340350,5734",11.373981446,48.191864083,1,2,#fc8d62,car
108661,"9,21E+18",9,1,79,123,2021,11,20,5,3,8,1,2,0,1,0,0,0,0,"677904,533673","5334238,46887",11.391313341,48.136509253,0,2,#fc8d62,car
108667,"9,21E+18",9,1,87,182,2021,11,15,5,3,5,3,0,0,1,0,1,0,0,"740085,845002","5326743,43299",12.221719335,48.048770345,0,2,#fc8d62,car
108670,"9,21E+18",9,1,84,148,2021,12,13,7,3,5,3,0,0,1,0,0,0,0,"693542,17985","5328510,7087",11.598693836,48.080466146,1,2,#fc8d62,car
108677,"9,21E+18",9,1,82,116,2021,11,17,5,3,2,6,2,0,1,0,0,0,0,"704025,35567","5295250,91842",11.723539043,47.778290303,0,2,#fc8d62,car
108687,"9,21E+18",9,1,62,0,2021,11,18,6,3,2,6,1,0,1,0,0,0,0,"685193,122487","5333044,85683",11.488670557,48.12370119,0,2,#fc8d62,car
108689,"9,21E+18",9,1,77,133,2021,12,16,4,3,5,3,2,0,1,0,0,0,0,"710394,292004","5361982,63389",11.841305843,48.375901693,1,2,#fc8d62,car
108696,"9,21E+18",9,7,61,0,2021,11,20,2,2,0,7,2,0,0,1,0,0,1,"644114,47741","5357593,50788",10.94537506,48.355060117,1,3,#8da0cb,toilet
108709,"9,21E+18",9,7,71,113,2021,12,19,4,3,9,1,2,0,1,0,0,0,0,"659026,347915","5365615,99991",11.149564317,48.423605298,2,2,#fc8d62,car
108710,"9,21E+18",9,1,62,0,2021,11,16,7,3,2,6,1,0,1,0,0,0,0,"695018,22","5333169,42107",11.620619992,48.121887124,1,2,#fc8d62,car
108711,"9,21E+18",9,1,79,134,2021,12,6,6,3,2,6,0,0,1,0,0,0,1,"668946,123858","5342691,41014",11.2743593,48.21494126,2,2,#fc8d62,car
108716,"9,21E+18",9,1,90,139,2021,12,6,4,3,3,3,2,0,1,0,0,0,0,"653873,940734","5294099,1827",11.054175545,47.781865552,1,2,#fc8d62,car
108717,"9,21E+18",9,1,84,129,2021,11,19,6,2,1,3,2,0,1,0,0,0,0,"702188,749742","5324123,20256",11.712585663,48.03835267,1,2,#fc8d62,car
108720,"9,21E+18",9,1,86,146,2021,11,14,2,3,2,6,0,0,1,0,0,0,0,"685396,934557","5371333,05165",11.508217115,48.467781887,1,2,#fc8d62,car
108721,"9,21E+18",9,1,62,0,2021,12,12,6,3,2,7,0,0,1,0,0,0,0,"680187,592002","5338471,77855",11.423765508,48.173919652,1,2,#fc8d62,car
108722,"9,21E+18",9,1,62,0,2021,11,14,3,3,3,5,0,1,1,0,0,0,0,"685581,092223","5335304,0676",11.494863209,48.143894999,0,1,#66c2a5,bicycle
108728,"9,21E+18",9,1,74,146,2021,11,10,3,3,0,1,0,0,1,0,0,0,0,"665210,895428","5352404,84022",11.227908275,48.303248249,2,2,#fc8d62,car
108734,"9,21E+18",9,7,73,122,2021,11,18,4,3,9,6,2,0,1,0,0,0,0,"626368,29925","5381884,98659",10.713280104,48.577300864,0,2,#fc8d62,car
108737,"9,21E+18",9,1,88,139,2021,11,1,1,3,8,7,2,0,1,0,0,0,0,"675943,064254","5321744,95494",11.359826576,48.024745368,1,2,#fc8d62,car
108743,"9,21E+18",9,1,62,0,2021,11,16,5,2,4,2,1,0,1,0,1,0,0,"696796,632001","5333691,081",11.64473253,48.126028304,0,2,#fc8d62,car
108745,"9,21E+18",9,1,81,130,2021,12,11,5,3,1,5,0,1,1,0,0,0,0,"639437,955","5323021,562",10.870925247,48.045237795,0,1,#66c2a5,bicycle
108746,"9,21E+18",9,1,78,155,2021,11,14,3,3,3,3,0,0,1,0,0,0,0,"716098,769256","5374988,839",11.924945518,48.490832464,1,2,#fc8d62,car
108759,"9,21E+18",9,1,84,136,2021,11,14,2,2,6,4,0,0,1,1,0,0,0,"699460,087491","5327452,45724",11.677571207,48.069131723,1,2,#fc8d62,car
108761,"9,21E+18",9,7,61,0,2021,12,13,7,3,2,6,0,0,1,0,0,0,0,"641648,994962","5359683,04768",10.912817056,48.374406286,1,2,#fc8d62,car
108762,"9,21E+18",9,1,74,121,2021,12,16,5,3,5,2,1,1,1,0,0,0,0,"688974,357735","5354131,29267",11.548828589,48.312114244,1,1,#66c2a5,bicycle
108765,"9,21E+18",9,1,62,0,2021,11,7,3,3,3,6,0,0,0,0,1,1,0,"688879,928889","5340142,00563",11.541314922,48.18640795,1,4,#e78ac3,marker
108767,"9,21E+18",9,7,72,149,2021,11,16,6,3,9,7,0,0,1,0,0,0,0,"637590,356721","5339726,63609",10.851540305,48.195855885,0,2,#fc8d62,car
108771,"9,21E+18",9,1,87,150,2021,11,7,6,3,5,3,1,1,1,0,0,0,0,"728677,048002","5304345,67999",12.056954851,47.851728894,1,1,#66c2a5,bicycle
108781,"9,21E+18",9,1,73,120,2021,11,13,6,3,8,1,0,0,1,0,0,0,0,"684206,279472","5310500,46929",11.465732822,47.921341002,1,2,#fc8d62,car
108784,"9,21E+18",9,2,74,184,2021,11,2,1,3,8,1,2,0,1,0,0,0,0,"744671,075595","5369318,00979",12.307731221,48.429430942,0,2,#fc8d62,car
108787,"9,21E+18",9,1,79,128,2021,11,11,3,3,2,6,0,0,1,0,0,0,0,"658107,861015","5343142,04247",11.12873033,48.221785762,2,2,#fc8d62,car
108791,"9,21E+18",9,1,73,112,2021,12,8,2,3,5,3,0,0,1,0,0,0,0,"690497,285001","5292945,383",11.542131978,47.76170812,1,2,#fc8d62,car
108793,"9,21E+18",9,1,87,177,2021,11,11,3,3,3,3,0,1,0,0,0,1,0,"735724,390968","5305431,10253",12.151610049,47.858934568,0,1,#66c2a5,bicycle
108796,"9,21E+18",9,1,79,123,2021,12,13,4,3,4,2,0,0,1,0,0,0,0,"677443,775824","5331963,06779",11.384178241,48.116183895,1,2,#fc8d62,car
108801,"9,21E+18",9,7,77,151,2021,11,10,6,3,5,3,0,0,1,0,0,0,0,"620324,65517","5292479,08401",10.606059917,47.774435224,0,2,#fc8d62,car
108803,"9,21E+18",9,7,71,112,2021,11,16,1,2,8,1,0,0,1,0,0,0,0,"644475,464184","5366412,48564",10.953278982,48.43427206,1,2,#fc8d62,car
108805,"9,21E+18",9,1,74,113,2021,11,18,4,3,5,2,2,0,1,0,0,0,0,"677716,813001","5351087,087",11.395851121,48.288013961,1,2,#fc8d62,car
108806,"9,21E+18",9,1,75,131,2021,11,16,3,3,2,6,0,0,1,0,0,0,0,"709766,344844","5322533,21511",11.813344373,48.021620557,0,2,#fc8d62,car
108807,"9,21E+18",9,1,82,120,2021,11,12,6,3,5,3,0,0,1,0,0,0,0,"701199,746639","5304854,55634",11.690322238,47.865491951,0,2,#fc8d62,car
108808,"9,21E+18",9,1,88,120,2021,12,8,6,3,2,6,0,0,1,0,0,0,0,"671978,09967","5323946,28797",11.307575811,48.045614693,1,2,#fc8d62,car
108809,"9,21E+18",9,7,61,0,2021,11,6,3,3,2,6,0,0,1,0,0,0,0,"637885,622988","5361677,2616",10.862679469,48.393171471,0,2,#fc8d62,car
108810,"9,21E+18",9,1,79,145,2021,11,10,3,3,4,1,0,0,1,0,0,0,0,"673319,89211","5335634,06968",11.330310287,48.150320264,2,2,#fc8d62,car
108820,"9,21E+18",9,1,85,166,2021,12,14,7,3,2,6,0,0,1,0,0,0,0,"675542,245564","5383569,71687",11.380167926,48.580599854,1,2,#fc8d62,car
108823,"9,21E+18",9,1,75,139,2021,12,5,3,3,5,1,2,0,1,0,0,0,0,"710628,786741","5332301,06156",11.829707639,48.109111872,2,2,#fc8d62,car
108830,"9,21E+18",9,1,62,0,2021,11,19,5,3,5,3,2,1,1,0,0,0,0,"695441,345001","5329904,127",11.624803931,48.092410354,1,1,#66c2a5,bicycle
108833,"9,21E+18",9,1,77,112,2021,11,9,3,3,8,1,0,0,1,0,0,0,0,"716986,81714","5361406,22834",11.929919114,48.368490761,1,2,#fc8d62,car
108839,"9,21E+18",9,1,82,137,2021,11,22,6,2,8,1,2,0,1,0,0,0,0,"710971,130216","5308090,07434",11.822399265,47.891433516,1,2,#fc8d62,car
108840,"9,21E+18",9,1,81,146,2021,11,5,7,3,3,6,2,0,1,0,0,0,0,"648254,602502","5325217,4559",10.989912871,48.062995802,0,2,#fc8d62,car
108842,"9,21E+18",9,1,84,123,2021,11,17,1,3,2,6,2,0,1,0,0,0,0,"705258,848077","5333151,89664",11.758062067,48.118510928,0,2,#fc8d62,car
108843,"9,21E+18",9,1,62,0,2021,11,9,4,3,9,1,2,0,1,0,0,0,0,"694503,442701","5334973,54508",11.614533477,48.138259346,0,2,#fc8d62,car
108847,"9,21E+18",9,1,62,0,2021,12,5,7,3,5,3,2,0,1,0,0,0,1,"686226,50838","5335215,81841",11.503492701,48.142913189,2,2,#fc8d62,car
108853,"9,21E+18",9,1,82,133,2021,11,22,7,3,8,1,2,0,1,0,0,0,0,"703717,953794","5307970,37234",11.725424412,47.892700819,1,2,#fc8d62,car
108854,"9,21E+18",9,1,62,0,2021,11,7,3,3,2,6,0,0,1,0,0,0,0,"685710,072036","5328688,44753",11.493714687,48.084393085,0,2,#fc8d62,car
108856,"9,21E+18",9,1,85,158,2021,11,7,5,3,2,6,1,0,1,0,0,1,0,"665897,106447","5382805,68425",11.249193233,48.57635989,0,2,#fc8d62,car
108858,"9,21E+18",9,7,72,147,2021,11,17,7,3,2,7,0,0,1,0,0,0,1,"638608,639594","5363689,11904",10.873105501,48.411103073,1,2,#fc8d62,car
108860,"9,21E+18",9,2,61,0,2021,11,14,2,3,5,3,0,1,1,0,0,0,0,"732360,666002","5382045,87299",12.148650597,48.548424359,1,1,#66c2a5,bicycle
108866,"9,21E+18",9,7,61,0,2021,11,15,6,3,2,6,0,0,1,0,0,0,0,"644241,49326","5357602,3723",10.947091633,48.35511082,1,2,#fc8d62,car
108868,"9,21E+18",9,1,87,165,2021,11,17,3,3,3,6,2,0,1,0,1,0,0,"733595,364434","5299778,01172",12.120139986,47.808924146,0,2,#fc8d62,car
108873,"9,21E+18",9,1,78,143,2021,11,10,4,3,3,6,0,0,1,0,0,1,0,"719642,061321","5371207,74434",11.970852519,48.455633825,0,2,#fc8d62,car
108877,"9,21E+18",9,1,88,132,2021,11,12,3,3,8,1,0,0,1,0,0,0,0,"668303,523616","5319726,4182",11.256653467,48.008656815,2,2,#fc8d62,car
108878,"9,21E+18",9,1,81,128,2021,11,17,2,2,5,3,2,1,1,0,0,0,0,"638324,791857","5327614,14625",10.85748326,48.08677813,1,1,#66c2a5,bicycle
108882,"9,21E+18",9,7,71,130,2021,11,13,3,3,8,1,0,0,1,0,0,0,0,"645187,519632","5359556,4605",10.960528568,48.372463896,2,2,#fc8d62,car
108885,"9,21E+18",9,1,84,112,2021,11,16,7,3,2,6,2,0,1,0,0,0,0,"702964,307906","5339588,07779",11.730335296,48.177086669,1,2,#fc8d62,car
108890,"9,21E+18",9,1,87,124,2021,11,16,3,3,5,3,1,0,1,0,0,0,0,"733003,218167","5329596,38453",12.128380421,48.077024608,1,2,#fc8d62,car
108892,"9,21E+18",9,1,87,130,2021,12,9,2,2,8,7,0,0,1,0,0,0,0,"714964,791373","5306913,14683",11.875172203,47.879532615,1,2,#fc8d62,car
108894,"9,21E+18",9,7,73,143,2021,11,6,2,3,8,1,2,0,1,0,0,0,0,"625003,526163","5375824,0451",10.692965605,48.523072312,1,2,#fc8d62,car
108897,"9,21E+18",9,1,87,181,2021,11,7,5,3,2,6,0,0,1,0,0,0,0,"737527,124727","5314687,64755",12.180769056,47.941426881,1,2,#fc8d62,car