OBJECTID,UIDENTSTLA,ULAND,UREGBEZ,UKREIS,UGEMEINDE,UJAHR,UMONAT,USTUNDE,UWOCHENTAG,UKATEGORIE,UART,UTYP1,ULICHTVERH,IstRad,IstPKW,IstFuss,IstKrad,IstGkfz,IstSonstig,LINREFX,LINREFY,XGCSWGS84,YGCSWGS84,STRZUSTAN,Teilnehmer,color,symbol
108899,"9,21E+18",9,1,63,0,2021,11,21,5,3,6,2,2,0,1,1,0,0,0,"733669,37087","5305033,42286",12.123962227,47.856112293,0,2,#fc8d62,car
108924,"9,21E+18",9,1,78,115,2021,12,9,5,3,5,3,0,0,1,0,0,0,0,"703893,635001","5375654,428",11.760276745,48.500891096,2,2,#fc8d62,car
108931,"9,21E+18",9,1,81,128,2021,11,9,7,2,5,3,0,1,1,0,0,0,0,"638323,666541","5327614,93288",10.857468411,48.086785448,0,1,#66c2a5,bicycle
108934,"9,21E+18",9,1,77,118,2021,11,16,2,3,4,6,1,0,1,0,0,0,0,"708924,017505","5345556,55964",11.813346049,48.228788339,2,2,#fc8d62,car
108935,"9,21E+18",9,7,72,130,2021,11,15,6,3,2,6,0,0,1,0,0,0,0,"630732,540813","5359410,56883",10.765393188,48.374312202,0,2,#fc8d62,car
108939,"9,21E+18",9,1,73,118,2021,11,7,7,2,9,1,0,0,1,0,0,0,0,"693389,991599","5303982,95361",11.585617207,47.860056302,2,2,#fc8d62,car
108947,"9,21E+18",9,1,78,143,2021,12,11,4,3,9,1,0,0,1,0,0,0,0,"720740,478751","5373938,29311",11.987129303,48.479781395,0,2,#fc8d62,car
108950,"9,21E+18",9,1,62,0,2021,11,6,2,3,2,6,0,0,1,0,0,0,0,"692091,140001","5341870,477",11.585257303,48.2009801,1,2,#fc8d62,car
108958,"9,21E+18",9,7,71,113,2021,12,9,5,3,4,6,0,0,1,0,0,0,0,"657680,000203","5371967,55854",11.133771146,48.481045738,1,2,#fc8d62,car
108959,"9,21E+18",9,1,73,145,2021,11,7,3,3,4,6,0,0,1,0,0,0,1,"689030,902531","5298922,59056",11.525186081,47.815867515,2,2,#fc8d62,car
108961,"9,21E+18",9,1,90,142,2021,11,17,5,3,5,3,2,0,1,0,0,0,0,"662505,983541","5295701,14498",11.169927611,47.794149408,0,2,#fc8d62,car
108964,"9,21E+18",9,7,72,145,2021,11,12,3,2,1,5,0,0,1,0,0,0,1,"634566,501928","5369975,33006",10.820529988,48.468504455,2,2,#fc8d62,car
108966,"9,21E+18",9,7,72,147,2021,12,16,2,3,3,3,1,0,1,0,0,0,0,"638922,743575","5364079,68517",10.877477148,48.414545767,0,2,#fc8d62,car
108971,"9,21E+18",9,1,84,114,2021,11,7,4,3,4,2,1,0,1,0,0,0,1,"700965,303006","5322843,07656",11.695590128,48.027234166,1,2,#fc8d62,car
108974,"9,21E+18",9,1,88,126,2021,11,19,3,2,5,3,2,0,1,0,0,0,0,"659859,864305","5329325,11501",11.147109544,48.097124306,0,2,#fc8d62,car
108975,"9,21E+18",9,1,82,120,2021,11,8,6,3,2,6,0,0,1,0,0,0,0,"701144,544098","5304361,74235",11.689355673,47.861080082,0,2,#fc8d62,car
108976,"9,21E+18",9,1,75,112,2021,12,17,2,3,2,6,1,0,1,0,1,0,0,"723987,960915","5319745,8425",12.00236392,47.991750052,0,2,#fc8d62,car
108980,"9,21E+18",9,1,87,179,2021,11,10,4,3,4,2,0,0,1,0,0,0,0,"720368,01456","5318253,40847",11.953143282,47.979597527,1,2,#fc8d62,car
108992,"9,21E+18",9,1,84,129,2021,12,13,4,3,2,6,0,0,1,0,0,0,0,"702055,043965","5327270,62467",11.712280029,48.066680928,0,2,#fc8d62,car
108993,"9,21E+18",9,1,62,0,2021,11,7,4,3,1,5,1,1,1,0,0,0,0,"685384,047083","5335326,7685",11.492226713,48.144156492,1,1,#66c2a5,bicycle
108999,"9,21E+18",9,1,74,141,2021,12,18,6,3,4,1,2,0,1,0,0,0,0,"680859,350553","5356010,37504",11.440287265,48.331377063,1,2,#fc8d62,car
109002,"9,21E+18",9,7,61,0,2021,11,15,4,3,2,6,0,0,1,0,0,0,0,"641447,628288","5354474,63102",10.908349275,48.327619278,0,2,#fc8d62,car
109005,"9,21E+18",9,7,72,130,2021,12,7,5,3,6,4,1,0,1,1,0,0,0,"631120,842084","5356696,82805",10.769788335,48.349828814,1,2,#fc8d62,car
109012,"9,21E+18",9,7,72,147,2021,12,18,2,3,2,6,1,0,1,0,0,0,0,"636001,682","5364420,49",10.838132207,48.418247468,0,2,#fc8d62,car
109017,"9,21E+18",9,1,77,113,2021,11,10,2,3,3,6,0,0,1,0,0,0,0,"723422,07177","5358289,9615",12.015035653,48.338249168,0,2,#fc8d62,car
109019,"9,21E+18",9,1,74,115,2021,11,18,6,3,3,2,2,1,1,0,0,0,0,"681032,440001","5347482,542",11.438965081,48.254674627,0,1,#66c2a5,bicycle
109021,"9,21E+18",9,1,81,130,2021,12,13,5,2,4,2,0,0,1,0,0,1,0,"642254,104","5324565,807",10.909203145,48.058502433,0,2,#fc8d62,car
109026,"9,21E+18",9,2,74,114,2021,11,14,6,3,0,6,0,0,1,0,1,0,0,"734527,852496","5371126,6625",12.17183962,48.449535332,0,2,#fc8d62,car
109035,"9,21E+18",9,7,61,0,2021,11,9,4,3,3,6,0,0,1,0,0,1,0,"637506,382403","5359923,79237",10.856985301,48.377487349,0,2,#fc8d62,car
109042,"9,21E+18",9,1,62,0,2021,11,7,3,3,5,3,0,0,1,0,0,0,1,"694644,327783","5332071,58986",11.615100017,48.112134645,0,2,#fc8d62,car
109044,"9,21E+18",9,1,78,120,2021,12,17,2,3,1,1,2,0,1,0,0,0,0,"698473,651923","5350833,31264",11.675260443,48.279566292,1,2,#fc8d62,car
109046,"9,21E+18",9,1,78,136,2021,11,10,3,3,8,1,0,0,0,0,0,0,1,"698222,103416","5368655,5176",11.680268564,48.439809632,2,6,#ffd92f,circle
109055,"9,21E+18",9,1,62,0,2021,11,6,6,2,4,2,1,0,1,0,1,0,0,"687364,493001","5335083,055",11.51871723,48.141385769,0,2,#fc8d62,car
109056,"9,21E+18",9,1,78,155,2021,12,14,5,3,5,3,0,0,1,0,0,0,0,"711535,800001","5374143,932",11.862838168,48.484792944,0,2,#fc8d62,car
109066,"9,21E+18",9,1,81,132,2021,12,13,4,3,4,6,0,0,1,0,0,0,0,"642907,113539","5325348,12899",10.918223587,48.065391178,2,2,#fc8d62,car
109067,"9,21E+18",9,1,87,139,2021,11,16,4,3,2,6,2,0,1,0,0,0,0,"745358,336887","5313953,37729",12.285044408,47.931880966,1,2,#fc8d62,car
109076,"9,21E+18",9,1,62,0,2021,12,6,5,3,2,6,2,0,1,0,0,0,0,"688192,819906","5333908,64721",11.52932225,48.130585503,1,2,#fc8d62,car
109082,"9,21E+18",9,1,84,121,2021,11,19,7,3,9,1,2,0,1,0,0,0,0,"704985,626068","5331560,63834",11.753630515,48.104298923,0,2,#fc8d62,car
109085,"9,21E+18",9,1,79,142,2021,11,17,2,3,2,6,2,0,1,0,0,0,0,"671365,013301","5340715,71394",11.306097426,48.196532041,2,2,#fc8d62,car
109086,"9,21E+18",9,1,77,133,2021,12,16,6,3,3,3,1,0,1,0,0,0,0,"713703,787843","5356043,40958",11.88292697,48.321424501,1,2,#fc8d62,car
109087,"9,21E+18",9,1,62,0,2021,11,15,3,3,2,3,0,0,1,0,0,0,1,"694984,643082","5332996,34702",11.620090125,48.120341891,0,2,#fc8d62,car
109094,"9,21E+18",9,1,81,113,2021,11,10,3,3,8,1,1,0,1,0,0,0,0,"640405,165787","5307742,94998",10.878902625,47.907634881,2,2,#fc8d62,car
109095,"9,21E+18",9,1,62,0,2021,11,17,1,2,4,2,2,0,1,0,1,0,0,"679325,149355","5337609,72203",11.411811596,48.166414618,0,2,#fc8d62,car
109099,"9,21E+18",9,7,71,130,2021,11,10,3,3,4,6,0,0,1,0,0,1,0,"645050,683551","5355064,59039",10.957134052,48.332107278,2,2,#fc8d62,car
109113,"9,21E+18",9,1,62,0,2021,11,18,3,3,3,3,2,0,1,0,0,1,0,"700448,350026","5335546,47786",11.694624822,48.14156351,1,2,#fc8d62,car
109117,"9,21E+18",9,1,90,130,2021,12,13,4,3,5,3,0,0,1,0,0,0,1,"648715,225228","5295967,36199",10.985991728,47.799875954,2,2,#fc8d62,car
109119,"9,21E+18",9,7,61,0,2021,11,17,4,3,4,6,2,1,0,0,0,0,0,"642787,070087","5359767,05012",10.92820505,48.374905104,1,1,#66c2a5,bicycle
109121,"9,21E+18",9,7,72,209,2021,11,17,6,3,2,6,0,0,1,0,0,0,0,"634365,268985","5335751,1735",10.806906234,48.160797496,0,2,#fc8d62,car
109122,"9,21E+18",9,1,73,112,2021,12,5,5,3,4,1,2,0,1,0,0,0,0,"693168,848568","5292743,76108",11.577656641,47.759100991,1,2,#fc8d62,car
109125,"9,21E+18",9,1,62,0,2021,11,8,2,3,5,2,0,1,1,0,0,0,0,"691278,031661","5339266,68875",11.573152984,48.177823237,1,1,#66c2a5,bicycle
109131,"9,21E+18",9,1,62,0,2021,12,18,3,3,5,3,2,0,1,0,0,0,0,"694722,539116","5334149,16038",11.617098601,48.130783118,0,2,#fc8d62,car
109134,"9,21E+18",9,1,78,142,2021,11,19,7,3,8,1,2,0,1,0,0,0,0,"712893,075804","5376070,20942",11.882164461,48.501642475,0,2,#fc8d62,car
109135,"9,21E+18",9,7,62,0,2021,11,17,3,3,1,6,2,0,1,0,0,0,0,"623037,04736","5306235,34757",10.646158617,47.89764322,1,2,#fc8d62,car
109136,"9,21E+18",9,2,74,185,2021,11,14,3,3,2,1,2,0,1,0,0,0,0,"731813,307655","5368231,33652",12.133583136,48.424531963,2,2,#fc8d62,car
109138,"9,21E+18",9,7,71,122,2021,11,23,7,3,8,1,2,0,1,0,0,0,0,"654151,416434","5360995,57612",11.082018933,48.383276674,0,2,#fc8d62,car
109140,"9,21E+18",9,1,73,112,2021,12,7,4,3,2,6,0,0,1,0,0,1,0,"693745,59018","5292868,52834",11.585400233,47.760049414,1,2,#fc8d62,car
109146,"9,21E+18",9,1,83,139,2021,11,4,1,3,8,1,2,0,1,0,0,0,0,"735308,464002","5332941,72699",12.161126064,48.106230651,1,2,#fc8d62,car
109149,"9,21E+18",9,1,62,0,2021,11,18,2,3,2,6,1,0,1,0,0,0,0,"693972,770598","5336880,73987",11.608276771,48.155562481,1,2,#fc8d62,car
109152,"9,21E+18",9,1,74,151,2021,12,22,5,3,0,1,2,1,0,0,0,0,0,"678724,947001","5361420,693",11.413812499,48.380615631,1,1,#66c2a5,bicycle
109156,"9,21E+18",9,1,73,112,2021,11,7,4,2,4,1,1,0,1,0,0,0,0,"691042,891957","5296783,95627",11.551093943,47.796050131,1,2,#fc8d62,car
109158,"9,21E+18",9,7,72,147,2021,11,17,6,3,2,6,2,0,1,0,0,0,0,"638939,239267","5364079,46028",10.877699881,48.414540108,0,2,#fc8d62,car
109159,"9,21E+18",9,1,88,139,2021,11,17,5,2,5,3,2,0,1,0,0,0,0,"673237,214001","5317674,655",11.321921837,47.988893797,0,2,#fc8d62,car
109170,"9,21E+18",9,1,84,141,2021,11,15,3,3,4,1,0,0,1,0,0,0,0,"698222,861394","5312300,17423",11.653981909,47.933336304,1,2,#fc8d62,car
109175,"9,21E+18",9,1,78,143,2021,12,18,6,3,4,1,2,0,1,0,0,0,0,"717822,631118","5372202,3236",11.946794755,48.465201991,1,2,#fc8d62,car
109184,"9,21E+18",9,1,73,120,2021,11,16,3,1,4,6,1,0,1,0,0,0,1,"686484,005955","5315423,7336",11.498324851,47.964936421,2,2,#fc8d62,car
109190,"9,21E+18",9,7,61,0,2021,11,18,6,3,1,6,2,0,1,0,0,0,0,"643706,981665","5357587,85919",10.939875703,48.355102195,0,2,#fc8d62,car
109192,"9,21E+18",9,1,77,115,2021,11,5,3,3,5,3,2,0,1,0,0,0,0,"734149,946002","5350792,66199",12.155424933,48.267017361,1,2,#fc8d62,car
109194,"9,21E+18",9,1,85,158,2021,11,17,7,2,6,2,2,0,0,1,0,1,0,"666495,518142","5381334,4199",11.256710924,48.562975537,1,3,#8da0cb,toilet
109197,"9,21E+18",9,1,77,113,2021,11,11,4,2,5,3,0,0,1,0,0,0,0,"724859,804036","5358271,15267",12.034399328,48.337570286,0,2,#fc8d62,car
109198,"9,21E+18",9,1,62,0,2021,11,16,2,3,1,6,2,0,1,0,0,0,0,"688744,187636","5340163,56986",11.539500013,48.186642115,1,2,#fc8d62,car
109201,"9,21E+18",9,1,83,140,2021,12,12,5,3,5,3,0,0,1,0,0,0,0,"740230,242002","5340226,97099",12.231245476,48.169834958,0,2,#fc8d62,car
109202,"9,21E+18",9,1,75,132,2021,11,11,3,3,2,6,0,0,1,0,1,0,0,"706938,442903","5334051,9419",11.781040206,48.1260555,2,2,#fc8d62,car
109209,"9,21E+18",9,1,77,112,2021,12,7,5,3,8,1,1,0,1,0,0,0,0,"717050,749199","5361114,84653",11.930630858,48.365850768,2,2,#fc8d62,car
109215,"9,21E+18",9,7,71,122,2021,12,9,4,2,2,6,0,0,1,0,0,0,1,"648391,725391","5359622,54605",11.003792417,48.372312792,1,2,#fc8d62,car
109219,"9,21E+18",9,1,79,138,2021,11,17,2,3,4,1,2,0,1,0,0,0,0,"652813,220228","5336069,30017",11.054947809,48.159491566,2,2,#fc8d62,car
109220,"9,21E+18",9,2,74,134,2021,11,10,7,3,5,3,0,0,1,0,0,0,1,"743340,304999","5375159,84239",12.293166722,48.482415409,1,2,#fc8d62,car
109225,"9,21E+18",9,7,78,203,2021,12,17,4,3,8,1,2,0,1,0,0,0,0,"622614,540939","5326375,97543",10.646260071,48.078858843,2,2,#fc8d62,car
109226,"9,21E+18",9,1,78,115,2021,12,15,6,3,6,5,0,0,1,1,0,0,0,"703796,721167","5375895,63703",11.759084052,48.503090029,1,2,#fc8d62,car
109227,"9,21E+18",9,1,82,123,2021,11,17,2,3,2,6,2,0,1,0,0,1,0,"718564,474089","5301011,54926",11.920272653,47.825287516,1,2,#fc8d62,car
109232,"9,21E+18",9,1,84,144,2021,11,11,3,3,4,1,0,0,1,0,0,0,0,"687943,751393","5317658,66856",11.518839023,47.984598315,1,2,#fc8d62,car
109235,"9,21E+18",9,1,84,114,2021,11,18,7,3,2,2,1,0,1,0,0,0,0,"700503,557888","5317431,04519",11.686874781,47.978739877,0,2,#fc8d62,car
109238,"9,21E+18",9,1,75,133,2021,11,13,2,2,4,3,0,0,1,0,1,0,0,"710536,35818","5342160,01294",11.833344486,48.197734487,0,2,#fc8d62,car
109244,"9,21E+18",9,1,77,127,2021,11,2,2,3,2,6,2,0,1,0,0,0,0,"723682,651305","5347394,98902",12.012778707,48.240273759,1,2,#fc8d62,car
109262,"9,21E+18",9,1,62,0,2021,12,8,3,3,5,6,0,1,1,0,0,0,0,"685308,055001","5328866,948",11.488399124,48.086114527,1,1,#66c2a5,bicycle
109273,"9,21E+18",9,1,79,121,2021,12,15,3,3,1,6,0,0,1,0,0,0,0,"666091,044093","5339507,55377",11.234708831,48.187072025,0,2,#fc8d62,car
109278,"9,21E+18",9,1,75,132,2021,12,7,6,3,4,2,0,0,1,0,0,0,0,"707260,623001","5336626,428",11.786617328,48.149085859,0,2,#fc8d62,car
109311,"9,21E+18",9,1,90,140,2021,12,5,3,3,8,1,2,0,1,0,0,0,0,"646769,298496","5300531,05417",10.961566886,47.841360112,1,2,#fc8d62,car
109312,"9,21E+18",9,7,73,125,2021,12,13,7,3,6,7,0,0,1,1,0,0,0,"613590,839595","5383832,17784",10.540646701,48.597258866,0,2,#fc8d62,car
109314,"9,21E+18",9,1,81,123,2021,12,10,3,3,5,2,0,0,1,0,0,0,0,"656007,177392","5326790,54871",11.094473823,48.075290879,0,2,#fc8d62,car
109319,"9,21E+18",9,1,78,155,2021,12,18,5,3,2,6,2,0,1,0,0,0,0,"721325,251229","5374505,09945",11.99533147,48.484668118,0,2,#fc8d62,car
109321,"9,21E+18",9,7,71,146,2021,12,10,6,3,1,2,0,0,1,0,0,0,0,"646779,027941","5348727,97515",10.978236122,48.274733594,1,2,#fc8d62,car
109335,"9,21E+18",9,1,81,130,2021,12,17,7,3,2,6,2,0,1,0,0,0,1,"637695,949782","5323412,82763",10.847690242,48.049134382,1,2,#fc8d62,car
109342,"9,21E+18",9,1,78,124,2021,12,9,4,3,2,6,0,1,1,0,0,0,0,"702521,886635","5362331,59187",11.735288135,48.381612969,0,1,#66c2a5,bicycle
109351,"9,21E+18",9,1,73,130,2021,12,10,5,3,2,6,0,0,1,0,0,0,0,"680342,77207","5316055,4287",11.416392837,47.972374393,1,2,#fc8d62,car
109353,"9,21E+18",9,7,72,147,2021,12,17,4,3,2,6,2,0,1,0,0,0,0,"636054,107323","5364119,5442",10.838742764,48.415530077,0,2,#fc8d62,car
109354,"9,21E+18",9,1,62,0,2021,12,18,3,3,5,2,2,1,1,0,0,0,0,"696035,973055","5333806,757",11.634574537,48.127302624,1,1,#66c2a5,bicycle
109362,"9,21E+18",9,1,86,162,2021,12,15,3,3,2,6,0,0,1,0,0,0,0,"690241,879487","5384429,56348",11.579670549,48.584037032,0,2,#fc8d62,car
109368,"9,21E+18",9,7,77,130,2021,12,16,5,3,4,2,0,0,1,0,0,0,0,"623832,047","5308964,105",10.65757431,47.922031518,1,2,#fc8d62,car
109383,"9,21E+18",9,7,72,216,2021,12,14,5,3,2,6,0,0,1,0,0,0,0,"623318,349794","5366490,12112",10.667398798,48.43946929,0,2,#fc8d62,car
109384,"9,21E+18",9,1,75,132,2021,12,14,5,3,2,6,2,0,1,0,0,1,0,"705224,643598","5335327,96373",11.758650891,48.138077285,0,2,#fc8d62,car
109393,"9,21E+18",9,1,87,126,2021,12,14,6,2,3,2,0,0,1,0,0,0,0,"741044,986141","5325732,85274",12.233999984,48.039331134,0,2,#fc8d62,car
109404,"9,21E+18",9,1,84,112,2021,12,12,4,3,2,6,0,0,1,0,0,0,0,"703334,675806","5339115,87718",11.735085842,48.172724774,0,2,#fc8d62,car
109413,"9,21E+18",9,1,87,128,2021,12,9,7,3,2,6,0,0,1,0,0,0,0,"744872,009697","5308197,04001",12.275276852,47.880360021,1,2,#fc8d62,car
109425,"9,21E+18",9,7,62,0,2021,12,17,5,3,2,6,2,0,1,0,0,0,0,"623020,085995","5306246,36366",10.645934922,47.897745547,1,2,#fc8d62,car
109451,"9,21E+18",9,1,82,120,2021,12,11,5,3,5,3,0,0,1,0,0,0,0,"702224,09703","5306022,43613",11.704549959,47.875666485,0,2,#fc8d62,car
109495,"9,21E+18",9,1,62,0,2021,12,19,5,3,5,7,2,0,1,0,0,0,0,"692078,615671","5340437,86314",11.58444088,48.188107963,1,2,#fc8d62,car
109513,"9,21E+18",9,7,72,147,2021,12,8,3,3,8,1,0,0,1,0,0,0,0,"638150,552579","5365120,39264",10.867389948,48.424073308,1,2,#fc8d62,car
109516,"9,21E+18",9,2,61,0,2021,12,17,3,3,5,3,2,1,1,0,0,0,0,"733269,446018","5381102,37924",12.160417488,48.539612069,0,1,#66c2a5,bicycle
109544,"9,21E+18",9,7,71,130,2021,12,19,2,2,5,7,2,0,1,0,0,0,1,"645618,130956","5357729,79777",10.965707406,48.355940588,1,2,#fc8d62,car
109563,"9,21E+18",9,7,71,140,2021,12,16,4,3,2,2,2,0,1,0,0,0,0,"651030,707529","5374961,25956",11.044934545,48.509593655,1,2,#fc8d62,car
109569,"9,21E+18",9,1,82,134,2021,12,11,7,3,5,3,0,0,1,0,0,0,0,"703870,457001","5296500,546",11.722060414,47.789570185,0,2,#fc8d62,car
109571,"9,21E+18",9,1,62,0,2021,12,0,6,3,5,2,2,1,1,0,0,0,0,"694539,871372","5334814,00723",11.614949761,48.136814349,0,1,#66c2a5,bicycle
109577,"9,21E+18",9,1,84,149,2021,12,17,5,3,2,6,2,0,1,0,0,0,0,"691247,571754","5352335,17236",11.578643131,48.295288196,0,2,#fc8d62,car
109588,"9,21E+18",9,2,61,0,2021,12,11,4,3,5,3,0,0,1,0,0,0,0,"733880,457257","5381449,13884",12.16887713,48.542499451,0,2,#fc8d62,car
109601,"9,21E+18",9,1,73,126,2021,12,10,2,3,2,6,0,0,1,0,0,0,0,"682658,461196","5307347,89694",11.443698613,47.893444931,0,2,#fc8d62,car
109603,"9,21E+18",9,1,62,0,2021,12,18,1,3,2,6,2,0,1,0,0,0,0,"694729,02536","5332204,15442",11.616297245,48.113300196,1,2,#fc8d62,car
109604,"9,21E+18",9,1,79,145,2021,12,18,7,3,2,6,2,0,1,0,0,0,0,"673438,155116","5335653,26513",11.331906806,48.150460584,1,2,#fc8d62,car
109619,"9,21E+18",9,1,79,142,2021,12,19,5,3,9,1,2,0,1,0,0,0,0,"670818,346","5341099,424",11.298901358,48.20012874,1,2,#fc8d62,car
109620,"9,21E+18",9,1,81,138,2021,12,7,4,3,4,2,0,0,1,0,0,0,0,"639979,012441","5334743,08068",10.882025196,48.150521422,1,2,#fc8d62,car
109628,"9,21E+18",9,1,84,123,2021,12,15,2,3,1,7,0,0,1,0,0,0,0,"703985,465005","5331626,41369",11.740242479,48.105211032,0,2,#fc8d62,car
109634,"9,21E+18",9,7,72,115,2021,12,23,5,3,9,1,2,0,1,0,0,0,0,"618612,991763","5370941,28403",10.605065469,48.48040239,1,2,#fc8d62,car
109647,"9,21E+18",9,1,73,140,2021,12,18,3,3,5,3,2,0,1,0,0,0,0,"695337,900532","5294704,25852",11.607451001,47.77606896,1,2,#fc8d62,car
109673,"9,21E+18",9,7,61,0,2021,12,14,2,3,5,3,0,1,1,0,0,0,0,"644291,16874","5358787,55824",10.948168245,48.365755969,1,1,#66c2a5,bicycle
109693,"9,21E+18",9,7,72,151,2021,12,18,4,3,5,3,2,0,1,0,0,0,0,"631984,627042","5342377,96845",10.77696784,48.220888042,0,2,#fc8d62,car
109699,"9,21E+18",9,1,78,132,2021,12,8,2,3,8,1,0,0,1,0,0,0,0,"712589,868955","5379705,47369",11.879917374,48.53440799,0,2,#fc8d62,car
109709,"9,21E+18",9,1,78,144,2021,12,16,6,2,4,2,2,0,1,0,0,0,0,"708016,973001","5377638,499",11.817017,48.517367532,0,2,#fc8d62,car
109716,"9,21E+18",9,1,84,123,2021,12,14,3,3,6,4,0,0,1,1,0,0,0,"703971,083393","5332142,51741",11.740296244,48.109853715,0,2,#fc8d62,car
109723,"9,21E+18",9,1,78,155,2021,12,18,6,3,2,6,2,0,1,0,0,0,0,"721776,535253","5375399,17257",12.001904739,48.492541509,0,2,#fc8d62,car
109725,"9,21E+18",9,1,87,137,2021,12,15,6,3,1,6,0,0,1,0,0,0,0,"729705,448625","5311115,97378",12.074282364,47.912189405,1,2,#fc8d62,car
109742,"9,21E+18",9,1,90,138,2021,12,17,3,3,8,1,2,0,0,0,0,1,0,"660376,888086","5310511,82787",11.147012543,47.927847462,0,5,#a6d854,bus
109744,"9,21E+18",9,1,75,127,2021,12,15,4,3,5,3,1,0,1,0,0,0,0,"712209,938588","5341357,00061",11.855436915,48.189961838,0,2,#fc8d62,car
109749,"9,21E+18",9,2,61,0,2021,12,10,5,3,1,6,0,0,1,1,0,1,0,"734409,243955","5382015,36908",12.176348854,48.547388305,0,2,#fc8d62,car
109764,"9,21E+18",9,2,74,134,2021,12,17,6,3,5,2,2,0,1,0,0,0,0,"739685,507467","5375241,20477",12.243835517,48.484549874,1,2,#fc8d62,car
109782,"9,21E+18",9,7,62,0,2021,12,5,3,3,8,1,2,0,1,0,0,0,0,"618762,599969","5303505,27673",10.588241343,47.873894707,1,2,#fc8d62,car
109800,"9,21E+18",9,1,77,123,2021,12,14,6,3,5,2,0,0,1,0,1,0,0,"726827,747332","5343570,92162",12.053032293,48.204801038,0,2,#fc8d62,car
109810,"9,21E+18",9,1,82,134,2021,12,19,3,3,2,6,2,0,1,0,0,0,0,"699115,909213","5294193,28647",11.657591732,47.770320204,1,2,#fc8d62,car
109838,"9,21E+18",9,1,87,167,2021,12,13,2,3,2,6,0,0,1,0,0,0,0,"739960,541633","5303436,49417",12.20704997,47.839448697,0,2,#fc8d62,car
109839,"9,21E+18",9,7,61,0,2021,12,16,6,3,1,1,1,0,1,0,0,0,0,"643080,53997","5358139,72851",10.931612128,48.360206586,2,2,#fc8d62,car
109841,"9,21E+18",9,1,75,135,2021,12,17,3,2,5,3,2,1,1,0,0,0,0,"708912,662833","5339820,69538",11.810370178,48.177249477,0,1,#66c2a5,bicycle
109855,"9,21E+18",9,1,73,127,2021,12,22,1,3,0,6,2,0,1,0,0,0,0,"694168,444219","5293715,78565",11.591415431,47.76753766,1,2,#fc8d62,car
109879,"9,21E+18",9,1,78,145,2021,12,9,1,3,2,7,0,0,1,0,0,1,0,"693605,953025","5356462,69798",11.612301885,48.331666602,0,2,#fc8d62,car
109899,"9,21E+18",9,1,84,121,2021,12,14,5,3,5,3,0,0,1,0,0,0,0,"704651,267366","5326957,33711",11.746939188,48.063037945,1,2,#fc8d62,car
109923,"9,21E+18",9,1,62,0,2021,12,21,4,3,5,7,2,0,1,0,0,0,0,"694917,514383","5334917,46146",11.620067772,48.137628593,0,2,#fc8d62,car
109929,"9,21E+18",9,7,72,200,2021,12,17,1,2,4,6,2,0,1,0,0,0,0,"631120,799073","5340148,29732",10.764654253,48.201016669,0,2,#fc8d62,car
109934,"9,21E+18",9,1,62,0,2021,12,7,3,3,3,6,2,0,1,0,0,1,0,"687066,514925","5331398,87066",11.513098623,48.108358817,2,2,#fc8d62,car
109964,"9,21E+18",9,1,62,0,2021,12,20,3,3,4,6,2,1,0,0,0,0,0,"697609,183877","5330164,36677",11.65400654,48.094080809,1,1,#66c2a5,bicycle
109970,"9,21E+18",9,1,62,0,2021,12,15,7,3,0,7,0,0,0,0,1,0,0,"678401,130822","5334491,14423",11.398088157,48.138641547,1,4,#e78ac3,marker
109980,"9,21E+18",9,1,74,113,2021,12,11,1,3,9,7,0,0,1,0,0,0,0,"679909,560923","5341912,29123",11.421486445,48.20492467,1,2,#fc8d62,car
109988,"9,21E+18",9,1,84,123,2021,12,22,2,3,5,3,2,0,1,0,0,0,0,"705256,820588","5333131,91367",11.758025237,48.118332003,0,2,#fc8d62,car
110012,"9,21E+18",9,1,90,152,2021,12,12,1,3,5,3,0,0,1,0,0,0,0,"671150,820836","5299593,8594",11.286805451,47.826906699,0,2,#fc8d62,car
110014,"9,21E+18",9,1,84,119,2021,12,21,7,3,5,3,2,0,1,0,0,0,0,"694454,044214","5347418,70086",11.619569217,48.250125133,2,2,#fc8d62,car
110015,"9,21E+18",9,1,62,0,2021,12,15,3,3,5,2,0,1,1,0,0,0,0,"684644,099907","5329122,24924",11.479602281,48.088601988,0,1,#66c2a5,bicycle
110016,"9,21E+18",9,1,78,124,2021,12,9,3,3,5,2,0,0,1,0,0,0,0,"701896,181243","5365354,54774",11.728300374,48.408978857,0,2,#fc8d62,car
110042,"9,21E+18",9,1,86,152,2021,12,12,2,3,2,6,0,0,1,0,0,0,0,"691166,275132","5372931,89497",11.586919285,48.480424364,0,2,#fc8d62,car
110043,"9,21E+18",9,7,77,121,2021,12,17,6,3,8,1,2,0,1,0,0,0,0,"631823,480385","5321123,39978",10.768224659,48.029785922,2,2,#fc8d62,car
110055,"9,21E+18",9,1,75,132,2021,12,20,5,3,2,6,2,1,1,0,0,0,0,"706299,590529","5334444,3846",11.772655092,48.129789499,1,1,#66c2a5,bicycle