OBJECTID,UIDENTSTLA,ULAND,UREGBEZ,UKREIS,UGEMEINDE,UJAHR,UMONAT,USTUNDE,UWOCHENTAG,UKATEGORIE,UART,UTYP1,ULICHTVERH,IstRad,IstPKW,IstFuss,IstKrad,IstGkfz,IstSonstig,LINREFX,LINREFY,XGCSWGS84,YGCSWGS84,STRZUSTAN,Teilnehmer,color,symbol
110074,"9,21E+18",9,1,84,121,2021,12,20,1,3,2,6,2,0,1,0,0,0,0,"705050,282567","5331358,41455",11.754400858,48.10246081,0,2,#fc8d62,car
110082,"9,21E+18",9,1,83,139,2021,12,13,4,3,5,3,0,0,1,0,0,0,0,"737058,267933","5335278,76929",12.185894312,48.126575884,0,2,#fc8d62,car
110091,"9,21E+18",9,1,77,117,2021,12,16,5,3,4,2,1,0,1,0,0,0,0,"715200,732027","5351758,80774",11.900910328,48.282418994,0,2,#fc8d62,car
110119,"9,21E+18",9,1,82,127,2021,12,9,4,2,2,6,0,0,0,0,0,1,1,"702732,247954","5310764,86697",11.713565889,47.918127714,0,5,#a6d854,bus
110126,"9,21E+18",9,1,73,126,2021,12,9,6,3,4,2,0,0,1,0,0,0,0,"684317,303001","5305216,25",11.464960505,47.873809224,0,2,#fc8d62,car
110128,"9,21E+18",9,1,62,0,2021,12,12,5,3,2,6,0,0,1,0,0,0,0,"687109,730238","5331408,13902",11.513682674,48.108429432,0,2,#fc8d62,car
110138,"9,21E+18",9,7,72,200,2021,12,15,6,3,3,6,0,1,1,0,0,0,0,"630240,320132","5339660,29667",10.752660598,48.196809488,0,1,#66c2a5,bicycle
110154,"9,21E+18",9,1,73,123,2021,12,14,5,3,4,2,0,1,1,0,0,0,0,"680042,036896","5303413,74486",11.407087433,47.858818505,0,1,#66c2a5,bicycle
110166,"9,21E+18",9,1,81,130,2021,12,17,6,3,2,6,2,0,1,0,0,0,0,"642595,47959","5321619,02121",10.912800435,48.031928456,0,2,#fc8d62,car
110174,"9,21E+18",9,1,85,131,2021,12,6,2,3,8,1,2,0,1,0,0,0,0,"665789,850774","5378575,15194",11.246055264,48.538358391,0,2,#fc8d62,car
110175,"9,21E+18",9,1,62,0,2021,12,16,6,3,5,3,1,1,1,0,0,0,0,"687661,859001","5335030,829",11.522687654,48.140828713,0,1,#66c2a5,bicycle
110192,"9,21E+18",9,1,74,143,2021,12,10,5,3,0,7,0,1,0,0,0,0,0,"675115,03818","5352592,71517",11.361431399,48.302273287,0,1,#66c2a5,bicycle
110198,"9,21E+18",9,1,62,0,2021,12,22,5,3,5,3,2,1,1,0,0,0,0,"682900,882001","5339576,297",11.460703597,48.183072668,1,1,#66c2a5,bicycle
110216,"9,21E+18",9,7,73,182,2021,12,17,5,3,0,6,2,0,1,0,0,0,0,"626914,121639","5378572,74107",10.719666539,48.547406022,0,2,#fc8d62,car
110238,"9,21E+18",9,1,84,144,2021,12,13,5,3,2,2,0,0,1,0,0,0,0,"687575,653049","5319282,79106",11.514620248,47.999304817,0,2,#fc8d62,car
110245,"9,21E+18",9,1,79,119,2021,12,16,1,3,0,7,1,0,1,1,0,0,0,"669820,796804","5340323,6547",11.285176981,48.19342239,0,2,#fc8d62,car
110249,"9,21E+18",9,7,71,122,2021,12,21,2,3,2,6,2,0,1,0,0,0,0,"652222,301","5362393,771",11.056487904,48.396315967,1,2,#fc8d62,car
110270,"9,21E+18",9,1,78,137,2021,12,10,4,3,8,1,0,0,1,0,0,0,0,"692588,716293","5362484,86083",11.601347136,48.386100652,1,2,#fc8d62,car
110278,"9,21E+18",9,7,61,0,2021,12,16,6,3,6,2,2,0,1,1,0,0,0,"641388,48","5357505,955",10.908569337,48.354889133,2,2,#fc8d62,car
110280,"9,21E+18",9,1,87,169,2021,12,18,3,2,9,1,2,0,0,0,0,0,1,"736665,031002","5299327,55499",12.160831769,47.803756229,0,6,#ffd92f,circle
110315,"9,21E+18",9,7,61,0,2021,12,5,6,3,4,2,2,0,1,0,0,0,0,"639813,739725","5352479,92744",10.885656703,48.310046824,1,2,#fc8d62,car
110316,"9,21E+18",9,1,88,118,2021,12,4,2,2,9,1,2,0,1,0,0,0,0,"671043,034749","5310255,02768",11.289587134,47.922781457,1,2,#fc8d62,car
110317,"9,21E+18",9,1,78,124,2021,12,16,7,3,7,1,2,1,0,0,0,0,0,"701372,272501","5359690,10019",11.718514817,48.358243243,1,1,#66c2a5,bicycle
110331,"9,21E+18",9,1,79,117,2021,12,14,5,3,8,1,0,0,0,0,1,0,0,"660792,391053","5349459,47191",11.167247324,48.277907026,1,4,#e78ac3,marker
110339,"9,21E+18",9,2,61,0,2021,12,12,6,2,4,6,2,0,1,0,0,0,0,"732837,835886","5380233,62755",12.154093848,48.531968616,0,2,#fc8d62,car
110351,"9,21E+18",9,2,61,0,2021,12,14,6,2,5,3,0,0,1,0,1,0,0,"732906,159598","5381268,70974",12.155596297,48.54124109,0,2,#fc8d62,car
110358,"9,21E+18",9,1,74,135,2021,12,9,1,3,2,6,0,0,1,0,0,0,0,"662284,451","5352878,27",11.188656717,48.308261917,1,2,#fc8d62,car
110360,"9,21E+18",9,1,62,0,2021,12,18,1,3,2,6,2,0,1,0,0,0,0,"688408,077493","5340191,22025",11.534994607,48.186990412,0,2,#fc8d62,car
110378,"9,21E+18",9,1,74,147,2021,12,15,6,3,5,2,0,0,1,0,1,0,0,"674073,409306","5366543,51227",11.353170253,48.427964938,0,2,#fc8d62,car
110384,"9,21E+18",9,1,62,0,2021,12,0,6,3,9,1,2,1,0,0,0,0,0,"684490,079149","5335408,85257",11.480255853,48.145154176,1,1,#66c2a5,bicycle
110386,"9,21E+18",9,1,62,0,2021,12,21,6,3,1,6,2,0,1,0,0,0,1,"692068,456217","5340437,11601",11.58430399,48.18810432,1,2,#fc8d62,car
110404,"9,21E+18",9,1,81,146,2021,12,17,5,3,2,6,1,0,1,0,0,0,0,"652324,791722","5326574,86361",11.044992125,48.07424186,1,2,#fc8d62,car
110421,"9,21E+18",9,1,79,142,2021,12,5,6,2,2,6,2,0,1,0,0,0,1,"677391,912749","5342401,85638",11.387835684,48.210033893,0,2,#fc8d62,car
110431,"9,21E+18",9,1,87,142,2021,12,22,4,3,9,6,2,0,1,0,0,0,0,"731642,351539","5309591,538",12.099347483,47.897797125,2,2,#fc8d62,car
110432,"9,21E+18",9,1,84,114,2021,12,10,3,3,2,6,0,0,1,0,0,1,0,"700607,790172","5316140,0264",11.687667376,47.967104414,0,2,#fc8d62,car
110454,"9,21E+18",9,1,62,0,2021,12,12,2,3,5,5,0,1,1,0,0,0,0,"694769,792183","5332143,31691",11.616816597,48.112740946,0,1,#66c2a5,bicycle
110456,"9,21E+18",9,1,79,123,2021,12,19,4,3,2,6,2,0,1,0,0,0,0,"676518,17628","5334920,48389",11.37297787,48.143026126,1,2,#fc8d62,car
110457,"9,21E+18",9,1,78,120,2021,12,18,3,3,2,6,2,0,1,0,0,0,0,"694493,239279","5355047,06172",11.623607867,48.318671549,1,2,#fc8d62,car
110468,"9,21E+18",9,2,61,0,2021,12,10,4,3,4,2,0,1,1,0,0,0,0,"731596,495002","5381546,28799",12.138034016,48.544219236,0,1,#66c2a5,bicycle
110483,"9,21E+18",9,1,83,118,2021,12,13,6,3,5,3,0,0,1,0,0,0,0,"742700,273485","5338544,45899",12.263453512,48.153783971,0,2,#fc8d62,car
110498,"9,21E+18",9,1,73,112,2021,12,8,5,3,2,6,0,0,1,0,0,0,1,"692610,444523","5292829,2876",11.570250908,47.760036788,0,2,#fc8d62,car
110501,"9,21E+18",9,7,72,115,2021,12,16,6,2,2,6,2,0,1,0,0,0,0,"617796,195653","5371205,38928",10.594091531,48.482931051,1,2,#fc8d62,car
110517,"9,21E+18",9,7,72,162,2021,12,18,6,2,9,1,2,0,1,0,0,0,0,"636879,305827","5335436,46448",10.840595092,48.157431234,1,2,#fc8d62,car
110532,"9,21E+18",9,1,62,0,2021,12,21,4,3,5,3,2,0,1,0,0,0,0,"689066,280914","5331341,96403",11.539911537,48.10725693,1,2,#fc8d62,car
110535,"9,21E+18",9,1,84,121,2021,12,18,3,3,2,2,2,0,1,0,0,0,0,"704775,744001","5331410,473",11.750742423,48.103016932,1,2,#fc8d62,car
110541,"9,21E+18",9,1,74,113,2021,12,10,1,3,9,7,0,0,1,0,0,0,0,"674589,15709","5344703,54092",11.35108937,48.231501468,0,2,#fc8d62,car
110567,"9,21E+18",9,1,88,139,2021,12,7,5,3,5,3,2,1,1,0,0,0,0,"676285,654001","5318988,374",11.363284328,47.999870635,1,1,#66c2a5,bicycle
110576,"9,21E+18",9,1,90,142,2021,12,14,6,3,8,1,0,0,0,0,1,0,0,"663044,754912","5294925,26867",11.176824949,47.787037309,0,4,#e78ac3,marker
110583,"9,21E+18",9,1,82,127,2021,12,11,1,3,2,6,0,0,1,0,0,0,0,"702653,221731","5311021,58559",11.712630046,47.920459879,0,2,#fc8d62,car
110586,"9,21E+18",9,1,81,115,2021,12,18,4,3,2,6,2,0,1,0,0,0,0,"656459,633713","5326807,52217",11.100550263,48.075332634,0,2,#fc8d62,car
110587,"9,21E+18",9,1,84,149,2021,12,6,2,3,6,2,2,0,1,1,0,0,0,"690250,51068","5350416,17975",11.564349375,48.278341366,1,2,#fc8d62,car
110612,"9,21E+18",9,2,61,0,2021,12,18,7,3,4,2,2,0,1,0,0,0,0,"731822,104352","5381189,39823",12.140887585,48.540930054,0,2,#fc8d62,car
110628,"9,21E+18",9,1,82,123,2021,12,18,5,3,5,3,2,0,1,0,0,0,0,"717270,741002","5301399,445",11.903204432,47.829211307,1,2,#fc8d62,car
110646,"9,21E+18",9,1,62,0,2021,12,12,1,3,3,2,0,1,1,0,0,0,0,"687113,157644","5331939,53222",11.513961772,48.11320477,0,1,#66c2a5,bicycle
110649,"9,21E+18",9,1,82,136,2021,12,12,7,3,2,1,0,0,1,0,0,0,0,"703653,143976","5297793,42234",11.71976899,47.801258475,2,2,#fc8d62,car
110665,"9,21E+18",9,7,62,0,2021,12,12,4,3,3,6,0,0,1,0,0,1,0,"622670,111","5306459,272",10.641314993,47.89972738,0,2,#fc8d62,car
110676,"9,21E+18",9,1,82,136,2021,12,21,3,3,4,6,2,0,1,0,0,0,0,"703343,101325","5304560,85994",11.718810566,47.862177606,1,2,#fc8d62,car
110700,"9,21E+18",9,1,62,0,2021,12,17,5,3,2,6,2,0,1,0,0,0,1,"685664,139412","5342984,48885",11.499333881,48.21290507,0,2,#fc8d62,car
110729,"9,21E+18",9,1,79,121,2021,12,11,7,3,4,6,0,0,1,0,0,0,0,"664673,638244","5340042,29276",11.215860232,48.192248446,0,2,#fc8d62,car
110738,"9,21E+18",9,1,75,113,2021,12,12,6,3,2,6,0,0,0,0,1,0,0,"717644,107002","5315354,417",11.915222056,47.954480655,0,4,#e78ac3,marker
110740,"9,21E+18",9,1,81,137,2021,12,5,5,3,9,1,2,0,1,0,0,0,0,"648913,865233","5306800,04691",10.992371389,47.897237426,0,2,#fc8d62,car
110746,"9,21E+18",9,1,75,112,2021,12,9,2,2,5,3,0,0,1,0,0,0,0,"724463,816002","5320027,93699",12.008880722,47.994117806,1,2,#fc8d62,car
110749,"9,21E+18",9,1,79,123,2021,12,17,7,3,5,2,2,0,1,0,0,0,0,"677445,5732","5331957,5262",11.384200064,48.11613358,1,2,#fc8d62,car
110764,"9,21E+18",9,1,86,152,2021,12,9,2,3,8,6,0,0,1,0,0,0,0,"694853,30876","5377028,83768",11.638670252,48.516111287,1,2,#fc8d62,car
110765,"9,21E+18",9,1,62,0,2021,12,20,4,3,2,6,2,0,1,0,0,0,0,"684028,646396","5332992,25283",11.473014496,48.12356602,0,2,#fc8d62,car
110766,"9,21E+18",9,7,72,207,2021,12,14,3,2,2,6,0,0,1,0,0,0,0,"639466,984323","5380817,07838",10.890415736,48.564920306,0,2,#fc8d62,car
110775,"9,21E+18",9,7,72,223,2021,12,6,2,3,3,6,1,0,1,0,0,1,0,"619256,799453","5363106,20267",10.611542621,48.409820337,0,2,#fc8d62,car
110788,"9,21E+18",9,1,84,129,2021,12,11,1,3,9,7,0,0,1,0,0,0,0,"701606,753001","5326616,749",11.705961132,48.060946349,0,2,#fc8d62,car
110789,"9,21E+18",9,1,62,0,2021,12,21,3,3,5,2,2,0,1,0,0,0,0,"686892,456121","5335146,24543",11.512405767,48.142092573,1,2,#fc8d62,car
110792,"9,21E+18",9,1,90,159,2021,12,6,3,3,4,6,2,0,1,0,0,0,1,"662637,096037","5304843,85213",11.175111366,47.876318073,1,2,#fc8d62,car
110808,"9,21E+18",9,1,86,143,2021,12,17,3,2,5,3,2,0,1,0,0,0,0,"684631,758001","5381793,154",11.502504036,48.562020273,0,2,#fc8d62,car
110850,"9,21E+18",9,1,62,0,2021,12,13,2,3,2,6,0,0,1,0,0,1,0,"687779,357575","5331594,34979",11.522751569,48.109906102,1,2,#fc8d62,car
110888,"9,21E+18",9,1,84,112,2021,12,18,6,3,2,6,2,0,1,0,0,0,0,"701770,036282","5340636,89139",11.714786383,48.186892441,0,2,#fc8d62,car
110896,"9,21E+18",9,2,74,146,2021,12,17,4,3,5,3,2,0,1,0,0,0,0,"735917,582181","5379040,00444",12.195070723,48.520097231,0,2,#fc8d62,car
110897,"9,21E+18",9,1,62,0,2021,12,0,1,3,8,7,2,0,1,0,0,0,0,"694658,335682","5334469,22474",11.616382858,48.133679363,0,2,#fc8d62,car
110904,"9,21E+18",9,1,87,170,2021,12,7,6,2,6,7,0,0,1,1,0,0,0,"733380,06921","5319147,0259",12.127741241,47.983012969,0,2,#fc8d62,car
110913,"9,21E+18",9,1,87,165,2021,12,8,6,3,2,6,0,0,1,0,0,0,0,"729076,221528","5300290,08711",12.060138042,47.815148914,0,2,#fc8d62,car
110923,"9,21E+18",9,1,88,113,2021,12,17,4,3,4,6,1,0,1,0,0,0,0,"675855,30757","5315243,0949",11.355986761,47.966320604,0,2,#fc8d62,car
110924,"9,21E+18",9,1,62,0,2021,12,21,2,3,3,3,2,0,1,0,0,0,0,"689157,314995","5331775,71881",11.54132557,48.111128561,1,2,#fc8d62,car
110929,"9,21E+18",9,1,62,0,2021,12,18,6,3,2,6,2,0,1,0,0,0,0,"687033,090249","5331346,1083",11.512626904,48.107894385,0,2,#fc8d62,car
110931,"9,21E+18",9,1,78,145,2021,12,17,5,3,4,3,2,0,1,0,0,0,0,"700008,545001","5356869,311",11.69878624,48.333327206,0,2,#fc8d62,car
110949,"9,21E+18",9,7,77,114,2021,12,16,6,3,1,6,2,0,1,0,0,0,0,"616174,239","5313613,508",10.556364897,47.965281613,2,2,#fc8d62,car
110964,"9,21E+18",9,1,77,135,2021,12,16,5,2,3,6,1,0,1,0,0,0,0,"718969,163002","5344300,25299",11.947782417,48.214112984,0,2,#fc8d62,car
110966,"9,21E+18",9,1,84,140,2021,12,9,4,3,5,2,0,1,1,0,0,0,0,"702480,518599","5329180,76836",11.718889631,48.083712358,2,1,#66c2a5,bicycle
110967,"9,21E+18",9,1,87,165,2021,12,13,4,2,5,3,0,1,1,0,0,0,0,"733596,1141","5299247,29209",12.119864158,47.804155816,0,1,#66c2a5,bicycle
110969,"9,21E+18",9,1,62,0,2021,12,8,4,3,2,6,0,0,1,0,0,0,0,"693091,969001","5338831,826",11.597331397,48.173366254,0,2,#fc8d62,car
111024,"9,21E+18",9,1,79,138,2021,12,17,6,3,8,1,2,0,1,0,0,0,0,"654576,878333","5335305,00735",11.078370742,48.152193465,1,2,#fc8d62,car
111055,"9,21E+18",9,1,84,114,2021,12,16,1,3,9,6,2,0,1,0,0,0,0,"698810,346013","5323174,93912",11.666871827,48.030891032,0,2,#fc8d62,car
111076,"9,21E+18",9,1,74,136,2021,12,10,6,2,8,1,0,0,1,0,0,0,0,"681236,997001","5365714,733",11.449561045,48.418495347,1,2,#fc8d62,car
111083,"9,21E+18",9,1,63,0,2021,12,7,2,3,5,3,2,1,1,0,0,0,0,"734922,753243","5304976,61606",12.140662082,47.855145051,1,1,#66c2a5,bicycle
111107,"9,21E+18",9,2,61,0,2021,12,11,6,3,2,7,0,0,1,0,0,0,0,"733538,536678","5381289,89732",12.164162522,48.541196392,0,2,#fc8d62,car
111109,"9,21E+18",9,1,86,152,2021,12,12,3,3,5,3,0,0,1,0,0,0,0,"690919,263001","5381080,565",11.58730917,48.553733177,0,2,#fc8d62,car
111123,"9,21E+18",9,1,82,123,2021,12,9,1,2,5,3,0,0,1,0,0,0,0,"717269,687959","5301398,89917",11.903190106,47.829206758,1,2,#fc8d62,car
111131,"9,21E+18",9,7,71,158,2021,12,20,5,3,8,1,2,0,1,0,0,0,0,"643912,638","5373237,954",10.94802229,48.495770472,1,2,#fc8d62,car
111132,"9,21E+18",9,2,74,184,2021,12,6,5,3,5,3,2,0,1,0,0,0,0,"748048,673003","5369021,37699",12.353137001,48.42544615,1,2,#fc8d62,car
111147,"9,21E+18",9,1,78,150,2021,12,11,1,3,2,6,0,0,1,0,0,0,0,"691119,015805","5371899,01675",11.585808348,48.471155979,1,2,#fc8d62,car
111150,"9,21E+18",9,1,84,122,2021,12,7,2,3,5,3,2,0,1,0,0,0,0,"687933,298239","5323821,81582",11.5213999,48.039998558,1,2,#fc8d62,car
111164,"9,21E+18",9,1,90,151,2021,12,5,4,3,4,6,2,0,1,0,0,0,0,"637920,035838","5299547,25595",10.843048624,47.834472485,1,2,#fc8d62,car
111182,"9,21E+18",9,7,72,200,2021,12,11,6,3,4,2,0,0,1,0,0,0,0,"629162,484972","5336772,6238",10.737284974,48.171061528,0,2,#fc8d62,car
111190,"9,21E+18",9,1,62,0,2021,12,13,2,3,1,5,0,1,1,0,0,0,0,"690076,780199","5328498,19391",11.55220658,48.081396134,1,1,#66c2a5,bicycle
111192,"9,21E+18",9,1,62,0,2021,12,8,3,3,6,7,0,0,1,1,0,0,0,"691438,19534","5331338,49948",11.571741144,48.106517414,0,2,#fc8d62,car
111193,"9,21E+18",9,1,78,143,2021,12,16,3,3,5,3,2,0,1,0,0,0,0,"716047,753001","5371514,916",11.922461239,48.459637784,1,2,#fc8d62,car
111219,"9,21E+18",9,1,86,152,2021,12,16,2,3,5,3,2,0,1,0,0,0,0,"691065,53332","5375751,86811",11.586847227,48.50579875,1,2,#fc8d62,car
111220,"9,21E+18",9,1,79,123,2021,12,17,7,3,5,2,2,0,1,0,0,0,0,"676717,941385","5333784,03271",11.375189443,48.132754849,1,2,#fc8d62,car
111235,"9,21E+18",9,1,87,169,2021,12,16,2,3,0,7,2,0,1,0,0,1,0,"740097,408448","5298630,8525",12.206214482,47.796226808,1,2,#fc8d62,car
111246,"9,21E+18",9,1,84,145,2021,12,19,3,3,9,1,2,0,1,0,0,0,0,"697625,442347","5324172,09522",11.651455114,48.040220667,0,2,#fc8d62,car
111252,"9,21E+18",9,7,71,122,2021,12,7,5,3,9,6,2,0,1,0,0,0,0,"648933,510968","5362686,94236",11.01218992,48.399737241,1,2,#fc8d62,car
111261,"9,21E+18",9,7,61,0,2021,12,17,1,3,5,1,2,0,1,0,0,0,0,"642441,242164","5359292,53134",10.923376952,48.370716615,1,2,#fc8d62,car
111263,"9,21E+18",9,2,74,126,2021,12,17,3,3,2,6,2,0,1,0,0,0,0,"732503,258433","5384470,49495",12.151933936,48.570151152,0,2,#fc8d62,car
111317,"9,21E+18",9,1,77,139,2021,12,14,2,2,4,6,0,0,1,0,0,0,0,"731841,908261","5357808,64773",12.128222017,48.330892913,0,2,#fc8d62,car
111318,"9,21E+18",9,1,62,0,2021,12,11,6,3,2,6,0,0,1,0,0,0,0,"687973,328458","5331598,03946",11.525356504,48.109882053,0,2,#fc8d62,car
111319,"9,21E+18",9,7,72,163,2021,12,17,6,3,4,6,0,0,1,0,0,0,0,"641318,763","5346128,98",10.903819264,48.252606088,0,2,#fc8d62,car
111326,"9,21E+18",9,1,84,135,2021,12,8,7,3,5,3,1,0,1,0,0,0,0,"692120,151899","5344741,75739",11.58694782,48.226777456,0,2,#fc8d62,car
111328,"9,21E+18",9,1,84,145,2021,12,12,7,3,2,6,0,0,1,0,0,0,0,"698545,730161","5324555,47938",11.663966197,48.0433808,1,2,#fc8d62,car
111329,"9,21E+18",9,1,84,114,2021,12,16,4,3,3,6,2,0,1,0,0,1,0,"699017,935611","5323362,96402",11.669740681,48.032516233,0,2,#fc8d62,car
111330,"9,21E+18",9,1,84,135,2021,12,16,2,3,1,6,2,0,1,0,0,0,0,"692139,03226","5344641,04284",11.587156128,48.225866551,1,2,#fc8d62,car
111338,"9,21E+18",9,1,62,0,2021,12,12,6,3,5,3,0,1,1,0,0,0,0,"694805,462556","5332348,93127",11.617389239,48.114578019,1,1,#66c2a5,bicycle
111349,"9,21E+18",9,2,74,126,2021,12,18,5,3,5,3,2,0,1,0,0,0,0,"733094,701122","5382796,30736",12.159001572,48.554892948,1,2,#fc8d62,car
111355,"9,21E+18",9,1,87,164,2021,12,13,7,2,0,7,0,1,0,0,0,0,0,"734300,400002","5324313,29799",12.142877415,48.029088573,0,1,#66c2a5,bicycle
111381,"9,21E+18",9,1,84,118,2021,12,17,2,3,5,3,2,0,1,0,0,0,0,"703555,089001","5335319,305",11.73623108,48.138535704,0,2,#fc8d62,car
111399,"9,21E+18",9,1,83,138,2021,12,15,4,1,4,6,0,0,1,0,0,1,0,"746267,886984","5346919,54334",12.316197826,48.227636377,0,2,#fc8d62,car
111447,"9,21E+18",9,1,62,0,2021,12,19,4,3,5,2,2,0,1,0,0,0,1,"694595,912005","5334165,62791",11.615406075,48.130969847,1,2,#fc8d62,car
111454,"9,21E+18",9,1,88,124,2021,12,23,7,3,9,1,2,0,1,0,0,0,0,"659701,407","5320021,62",11.141509875,48.013518197,0,2,#fc8d62,car
111456,"9,21E+18",9,1,77,112,2021,12,12,7,2,4,6,0,0,1,0,0,0,0,"717767,722614","5363843,18746",11.941711417,48.390117281,1,2,#fc8d62,car
111463,"9,21E+18",9,1,62,0,2021,12,19,5,2,5,2,2,0,1,0,0,0,0,"697599,754001","5330168,504",11.653881947,48.094120916,0,2,#fc8d62,car
111477,"9,21E+18",9,7,61,0,2021,12,14,5,3,2,6,0,0,1,0,0,0,0,"637774,651794","5357035,7864",10.8596603,48.351460262,0,2,#fc8d62,car
111478,"9,21E+18",9,1,90,138,2021,12,17,6,3,4,1,2,0,1,0,0,0,0,"662094,678","5306707,33",11.168561971,47.893209604,2,2,#fc8d62,car
111489,"9,21E+18",9,1,78,130,2021,12,9,2,3,1,1,0,0,1,0,0,0,0,"703311,348867","5354510,01946",11.742162017,48.311071989,0,2,#fc8d62,car
111516,"9,21E+18",9,1,62,0,2021,12,10,2,2,6,4,0,0,0,1,0,0,1,"694981,952001","5334082,702",11.620550957,48.130106407,0,3,#8da0cb,toilet
111531,"9,21E+18",9,1,62,0,2021,12,13,2,3,3,6,0,0,1,0,0,1,0,"683383,387352","5342549,08216",11.468472888,48.209654528,0,2,#fc8d62,car
111580,"9,21E+18",9,1,62,0,2021,12,19,3,2,6,2,2,0,1,1,0,0,0,"688023,239008","5327861,06069",11.524380731,48.076278264,1,2,#fc8d62,car
111596,"9,21E+18",9,1,74,131,2021,12,16,6,2,4,1,2,0,1,0,0,0,0,"671777,640922","5362736,56901",11.32060364,48.394374019,1,2,#fc8d62,car
111603,"9,21E+18",9,1,63,0,2021,12,15,4,2,6,4,0,0,1,1,0,0,0,"732401,138951","5301913,9658",12.105358176,47.828546304,0,2,#fc8d62,car
111677,"9,21E+18",9,1,62,0,2021,12,14,6,3,2,6,0,0,1,0,0,0,0,"687999,272102","5333756,79317",11.526656585,48.129277801,1,2,#fc8d62,car
111693,"9,21E+18",9,1,62,0,2021,12,10,6,3,6,3,0,0,1,1,0,0,0,"688145,316158","5328013,37926",11.526085136,48.077611346,1,2,#fc8d62,car
111710,"9,21E+18",9,1,81,130,2021,12,14,5,3,2,6,0,0,1,0,0,0,1,"638986,972064","5325219,13722",10.865591426,48.065097466,0,2,#fc8d62,car
111711,"9,21E+18",9,1,81,132,2021,12,6,4,3,1,6,1,0,1,0,0,0,0,"646458,659418","5324660,54973",10.965631323,48.058403065,1,2,#fc8d62,car
111720,"9,21E+18",9,1,62,0,2021,12,16,2,3,7,7,0,1,0,0,0,0,1,"693281,757722","5337511,669",11.599281548,48.161443453,1,1,#66c2a5,bicycle
111727,"9,21E+18",9,1,77,124,2021,12,21,1,3,8,1,2,0,1,0,0,0,0,"725468,653933","5367227,21903",12.047406256,48.417813549,1,2,#fc8d62,car
111734,"9,21E+18",9,1,83,118,2021,12,20,4,3,8,1,2,0,1,0,0,0,0,"743365,33558","5339163,59848",12.272735161,48.159091146,1,2,#fc8d62,car
111735,"9,21E+18",9,7,71,130,2021,12,12,1,3,3,6,0,0,1,0,0,0,0,"645842,413941","5362828,30693",10.970502236,48.401730895,0,2,#fc8d62,car
111743,"9,21E+18",9,1,63,0,2021,12,10,5,3,5,3,0,0,1,0,0,0,0,"734698,863212","5304885,42754",12.137624086,47.854407614,1,2,#fc8d62,car
111761,"9,21E+18",9,1,62,0,2021,12,14,7,3,6,4,0,0,1,1,0,0,0,"693343,995476","5331473,08391",11.597377115,48.107151474,0,2,#fc8d62,car
111765,"9,21E+18",9,1,62,0,2021,12,19,2,3,3,7,2,0,1,0,0,0,0,"692733,326368","5339068,68474",11.592619719,48.175603926,1,2,#fc8d62,car
111792,"9,21E+18",9,7,78,216,2021,12,20,6,3,5,3,2,0,1,0,0,1,0,"623694,02784","5321252,81945",10.659265909,48.032576146,0,2,#fc8d62,car
111822,"9,21E+18",9,1,79,142,2021,12,9,1,3,8,1,0,0,1,0,0,0,0,"671917,580976","5340890,02744",11.31359776,48.197949681,1,2,#fc8d62,car
111849,"9,21E+18",9,1,85,158,2021,12,18,6,3,4,1,2,0,1,0,0,0,0,"667610,176287","5380244,92725",11.271368161,48.552884824,2,2,#fc8d62,car
111866,"9,21E+18",9,1,74,126,2021,12,10,2,3,0,3,0,1,1,0,0,0,0,"683674,162716","5343954,58486",11.472991838,48.222203758,1,1,#66c2a5,bicycle
111873,"9,21E+18",9,1,73,126,2021,12,17,6,3,5,3,2,0,1,0,0,0,0,"682119,578257","5307216,93674",11.436440657,47.892420849,1,2,#fc8d62,car
111886,"9,21E+18",9,7,71,113,2021,12,17,6,3,2,2,0,0,1,0,1,0,0,"657061,653672","5370359,69241",11.124805575,48.466745401,0,2,#fc8d62,car
111914,"9,21E+18",9,1,74,131,2021,12,22,6,3,4,1,2,0,1,0,0,0,0,"674126,816721","5361651,82902",11.351862244,48.38397906,0,2,#fc8d62,car
111922,"9,21E+18",9,7,71,122,2021,12,16,6,3,9,1,1,0,1,0,0,0,0,"649108,950882","5360281,14916",11.013704785,48.378065263,1,2,#fc8d62,car
111937,"9,21E+18",9,1,62,0,2021,12,11,4,3,2,2,0,0,1,0,0,0,0,"693276,435872","5331427,42822",11.596449806,48.106761632,0,2,#fc8d62,car
111940,"9,21E+18",9,1,82,120,2021,12,17,4,3,2,6,2,0,1,0,0,0,0,"702849,209259","5310381,64606",11.714949281,47.914646641,0,2,#fc8d62,car
111956,"9,21E+18",9,1,87,182,2021,12,17,6,3,4,7,2,0,1,0,0,0,0,"736097,338914","5328157,98838",12.169063458,48.062965226,0,2,#fc8d62,car