OBJECTID,UIDENTSTLA,ULAND,UREGBEZ,UKREIS,UGEMEINDE,UJAHR,UMONAT,USTUNDE,UWOCHENTAG,UKATEGORIE,UART,UTYP1,ULICHTVERH,IstRad,IstPKW,IstFuss,IstKrad,IstGkfz,IstSonstig,LINREFX,LINREFY,XGCSWGS84,YGCSWGS84,STRZUSTAN,Teilnehmer,color,symbol
111965,"9,21E+18",9,7,61,0,2021,12,13,5,3,5,3,0,1,1,0,0,0,0,"641327,945464","5365087,81378",10.91030343,48.423075541,1,1,#66c2a5,bicycle
111966,"9,21E+18",9,1,87,154,2021,12,16,4,3,0,6,2,0,0,0,1,0,0,"735152,185059","5294696,6872",12.138150607,47.762706751,0,4,#e78ac3,marker
111968,"9,21E+18",9,1,84,138,2021,12,18,3,3,5,3,2,0,1,0,0,0,0,"680495,704733","5331105,16937",11.424783906,48.107614587,0,2,#fc8d62,car
111976,"9,21E+18",9,1,79,134,2021,12,16,5,3,0,6,1,0,1,0,0,0,0,"665985,54079","5343530,94381",11.234864207,48.223269947,1,2,#fc8d62,car
111993,"9,21E+18",9,1,62,0,2021,12,16,1,3,2,6,2,0,1,0,0,0,0,"686894,277271","5331233,72369",11.510714698,48.106924973,0,2,#fc8d62,car
111997,"9,21E+18",9,2,61,0,2021,12,8,3,3,5,2,0,1,1,0,0,0,0,"732241,694653","5381569,61263",12.146775481,48.544190286,0,1,#66c2a5,bicycle
111998,"9,21E+18",9,7,61,0,2021,12,18,2,2,6,2,2,0,1,1,0,0,0,"644627,641918","5357646,61687",10.952316251,48.355420317,1,2,#fc8d62,car
112004,"9,21E+18",9,1,73,120,2021,12,19,1,3,5,3,2,0,1,0,0,0,0,"689399,56992","5311172,29543",11.535474547,47.925866681,1,2,#fc8d62,car
112013,"9,21E+18",9,1,62,0,2021,12,9,4,3,2,7,0,0,1,0,0,0,0,"688841,691473","5339823,06181",11.540659205,48.183552638,1,2,#fc8d62,car
112031,"9,21E+18",9,1,81,132,2021,12,18,3,3,8,1,2,0,1,0,0,0,0,"646458,659418","5324660,54973",10.965631323,48.058403065,1,2,#fc8d62,car
112054,"9,21E+18",9,1,78,124,2021,12,9,5,3,1,6,0,0,1,0,0,0,0,"704359,445001","5362581,512",11.760198147,48.38326633,1,2,#fc8d62,car
112061,"9,21E+18",9,1,88,132,2021,12,18,2,3,5,2,2,1,1,0,0,0,0,"664111,411155","5321841,1956",11.201297749,48.028759854,1,1,#66c2a5,bicycle
112062,"9,21E+18",9,1,77,122,2021,12,18,7,3,4,6,2,0,1,0,0,0,0,"726552,544234","5358236,40013",12.057189867,48.336653558,1,2,#fc8d62,car
112068,"9,21E+18",9,1,79,126,2021,12,18,6,3,2,6,2,0,1,0,0,0,0,"677211,241287","5339700,67239",11.38427833,48.185803221,0,2,#fc8d62,car
112077,"9,21E+18",9,1,74,111,2021,12,14,5,3,8,1,0,0,1,0,0,0,0,"667602,030881","5358690,27983",11.262627036,48.359123216,1,2,#fc8d62,car
112080,"9,21E+18",9,1,62,0,2021,12,7,4,3,5,3,0,0,1,0,0,0,0,"678079,805917","5335317,80239",11.394118502,48.146162469,1,2,#fc8d62,car
112081,"9,21E+18",9,1,79,126,2021,12,8,4,3,4,2,0,0,1,0,0,0,0,"677550,813826","5339368,84989",11.388704297,48.182725629,1,2,#fc8d62,car
112087,"9,21E+18",9,1,85,158,2021,12,7,6,3,0,1,0,1,0,0,0,0,0,"667210,657997","5380005,29992",11.265862279,48.550837394,2,1,#66c2a5,bicycle
112089,"9,21E+18",9,1,74,113,2021,12,6,3,3,4,2,2,0,1,0,0,0,0,"677720,00307","5351083,00376",11.39589237,48.287976362,1,2,#fc8d62,car
112112,"9,21E+18",9,1,79,113,2021,12,17,5,3,2,6,2,0,1,0,0,0,0,"671025,191537","5333898,56094",11.298786569,48.135339716,0,2,#fc8d62,car
112114,"9,21E+18",9,1,84,119,2021,12,20,6,3,9,1,2,0,1,0,0,0,0,"697032,239001","5348424,295",11.654730788,48.258366379,1,2,#fc8d62,car
112129,"9,21E+18",9,7,72,151,2021,12,5,6,3,5,3,2,0,1,0,0,0,0,"632234,153","5343097,866",10.78055022,48.227309749,1,2,#fc8d62,car
112146,"9,21E+18",9,1,90,140,2021,12,14,5,3,2,6,0,0,1,0,0,0,0,"642964,637439","5293833,66341",10.908538531,47.78199132,0,2,#fc8d62,car
112148,"9,21E+18",9,7,72,148,2021,12,17,4,2,2,6,2,1,1,0,0,0,0,"628020,489891","5353681,04995",10.727045241,48.323345315,0,1,#66c2a5,bicycle
112149,"9,21E+18",9,1,73,134,2021,12,16,4,3,2,6,1,0,1,0,0,0,0,"685720,510026","5298876,33688",11.480987321,47.816415643,1,2,#fc8d62,car
112157,"9,21E+18",9,7,71,142,2021,12,15,2,3,9,7,0,0,1,0,0,0,1,"645135,680128","5354552,99185",10.958104012,48.327487772,0,2,#fc8d62,car
190077,"9,21E+18",9,1,62,0,2021,1,19,7,3,6,3,2,0,1,1,0,0,0,"698754,92503","5333259,12",11.670818942,48.12153782,1,2,#fc8d62,car
190078,"9,21E+18",9,1,62,0,2021,1,13,5,2,0,7,0,0,0,0,0,0,1,"695245,776504","5334791,71114",11.624417813,48.136397779,0,6,#ffd92f,circle
190082,"9,21E+18",9,1,62,0,2021,1,18,5,3,5,2,2,1,1,0,0,0,0,"687436,804918","5336063,65614",11.520120047,48.150178356,2,1,#66c2a5,bicycle
190090,"9,21E+18",9,1,62,0,2021,2,12,7,3,6,4,0,1,0,1,0,0,0,"686217,914366","5334513,58279",11.503070233,48.13660375,0,1,#66c2a5,bicycle
190093,"9,21E+18",9,7,61,0,2021,2,5,4,3,6,2,2,0,1,1,0,0,0,"640217,737569","5357294,24916",10.892704238,48.353246587,1,2,#fc8d62,car
190094,"9,21E+18",9,1,62,0,2021,1,11,2,3,2,6,0,0,1,0,0,0,0,"691704,620131","5333734,05381",11.576393464,48.127968298,2,2,#fc8d62,car
190098,"9,21E+18",9,7,61,0,2021,1,7,4,3,0,7,1,1,0,0,0,0,0,"640496,332814","5358154,00252",10.89674971,48.360915303,2,1,#66c2a5,bicycle
190101,"9,21E+18",9,7,61,0,2021,2,11,2,3,6,4,0,0,1,1,0,0,0,"637784,602203","5360255,84737",10.860849377,48.38041244,0,2,#fc8d62,car
190102,"9,21E+18",9,1,90,140,2021,1,19,1,3,9,1,2,0,1,0,0,0,0,"645370,313627","5296423,44978",10.941502357,47.804741209,2,2,#fc8d62,car
190106,"9,21E+18",9,1,78,145,2021,1,14,4,3,5,1,0,0,1,0,0,0,0,"697356,854148","5354434,55035",11.661906893,48.312279699,0,2,#fc8d62,car
190108,"9,21E+18",9,1,87,117,2021,1,6,4,3,5,3,0,0,1,0,0,0,1,"725516,773002","5305819,24499",12.015537567,47.866085291,1,2,#fc8d62,car
190109,"9,21E+18",9,1,62,0,2021,1,16,3,3,5,2,1,1,1,0,0,0,0,"691573,595001","5334545,351",11.574999184,48.135299589,0,1,#66c2a5,bicycle
190113,"9,21E+18",9,1,62,0,2021,1,14,7,3,5,2,0,1,1,0,0,0,0,"692092,110775","5334489,27779",11.581936098,48.134639317,0,1,#66c2a5,bicycle
190115,"9,21E+18",9,1,62,0,2021,2,18,3,3,1,6,2,0,1,0,0,0,0,"681149,973001","5335884,512",11.435596871,48.150389671,1,2,#fc8d62,car
190116,"9,21E+18",9,1,62,0,2021,1,14,2,3,2,6,0,0,1,0,0,0,0,"686207,20557","5334560,9983",11.502947159,48.137033072,2,2,#fc8d62,car
190117,"9,21E+18",9,1,79,118,2021,1,14,7,3,6,7,0,0,1,1,0,0,0,"671913,026343","5336901,11966",11.311922754,48.162092365,2,2,#fc8d62,car
190118,"9,21E+18",9,1,62,0,2021,1,14,1,3,5,3,0,0,1,0,0,0,0,"686896,200756","5331384,29225",11.510806472,48.108277775,2,2,#fc8d62,car
190124,"9,21E+18",9,1,62,0,2021,2,19,2,3,6,2,2,0,1,1,0,0,0,"690526,115176","5334731,63863",11.561017637,48.137288393,1,2,#fc8d62,car
190126,"9,21E+18",9,2,61,0,2021,1,10,5,3,6,2,0,0,1,1,0,0,0,"731884,318089","5380603,40504",12.141403149,48.535643207,1,2,#fc8d62,car
190133,"9,21E+18",9,1,62,0,2021,1,9,4,3,0,7,0,1,0,0,0,0,0,"683463,239792","5335464,00439",11.466488256,48.14594687,2,1,#66c2a5,bicycle
190134,"9,21E+18",9,1,62,0,2021,1,15,1,2,6,4,0,1,0,1,0,0,0,"691529,599764","5336653,54514",11.575356791,48.154260992,0,1,#66c2a5,bicycle
190135,"9,21E+18",9,1,62,0,2021,1,20,7,2,1,1,2,1,1,0,0,0,0,"693176,010581","5334727,13052",11.596597329,48.136448997,0,1,#66c2a5,bicycle
190137,"9,21E+18",9,2,61,0,2021,1,12,6,3,6,4,0,0,1,1,0,0,0,"732558,746327","5380405,75283",12.150415187,48.533618228,1,2,#fc8d62,car
190138,"9,21E+18",9,1,84,149,2021,2,17,4,3,5,3,2,0,1,0,1,0,0,"692218,909306","5349746,6886",11.590548606,48.271729843,1,2,#fc8d62,car
190143,"9,21E+18",9,1,84,130,2021,1,7,4,3,0,1,0,1,0,0,0,0,0,"698612,745869","5343776,71196",11.673823014,48.216105169,1,1,#66c2a5,bicycle
190144,"9,21E+18",9,7,61,0,2021,2,15,6,3,3,1,0,1,0,0,0,0,0,"641528,913277","5358100,04241",10.910663726,48.36019948,0,1,#66c2a5,bicycle
190147,"9,21E+18",9,1,84,134,2021,1,11,6,2,5,3,0,1,1,0,0,0,0,"693493,035036","5321624,08436",11.59492127,48.018585045,0,1,#66c2a5,bicycle
190151,"9,21E+18",9,1,62,0,2021,1,6,3,3,5,3,2,1,1,0,0,0,0,"686798,838001","5336658,517",11.511812137,48.155712815,1,1,#66c2a5,bicycle
190153,"9,21E+18",9,1,83,135,2021,1,9,3,3,8,1,0,0,0,0,0,0,1,"742386,764055","5347390,54746",12.264293443,48.233361627,2,6,#ffd92f,circle
190154,"9,21E+18",9,1,62,0,2021,1,12,2,3,0,2,0,0,1,0,0,0,1,"688418,377909","5332388,96881",11.531678958,48.116859605,0,2,#fc8d62,car
190155,"9,21E+18",9,1,84,149,2021,1,18,6,3,6,2,2,0,1,1,0,0,0,"690709,928559","5350910,29812",11.570758277,48.28264415,1,2,#fc8d62,car
190156,"9,21E+18",9,1,78,124,2021,1,17,6,3,2,6,2,0,1,0,0,0,0,"703385,927001","5364781,96",11.748130439,48.403354589,0,2,#fc8d62,car
190158,"9,21E+18",9,1,79,123,2021,1,15,2,3,1,5,0,0,1,0,0,0,0,"676181,158442","5333506,44491",11.367866391,48.130408354,0,2,#fc8d62,car
190159,"9,21E+18",9,1,73,126,2021,1,17,1,2,6,4,2,0,1,1,0,0,0,"685458,481971","5303699,45433",11.479556499,47.85984628,2,2,#fc8d62,car
190162,"9,21E+18",9,1,63,0,2021,2,18,5,3,5,2,2,1,1,0,0,0,0,"731870,904333","5304581,7577",12.099712687,47.852705771,0,1,#66c2a5,bicycle
190171,"9,21E+18",9,1,62,0,2021,2,12,2,2,5,3,0,0,1,0,0,0,0,"687908,005033","5330409,96607",11.5239566,48.099222589,1,2,#fc8d62,car
190174,"9,21E+18",9,1,62,0,2021,1,8,3,3,6,2,0,0,1,1,0,0,0,"691473,692201","5340342,36323",11.576267067,48.187432255,1,2,#fc8d62,car
190177,"9,21E+18",9,1,62,0,2021,1,6,4,2,3,2,2,1,0,0,0,1,0,"690146,522001","5335251,029",11.556152376,48.142070213,2,1,#66c2a5,bicycle
190178,"9,21E+18",9,1,86,152,2021,2,9,7,3,4,6,0,0,1,0,0,0,0,"694435,274519","5378981,79817",11.633926091,48.533791812,1,2,#fc8d62,car
190181,"9,21E+18",9,7,72,147,2021,1,11,5,3,4,2,0,1,1,0,0,0,0,"634359,476","5365696,84",10.81635765,48.430076741,1,1,#66c2a5,bicycle
190183,"9,21E+18",9,1,62,0,2021,1,8,1,3,5,3,0,0,1,0,0,1,0,"693166,298399","5341024,50956",11.59932701,48.193050703,2,2,#fc8d62,car
190185,"9,21E+18",9,7,71,130,2021,1,12,3,3,4,1,0,0,1,0,0,0,0,"646288,593233","5357077,415",10.974525704,48.349919859,2,2,#fc8d62,car
190189,"9,21E+18",9,1,62,0,2021,1,13,6,3,5,3,0,0,1,0,0,0,0,"688984,001719","5342157,20174",11.543610694,48.204489595,0,2,#fc8d62,car
190197,"9,21E+18",9,7,77,151,2021,1,12,5,3,4,1,0,0,1,0,0,1,0,"620927,68107","5293277,92471",10.614328093,47.781507076,2,2,#fc8d62,car
190198,"9,21E+18",9,1,63,0,2021,1,6,4,3,0,1,1,1,0,0,0,0,0,"733883,806544","5305332,60023",12.126986408,47.858722106,2,1,#66c2a5,bicycle
190200,"9,21E+18",9,7,61,0,2021,1,15,3,3,5,3,0,0,1,0,0,0,0,"638909,553699","5356158,28879",10.874681027,48.343321355,2,2,#fc8d62,car
190202,"9,21E+18",9,7,77,177,2021,1,14,6,3,0,1,0,1,0,0,0,0,0,"632413,359632","5317203,61647",10.774922685,47.994413898,0,1,#66c2a5,bicycle
190203,"9,21E+18",9,1,62,0,2021,1,9,4,2,0,5,0,1,1,0,0,0,0,"684442,373103","5337512,68802",11.480526993,48.164078346,0,1,#66c2a5,bicycle
190205,"9,21E+18",9,1,88,120,2021,1,12,2,3,4,2,0,0,1,0,0,0,0,"673233,095001","5326092,435",11.325269814,48.064568548,0,2,#fc8d62,car
190206,"9,21E+18",9,1,63,0,2021,1,16,1,3,9,1,0,0,1,0,0,0,0,"732064,494777","5305917,87876",12.103013631,47.864639893,2,2,#fc8d62,car
190217,"9,21E+18",9,1,62,0,2021,1,20,5,3,3,2,2,1,1,0,0,0,0,"690233,866812","5339008,57443",11.559005489,48.175816769,2,1,#66c2a5,bicycle
190219,"9,21E+18",9,7,61,0,2021,1,20,7,3,5,7,2,0,1,0,0,0,0,"642779,488588","5358480,49231",10.927665924,48.363338725,0,2,#fc8d62,car
190220,"9,21E+18",9,1,81,128,2021,1,12,7,2,0,1,0,1,0,0,0,0,0,"638462,282","5327336,743",10.859238594,48.084253782,0,1,#66c2a5,bicycle
190223,"9,21E+18",9,1,81,128,2021,1,10,5,3,9,1,0,0,1,0,0,0,0,"639384,290461","5332132,23307",10.873179028,48.127174903,1,2,#fc8d62,car
190227,"9,21E+18",9,1,62,0,2021,1,18,4,3,4,2,2,1,1,0,0,0,0,"691348,927712","5337343,82726",11.573240404,48.160519534,0,1,#66c2a5,bicycle
190231,"9,21E+18",9,1,84,148,2021,1,6,5,3,0,4,2,1,0,1,0,0,0,"695290,005972","5326433,03163",11.621187453,48.061259806,1,1,#66c2a5,bicycle
190232,"9,21E+18",9,7,61,0,2021,1,10,3,3,1,7,0,0,1,0,0,0,0,"637220,943683","5362518,97571",10.853980373,48.40088502,2,2,#fc8d62,car
190233,"9,21E+18",9,1,62,0,2021,2,20,5,3,4,6,2,1,0,0,0,0,0,"699469,927054","5332687,09713",11.680148479,48.11617338,0,1,#66c2a5,bicycle
190234,"9,21E+18",9,7,77,145,2021,1,7,3,3,4,1,1,0,1,0,0,0,0,"631539,075","5326429,727",10.766043122,48.077563447,2,2,#fc8d62,car
190237,"9,21E+18",9,1,62,0,2021,1,14,4,3,0,7,0,0,0,1,0,0,1,"687703,527243","5332120,27257",11.521965283,48.114655596,1,3,#8da0cb,toilet
190239,"9,21E+18",9,1,62,0,2021,2,14,1,3,0,7,0,0,1,0,0,0,0,"693895,817329","5334660,87095",11.60623217,48.135634574,1,2,#fc8d62,car
190243,"9,21E+18",9,1,86,143,2021,1,19,2,2,0,1,2,1,0,0,0,0,0,"685639,679325","5377910,01636",11.514421282,48.526822363,2,1,#66c2a5,bicycle
190245,"9,21E+18",9,1,62,0,2021,1,8,3,3,6,2,0,0,1,1,0,0,0,"691232,68708","5333528,18992",11.569965224,48.126259958,1,2,#fc8d62,car
190247,"9,21E+18",9,1,62,0,2021,1,17,4,3,0,1,1,1,0,0,0,0,0,"689685,36996","5336019,10853",11.550301655,48.14911139,2,1,#66c2a5,bicycle
190250,"9,21E+18",9,7,61,0,2021,2,17,3,3,6,2,1,0,1,1,0,0,0,"639284,187795","5360261,01298",10.881092444,48.380129606,1,2,#fc8d62,car
190253,"9,21E+18",9,1,62,0,2021,2,18,3,3,5,3,2,0,1,0,0,0,1,"692543,012186","5334814,20149",11.588137185,48.137423405,1,2,#fc8d62,car
190255,"9,21E+18",9,2,61,0,2021,1,12,6,3,6,4,0,0,1,1,0,0,0,"732916,590123","5381896,82865",12.15608853,48.546879404,1,2,#fc8d62,car
190258,"9,21E+18",9,1,78,124,2021,1,14,5,3,0,1,0,1,0,0,0,0,0,"704668,527227","5364052,49234",11.765084324,48.396384505,1,1,#66c2a5,bicycle
190259,"9,21E+18",9,1,62,0,2021,2,20,7,3,3,7,2,0,1,0,0,1,0,"686245,822574","5332442,08487",11.502539715,48.117976148,0,2,#fc8d62,car
190262,"9,21E+18",9,1,84,119,2021,2,17,3,2,6,4,2,0,1,1,0,0,0,"696372,23823","5347454,34037",11.645398053,48.249854087,1,2,#fc8d62,car
190267,"9,21E+18",9,7,61,0,2021,1,15,3,3,1,1,0,0,1,0,0,0,1,"641132,811","5356583,143",10.904810722,48.346648718,1,2,#fc8d62,car
190268,"9,21E+18",9,7,71,130,2021,2,5,6,3,0,1,2,0,1,0,0,0,0,"647711,977987","5356716,20895",10.993599037,48.346340898,0,2,#fc8d62,car
190270,"9,21E+18",9,1,73,112,2021,1,14,3,3,5,3,0,1,1,0,0,0,0,"691949,980176","5293092,9651",11.56156301,47.762603825,0,1,#66c2a5,bicycle
190271,"9,21E+18",9,1,62,0,2021,1,15,7,3,1,1,0,1,1,0,0,0,0,"693322,539001","5337314,587",11.599739834,48.159659748,1,1,#66c2a5,bicycle
190276,"9,21E+18",9,1,62,0,2021,1,8,5,3,5,3,0,1,0,0,0,1,0,"691431,42759","5335343,14525",11.573448846,48.142512851,2,1,#66c2a5,bicycle
190278,"9,21E+18",9,7,61,0,2021,2,17,5,2,5,3,2,1,1,0,0,0,0,"639148,717362","5359224,1152",10.87892067,48.370835971,0,1,#66c2a5,bicycle
190279,"9,21E+18",9,7,72,125,2021,1,10,3,3,2,6,0,0,1,0,0,0,1,"637015,731131","5347073,08143",10.846187116,48.262040527,2,2,#fc8d62,car
190284,"9,21E+18",9,1,62,0,2021,2,11,7,3,4,6,0,1,1,0,0,0,0,"685125,856365","5328262,13817",11.485692771,48.080731082,0,1,#66c2a5,bicycle
190289,"9,21E+18",9,1,73,120,2021,1,14,5,3,5,3,0,0,1,0,0,0,0,"690778,544988","5311189,80346",11.553923602,47.925615161,1,2,#fc8d62,car
190290,"9,21E+18",9,1,85,158,2021,1,14,4,3,5,3,0,1,1,0,0,0,0,"667630,360587","5380286,90593",11.271658366,48.553256786,0,1,#66c2a5,bicycle
190292,"9,21E+18",9,1,62,0,2021,1,7,4,3,0,1,2,1,0,0,0,0,0,"689643,893197","5333257,07304",11.548514881,48.124298423,2,1,#66c2a5,bicycle
190293,"9,21E+18",9,7,61,0,2021,2,17,6,3,5,3,1,0,1,0,0,0,0,"636885,466195","5360844,63637",10.848904496,48.385902496,0,2,#fc8d62,car
190294,"9,21E+18",9,7,78,216,2021,1,20,3,3,9,1,2,0,1,0,0,0,0,"623764,828272","5322465,6274",10.660565789,48.043469628,2,2,#fc8d62,car
190296,"9,21E+18",9,1,84,120,2021,1,21,7,3,5,3,2,0,1,0,0,0,0,"680300,130477","5332853,03992",11.422897994,48.123381502,1,2,#fc8d62,car
190300,"9,21E+18",9,1,62,0,2021,1,7,5,3,5,3,2,0,1,0,0,0,0,"697696,141649","5330420,36106",11.655291674,48.096354556,1,2,#fc8d62,car
190301,"9,21E+18",9,1,78,144,2021,1,6,4,3,9,1,2,0,1,0,0,0,0,"705202,291144","5379762,64611",11.77999224,48.537380634,1,2,#fc8d62,car
190302,"9,21E+18",9,1,62,0,2021,2,19,5,2,4,2,2,0,1,0,1,0,0,"690569,970123","5337076,23368",11.562656091,48.158348362,0,2,#fc8d62,car
190304,"9,21E+18",9,1,62,0,2021,1,10,2,3,5,2,0,1,1,0,0,0,0,"694488,115641","5334211,37768",11.613979717,48.131413975,0,1,#66c2a5,bicycle
190305,"9,21E+18",9,1,73,147,2021,1,14,1,3,0,7,0,1,0,0,0,0,0,"681850,607975","5308785,0188",11.433506544,47.906592955,1,1,#66c2a5,bicycle
190308,"9,21E+18",9,2,61,0,2021,1,17,2,3,5,3,2,0,1,0,0,0,0,"731328,559928","5383302,64065",12.135384868,48.560095105,0,2,#fc8d62,car
190309,"9,21E+18",9,1,75,137,2021,1,10,7,3,6,1,0,0,1,1,0,0,0,"725982,810002","5332120,58799",12.035596808,48.102229331,2,2,#fc8d62,car
190313,"9,21E+18",9,1,62,0,2021,2,12,4,3,2,6,0,0,1,0,0,0,0,"688562,543474","5332400,22701",11.533619051,48.116918124,1,2,#fc8d62,car
190315,"9,21E+18",9,1,62,0,2021,1,13,6,3,2,6,0,0,1,0,0,0,1,"689528,458001","5333149,257",11.546917266,48.123363738,1,2,#fc8d62,car
190318,"9,21E+18",9,2,74,126,2021,1,2,4,3,0,7,2,1,0,0,0,0,0,"733169,755754","5382956,03699",12.16010658,48.556299842,1,1,#66c2a5,bicycle
190329,"9,21E+18",9,1,86,143,2021,1,11,3,3,6,6,0,0,1,1,0,0,0,"683700,469498","5377188,20477",11.487863379,48.520905287,0,2,#fc8d62,car
190332,"9,21E+18",9,7,61,0,2021,1,13,4,2,0,7,0,1,0,0,0,0,0,"639222,908775","5360545,80482",10.880359655,48.382703905,0,1,#66c2a5,bicycle
190334,"9,21E+18",9,1,62,0,2021,2,9,7,3,5,3,0,0,1,0,0,0,0,"690806,607727","5336510,88209",11.565581418,48.153196071,0,2,#fc8d62,car
190338,"9,21E+18",9,1,88,139,2021,1,11,6,2,6,6,0,0,1,1,0,0,0,"676314,176295","5318886,53096",11.363624518,47.99894725,0,2,#fc8d62,car
190339,"9,21E+18",9,7,61,0,2021,1,6,6,3,9,1,2,0,1,0,0,0,0,"638975,476355","5360954,18777",10.877154747,48.38643054,1,2,#fc8d62,car
190342,"9,21E+18",9,7,61,0,2021,1,20,4,3,5,2,2,0,1,0,0,0,0,"641126,416436","5351853,11022",10.903140926,48.304119101,1,2,#fc8d62,car
190343,"9,21E+18",9,1,62,0,2021,2,17,6,3,6,4,2,0,1,1,0,0,0,"681629,013335","5335767,76175",11.441981782,48.149203617,0,2,#fc8d62,car
190352,"9,21E+18",9,1,62,0,2021,2,9,5,2,0,7,0,1,0,1,0,0,0,"692780,824559","5338336,3107",11.592925882,48.169007167,0,1,#66c2a5,bicycle
190359,"9,21E+18",9,1,63,0,2021,1,19,1,3,8,1,2,0,1,0,0,0,0,"732017,361815","5306099,79216",12.102481977,47.86629126,2,2,#fc8d62,car
190361,"9,21E+18",9,1,87,122,2021,1,10,3,3,4,2,0,0,1,0,0,0,0,"720579,955002","5306358,75399",11.94989083,47.872646985,0,2,#fc8d62,car
190362,"9,21E+18",9,7,71,130,2021,2,11,4,3,1,2,0,0,1,0,0,0,0,"644965,244596","5358362,70268",10.95711746,48.361781495,1,2,#fc8d62,car
190368,"9,21E+18",9,7,78,116,2021,1,14,7,3,4,6,0,1,1,0,0,0,0,"618680,76526","5319611,98482",10.591589579,48.01877044,0,1,#66c2a5,bicycle
190369,"9,21E+18",9,1,62,0,2021,2,14,7,3,6,4,0,0,1,1,0,0,0,"689469,388581","5333605,80062",11.546327241,48.127484777,0,2,#fc8d62,car
190370,"9,21E+18",9,1,62,0,2021,1,9,5,3,0,7,0,1,0,0,0,0,0,"690842,476451","5334778,2367",11.565286569,48.137612417,1,1,#66c2a5,bicycle
190376,"9,21E+18",9,1,63,0,2021,1,17,5,3,5,3,2,0,1,0,0,0,0,"732785,453909","5303022,53671",12.111081433,47.838366953,2,2,#fc8d62,car
190377,"9,21E+18",9,1,62,0,2021,1,10,1,3,5,3,0,0,1,0,0,0,0,"701169,467001","5331648,251",11.702467948,48.106302697,1,2,#fc8d62,car
190381,"9,21E+18",9,7,72,200,2021,1,19,1,3,8,1,2,1,0,0,0,0,0,"629612,348672","5337228,31331",10.743471866,48.175067838,2,1,#66c2a5,bicycle
190383,"9,21E+18",9,7,72,125,2021,1,14,6,3,5,3,0,0,1,0,0,0,0,"637158,271283","5348309,04391",10.848507585,48.273123555,1,2,#fc8d62,car
190385,"9,21E+18",9,1,62,0,2021,1,15,2,3,5,3,0,1,1,0,0,0,1,"691204,2408","5335820,91899",11.570612475,48.146875346,0,1,#66c2a5,bicycle
190387,"9,21E+18",9,1,62,0,2021,1,1,1,3,9,1,2,0,1,0,0,0,0,"683153,770369","5336674,62656",11.462852693,48.156917878,2,2,#fc8d62,car
190388,"9,21E+18",9,1,62,0,2021,1,20,5,3,1,2,2,1,1,0,0,0,0,"689844,220716","5337383,65296",11.553043959,48.16132853,1,1,#66c2a5,bicycle
190390,"9,21E+18",9,1,78,124,2021,1,13,4,3,6,6,0,1,0,1,0,0,0,"702281,391005","5364384,41445",11.73303224,48.400137454,0,1,#66c2a5,bicycle
190392,"9,21E+18",9,1,84,139,2021,1,6,4,2,5,3,2,1,1,0,0,0,0,"687259,504521","5325418,43832",11.513067494,48.054547681,2,1,#66c2a5,bicycle
190395,"9,21E+18",9,1,62,0,2021,1,20,7,3,3,6,2,1,0,0,0,0,0,"689394,586253","5333034,39011",11.54506908,48.12237114,1,1,#66c2a5,bicycle
190400,"9,21E+18",9,7,61,0,2021,1,17,5,3,0,1,1,1,1,0,0,0,0,"639592,099205","5358148,79761",10.884547401,48.361069083,1,1,#66c2a5,bicycle
190401,"9,21E+18",9,1,84,119,2021,1,17,3,3,5,2,2,0,1,0,0,0,0,"696630,687006","5349046,47644",11.649615617,48.264082742,1,2,#fc8d62,car
190406,"9,21E+18",9,1,90,140,2021,1,12,4,3,5,3,0,0,1,0,0,0,0,"644108,543221","5295877,08877",10.924479034,47.80011182,1,2,#fc8d62,car
190408,"9,21E+18",9,1,75,132,2021,1,8,2,3,0,7,0,1,0,0,0,0,0,"707520,412593","5331732,55553",11.787723098,48.105023274,0,1,#66c2a5,bicycle
190409,"9,21E+18",9,1,62,0,2021,1,12,7,3,5,3,0,0,1,0,0,0,0,"691916,721386","5338106,24947",11.581212022,48.167200903,1,2,#fc8d62,car
190412,"9,21E+18",9,1,74,115,2021,2,15,5,3,4,6,0,1,0,0,0,0,0,"682283,587457","5347731,04325",11.455912213,48.256549653,0,1,#66c2a5,bicycle
190413,"9,21E+18",9,7,72,163,2021,1,18,2,3,2,6,2,0,1,0,0,0,0,"640775,576592","5350543,14285",10.897975606,48.292418343,2,2,#fc8d62,car
190415,"9,21E+18",9,1,84,122,2021,1,16,7,3,2,6,1,0,1,0,0,0,0,"688935,127279","5323695,13312",11.534771416,48.038564246,0,2,#fc8d62,car
190416,"9,21E+18",9,1,62,0,2021,1,16,3,3,0,7,1,1,0,0,0,0,0,"691541,291277","5337030,79201",11.575683646,48.157648106,1,1,#66c2a5,bicycle
190418,"9,21E+18",9,1,62,0,2021,1,14,7,3,6,4,0,1,0,1,0,0,0,"692173,387291","5334415,62236",11.582994171,48.133952778,1,1,#66c2a5,bicycle
190419,"9,21E+18",9,7,72,147,2021,2,15,7,3,0,7,0,1,0,0,0,0,0,"638206,073679","5365770,74335",10.868354426,48.429908905,1,1,#66c2a5,bicycle
190420,"9,21E+18",9,1,62,0,2021,1,10,5,3,1,5,0,0,1,0,0,0,0,"684400,694455","5331419,09562",11.477329025,48.109317916,2,2,#fc8d62,car