OBJECTID,UIDENTSTLA,ULAND,UREGBEZ,UKREIS,UGEMEINDE,UJAHR,UMONAT,USTUNDE,UWOCHENTAG,UKATEGORIE,UART,UTYP1,ULICHTVERH,IstRad,IstPKW,IstFuss,IstKrad,IstGkfz,IstSonstig,LINREFX,LINREFY,XGCSWGS84,YGCSWGS84,STRZUSTAN,Teilnehmer,color,symbol
190882,"9,21E+18",9,1,62,0,2021,1,15,1,3,0,7,0,0,0,0,0,0,1,"690362,068636","5333849,42106",11.558420645,48.12940812,1,6,#ffd92f,circle
190883,"9,21E+18",9,1,62,0,2021,1,22,5,3,8,7,2,0,1,0,0,0,0,"686221,688164","5333450,53895",11.502656286,48.127047598,2,2,#fc8d62,car
190885,"9,21E+18",9,1,62,0,2021,1,10,6,3,0,1,0,0,0,0,1,0,0,"695698,846001","5336305,345",11.631196781,48.149862349,2,4,#e78ac3,marker
190892,"9,21E+18",9,1,62,0,2021,1,12,4,3,5,3,0,0,1,0,0,0,0,"688590,567754","5342064,18205",11.538279374,48.203770525,1,2,#fc8d62,car
190896,"9,21E+18",9,1,62,0,2021,2,3,4,2,6,4,2,0,1,1,0,0,0,"690804,416122","5342263,12804",11.568134573,48.204897147,1,2,#fc8d62,car
190901,"9,21E+18",9,1,62,0,2021,1,8,4,3,0,1,0,1,0,0,0,0,0,"694352,926224","5336876,24926",11.613381014,48.155406058,2,1,#66c2a5,bicycle
190902,"9,21E+18",9,1,62,0,2021,2,20,6,3,4,2,1,0,1,0,0,0,0,"686256,409357","5331798,79282",11.502400868,48.112190876,1,2,#fc8d62,car
190907,"9,21E+18",9,1,62,0,2021,1,18,2,3,5,3,2,0,1,0,0,0,0,"689822,477001","5333428,647",11.55098871,48.12578732,1,2,#fc8d62,car
190909,"9,21E+18",9,1,62,0,2021,1,17,3,2,4,3,2,1,1,0,0,0,0,"687507,789619","5338925,52421",11.522335097,48.175880496,1,1,#66c2a5,bicycle
190911,"9,21E+18",9,1,78,157,2021,1,7,4,3,5,3,1,0,1,0,0,0,0,"705141,345226","5370217,30224",11.77448008,48.451627698,2,2,#fc8d62,car
190916,"9,21E+18",9,1,87,163,2021,1,11,7,3,0,7,0,1,0,0,0,0,0,"738907,617002","5309180,22599",12.196174165,47.891438938,0,1,#66c2a5,bicycle
190927,"9,21E+18",9,1,77,117,2021,1,16,5,3,1,4,0,0,1,1,1,0,0,"716062,800349","5354363,49283",11.913847904,48.305528737,1,2,#fc8d62,car
190932,"9,21E+18",9,1,62,0,2021,2,21,4,3,4,2,2,0,1,0,0,0,0,"690500,442985","5330601,8115",11.558827766,48.100177147,0,2,#fc8d62,car
190935,"9,21E+18",9,7,72,163,2021,1,6,6,3,6,2,2,0,1,1,0,0,0,"640441,053022","5349280,91733",10.893048391,48.281142967,1,2,#fc8d62,car
190938,"9,21E+18",9,1,86,143,2021,2,16,1,3,5,3,0,0,1,0,0,0,0,"685255,677001","5380077,989",11.510189036,48.546420897,1,2,#fc8d62,car
190939,"9,21E+18",9,1,74,115,2021,1,10,6,3,5,3,0,0,1,0,0,0,1,"682824,518829","5348843,22048",11.463673831,48.266390576,1,2,#fc8d62,car
190940,"9,21E+18",9,1,78,124,2021,1,13,6,3,2,6,0,0,1,0,0,1,0,"703380,751115","5364781,66168",11.748060443,48.403353578,1,2,#fc8d62,car
190941,"9,21E+18",9,1,84,138,2021,2,12,2,3,5,3,0,0,1,0,0,0,0,"682321,510876","5331341,64882",11.449389774,48.109220294,0,2,#fc8d62,car
190943,"9,21E+18",9,1,62,0,2021,1,16,5,3,3,6,1,0,1,0,0,0,0,"693812,945564","5331164,29515",11.603529979,48.104233666,2,2,#fc8d62,car
190945,"9,21E+18",9,2,74,124,2021,1,6,6,3,9,1,2,0,1,0,0,0,0,"723477,523561","5375429,50432",12.024911778,48.492211571,1,2,#fc8d62,car
190946,"9,21E+18",9,1,62,0,2021,1,12,3,3,5,3,0,1,1,0,0,0,0,"686250,663134","5339834,2195",11.505839472,48.184417795,1,1,#66c2a5,bicycle
190948,"9,21E+18",9,7,61,0,2021,1,16,4,3,2,7,0,0,1,0,0,0,1,"641295,713","5359280,572",10.907913865,48.370866586,0,2,#fc8d62,car
190949,"9,21E+18",9,1,62,0,2021,2,12,6,3,5,2,0,1,1,0,0,0,0,"686221,573688","5333458,61013",11.502658276,48.127120179,0,1,#66c2a5,bicycle
190951,"9,21E+18",9,1,74,126,2021,2,11,2,2,0,3,0,1,1,0,0,0,0,"683350,56578","5344314,55912",11.468794815,48.225532975,1,1,#66c2a5,bicycle
190952,"9,21E+18",9,2,74,126,2021,1,11,6,3,5,3,0,0,1,0,0,0,0,"733481,995102","5384111,01962",12.164979429,48.566558397,1,2,#fc8d62,car
190958,"9,21E+18",9,1,62,0,2021,2,11,5,2,6,4,0,0,0,1,0,0,1,"690625,695006","5337360,70744",11.563532129,48.160888487,0,3,#8da0cb,toilet
190960,"9,21E+18",9,1,77,117,2021,1,17,2,3,8,1,2,0,1,0,0,0,0,"714363,029424","5354831,17053",11.891192587,48.310309125,0,2,#fc8d62,car
190965,"9,21E+18",9,1,62,0,2021,1,13,7,3,5,2,0,1,1,0,0,0,0,"689143,340739","5336900,70546",11.543413397,48.157196651,1,1,#66c2a5,bicycle
190968,"9,21E+18",9,1,62,0,2021,1,12,2,3,3,6,0,0,1,0,1,0,0,"690362,066833","5336338,55838",11.559533248,48.151780442,1,2,#fc8d62,car
190969,"9,21E+18",9,1,74,136,2021,1,8,5,2,6,4,0,0,1,1,0,0,0,"682956,515001","5365044,645",11.47248705,48.41197559,1,2,#fc8d62,car
190970,"9,21E+18",9,7,61,0,2021,1,7,7,3,2,6,0,0,1,0,0,0,0,"639298,448726","5361789,06462",10.881791583,48.393866273,1,2,#fc8d62,car
190979,"9,21E+18",9,1,77,118,2021,2,15,2,3,6,4,0,0,1,1,0,0,0,"709405,740817","5345455,71696",11.819774912,48.227723342,0,2,#fc8d62,car
190985,"9,21E+18",9,2,61,0,2021,1,10,3,3,5,3,0,1,1,0,0,0,0,"732128,483002","5381011,49999",12.144933015,48.539218781,2,1,#66c2a5,bicycle
190986,"9,21E+18",9,1,62,0,2021,1,15,6,3,6,4,0,0,0,1,0,0,1,"682535,855627","5335980,09228",11.454253659,48.150852602,0,3,#8da0cb,toilet
190989,"9,21E+18",9,1,62,0,2021,1,13,7,2,6,2,0,0,0,1,0,0,1,"692240,028429","5337238,39333",11.585163564,48.159303132,1,3,#8da0cb,toilet
190992,"9,21E+18",9,1,62,0,2021,1,14,2,2,0,7,0,1,0,0,0,0,0,"699796,227549","5332470,3896",11.684426258,48.114123518,2,1,#66c2a5,bicycle
190994,"9,21E+18",9,1,62,0,2021,1,9,7,2,5,3,0,1,1,0,0,0,0,"692296,414495","5337890,19107",11.586215674,48.165144282,1,1,#66c2a5,bicycle
190997,"9,21E+18",9,7,61,0,2021,1,10,3,3,2,6,0,0,1,0,0,0,0,"640353,226","5358533,428",10.894945404,48.36435881,1,2,#fc8d62,car
191000,"9,21E+18",9,1,84,120,2021,2,10,6,3,0,7,0,0,0,0,0,0,1,"682217,421545","5333516,64055",11.448922255,48.128800591,0,6,#ffd92f,circle
191002,"9,21E+18",9,1,62,0,2021,1,23,7,3,5,3,2,0,1,0,0,0,0,"692126,901763","5332267,75842",11.581401902,48.114662141,1,2,#fc8d62,car
191005,"9,21E+18",9,1,62,0,2021,1,15,1,3,5,7,0,1,0,0,0,0,1,"683333,697227","5337934,77902",11.465812974,48.168193026,2,1,#66c2a5,bicycle
191007,"9,21E+18",9,1,62,0,2021,1,17,3,3,5,2,2,0,1,0,0,0,0,"694111,732001","5334752,53",11.609173015,48.136392552,1,2,#fc8d62,car
191008,"9,21E+18",9,1,62,0,2021,2,16,5,2,5,2,0,0,1,0,0,0,1,"687413,7448","5333978,74667",11.518892785,48.131445447,0,2,#fc8d62,car
191009,"9,21E+18",9,1,78,124,2021,1,7,3,3,5,7,1,1,1,0,0,0,0,"704016,361962","5365270,4065",11.756875962,48.407540152,2,1,#66c2a5,bicycle
191010,"9,21E+18",9,1,62,0,2021,1,9,1,3,0,1,0,1,0,0,0,0,0,"689628,650001","5333941,312",11.5486147,48.130452956,2,1,#66c2a5,bicycle
191011,"9,21E+18",9,1,78,124,2021,1,17,2,3,2,6,2,0,1,0,0,0,0,"703794,182851","5364328,90447",11.753420233,48.399151536,1,2,#fc8d62,car
191015,"9,21E+18",9,1,62,0,2021,1,20,7,3,1,7,2,0,1,0,0,0,1,"690498,142959","5338172,64695",11.562182256,48.168224365,0,2,#fc8d62,car
191018,"9,21E+18",9,1,62,0,2021,2,6,4,3,2,6,2,0,1,0,0,0,0,"687503,16898","5338874,45752",11.522250476,48.175422863,0,2,#fc8d62,car
191025,"9,21E+18",9,1,63,0,2021,1,16,1,3,5,3,1,0,1,0,0,0,0,"731878,882524","5304569,08794",12.09981239,47.852589065,0,2,#fc8d62,car
191026,"9,21E+18",9,7,61,0,2021,2,15,7,1,6,4,0,0,1,1,0,0,0,"639544,677755","5358797,41287",10.88412272,48.36691175,0,2,#fc8d62,car
191030,"9,21E+18",9,1,62,0,2021,1,18,6,3,5,2,2,1,1,0,0,0,0,"690882,253879","5334272,51766",11.565594092,48.133055113,0,1,#66c2a5,bicycle
191036,"9,21E+18",9,2,61,0,2021,2,12,7,2,2,6,0,0,1,0,1,0,0,"730345,041052","5380527,24324",12.120540362,48.535525839,1,2,#fc8d62,car
191037,"9,21E+18",9,1,62,0,2021,1,18,3,3,2,6,2,0,1,0,0,0,0,"692179,963001","5333507,841",11.582673056,48.125791807,1,2,#fc8d62,car
191038,"9,21E+18",9,7,72,184,2021,1,11,4,3,9,1,0,0,1,0,0,0,0,"633339,882829","5359161,52999",10.80050547,48.371527247,2,2,#fc8d62,car
191041,"9,21E+18",9,7,71,130,2021,1,14,2,2,0,1,0,0,0,0,1,0,0,"647492,872814","5357169,30221",10.990802463,48.35046595,1,4,#e78ac3,marker
191043,"9,21E+18",9,7,61,0,2021,1,15,7,3,0,1,0,1,1,0,0,0,0,"641939,320635","5352272,38943",10.914237921,48.307707248,0,1,#66c2a5,bicycle
191044,"9,21E+18",9,1,73,126,2021,1,18,7,3,5,3,2,0,1,0,0,0,0,"685809,55181","5303099,27639",11.483987843,47.854349887,0,2,#fc8d62,car
191047,"9,21E+18",9,1,73,126,2021,1,10,5,3,5,3,0,0,1,0,0,0,0,"685817,066663","5303098,74165",11.484087978,47.854342907,2,2,#fc8d62,car
191049,"9,21E+18",9,1,62,0,2021,2,15,6,3,7,7,0,1,0,0,0,0,1,"690053,706344","5332939,27923",11.553874771,48.121319872,0,1,#66c2a5,bicycle
191050,"9,21E+18",9,1,62,0,2021,1,17,3,3,2,6,2,0,1,0,0,0,0,"691771,10733","5332048,80896",11.576528044,48.112801481,0,2,#fc8d62,car
191058,"9,21E+18",9,1,62,0,2021,1,16,2,3,0,7,0,0,0,1,0,0,1,"694929,109299","5333139,52181",11.619410165,48.12164569,2,3,#8da0cb,toilet
191060,"9,21E+18",9,7,61,0,2021,1,14,2,3,3,7,0,0,1,0,0,1,0,"636574,291004","5360962,73466",10.844742129,48.387031878,1,2,#fc8d62,car
191065,"9,21E+18",9,1,62,0,2021,2,18,1,3,6,2,2,0,1,1,0,0,0,"687429,856926","5332803,14935",11.518592132,48.120874099,1,2,#fc8d62,car
191068,"9,21E+18",9,1,62,0,2021,2,9,4,3,6,7,0,0,1,1,0,0,0,"692864,292878","5333568,44901",11.59188733,48.126129589,0,2,#fc8d62,car
191070,"9,21E+18",9,1,84,144,2021,1,10,5,3,9,1,0,0,1,0,0,0,0,"686970,754636","5316487,13789",11.505301923,47.974352991,1,2,#fc8d62,car
191073,"9,21E+18",9,1,62,0,2021,1,8,4,3,2,6,0,0,1,0,0,0,0,"692711,556099","5334122,41214",11.590087398,48.131154743,0,2,#fc8d62,car
191076,"9,21E+18",9,1,62,0,2021,2,17,3,3,5,2,2,1,1,0,0,0,0,"696721,917192","5333463,44418",11.643624492,48.124005532,1,1,#66c2a5,bicycle
191082,"9,21E+18",9,7,71,145,2021,2,17,6,3,0,7,2,1,0,0,0,0,0,"644029,646203","5347188,23768",10.940678779,48.261520216,1,1,#66c2a5,bicycle
191086,"9,21E+18",9,1,62,0,2021,1,17,5,3,8,7,2,0,1,0,0,0,0,"681893,7461","5338313,29754",11.446626156,48.172009093,0,2,#fc8d62,car
191103,"9,21E+18",9,1,62,0,2021,2,20,7,3,5,3,2,0,1,0,0,0,0,"690336,728032","5335865,93985",11.558981571,48.147540146,2,2,#fc8d62,car
191104,"9,21E+18",9,7,62,0,2021,2,17,7,3,7,7,0,1,0,1,0,0,0,"621938,802723","5304041,11439",10.630851177,47.878118587,0,1,#66c2a5,bicycle
191105,"9,21E+18",9,1,62,0,2021,3,15,4,2,6,4,0,0,1,1,0,0,0,"692052,283506","5340299,15198",11.584024238,48.186869226,0,2,#fc8d62,car
191107,"9,21E+18",9,1,62,0,2021,3,11,5,3,0,1,0,1,0,0,0,0,0,"695797,489763","5337281,72682",11.632970831,48.158607162,0,1,#66c2a5,bicycle
191116,"9,21E+18",9,1,62,0,2021,2,11,5,3,4,2,0,0,1,0,1,0,0,"683467,636001","5336671,4",11.46706777,48.156798399,0,2,#fc8d62,car
191118,"9,21E+18",9,7,62,0,2021,2,16,2,3,1,1,0,0,1,0,1,0,0,"620896,236292","5304857,73761",10.61714193,47.885660288,0,2,#fc8d62,car
191119,"9,21E+18",9,1,82,119,2021,3,15,2,3,5,3,0,1,0,1,0,0,0,"711802,916073","5292767,70591",11.826023744,47.753465422,0,1,#66c2a5,bicycle
191120,"9,21E+18",9,1,87,165,2021,3,13,7,3,5,3,0,1,1,0,0,0,0,"729597,017486","5295156,88166",12.064369742,47.768843444,0,1,#66c2a5,bicycle
191121,"9,21E+18",9,7,61,0,2021,2,13,2,3,5,3,0,0,1,0,0,0,0,"643445,013181","5360149,42065",10.937215162,48.378193948,0,2,#fc8d62,car
191126,"9,21E+18",9,1,62,0,2021,2,18,1,3,0,7,1,0,0,0,0,0,1,"692178,296018","5334702,21225",11.583189367,48.136527114,0,6,#ffd92f,circle
191127,"9,21E+18",9,1,62,0,2021,3,15,5,3,5,2,0,1,1,0,0,0,0,"687567,056783","5329875,55478",11.519146806,48.094519578,0,1,#66c2a5,bicycle
191128,"9,21E+18",9,7,61,0,2021,2,13,7,3,5,3,0,0,1,0,0,0,1,"640943,334415","5359798,41887",10.903332032,48.375601668,0,2,#fc8d62,car
191129,"9,21E+18",9,1,62,0,2021,2,14,6,3,3,2,0,1,1,0,0,0,0,"689076,465533","5333354,69177",11.540940639,48.125344606,0,1,#66c2a5,bicycle
191132,"9,21E+18",9,1,62,0,2021,3,19,2,3,0,3,2,0,1,0,0,0,0,"693389,5634","5337419,3681",11.600687825,48.160581104,0,2,#fc8d62,car
191135,"9,21E+18",9,1,62,0,2021,2,11,6,3,5,3,0,1,1,0,0,0,0,"693759,269581","5335254,89382",11.604668971,48.141015039,1,1,#66c2a5,bicycle
191136,"9,21E+18",9,1,78,138,2021,3,16,5,2,5,3,0,1,1,0,0,0,0,"710641,991842","5368411,04738",11.8478722,48.433581181,0,1,#66c2a5,bicycle
191137,"9,21E+18",9,1,62,0,2021,3,8,4,3,0,1,0,1,0,0,0,0,0,"691398,81628","5337340,19375",11.573908963,48.160471861,1,1,#66c2a5,bicycle
191138,"9,21E+18",9,1,62,0,2021,2,13,5,3,5,3,0,1,1,0,0,0,0,"688266,705001","5332376,538",11.529637581,48.116792732,0,1,#66c2a5,bicycle
191140,"9,21E+18",9,1,78,145,2021,3,14,2,2,5,3,0,1,0,0,0,0,1,"696447,197356","5354388,1012",11.649629676,48.312145442,0,1,#66c2a5,bicycle
191141,"9,21E+18",9,1,77,117,2021,3,16,2,3,3,6,0,0,1,0,1,0,0,"714469,070701","5353539,18841",11.89196448,48.298664422,0,2,#fc8d62,car
191143,"9,21E+18",9,1,77,116,2021,2,17,6,3,0,1,2,0,0,0,0,0,1,"714066,578001","5360190,692",11.889921943,48.358565969,2,6,#ffd92f,circle
191147,"9,21E+18",9,1,84,138,2021,2,12,5,3,5,2,0,1,1,0,0,0,0,"682598,111081","5331816,35635",11.453305434,48.113408092,0,1,#66c2a5,bicycle
191149,"9,21E+18",9,1,62,0,2021,2,6,2,3,0,5,1,1,1,0,0,0,0,"689605,410283","5335461,59801",11.548979414,48.144124301,0,1,#66c2a5,bicycle
191150,"9,21E+18",9,1,62,0,2021,2,18,7,3,0,1,1,1,0,0,0,0,0,"690308,328919","5333569,18434",11.557573999,48.126905418,0,1,#66c2a5,bicycle
191153,"9,21E+18",9,1,84,123,2021,2,20,7,3,0,7,2,0,0,0,0,0,1,"703701,712597","5332633,44794",11.73691605,48.114351775,0,6,#ffd92f,circle
191154,"9,21E+18",9,1,63,0,2021,2,19,4,3,6,2,2,0,1,1,0,0,0,"732652,282074","5304847,43138",12.11028534,47.85481029,1,2,#fc8d62,car
191157,"9,21E+18",9,1,62,0,2021,3,20,4,3,5,3,2,1,1,0,0,0,0,"682787,526928","5341134,58357",11.459850655,48.197112088,0,1,#66c2a5,bicycle
191158,"9,21E+18",9,1,74,126,2021,2,10,5,3,6,6,0,0,1,1,0,0,0,"682679,910854","5343039,98724",11.459224059,48.214269909,0,2,#fc8d62,car
191159,"9,21E+18",9,7,71,146,2021,2,14,5,3,8,1,0,0,1,0,0,0,0,"647175,472","5348262,727",10.98341397,48.270458364,0,2,#fc8d62,car
191163,"9,21E+18",9,1,62,0,2021,2,7,2,3,5,2,0,0,1,0,0,0,1,"689823,705385","5336705,75872",11.552465901,48.155241742,0,2,#fc8d62,car
191164,"9,21E+18",9,1,62,0,2021,2,12,7,3,1,3,0,1,1,0,0,0,0,"698979,144022","5332069,86523",11.673273643,48.110779722,0,1,#66c2a5,bicycle
191166,"9,21E+18",9,1,87,150,2021,3,19,3,3,5,3,1,0,1,0,1,0,0,"729311,930397","5303489,99676",12.064976012,47.843814807,0,2,#fc8d62,car
191167,"9,21E+18",9,1,62,0,2021,3,18,3,3,2,6,1,1,1,0,0,0,0,"690514,065933","5335141,004",11.561038956,48.140971365,0,1,#66c2a5,bicycle
191171,"9,21E+18",9,1,62,0,2021,2,12,7,3,5,3,0,0,1,0,0,0,0,"692142,787001","5338543,458",11.584446881,48.171062138,0,2,#fc8d62,car
191173,"9,21E+18",9,1,62,0,2021,2,11,6,3,5,3,0,1,1,0,0,0,0,"698732,719051","5328608,29539",11.668355353,48.079746615,0,1,#66c2a5,bicycle
191175,"9,21E+18",9,7,61,0,2021,2,16,2,3,5,3,0,1,1,0,0,0,0,"641727,364723","5362332,05405",10.914768332,48.398207369,1,1,#66c2a5,bicycle
191179,"9,21E+18",9,7,61,0,2021,2,2,1,3,0,1,2,0,1,0,0,0,0,"641144,34","5359192,74",10.905841574,48.370110706,0,2,#fc8d62,car
191180,"9,21E+18",9,1,63,0,2021,2,16,7,3,0,7,0,1,0,0,0,0,0,"732403,824659","5303152,61254",12.106058689,47.839673603,1,1,#66c2a5,bicycle
191181,"9,21E+18",9,1,83,119,2021,2,7,7,3,1,7,0,0,1,0,0,0,0,"737441,48146","5338932,52235",12.193073186,48.1592547,0,2,#fc8d62,car
191182,"9,21E+18",9,1,62,0,2021,3,7,4,3,1,7,0,0,1,0,0,0,0,"684067,50794","5332802,63396",11.473454343,48.121850377,0,2,#fc8d62,car
191186,"9,21E+18",9,7,61,0,2021,2,13,6,3,6,7,0,0,1,1,0,0,0,"641489,503","5357831,04",10.910041533,48.357789547,0,2,#fc8d62,car
191187,"9,21E+18",9,1,86,143,2021,3,13,2,3,5,3,0,0,1,0,0,0,0,"684573,731477","5377551,7735",11.499839202,48.52391687,0,2,#fc8d62,car
191189,"9,21E+18",9,1,87,130,2021,2,17,4,3,4,5,2,1,1,0,0,0,0,"711395,171678","5308759,3274",11.828392769,47.897308167,0,1,#66c2a5,bicycle
191190,"9,21E+18",9,1,74,115,2021,2,12,5,3,7,5,0,0,1,0,0,0,0,"679804,877944","5347694,08974",11.422532001,48.256925648,0,2,#fc8d62,car
191191,"9,21E+18",9,1,62,0,2021,3,18,3,3,6,6,1,1,0,1,0,0,0,"686213,542858","5334122,74237",11.502840686,48.133092007,0,1,#66c2a5,bicycle
191195,"9,21E+18",9,1,62,0,2021,2,12,3,3,3,6,0,0,1,0,0,1,0,"680230,790339","5338478,44414",11.42434887,48.173967318,0,2,#fc8d62,car
191198,"9,21E+18",9,1,62,0,2021,2,17,1,3,3,6,1,0,1,0,0,0,0,"691008,840533","5333206,02967",11.566815727,48.1234316,0,2,#fc8d62,car
191202,"9,21E+18",9,2,61,0,2021,3,7,2,3,4,6,0,0,1,0,0,0,0,"730842,406094","5380080,6235",12.127020538,48.531331159,0,2,#fc8d62,car
191203,"9,21E+18",9,1,84,127,2021,2,12,4,3,5,3,0,0,1,0,0,0,0,"702543,498022","5321732,49659",11.716209474,48.016754934,0,2,#fc8d62,car
191204,"9,21E+18",9,2,61,0,2021,2,16,2,3,5,2,0,1,1,0,0,0,0,"730614,492927","5382416,08076",12.125230518,48.552394209,0,1,#66c2a5,bicycle
191206,"9,21E+18",9,1,62,0,2021,2,7,7,3,6,2,0,0,1,1,0,0,0,"684338,919855","5331844,25997",11.47668366,48.113157428,0,2,#fc8d62,car
191213,"9,21E+18",9,1,62,0,2021,3,15,1,3,3,7,0,0,1,0,1,0,0,"690505,086208","5333970,76766",11.560395027,48.130455995,0,2,#fc8d62,car
191220,"9,21E+18",9,1,62,0,2021,2,16,1,3,6,4,0,1,0,1,0,0,0,"697714,624194","5330427,63334",11.655543008,48.096414181,0,1,#66c2a5,bicycle
191223,"9,21E+18",9,7,72,184,2021,2,15,6,3,0,1,0,1,0,0,0,0,0,"635675,978187","5359877,12728",10.832264375,48.377463989,0,1,#66c2a5,bicycle
191224,"9,21E+18",9,7,61,0,2021,3,18,5,3,2,6,2,0,1,0,0,0,0,"641712,529831","5359948,98653",10.913764176,48.37678323,0,2,#fc8d62,car
191227,"9,21E+18",9,1,84,135,2021,3,8,2,3,3,6,0,1,1,0,0,0,0,"689625,854025","5347180,87341",11.554488172,48.249450397,0,1,#66c2a5,bicycle
191228,"9,21E+18",9,1,84,149,2021,3,14,7,3,3,6,0,0,1,0,0,0,0,"691036,254251","5350510,54767",11.574971822,48.278952956,0,2,#fc8d62,car
191231,"9,21E+18",9,1,62,0,2021,2,14,6,3,0,7,0,0,0,1,0,0,1,"696282,026927","5331111,34769",11.63663713,48.10300191,0,3,#8da0cb,toilet
191232,"9,21E+18",9,1,62,0,2021,2,9,6,3,5,3,0,0,1,0,1,0,0,"690526,077586","5336860,25704",11.561969754,48.156420331,1,2,#fc8d62,car
191240,"9,21E+18",9,1,62,0,2021,2,15,3,3,0,1,0,1,0,0,0,0,0,"695643,039875","5335994,21728",11.630304291,48.147083268,0,1,#66c2a5,bicycle
191244,"9,21E+18",9,7,61,0,2021,2,14,5,2,0,1,0,1,0,0,0,0,0,"640474,657516","5353924,50049",10.895046546,48.322889632,0,1,#66c2a5,bicycle
191247,"9,21E+18",9,1,73,112,2021,2,18,2,3,5,3,2,1,1,0,0,0,0,"691439,00474","5292830,26012",11.554635394,47.760394399,1,1,#66c2a5,bicycle
191248,"9,21E+18",9,1,62,0,2021,2,9,7,1,6,7,0,1,0,1,0,0,0,"682994,736084","5335688,87939",11.460292366,48.148103134,0,1,#66c2a5,bicycle
191254,"9,21E+18",9,1,62,0,2021,2,16,1,2,0,3,0,0,1,0,1,0,0,"697462,534996","5331836,19365",11.652812657,48.109151598,0,2,#fc8d62,car
191255,"9,21E+18",9,1,62,0,2021,3,10,5,3,6,4,0,0,1,1,0,0,0,"682919,482758","5335674,39524",11.459275357,48.147994586,0,2,#fc8d62,car
191259,"9,21E+18",9,1,62,0,2021,2,14,6,3,5,2,0,1,1,0,0,0,0,"686999,169981","5335504,75615",11.513996344,48.145283616,0,1,#66c2a5,bicycle
191260,"9,21E+18",9,1,62,0,2021,3,9,5,3,3,6,0,1,0,0,0,0,0,"689603,320951","5335451,00928",11.548946639,48.144029752,0,1,#66c2a5,bicycle
191262,"9,21E+18",9,1,84,135,2021,3,7,2,3,4,2,0,0,1,0,0,0,0,"689832,05913","5348146,04379",11.557696017,48.258063449,0,2,#fc8d62,car
191264,"9,21E+18",9,1,62,0,2021,2,11,4,3,6,4,0,0,1,1,0,0,0,"690367,190886","5334232,35951",11.558660503,48.132848438,0,2,#fc8d62,car
191265,"9,21E+18",9,1,74,115,2021,2,15,1,3,5,2,0,0,1,0,1,0,0,"682127,589192","5348728,2748",11.454241742,48.265558137,0,2,#fc8d62,car
191267,"9,21E+18",9,1,62,0,2021,3,9,4,3,2,2,0,1,1,0,0,0,0,"692595,158074","5334814,98503",11.588837735,48.137414668,0,1,#66c2a5,bicycle
191268,"9,21E+18",9,1,62,0,2021,3,9,3,3,3,3,0,1,1,0,0,0,0,"689641,933713","5335657,41873",11.549557137,48.14587346,0,1,#66c2a5,bicycle
191270,"9,21E+18",9,1,62,0,2021,2,21,5,3,1,1,2,0,1,0,0,0,1,"692263,445972","5335974,12522",11.584906976,48.147933092,0,2,#fc8d62,car
191271,"9,21E+18",9,1,62,0,2021,2,13,2,3,0,1,0,1,0,0,0,0,0,"698247,845001","5332427,959",11.663626148,48.114226039,1,1,#66c2a5,bicycle
191275,"9,21E+18",9,1,81,130,2021,2,14,6,3,5,2,0,1,1,0,0,0,0,"639218,355281","5324323,67562",10.868404019,48.056994748,0,1,#66c2a5,bicycle
191276,"9,21E+18",9,1,87,124,2021,3,10,4,3,4,5,0,1,1,0,0,1,0,"734851,881415","5328339,32533",12.152471919,48.065053857,0,1,#66c2a5,bicycle
191281,"9,21E+18",9,7,77,121,2021,3,9,4,3,5,3,0,1,1,0,0,0,0,"628389,243929","5321554,27749",10.722310261,48.034360466,1,1,#66c2a5,bicycle
191282,"9,21E+18",9,1,87,150,2021,2,13,6,3,5,3,0,0,1,0,0,1,0,"729386,354002","5303716,46999",12.066089307,47.845823018,0,2,#fc8d62,car
191285,"9,21E+18",9,1,86,143,2021,3,8,2,3,0,2,0,1,0,0,0,0,0,"684855,214001","5378216,192",11.503942326,48.529805687,0,1,#66c2a5,bicycle
191287,"9,21E+18",9,1,62,0,2021,2,15,3,3,3,7,0,0,1,0,0,0,0,"686204,589781","5335068,89335",11.503134088,48.141598988,0,2,#fc8d62,car
191290,"9,21E+18",9,7,61,0,2021,3,14,3,2,5,3,0,1,1,0,0,0,0,"644328,486133","5356982,89559",10.948052822,48.349520964,0,1,#66c2a5,bicycle
191293,"9,21E+18",9,1,88,132,2021,2,15,2,2,0,1,0,1,0,0,0,0,0,"663930,933435","5323403,71646",11.199476857,48.042854036,0,1,#66c2a5,bicycle
191295,"9,21E+18",9,1,86,143,2021,2,13,3,3,5,3,0,0,1,0,0,0,1,"684574,70619","5377551,94884",11.499852468,48.52391816,0,2,#fc8d62,car
191296,"9,21E+18",9,2,61,0,2021,2,19,7,2,8,1,2,1,0,0,0,0,0,"730241,474209","5381364,81007",12.119602213,48.543087695,0,1,#66c2a5,bicycle
191300,"9,21E+18",9,1,88,137,2021,3,10,3,3,5,3,0,1,1,0,0,0,0,"671506,25","5314210,029",11.29735819,47.958213345,0,1,#66c2a5,bicycle
191303,"9,21E+18",9,1,78,143,2021,2,17,1,3,0,1,0,1,0,0,0,0,0,"716589,512184","5372537,85614",11.930309084,48.468642347,1,1,#66c2a5,bicycle
191306,"9,21E+18",9,1,63,0,2021,3,13,5,2,6,4,0,0,1,1,0,0,0,"731206,755184","5303838,97331",12.090450665,47.84627159,0,2,#fc8d62,car