OBJECTID,UIDENTSTLA,ULAND,UREGBEZ,UKREIS,UGEMEINDE,UJAHR,UMONAT,USTUNDE,UWOCHENTAG,UKATEGORIE,UART,UTYP1,ULICHTVERH,IstRad,IstPKW,IstFuss,IstKrad,IstGkfz,IstSonstig,LINREFX,LINREFY,XGCSWGS84,YGCSWGS84,STRZUSTAN,Teilnehmer,color,symbol
191307,"9,21E+18",9,1,62,0,2021,3,16,4,3,6,4,0,0,1,1,0,0,0,"694459,70776","5334801,58345",11.613867716,48.13672719,0,2,#fc8d62,car
191310,"9,21E+18",9,2,61,0,2021,2,23,3,3,6,4,2,0,1,1,0,0,0,"734150,605002","5381580,00299",12.172605095,48.543574198,0,2,#fc8d62,car
191311,"9,21E+18",9,7,61,0,2021,3,14,2,3,0,3,0,1,1,0,0,0,0,"640490,308944","5354175,74111",10.895341295,48.325145247,0,1,#66c2a5,bicycle
191312,"9,21E+18",9,1,62,0,2021,3,18,1,3,1,5,2,0,1,0,0,0,0,"693708,089527","5336413,21202",11.604508722,48.151441184,1,2,#fc8d62,car
191316,"9,21E+18",9,1,79,121,2021,3,17,4,3,5,3,0,0,1,0,0,0,0,"666323,03343","5337841,31491",11.237175542,48.172031776,0,2,#fc8d62,car
191321,"9,21E+18",9,1,62,0,2021,2,9,1,3,0,1,0,1,0,0,0,0,0,"690132,282832","5337466,33204",11.556950802,48.161985572,0,1,#66c2a5,bicycle
191323,"9,21E+18",9,1,62,0,2021,2,6,2,3,3,7,2,0,1,0,0,0,0,"690059,443241","5333628,81918",11.554259241,48.127515774,0,2,#fc8d62,car
191324,"9,21E+18",9,1,63,0,2021,2,10,5,2,5,3,0,0,1,1,0,0,0,"733982,449134","5305319,42239",12.128296082,47.858567811,1,2,#fc8d62,car
191325,"9,21E+18",9,1,62,0,2021,3,15,2,3,1,5,0,1,1,0,0,0,0,"692243,136391","5334440,14338",11.583941742,48.134152103,0,1,#66c2a5,bicycle
191326,"9,21E+18",9,1,62,0,2021,3,17,3,3,3,6,0,1,0,0,0,0,0,"692358,022787","5332909,83154",11.584793597,48.120363225,0,1,#66c2a5,bicycle
191328,"9,21E+18",9,7,71,142,2021,2,12,3,3,0,7,0,1,0,0,0,0,0,"646584,551246","5352104,55763",10.976788515,48.305138755,0,1,#66c2a5,bicycle
191329,"9,21E+18",9,1,84,139,2021,2,17,1,2,0,1,0,0,0,0,1,0,0,"686944,087499","5324762,18067",11.508552043,48.0487414,0,4,#e78ac3,marker
191333,"9,21E+18",9,1,62,0,2021,2,13,6,3,4,6,0,1,0,0,0,0,0,"698189,158613","5333666,16159",11.663414089,48.125372363,0,1,#66c2a5,bicycle
191334,"9,21E+18",9,7,72,202,2021,2,11,5,3,6,4,0,0,1,1,0,0,0,"636292,819224","5360005,572",10.840631821,48.378486016,0,2,#fc8d62,car
191335,"9,21E+18",9,1,62,0,2021,2,9,3,2,3,6,0,0,1,0,0,0,0,"689525,755846","5335700,06074",11.54801582,48.14629135,1,2,#fc8d62,car
191337,"9,21E+18",9,1,62,0,2021,3,11,2,3,5,3,0,0,1,0,0,0,0,"687527,517085","5331981,41216",11.519541744,48.113459329,0,2,#fc8d62,car
191342,"9,21E+18",9,1,62,0,2021,2,11,1,3,5,3,0,1,1,0,0,0,0,"685281,814475","5329976,45109",11.488528512,48.096094977,0,1,#66c2a5,bicycle
191344,"9,21E+18",9,1,63,0,2021,2,17,3,3,2,6,2,0,1,0,0,0,0,"732472,117159","5304613,68972",12.107754812,47.852775504,0,2,#fc8d62,car
191347,"9,21E+18",9,2,74,121,2021,2,19,4,3,8,1,1,0,1,0,0,0,0,"726212,628419","5369328,23165",12.058580306,48.436421796,2,2,#fc8d62,car
191348,"9,21E+18",9,1,78,145,2021,3,16,3,3,2,6,0,0,1,0,1,0,0,"697662,129462","5355458,51825",11.66649959,48.321386707,0,2,#fc8d62,car
191349,"9,21E+18",9,1,62,0,2021,3,7,2,3,0,1,0,1,0,0,0,0,0,"695112,451793","5333876,35449",11.622208488,48.12821186,1,1,#66c2a5,bicycle
191354,"9,21E+18",9,7,72,202,2021,3,9,4,3,5,2,0,1,1,0,0,0,0,"636061,458854","5359765,20506",10.837431172,48.376374581,0,1,#66c2a5,bicycle
191358,"9,21E+18",9,1,84,129,2021,3,16,2,3,5,3,0,1,1,0,0,0,0,"701694,352826","5323575,75574",11.705702664,48.033589064,0,1,#66c2a5,bicycle
191359,"9,21E+18",9,1,62,0,2021,3,10,7,3,5,3,0,0,1,0,1,0,0,"685931,940303","5333686,32977",11.498869048,48.12925168,0,2,#fc8d62,car
191361,"9,21E+18",9,1,88,121,2021,2,13,5,3,2,6,0,0,1,0,0,0,0,"670420,25292","5332150,81849",11.289963273,48.11979017,1,2,#fc8d62,car
191363,"9,21E+18",9,7,61,0,2021,3,8,4,3,5,3,0,0,1,0,0,0,0,"640105,543401","5359923,81112",10.892066531,48.376915731,0,2,#fc8d62,car
191364,"9,21E+18",9,1,78,113,2021,2,13,5,2,6,4,0,0,1,1,0,0,0,"690796,61123","5367733,26657",11.579552506,48.433814843,0,2,#fc8d62,car
191366,"9,21E+18",9,1,87,150,2021,2,16,3,2,0,4,0,0,0,1,0,0,1,"728213,669002","5303281,38999",12.050208263,47.842331286,0,3,#8da0cb,toilet
191369,"9,21E+18",9,1,73,126,2021,2,11,2,3,6,7,0,0,1,1,0,0,0,"684223,355003","5305534,53348",11.46384101,47.876697248,0,2,#fc8d62,car
191373,"9,21E+18",9,1,84,149,2021,3,16,3,2,5,3,0,0,1,0,1,0,0,"690928,71303","5350207,03353",11.573386704,48.276257508,0,2,#fc8d62,car
191375,"9,21E+18",9,1,62,0,2021,2,15,3,3,5,2,0,1,1,0,0,0,0,"691270,840738","5339704,05403",11.573253202,48.181756363,0,1,#66c2a5,bicycle
191377,"9,21E+18",9,1,90,139,2021,3,12,6,3,5,3,0,0,1,0,0,0,0,"654517,946463","5295426,26354",11.063239505,47.793644099,1,2,#fc8d62,car
191378,"9,21E+18",9,1,62,0,2021,2,9,7,3,3,6,0,0,1,0,0,0,0,"690400,791001","5333473,575",11.558772609,48.126018432,0,2,#fc8d62,car
191380,"9,21E+18",9,1,62,0,2021,2,10,6,3,0,1,0,1,0,0,0,0,0,"694335,688089","5332642,98073",11.611218196,48.117364353,0,1,#66c2a5,bicycle
191381,"9,21E+18",9,1,62,0,2021,2,7,4,3,1,5,0,1,1,0,0,0,0,"688902,962703","5332707,54217",11.53832459,48.119579432,0,1,#66c2a5,bicycle
191388,"9,21E+18",9,1,84,148,2021,2,18,6,3,6,6,2,0,1,1,0,0,0,"694176,236368","5327716,10648",11.606837165,48.073131694,0,2,#fc8d62,car
191389,"9,21E+18",9,7,61,0,2021,3,7,4,3,3,3,0,1,1,0,0,0,0,"642904,736563","5360038,91459",10.929885506,48.377322934,0,1,#66c2a5,bicycle
191390,"9,21E+18",9,1,87,150,2021,3,18,4,3,2,6,2,0,1,0,0,0,0,"729623,121745","5304338,87633",12.069579627,47.851330512,0,2,#fc8d62,car
191391,"9,21E+18",9,1,90,130,2021,2,11,6,3,0,5,0,0,1,0,0,0,0,"650902,104589","5294937,59734",11.01481937,47.790107517,0,2,#fc8d62,car
191394,"9,21E+18",9,7,71,130,2021,2,19,1,3,5,3,2,0,1,0,0,0,0,"645502,154","5363134,298",10.966013809,48.40456076,0,2,#fc8d62,car
191396,"9,21E+18",9,1,63,0,2021,2,15,4,3,4,6,0,0,1,0,0,0,0,"734076,010977","5304889,29282",12.129312296,47.854669466,0,2,#fc8d62,car
191397,"9,21E+18",9,7,72,125,2021,2,17,5,3,6,4,1,0,1,1,0,0,0,"636500,337303","5347981,89282",10.839539619,48.270323935,1,2,#fc8d62,car
191398,"9,21E+18",9,1,62,0,2021,3,11,3,2,3,2,0,1,0,0,0,1,0,"689440,271932","5337144,23795",11.547510579,48.159297143,0,1,#66c2a5,bicycle
191402,"9,21E+18",9,7,61,0,2021,2,16,6,3,1,1,0,1,1,0,0,0,0,"640118,06229","5359606,79896",10.892129836,48.374062478,0,1,#66c2a5,bicycle
191403,"9,21E+18",9,7,61,0,2021,3,18,4,3,0,1,1,0,0,0,1,0,0,"642155,878512","5359117,58302",10.919466811,48.3692079,0,4,#e78ac3,marker
191405,"9,21E+18",9,1,62,0,2021,2,16,5,3,2,6,0,0,1,0,0,0,0,"686253,890344","5331372,43533",11.502180897,48.108359331,0,2,#fc8d62,car
191406,"9,21E+18",9,1,62,0,2021,2,14,2,3,5,3,0,1,1,0,0,0,0,"691566,017328","5336512,51265",11.575782473,48.152982446,0,1,#66c2a5,bicycle
191407,"9,21E+18",9,1,62,0,2021,2,18,6,3,6,3,2,0,1,1,0,0,0,"689633,882265","5335386,02816",11.549328131,48.14343659,0,2,#fc8d62,car
191412,"9,21E+18",9,1,62,0,2021,2,10,7,3,5,3,0,1,1,0,0,0,0,"686957,291518","5338051,19197",11.514552773,48.168183977,0,1,#66c2a5,bicycle
191413,"9,21E+18",9,1,62,0,2021,2,23,4,3,0,1,2,0,0,0,1,0,0,"690727,553696","5337367,30364",11.564903457,48.160917227,2,4,#e78ac3,marker
191414,"9,21E+18",9,1,62,0,2021,3,8,3,3,2,6,0,0,1,0,0,0,0,"692175,3988","5335330,51458",11.583433966,48.142175052,0,2,#fc8d62,car
191415,"9,21E+18",9,2,74,184,2021,3,14,3,2,2,6,0,1,0,0,0,1,0,"746528,681664","5372335,7285",12.334575885,48.455809694,0,1,#66c2a5,bicycle
191418,"9,21E+18",9,1,62,0,2021,2,20,7,3,0,7,2,1,0,0,0,0,0,"690812,284783","5333313,29503",11.564225132,48.124454637,0,1,#66c2a5,bicycle
191422,"9,21E+18",9,1,62,0,2021,2,10,3,2,3,7,0,0,0,0,0,0,1,"691360,953373","5335111,97252",11.572398558,48.140456297,0,6,#ffd92f,circle
191426,"9,21E+18",9,7,61,0,2021,2,17,3,3,5,3,0,1,1,0,0,0,0,"642972,290484","5360020,47262",10.930790991,48.377141809,0,1,#66c2a5,bicycle
191436,"9,21E+18",9,1,62,0,2021,3,15,7,3,3,5,0,0,1,0,0,0,0,"692709,953745","5330711,73351",11.588524623,48.100500706,0,2,#fc8d62,car
191440,"9,21E+18",9,7,61,0,2021,2,16,6,3,8,1,0,1,0,0,0,0,0,"643602,737345","5357305,17504",10.938372917,48.352584163,0,1,#66c2a5,bicycle
191441,"9,21E+18",9,1,62,0,2021,3,17,4,3,5,2,0,1,1,0,0,0,0,"689978,262456","5331747,71898",11.552331193,48.110632565,0,1,#66c2a5,bicycle
191442,"9,21E+18",9,1,62,0,2021,3,7,3,3,5,3,0,1,1,0,0,0,0,"691059,922785","5333182,33677",11.567490847,48.123203322,0,1,#66c2a5,bicycle
191443,"9,21E+18",9,1,62,0,2021,2,18,5,3,0,7,2,1,0,0,0,0,0,"686458,041292","5336295,09259",11.507074895,48.152546253,0,1,#66c2a5,bicycle
191445,"9,21E+18",9,1,62,0,2021,2,10,6,2,5,3,0,1,1,0,0,0,0,"692504,876699","5337897,65625",11.589019716,48.165148289,1,1,#66c2a5,bicycle
191447,"9,21E+18",9,7,72,125,2021,3,11,6,3,5,3,0,0,1,0,0,0,0,"636922,185","5347775,534",10.845154746,48.268377276,0,2,#fc8d62,car
191449,"9,21E+18",9,1,79,123,2021,2,6,5,3,5,3,1,0,1,0,0,0,1,"675400,680693","5333745,15777",11.35748431,48.13276979,2,2,#fc8d62,car
191450,"9,21E+18",9,1,79,117,2021,2,15,4,1,0,1,0,1,0,0,0,0,0,"663784,998754","5344638,28539",11.20568654,48.233797054,0,1,#66c2a5,bicycle
191452,"9,21E+18",9,7,72,200,2021,3,23,3,3,8,1,2,0,1,0,0,0,0,"630524,58491","5339566,28357",10.756455216,48.19590569,1,2,#fc8d62,car
191455,"9,21E+18",9,1,62,0,2021,2,12,2,3,0,1,0,1,0,0,0,0,0,"686887,301001","5334370,162",11.511995997,48.135118408,0,1,#66c2a5,bicycle
191462,"9,21E+18",9,1,85,131,2021,3,17,3,3,5,3,1,0,1,0,0,0,0,"665394,549","5374128,388",11.238941016,48.498488574,0,2,#fc8d62,car
191469,"9,21E+18",9,1,62,0,2021,3,16,5,3,3,2,0,1,1,0,0,0,0,"696027,529121","5334985,59114",11.635003548,48.137899943,0,1,#66c2a5,bicycle
191470,"9,21E+18",9,1,79,145,2021,3,10,6,3,9,7,0,1,0,0,0,0,0,"675187,427923","5338050,73196",11.356392929,48.171532778,1,1,#66c2a5,bicycle
191473,"9,21E+18",9,1,78,124,2021,2,14,4,3,5,3,0,0,1,0,0,0,1,"703627,818986","5365346,7334",11.751668911,48.40835166,1,2,#fc8d62,car
191476,"9,21E+18",9,1,84,134,2021,2,10,4,2,0,1,0,1,0,0,0,0,0,"691599,569165","5324565,79795",11.570870412,48.04559593,0,1,#66c2a5,bicycle
191477,"9,21E+18",9,1,73,137,2021,2,15,2,2,0,1,0,1,0,0,0,0,0,"674695,818419","5303389,88251",11.335663417,47.860079799,0,1,#66c2a5,bicycle
191478,"9,21E+18",9,1,62,0,2021,3,16,5,3,5,3,0,0,1,0,0,1,0,"694645,754125","5342914,88618",11.620080524,48.209588706,0,2,#fc8d62,car
191479,"9,21E+18",9,1,87,142,2021,2,17,1,3,0,6,1,1,0,0,0,0,0,"734779,929462","5313467,47574",12.143373362,47.931477589,0,1,#66c2a5,bicycle
191480,"9,21E+18",9,7,61,0,2021,2,13,7,3,5,3,0,1,1,0,0,0,0,"638850,558524","5359234,0355",10.874900161,48.370990841,0,1,#66c2a5,bicycle
191482,"9,21E+18",9,1,84,139,2021,2,16,6,3,0,7,0,1,0,0,0,0,1,"688673,061924","5326925,11097",11.53268326,48.067673769,0,1,#66c2a5,bicycle
191485,"9,21E+18",9,1,62,0,2021,3,17,2,3,1,5,0,1,1,0,0,0,0,"690416,871175","5337572,29813",11.560821497,48.162852822,0,1,#66c2a5,bicycle
191487,"9,21E+18",9,1,87,163,2021,2,6,5,3,8,7,0,0,1,0,0,0,0,"739595,099286","5311263,62334",12.206513347,47.909898384,0,2,#fc8d62,car
191491,"9,21E+18",9,1,62,0,2021,3,17,4,3,6,4,0,1,0,1,0,0,0,"692325,317702","5335255,3627",11.585413273,48.141454304,0,1,#66c2a5,bicycle
191493,"9,21E+18",9,2,61,0,2021,2,13,6,3,0,1,0,0,0,0,1,0,0,"731449,706383","5381468,30718",12.136004879,48.543572908,0,4,#e78ac3,marker
191494,"9,21E+18",9,1,62,0,2021,2,8,5,3,0,2,0,1,0,0,0,1,0,"692070,860462","5333349,46525",11.581137022,48.124401276,2,1,#66c2a5,bicycle
191496,"9,21E+18",9,7,71,113,2021,2,0,1,3,8,1,2,0,1,0,0,0,0,"658433,846143","5368944,78246",11.142820101,48.453681013,0,2,#fc8d62,car
191497,"9,21E+18",9,1,62,0,2021,3,13,6,3,6,7,0,0,0,1,1,0,0,"690528,858788","5334920,99444",11.561139181,48.138989496,1,3,#8da0cb,toilet
191499,"9,21E+18",9,1,73,141,2021,2,17,6,3,9,1,1,0,1,0,0,0,0,"696890,418093","5299785,14546",11.630457901,47.821263615,2,2,#fc8d62,car
191503,"9,21E+18",9,1,87,117,2021,2,8,2,3,0,1,1,1,0,0,0,0,0,"725151,024002","5305511,12999",12.010493425,47.863445165,1,1,#66c2a5,bicycle
191504,"9,21E+18",9,7,61,0,2021,3,15,6,3,0,1,0,0,0,0,1,0,0,"638805,345659","5357023,71805",10.873560757,48.351126051,0,4,#e78ac3,marker
191505,"9,21E+18",9,1,79,121,2021,2,12,3,3,6,4,0,0,1,1,0,0,0,"665223,617739","5336624,72695",11.221926415,48.161381237,0,2,#fc8d62,car
191506,"9,21E+18",9,7,61,0,2021,2,10,6,3,7,1,0,1,0,0,0,0,0,"642807,480008","5358467,16872",10.928039091,48.363212594,0,1,#66c2a5,bicycle
191507,"9,21E+18",9,7,71,141,2021,2,7,5,3,8,1,0,0,1,0,0,0,0,"654963,676424","5374323,80461",11.097913024,48.502904672,2,2,#fc8d62,car
191509,"9,21E+18",9,1,75,127,2021,3,6,3,3,1,5,0,0,1,0,0,0,0,"711681,372195","5341281,76916",11.848296315,48.189462182,0,2,#fc8d62,car
191510,"9,21E+18",9,1,74,115,2021,3,21,3,2,8,1,2,0,1,0,0,0,0,"682211,90312","5346065,31671",11.454230393,48.241597837,0,2,#fc8d62,car
191513,"9,21E+18",9,2,61,0,2021,2,20,1,3,6,4,2,0,1,1,0,0,0,"733703,201893","5381580,31208",12.16655287,48.543743765,0,2,#fc8d62,car
191514,"9,21E+18",9,7,61,0,2021,2,13,7,3,3,6,0,1,0,0,0,0,1,"638399,123008","5358087,97209",10.868430695,48.360784804,0,1,#66c2a5,bicycle
191516,"9,21E+18",9,1,62,0,2021,2,15,5,3,0,7,0,1,0,0,0,0,0,"687320,469366","5332796,18708",11.517120647,48.120843711,0,1,#66c2a5,bicycle
191519,"9,21E+18",9,1,62,0,2021,3,16,2,3,2,6,0,0,1,0,1,0,0,"692139,18498","5332907,69933",11.58185512,48.120410134,0,2,#fc8d62,car
191521,"9,21E+18",9,1,62,0,2021,2,13,3,3,3,3,0,1,1,0,0,0,0,"691429,956485","5333994,24967",11.572822899,48.13038957,0,1,#66c2a5,bicycle
191524,"9,21E+18",9,1,62,0,2021,3,14,4,2,2,7,0,1,1,0,0,0,0,"692235,554515","5341891,90709",11.587208554,48.201129001,1,1,#66c2a5,bicycle
191525,"9,21E+18",9,1,62,0,2021,2,12,4,3,3,6,0,0,1,0,1,0,0,"688024,851233","5332333,32121",11.526372146,48.116475745,0,2,#fc8d62,car
191530,"9,21E+18",9,1,62,0,2021,2,9,2,3,3,2,0,0,1,0,0,0,1,"690681,993333","5337766,27403",11.564470251,48.164516802,2,2,#fc8d62,car
191533,"9,21E+18",9,1,62,0,2021,3,20,1,3,1,1,2,0,1,0,1,0,0,"687357,526292","5335004,29378",11.51858902,48.140679894,1,2,#fc8d62,car
191534,"9,21E+18",9,7,72,216,2021,2,7,4,2,0,1,0,1,0,0,0,0,0,"622338,575684","5368994,14447",10.654888691,48.462178429,2,1,#66c2a5,bicycle
191537,"9,21E+18",9,2,61,0,2021,3,22,4,2,5,3,2,0,1,0,0,0,0,"732365,911187","5381828,05904",12.148600062,48.546465853,0,2,#fc8d62,car
191538,"9,21E+18",9,1,63,0,2021,2,11,6,2,0,7,0,1,0,0,0,0,0,"735212,638452","5304450,07316",12.144245248,47.850308649,0,1,#66c2a5,bicycle
191543,"9,21E+18",9,1,62,0,2021,2,8,2,3,3,6,0,0,1,0,0,0,0,"689062,445171","5337498,30404",11.542592283,48.162591963,0,2,#fc8d62,car
191544,"9,21E+18",9,1,62,0,2021,2,12,5,3,5,3,0,0,1,0,0,0,0,"691490,8128","5337020,85406",11.575001093,48.157573988,2,2,#fc8d62,car
191545,"9,21E+18",9,1,62,0,2021,3,14,3,3,0,7,0,1,0,0,0,0,0,"686261,666747","5331550,07916",11.502362827,48.109953795,0,1,#66c2a5,bicycle
191548,"9,21E+18",9,1,88,139,2021,2,12,2,2,0,1,0,1,0,0,0,0,0,"679124,505713","5322563,34085",11.402801085,48.031217912,1,1,#66c2a5,bicycle
191549,"9,21E+18",9,1,87,117,2021,3,18,6,3,5,6,1,0,1,0,0,0,0,"725438,834002","5306404,46799",12.014802095,47.871370829,1,2,#fc8d62,car
191550,"9,21E+18",9,1,74,121,2021,2,14,1,3,6,6,0,0,1,1,0,0,0,"690246,413247","5353162,13399",11.565530965,48.303022423,0,2,#fc8d62,car
191551,"9,21E+18",9,1,62,0,2021,2,13,6,3,0,1,0,1,0,0,0,0,0,"691063,325701","5333166,14958",11.567529273,48.123056811,0,1,#66c2a5,bicycle
191555,"9,21E+18",9,7,61,0,2021,3,12,2,3,5,3,0,0,1,0,0,0,0,"642946,215508","5362082,62642",10.931140677,48.395689501,0,2,#fc8d62,car
191559,"9,21E+18",9,1,75,116,2021,2,14,7,2,2,1,0,1,0,0,0,0,0,"707622,612333","5320266,61086",11.783531154,48.001951813,0,1,#66c2a5,bicycle
191561,"9,21E+18",9,1,62,0,2021,2,15,5,2,4,6,0,1,1,0,0,0,0,"687281,710633","5343176,78045",11.521172067,48.214158161,0,1,#66c2a5,bicycle
191562,"9,21E+18",9,1,62,0,2021,3,14,5,3,0,7,0,0,0,0,0,0,1,"684253,731461","5331329,95387",11.475318062,48.108559184,0,6,#ffd92f,circle
191565,"9,21E+18",9,1,62,0,2021,3,17,1,3,5,2,0,1,1,0,0,0,0,"689943,004485","5336610,50967",11.55402589,48.154350024,0,1,#66c2a5,bicycle
191569,"9,21E+18",9,1,74,126,2021,3,14,4,3,1,7,0,0,1,0,0,0,0,"683460,982167","5344004,03324",11.47014574,48.222709902,0,2,#fc8d62,car
191570,"9,21E+18",9,1,62,0,2021,3,8,3,3,6,3,0,1,0,1,0,0,0,"685974,424397","5335111,27616",11.500061559,48.142047259,0,1,#66c2a5,bicycle
191579,"9,21E+18",9,1,78,124,2021,3,10,3,3,5,5,0,0,1,0,0,0,0,"703856,637162","5363997,02127",11.754101922,48.396148995,0,2,#fc8d62,car
191582,"9,21E+18",9,1,62,0,2021,2,8,3,3,4,2,0,1,0,0,0,0,0,"692630,992221","5332228,44944",11.588149911,48.114156569,0,1,#66c2a5,bicycle
191586,"9,21E+18",9,1,62,0,2021,2,16,6,3,5,3,0,1,1,0,0,0,0,"692228,041183","5336209,81032",11.584537905,48.15006208,0,1,#66c2a5,bicycle
191588,"9,21E+18",9,1,78,124,2021,2,13,5,3,0,1,0,1,0,0,0,0,0,"703902,202975","5363979,79826",11.754708414,48.395979496,0,1,#66c2a5,bicycle
191591,"9,21E+18",9,1,62,0,2021,2,17,4,3,0,1,2,1,0,0,0,0,0,"686790,128262","5341445,33606",11.513798883,48.198740483,2,1,#66c2a5,bicycle
191593,"9,21E+18",9,1,62,0,2021,3,13,3,3,0,2,0,1,1,0,0,0,0,"681151,30711","5335928,37588",11.43563346,48.150783575,0,1,#66c2a5,bicycle
191595,"9,21E+18",9,1,62,0,2021,2,14,3,2,6,3,0,0,1,1,0,0,0,"689716,367998","5333354,50634",11.549531195,48.125152568,0,2,#fc8d62,car
191596,"9,21E+18",9,1,62,0,2021,2,0,1,2,8,1,2,1,0,0,0,0,0,"692894,619934","5334739,81036",11.592824746,48.136648315,1,1,#66c2a5,bicycle
191598,"9,21E+18",9,1,62,0,2021,2,10,7,3,0,7,0,0,0,1,0,0,1,"692158,509546","5336818,57551",11.58387889,48.155554541,0,3,#8da0cb,toilet
191599,"9,21E+18",9,1,87,117,2021,3,10,5,3,0,7,0,1,0,0,0,0,0,"724781,263589","5304969,09709",12.005274654,47.858704453,0,1,#66c2a5,bicycle
191609,"9,21E+18",9,1,62,0,2021,3,16,4,3,0,7,0,1,0,0,0,0,0,"692968,432744","5335329,48984",11.594083029,48.141925821,0,1,#66c2a5,bicycle
191611,"9,21E+18",9,7,61,0,2021,2,13,5,3,1,5,0,0,1,0,0,0,1,"637187,954455","5360205,89458",10.852779439,48.380093294,0,2,#fc8d62,car
191613,"9,21E+18",9,1,62,0,2021,2,12,6,3,0,7,0,1,1,0,0,0,0,"690472,1948","5333595,73258",11.559785796,48.127095025,0,1,#66c2a5,bicycle
191614,"9,21E+18",9,1,63,0,2021,3,9,2,2,5,3,0,1,0,0,0,1,0,"732461,065694","5304608,64413",12.107604587,47.85273417,0,1,#66c2a5,bicycle
191625,"9,21E+18",9,1,62,0,2021,2,12,2,3,2,2,0,0,1,0,0,0,0,"687684,689001","5334314,437",11.522678573,48.134382877,0,2,#fc8d62,car
191629,"9,21E+18",9,1,62,0,2021,3,8,2,3,5,2,0,1,1,0,0,0,0,"684722,387707","5331373,38046",11.481626814,48.108813792,0,1,#66c2a5,bicycle
191630,"9,21E+18",9,1,62,0,2021,2,17,4,2,0,1,0,1,0,0,0,0,0,"695828,813935","5333065,51706",11.631452992,48.120704497,0,1,#66c2a5,bicycle
191631,"9,21E+18",9,7,71,113,2021,2,9,3,3,0,3,0,0,0,0,1,0,0,"656796,190604","5369841,12551",11.121022477,48.462149565,1,4,#e78ac3,marker
191633,"9,21E+18",9,1,62,0,2021,3,20,5,3,2,6,2,0,1,0,1,0,0,"691482,481791","5332887,73796",11.573031001,48.120428548,0,2,#fc8d62,car
191635,"9,21E+18",9,7,61,0,2021,2,16,7,3,0,7,0,1,0,0,0,0,0,"643446,607146","5358686,86908",10.93673773,48.365043118,0,1,#66c2a5,bicycle
191637,"9,21E+18",9,7,71,160,2021,2,23,6,3,0,7,2,0,0,0,1,0,0,"652754,324781","5351549,12624",11.059736192,48.298685176,0,4,#e78ac3,marker
191639,"9,21E+18",9,1,62,0,2021,2,7,3,3,5,2,0,1,1,0,0,0,0,"688211,572995","5336343,87406",11.530650332,48.152468221,1,1,#66c2a5,bicycle
191641,"9,21E+18",9,1,62,0,2021,3,13,7,3,0,7,0,0,0,0,0,0,1,"691330,434303","5333409,92633",11.571224383,48.125167644,0,6,#ffd92f,circle
191642,"9,21E+18",9,7,61,0,2021,2,18,4,3,5,3,2,1,1,0,0,0,0,"639464,515857","5360081,89059",10.883467048,48.378479151,0,1,#66c2a5,bicycle
191644,"9,21E+18",9,1,90,131,2021,2,12,1,3,0,7,0,1,0,0,0,0,0,"661813,495327","5292514,6815",11.159500359,47.765673875,0,1,#66c2a5,bicycle
191649,"9,21E+18",9,1,62,0,2021,2,9,5,3,6,4,0,1,0,1,0,0,0,"687794,958178","5336623,54524",11.525177689,48.15510511,1,1,#66c2a5,bicycle
191650,"9,21E+18",9,1,84,113,2021,2,15,2,2,0,7,0,1,0,0,0,0,0,"684969,281197","5321452,10243",11.480649149,48.019563457,0,1,#66c2a5,bicycle
191652,"9,21E+18",9,7,78,209,2021,3,14,6,3,9,1,0,1,0,0,0,0,0,"618100,386507","5324566,85056",10.585176278,48.063440455,1,1,#66c2a5,bicycle
191653,"9,21E+18",9,1,81,135,2021,2,16,4,3,0,1,0,1,0,0,0,0,0,"645019,887643","5310717,83272",10.941621851,47.93335868,0,1,#66c2a5,bicycle
191654,"9,21E+18",9,1,62,0,2021,3,15,2,3,0,7,0,1,1,0,0,0,0,"697637,591778","5330288,33276",11.654445035,48.095186129,0,1,#66c2a5,bicycle
191655,"9,21E+18",9,1,62,0,2021,3,11,7,3,2,6,0,0,1,0,0,0,0,"690014,584103","5334736,58517",11.554151031,48.1374858,0,2,#fc8d62,car
191658,"9,21E+18",9,1,62,0,2021,2,9,6,3,5,2,0,0,1,0,0,0,1,"690394,922706","5336841,99477",11.560199794,48.156295471,1,2,#fc8d62,car
191659,"9,21E+18",9,1,62,0,2021,2,10,6,3,1,7,0,0,1,0,0,0,0,"689414,544647","5331864,62508",11.544817394,48.111851218,1,2,#fc8d62,car
191661,"9,21E+18",9,1,62,0,2021,3,7,3,3,5,3,0,0,1,0,0,0,0,"690624,789672","5336042,002",11.562929239,48.149036326,0,2,#fc8d62,car
191667,"9,21E+18",9,1,87,182,2021,2,22,4,2,6,7,2,0,1,1,0,0,0,"737426,857315","5327433,27882",12.186478477,48.055961751,1,2,#fc8d62,car
191668,"9,21E+18",9,7,61,0,2021,2,15,5,3,0,1,0,1,0,0,0,0,0,"638972,092059","5358493,79302",10.87629571,48.364307994,2,1,#66c2a5,bicycle
191674,"9,21E+18",9,1,84,144,2021,2,12,1,2,6,6,0,1,0,1,0,0,0,"686239,174076","5319040,41295",11.496616045,47.997516831,0,1,#66c2a5,bicycle
191676,"9,21E+18",9,1,74,115,2021,2,18,4,2,4,6,2,0,1,0,0,0,0,"684866,998355","5347614,7772",11.49063388,48.254756256,2,2,#fc8d62,car