OBJECTID,UIDENTSTLA,ULAND,UREGBEZ,UKREIS,UGEMEINDE,UJAHR,UMONAT,USTUNDE,UWOCHENTAG,UKATEGORIE,UART,UTYP1,ULICHTVERH,IstRad,IstPKW,IstFuss,IstKrad,IstGkfz,IstSonstig,LINREFX,LINREFY,XGCSWGS84,YGCSWGS84,STRZUSTAN,Teilnehmer,color,symbol
191678,"9,21E+18",9,1,62,0,2021,3,11,2,3,0,5,0,0,1,0,0,0,0,"686240,1558","5332118,38687",11.502322273,48.115068274,0,2,#fc8d62,car
191680,"9,21E+18",9,1,79,142,2021,2,6,2,3,0,1,1,1,0,0,0,0,0,"674499,151761","5343215,4205",11.349265795,48.218149136,1,1,#66c2a5,bicycle
191682,"9,21E+18",9,7,71,158,2021,2,9,7,3,0,3,0,0,1,0,0,0,0,"642695,915","5372166,906",10.931196479,48.486417846,2,2,#fc8d62,car
191684,"9,21E+18",9,1,62,0,2021,2,12,6,3,0,1,0,1,0,0,0,0,0,"681691,20696","5337403,36365",11.443515607,48.163887875,0,1,#66c2a5,bicycle
191687,"9,21E+18",9,1,62,0,2021,3,17,2,3,2,6,1,0,1,0,0,0,0,"686248,622557","5332195,9372",11.502469789,48.115762853,0,2,#fc8d62,car
191688,"9,21E+18",9,1,81,126,2021,3,13,2,3,5,3,0,0,1,0,0,0,0,"634500,069829","5331193,80965",10.807278555,48.119786981,0,2,#fc8d62,car
191689,"9,21E+18",9,1,74,126,2021,2,12,5,3,4,2,0,1,1,0,0,0,0,"680810,661984","5343209,16036",11.434156179,48.216325872,0,1,#66c2a5,bicycle
191691,"9,21E+18",9,1,88,124,2021,3,14,5,3,0,1,0,1,0,0,0,0,0,"661542,213042","5319628,73996",11.166027928,48.009523252,0,1,#66c2a5,bicycle
191692,"9,21E+18",9,1,63,0,2021,3,15,4,3,1,3,0,0,1,0,0,0,0,"733451,925253","5304105,88878",12.120559163,47.84785829,1,2,#fc8d62,car
191693,"9,21E+18",9,2,74,113,2021,2,7,6,3,1,6,0,1,1,0,0,0,0,"729039,600603","5382639,76063",12.104043741,48.554980564,0,1,#66c2a5,bicycle
191695,"9,21E+18",9,1,62,0,2021,2,17,2,3,6,7,1,0,1,1,0,0,0,"690546,680208","5337377,73647",11.56247827,48.161065227,0,2,#fc8d62,car
191700,"9,21E+18",9,1,62,0,2021,2,17,7,3,1,7,2,0,1,0,0,0,0,"687375,189525","5334916,63135",11.518787654,48.13988676,0,2,#fc8d62,car
191701,"9,21E+18",9,1,62,0,2021,2,17,4,3,1,5,2,0,1,0,0,0,0,"694989,466381","5332441,34844",11.619901074,48.115352317,2,2,#fc8d62,car
191702,"9,21E+18",9,1,62,0,2021,3,12,3,3,1,5,0,1,1,0,0,0,0,"691658,58251","5335386,15357",11.576518689,48.142831018,0,1,#66c2a5,bicycle
191705,"9,21E+18",9,1,84,140,2021,2,17,1,3,8,7,0,1,0,0,0,0,0,"701983,330442","5328450,44343",11.711875961,48.077306653,0,1,#66c2a5,bicycle
191707,"9,21E+18",9,1,62,0,2021,2,16,1,3,6,4,0,0,1,1,0,0,0,"689498,510451","5334253,09193",11.547006079,48.133294017,0,2,#fc8d62,car
191708,"9,21E+18",9,1,62,0,2021,2,14,6,3,2,6,0,0,1,0,1,0,0,"689059,198505","5337514,07946",11.542555677,48.162734719,0,2,#fc8d62,car
191711,"9,21E+18",9,1,88,139,2021,3,17,3,3,0,1,0,1,0,0,0,0,0,"672900,284001","5319187,642",11.318019216,48.002586449,0,1,#66c2a5,bicycle
191712,"9,21E+18",9,1,62,0,2021,3,11,2,3,0,7,0,1,0,0,0,0,0,"691865,707747","5334637,87569",11.578963111,48.136043187,0,1,#66c2a5,bicycle
191718,"9,21E+18",9,1,84,120,2021,2,15,1,3,5,3,0,1,1,0,0,0,0,"680300,130477","5332853,03992",11.422897994,48.123381502,0,1,#66c2a5,bicycle
191720,"9,21E+18",9,7,61,0,2021,2,12,1,3,1,1,0,0,1,0,0,0,0,"640483,308385","5356676,47412",10.896080798,48.347632714,0,2,#fc8d62,car
191724,"9,21E+18",9,1,82,133,2021,3,14,3,2,0,1,0,1,0,0,0,0,0,"707425,511082","5305514,39516",11.77378669,47.869441961,0,1,#66c2a5,bicycle
191725,"9,21E+18",9,7,61,0,2021,3,12,2,2,5,3,0,1,1,0,0,0,0,"643932,257884","5357802,79375",10.942988361,48.35698346,0,1,#66c2a5,bicycle
191733,"9,21E+18",9,7,72,202,2021,2,17,2,3,4,6,2,1,1,0,0,0,0,"636501,178985","5360081,073",10.843468722,48.379119872,1,1,#66c2a5,bicycle
191734,"9,21E+18",9,1,62,0,2021,3,13,2,3,5,3,0,0,1,0,0,0,0,"686223,727728","5334375,09618",11.503087754,48.135357279,0,2,#fc8d62,car
191736,"9,21E+18",9,1,63,0,2021,2,7,3,3,0,1,0,1,0,0,0,0,0,"734211,565002","5305222,66999",12.131302194,47.857615135,2,1,#66c2a5,bicycle
191738,"9,21E+18",9,1,75,124,2021,3,16,5,3,0,1,0,1,0,0,0,0,0,"715275,29171","5327770,35649",11.889766481,48.066847615,0,1,#66c2a5,bicycle
191739,"9,21E+18",9,1,62,0,2021,3,17,4,2,0,7,0,0,1,0,0,0,1,"697740,888018","5334151,58903",11.657621851,48.129874435,0,2,#fc8d62,car
191740,"9,21E+18",9,1,87,117,2021,2,9,6,3,0,1,0,1,0,0,0,0,0,"725230,675002","5305759,88699",12.011686502,47.865652321,1,1,#66c2a5,bicycle
191741,"9,21E+18",9,1,84,149,2021,2,12,5,3,5,3,0,1,0,0,0,0,1,"691410,455766","5351718,91513",11.580557743,48.289700285,0,1,#66c2a5,bicycle
191743,"9,21E+18",9,1,77,117,2021,3,15,2,3,6,4,0,0,1,1,0,0,0,"715932,314912","5354181,52664",11.911997439,48.303938304,0,2,#fc8d62,car
191744,"9,21E+18",9,1,62,0,2021,3,23,6,3,6,7,2,0,1,1,0,0,0,"698231,957102","5332437,05233",11.663417146,48.114312708,0,2,#fc8d62,car
191749,"9,21E+18",9,1,62,0,2021,3,18,3,3,0,7,2,0,0,0,0,0,1,"693141,01218","5331849,61275",11.594823611,48.110597206,0,6,#ffd92f,circle
191751,"9,21E+18",9,1,62,0,2021,2,13,1,3,0,1,0,1,0,0,0,0,0,"689516,538113","5334903,96397",11.547537711,48.139138733,0,1,#66c2a5,bicycle
191753,"9,21E+18",9,1,77,118,2021,2,17,1,3,5,3,2,0,1,0,0,0,0,"706427,724165","5347251,11428",11.780598258,48.244833197,0,2,#fc8d62,car
191755,"9,21E+18",9,1,62,0,2021,2,20,6,2,6,4,2,0,1,1,0,0,0,"691673,692496","5333707,49147",11.575966305,48.127738872,0,2,#fc8d62,car
191756,"9,21E+18",9,7,72,163,2021,2,9,5,3,5,2,0,1,1,0,0,0,0,"640487,833296","5350590,18364",10.894114025,48.292905268,1,1,#66c2a5,bicycle
191757,"9,21E+18",9,1,79,121,2021,2,14,4,3,5,3,0,0,1,0,0,0,0,"667755,383267","5338987,5084",11.256878755,48.181959509,1,2,#fc8d62,car
191761,"9,21E+18",9,2,61,0,2021,2,15,1,3,5,3,0,0,1,0,0,0,0,"730724,885106","5380363,16899",12.125587419,48.533912456,0,2,#fc8d62,car
191762,"9,21E+18",9,7,61,0,2021,2,7,6,3,1,6,0,1,0,0,0,0,1,"641990,043488","5360690,70576",10.917760275,48.383390043,0,1,#66c2a5,bicycle
191765,"9,21E+18",9,1,62,0,2021,2,14,5,3,1,6,0,1,0,0,0,0,0,"686782,133666","5336995,90171",11.511735853,48.158750232,0,1,#66c2a5,bicycle
191766,"9,21E+18",9,1,62,0,2021,2,7,2,3,4,2,1,1,1,0,0,0,0,"690071,483721","5337124,87651",11.555981443,48.158934758,0,1,#66c2a5,bicycle
191770,"9,21E+18",9,1,73,147,2021,2,12,4,3,5,7,0,1,1,0,0,0,0,"681652,588763","5308918,67878",11.430915433,47.90785056,0,1,#66c2a5,bicycle
191771,"9,21E+18",9,1,84,137,2021,2,14,4,3,9,1,0,0,0,0,0,1,0,"711858,062486","5314159,69635",11.837232743,47.945684736,1,5,#a6d854,bus
191775,"9,21E+18",9,1,62,0,2021,3,16,4,3,5,2,0,1,1,0,0,0,0,"695094,637282","5333848,31589",11.621956495,48.127965322,0,1,#66c2a5,bicycle
191776,"9,21E+18",9,7,77,118,2021,2,9,5,2,9,1,0,1,0,0,0,0,0,"631466,606909","5298118,9798",10.756419728,47.82297951,1,1,#66c2a5,bicycle
191780,"9,21E+18",9,7,77,121,2021,3,10,7,2,0,1,0,1,0,0,0,0,0,"628442,71611","5321798,0212",10.723100347,48.036541714,0,1,#66c2a5,bicycle
191781,"9,21E+18",9,1,62,0,2021,2,13,3,3,1,6,0,0,1,0,0,0,0,"692170,79661","5332828,11245",11.582243579,48.119685279,1,2,#fc8d62,car
191782,"9,21E+18",9,7,72,202,2021,2,16,5,3,3,2,0,0,1,0,0,0,1,"637232,129173","5358674,20946",10.852875769,48.366310944,1,2,#fc8d62,car
191783,"9,21E+18",9,1,62,0,2021,2,13,7,3,5,6,0,1,1,0,0,0,0,"689530,498529","5331519,33486",11.546220245,48.108713215,0,1,#66c2a5,bicycle
191785,"9,21E+18",9,7,61,0,2021,3,16,4,2,3,6,0,0,1,0,0,0,1,"639308,715978","5360162,2584",10.88139079,48.379236216,0,2,#fc8d62,car
191786,"9,21E+18",9,1,62,0,2021,2,2,4,3,9,1,2,0,1,0,0,0,0,"687971,342914","5332312,74832",11.525644844,48.116306627,0,2,#fc8d62,car
191788,"9,21E+18",9,1,62,0,2021,2,15,2,3,5,3,0,1,1,0,0,0,0,"692517,675153","5330256,6287",11.585739361,48.096468412,0,1,#66c2a5,bicycle
191790,"9,21E+18",9,1,79,126,2021,3,15,7,3,0,1,0,1,0,0,0,0,0,"677254,765998","5339288,70782",11.384691526,48.182087889,0,1,#66c2a5,bicycle
191795,"9,21E+18",9,1,79,142,2021,3,17,3,3,2,2,0,1,1,0,0,0,0,"671696,243456","5341349,2452",11.310807356,48.202137728,0,1,#66c2a5,bicycle
191796,"9,21E+18",9,1,62,0,2021,3,11,3,3,3,2,0,1,1,0,0,0,0,"691076,160558","5334226,295",11.568176893,48.132581482,0,1,#66c2a5,bicycle
191800,"9,21E+18",9,1,62,0,2021,2,11,7,3,9,1,0,0,1,0,0,0,0,"693943,674665","5331203,98446",11.605302248,48.104550599,0,2,#fc8d62,car
191802,"9,21E+18",9,7,61,0,2021,2,11,6,3,0,7,0,0,0,0,0,0,1,"638691,467794","5357745,90642",10.872262499,48.357644858,0,6,#ffd92f,circle
191806,"9,21E+18",9,1,73,112,2021,3,9,2,3,5,3,0,0,1,0,0,0,1,"691280,069062","5292544,85153",11.552391109,47.757876137,0,2,#fc8d62,car
191809,"9,21E+18",9,1,87,117,2021,2,9,7,3,9,7,0,0,1,0,0,0,0,"724458,883014","5306543,84172",12.001788198,47.872966275,0,2,#fc8d62,car
191810,"9,21E+18",9,1,79,123,2021,2,15,7,3,5,3,0,0,1,0,0,0,0,"674672,230929","5333275,04671",11.347509352,48.128744108,0,2,#fc8d62,car
191811,"9,21E+18",9,1,62,0,2021,3,12,4,2,5,3,0,0,1,0,0,0,0,"694523,472391","5335088,42519",11.614854894,48.139285718,0,2,#fc8d62,car
191816,"9,21E+18",9,1,81,122,2021,3,11,7,3,0,1,0,1,0,0,0,0,0,"651180,637477","5331646,31867",11.031437918,48.120113503,0,1,#66c2a5,bicycle
191818,"9,21E+18",9,1,87,129,2021,2,12,4,3,2,2,0,1,0,0,0,0,0,"727650,42148","5295292,45044",12.038497961,47.770751855,0,1,#66c2a5,bicycle
191819,"9,21E+18",9,1,62,0,2021,2,15,4,3,5,2,0,0,1,0,0,0,1,"690231,449597","5337404,4438",11.558255369,48.161399661,1,2,#fc8d62,car
191821,"9,21E+18",9,1,62,0,2021,3,13,3,3,0,7,0,0,0,0,1,1,0,"683864,695549","5336869,26193",11.472487336,48.158462212,0,4,#e78ac3,marker
191827,"9,21E+18",9,1,84,122,2021,2,13,7,2,5,3,0,0,1,0,1,0,0,"689807,733598","5326437,06203",11.547682518,48.062950489,0,2,#fc8d62,car
191832,"9,21E+18",9,1,62,0,2021,2,16,4,2,0,7,0,1,0,0,0,0,0,"696949,990783","5336175,85439",11.6479401,48.148312423,0,1,#66c2a5,bicycle
191835,"9,21E+18",9,1,62,0,2021,3,17,3,3,6,7,1,0,1,1,0,0,0,"683983,14861","5333499,65742",11.472622712,48.128140028,0,2,#fc8d62,car
191838,"9,21E+18",9,1,62,0,2021,2,11,5,3,5,2,0,1,1,0,0,0,0,"689705,593683","5331908,39264",11.548743146,48.112157984,0,1,#66c2a5,bicycle
191844,"9,21E+18",9,1,75,115,2021,2,17,4,3,8,1,1,0,1,0,0,0,0,"718974,626779","5328091,90832",11.939522331,48.068477865,2,2,#fc8d62,car
191846,"9,21E+18",9,1,73,147,2021,3,14,2,2,8,6,0,1,1,0,0,0,0,"682742,293122","5308294,29559",11.445219884,47.901928381,0,1,#66c2a5,bicycle
191851,"9,21E+18",9,7,61,0,2021,2,13,6,2,0,1,0,1,1,0,0,0,0,"638434,058","5355585,046",10.868079023,48.338271214,0,1,#66c2a5,bicycle
191852,"9,21E+18",9,7,61,0,2021,3,6,5,3,1,1,2,0,1,0,0,0,0,"639729,280447","5356957,915",10.886002961,48.350330621,0,2,#fc8d62,car
191856,"9,21E+18",9,1,62,0,2021,3,12,7,3,2,6,0,0,1,0,0,0,0,"691909,981604","5340748,27665",11.582314535,48.190948847,0,2,#fc8d62,car
191862,"9,21E+18",9,1,78,124,2021,3,14,4,3,0,1,0,1,0,0,0,0,0,"702789,161503","5364721,64455",11.740047475,48.403004799,0,1,#66c2a5,bicycle
191864,"9,21E+18",9,1,82,119,2021,2,17,6,3,0,7,0,1,0,0,0,0,0,"712271,650845","5292699,86287",11.832236942,47.752701649,0,1,#66c2a5,bicycle
191866,"9,21E+18",9,7,77,182,2021,2,0,1,2,8,1,2,0,0,0,1,0,0,"628859,973","5309229,781",10.724924953,47.923429855,0,4,#e78ac3,marker
191868,"9,21E+18",9,1,81,128,2021,2,11,4,2,0,1,0,1,0,0,0,0,0,"638732,28953","5328328,49385",10.863184411,48.093113183,0,1,#66c2a5,bicycle
191871,"9,21E+18",9,1,63,0,2021,3,16,4,3,0,1,0,1,0,0,0,0,0,"731923,794094","5305111,84883",12.100702854,47.857449149,0,1,#66c2a5,bicycle
191874,"9,21E+18",9,1,63,0,2021,2,15,3,3,0,7,0,1,0,0,0,0,0,"732745,415002","5303857,74099",12.110996184,47.845885053,0,1,#66c2a5,bicycle
191879,"9,21E+18",9,1,75,118,2021,3,7,3,3,2,6,0,0,1,0,0,0,0,"716861,755989","5340253,97922",11.917384175,48.178479969,0,2,#fc8d62,car
191882,"9,21E+18",9,1,62,0,2021,2,16,1,3,6,4,0,1,0,1,0,0,0,"690697,419447","5339019,81402",11.565239715,48.175778859,0,1,#66c2a5,bicycle
191886,"9,21E+18",9,1,62,0,2021,2,21,6,3,6,4,2,1,0,1,0,0,0,"692282,746544","5336761,56007",11.585521928,48.155004549,0,1,#66c2a5,bicycle
191888,"9,21E+18",9,7,61,0,2021,2,17,3,3,1,5,1,1,1,0,0,0,0,"640222,610468","5358488,23103",10.893167865,48.36398144,1,1,#66c2a5,bicycle
191889,"9,21E+18",9,1,62,0,2021,3,8,2,3,3,5,0,1,1,0,0,0,0,"692900,572837","5334356,81233",11.592731252,48.133204219,0,1,#66c2a5,bicycle
191890,"9,21E+18",9,1,62,0,2021,3,13,1,3,5,2,0,1,1,0,0,0,0,"690882,96984","5334273,02462",11.565603932,48.133059455,0,1,#66c2a5,bicycle
191900,"9,21E+18",9,1,62,0,2021,2,15,6,3,1,2,0,1,1,0,0,0,0,"691715,922582","5329989,52214",11.574862228,48.094309378,0,1,#66c2a5,bicycle
191902,"9,21E+18",9,1,62,0,2021,2,15,3,3,1,5,0,0,1,0,0,0,0,"687721,329052","5334355,10721",11.52318848,48.134737624,0,2,#fc8d62,car
191903,"9,21E+18",9,1,62,0,2021,3,16,2,3,6,7,0,0,1,1,0,0,0,"696348,975059","5335776,60102",11.63968438,48.14490997,0,2,#fc8d62,car
191904,"9,21E+18",9,1,84,149,2021,3,10,7,3,6,7,0,0,0,1,0,0,1,"690552,006673","5349735,74976",11.568102249,48.272135208,0,3,#8da0cb,toilet
191905,"9,21E+18",9,1,62,0,2021,2,15,4,3,6,2,0,0,1,1,0,0,0,"689734,097692","5335993,35684",11.550944643,48.1488654,0,2,#fc8d62,car
191906,"9,21E+18",9,1,62,0,2021,2,14,1,2,3,6,0,1,0,0,0,0,0,"693144,605553","5336227,43974",11.596856165,48.149942877,0,1,#66c2a5,bicycle
191909,"9,21E+18",9,7,72,125,2021,3,21,4,2,7,1,2,0,1,0,0,0,0,"635558,659671","5347757,9785",10.826784087,48.268512716,0,2,#fc8d62,car
191910,"9,21E+18",9,1,87,150,2021,2,7,6,3,3,2,0,0,1,0,1,0,0,"729539,30094","5305705,08575",12.069185805,47.863635145,0,2,#fc8d62,car
191911,"9,21E+18",9,1,62,0,2021,2,13,5,2,0,7,0,1,0,0,0,0,0,"689457,293388","5341697,88349",11.549769349,48.200220203,0,1,#66c2a5,bicycle
191912,"9,21E+18",9,1,62,0,2021,2,12,2,2,5,3,0,1,1,0,0,0,0,"687414,748099","5331704,97551",11.517906679,48.111007825,0,1,#66c2a5,bicycle
191915,"9,21E+18",9,1,62,0,2021,2,11,3,3,2,6,0,0,1,0,0,0,0,"692214,891385","5330758,41991",11.581902866,48.101069853,0,2,#fc8d62,car
191917,"9,21E+18",9,1,78,143,2021,2,15,4,3,5,3,0,1,1,0,0,0,0,"721800,656236","5369933,17545",11.999332941,48.443425936,0,1,#66c2a5,bicycle
191918,"9,21E+18",9,2,74,154,2021,3,5,4,2,0,7,1,0,1,0,0,0,0,"738129,444896","5364947,70927",12.216961774,48.392682075,0,2,#fc8d62,car
191920,"9,21E+18",9,2,61,0,2021,2,11,5,2,5,7,0,1,0,0,0,0,0,"732481,421896","5380582,54529",12.149467936,48.535234952,0,1,#66c2a5,bicycle
191921,"9,21E+18",9,1,87,130,2021,2,17,2,3,7,7,0,1,0,0,0,0,0,"712400,336023","5309777,25033",11.842325528,47.906123599,0,1,#66c2a5,bicycle
191922,"9,21E+18",9,7,61,0,2021,3,6,6,3,0,7,1,1,0,0,0,0,0,"639396,810325","5361215,98255",10.882929418,48.388691551,1,1,#66c2a5,bicycle
191926,"9,21E+18",9,7,61,0,2021,2,16,4,3,2,1,0,0,1,0,0,0,0,"640808,58396","5355247,0189",10.89999059,48.334707056,2,2,#fc8d62,car
191929,"9,21E+18",9,7,61,0,2021,2,16,4,3,0,7,0,1,0,0,0,0,0,"639839,221945","5358685,01451",10.888060022,48.365835909,0,1,#66c2a5,bicycle
191933,"9,21E+18",9,1,62,0,2021,3,17,4,3,6,5,2,1,0,1,0,0,0,"682144,684001","5335939,377",11.448981795,48.150598764,0,1,#66c2a5,bicycle
191934,"9,21E+18",9,1,62,0,2021,3,12,4,3,5,3,0,0,1,0,0,0,0,"692147,63506","5338544,04115",11.584512285,48.171065914,1,2,#fc8d62,car
191935,"9,21E+18",9,7,61,0,2021,2,17,5,3,5,3,0,1,1,0,0,0,0,"644328,734063","5356986,30786",10.948057337,48.349551588,0,1,#66c2a5,bicycle
191936,"9,21E+18",9,7,61,0,2021,3,16,5,3,1,5,0,1,0,1,0,0,0,"641299,612357","5359514,77718",10.908045192,48.372971594,0,1,#66c2a5,bicycle
191937,"9,21E+18",9,1,62,0,2021,2,8,2,3,4,2,0,0,1,0,0,0,0,"679297,675001","5334310,509",11.410052533,48.136765823,0,2,#fc8d62,car
191938,"9,21E+18",9,7,61,0,2021,3,21,2,3,2,2,2,0,1,0,0,0,0,"640910,768837","5357327,03853",10.902064628,48.353387158,0,2,#fc8d62,car
191940,"9,21E+18",9,7,71,130,2021,2,11,3,2,6,4,0,1,0,1,0,0,0,"647375,028867","5357165,09962",10.989211376,48.350455673,0,1,#66c2a5,bicycle
191942,"9,21E+18",9,1,90,148,2021,3,16,4,3,0,7,0,1,1,0,0,0,0,"640462,839142","5296538,59789",10.876034515,47.806866294,1,1,#66c2a5,bicycle
191943,"9,21E+18",9,2,61,0,2021,3,12,4,3,5,3,0,1,1,0,0,0,0,"732306,749184","5382282,61025",12.148053171,48.550570873,0,1,#66c2a5,bicycle
191944,"9,21E+18",9,1,90,139,2021,2,20,5,2,4,2,1,0,1,0,1,0,0,"654718,520792","5295057,35224",11.065784404,47.790278816,0,2,#fc8d62,car
191948,"9,21E+18",9,1,62,0,2021,3,22,6,3,5,3,2,0,1,0,0,0,1,"689729,62494","5333350,13103",11.54970722,48.125109292,1,2,#fc8d62,car
191951,"9,21E+18",9,1,62,0,2021,2,11,4,2,5,3,0,0,1,0,0,0,0,"689369,910685","5341385,74108",11.548455296,48.197440745,0,2,#fc8d62,car
191953,"9,21E+18",9,1,62,0,2021,3,12,3,3,3,6,0,0,1,0,1,0,0,"691217,045417","5340187,57365",11.57274784,48.186118341,0,2,#fc8d62,car
191955,"9,21E+18",9,1,62,0,2021,2,16,1,3,5,2,0,1,1,0,0,0,0,"688166,435367","5339882,43859",11.531609887,48.184286673,0,1,#66c2a5,bicycle
191958,"9,21E+18",9,1,62,0,2021,2,8,5,3,5,3,0,1,1,0,0,0,0,"699170,12792","5333750,19864",11.676621475,48.125821484,0,1,#66c2a5,bicycle
191959,"9,21E+18",9,7,61,0,2021,2,17,2,3,0,1,0,0,0,0,1,0,0,"642937,575977","5359575,57685",10.930171194,48.3731494,0,4,#e78ac3,marker
191962,"9,21E+18",9,1,62,0,2021,2,15,3,3,0,7,0,1,0,0,0,0,0,"689603,607433","5336040,49076",11.549213019,48.14932795,1,1,#66c2a5,bicycle
191963,"9,21E+18",9,1,84,145,2021,2,18,5,3,6,1,2,0,1,1,0,0,0,"694364,58034","5325280,59153",11.608256191,48.051184521,1,2,#fc8d62,car
191964,"9,21E+18",9,7,61,0,2021,3,16,3,3,0,1,0,1,0,0,0,0,0,"641485,800941","5355805,59585",10.909310907,48.33957832,0,1,#66c2a5,bicycle
191967,"9,21E+18",9,1,62,0,2021,2,15,1,3,2,6,0,0,1,0,1,0,0,"691013,222001","5333227,613",11.566884216,48.123624275,0,2,#fc8d62,car
191968,"9,21E+18",9,1,62,0,2021,3,22,5,2,3,2,2,1,1,0,0,0,0,"689826,341144","5337403,96211",11.552812823,48.161516407,1,1,#66c2a5,bicycle
191969,"9,21E+18",9,1,77,121,2021,2,13,1,3,5,3,0,0,1,0,0,0,0,"734102,965998","5366180,81429",12.163341193,48.40526602,0,2,#fc8d62,car
191970,"9,21E+18",9,1,62,0,2021,2,17,6,3,4,7,0,1,1,0,0,0,0,"679480,06593","5337112,52444",11.413683395,48.161901621,0,1,#66c2a5,bicycle
191972,"9,21E+18",9,2,61,0,2021,2,14,4,3,5,3,0,0,1,0,0,0,1,"731758,069137","5381649,18193",12.140277089,48.545083855,0,2,#fc8d62,car
191976,"9,21E+18",9,7,72,163,2021,2,19,1,3,9,7,2,1,0,0,0,0,0,"638584,780877","5347848,9241",10.867571547,48.268675597,0,1,#66c2a5,bicycle
191978,"9,21E+18",9,1,88,139,2021,2,16,7,2,0,1,0,1,0,0,0,0,0,"673749,204858","5320598,88486",11.329962385,48.015042991,0,1,#66c2a5,bicycle
191980,"9,21E+18",9,1,79,142,2021,2,13,6,3,2,6,0,1,1,0,0,0,0,"673261,49198","5342247,26948",11.3322222,48.209785206,0,1,#66c2a5,bicycle
191984,"9,21E+18",9,1,62,0,2021,3,12,7,3,5,2,0,1,1,0,0,0,0,"684737,425992","5333742,06953",11.482854986,48.1301005,0,1,#66c2a5,bicycle
191985,"9,21E+18",9,7,61,0,2021,2,20,3,3,2,6,2,0,1,0,0,0,1,"641357,602297","5360668,62663",10.90921585,48.383333552,0,2,#fc8d62,car
191986,"9,21E+18",9,2,61,0,2021,2,13,4,3,3,2,0,1,0,0,0,0,0,"732860,415002","5381105,80499",12.154886464,48.539794744,0,1,#66c2a5,bicycle
191987,"9,21E+18",9,1,63,0,2021,2,8,6,3,4,6,0,1,1,0,0,0,0,"732277,276528","5305383,55243",12.105567478,47.859762527,0,1,#66c2a5,bicycle
191988,"9,21E+18",9,1,78,124,2021,2,9,4,3,5,3,0,1,0,0,0,0,1,"704159,309797","5365284,80644",11.758812294,48.407623275,0,1,#66c2a5,bicycle
191993,"9,21E+18",9,1,84,119,2021,2,15,2,3,3,2,0,1,0,0,0,0,1,"696772,015281","5347405,62102",11.650754964,48.249292264,0,1,#66c2a5,bicycle
191994,"9,21E+18",9,1,62,0,2021,2,14,7,3,3,5,0,1,1,0,0,0,0,"687276,984143","5332475,14025",11.51639588,48.117970834,0,1,#66c2a5,bicycle
191996,"9,21E+18",9,7,61,0,2021,2,9,2,2,6,4,0,0,1,1,0,0,0,"642609,659589","5359947,33337",10.925871855,48.376566242,0,2,#fc8d62,car
192001,"9,21E+18",9,7,61,0,2021,2,15,4,3,3,7,0,0,1,0,0,0,1,"641259,837897","5359213,30656",10.907407127,48.370269792,0,2,#fc8d62,car
192002,"9,21E+18",9,1,62,0,2021,2,5,3,3,5,3,1,1,1,0,0,0,0,"697637,550688","5332768,60428",11.655593348,48.117477208,0,1,#66c2a5,bicycle
192007,"9,21E+18",9,7,61,0,2021,2,14,6,3,5,3,0,0,1,0,0,0,0,"639462,789559","5360077,12762",10.883442167,48.378436705,0,2,#fc8d62,car
192009,"9,21E+18",9,1,73,141,2021,2,6,5,2,4,2,2,1,1,0,0,0,0,"698433,780718","5298072,27306",11.650270509,47.805394468,0,1,#66c2a5,bicycle
192010,"9,21E+18",9,2,61,0,2021,2,14,2,3,5,3,0,0,1,0,0,0,0,"728534,632396","5380881,35609",12.096245936,48.539368703,0,2,#fc8d62,car
192011,"9,21E+18",9,7,72,125,2021,3,7,2,2,6,4,0,0,1,1,0,0,0,"635292,494194","5347832,78054",10.823223072,48.269242263,0,2,#fc8d62,car
192014,"9,21E+18",9,1,79,121,2021,2,10,7,3,1,6,0,0,1,0,0,0,0,"667046,378458","5337756,153",11.246863892,48.17107646,0,2,#fc8d62,car
192015,"9,21E+18",9,1,81,146,2021,2,11,7,2,0,1,0,1,0,0,0,0,0,"653431,955903","5325908,37699",11.059606878,48.067983884,0,1,#66c2a5,bicycle
192016,"9,21E+18",9,1,62,0,2021,3,7,4,3,2,2,0,0,1,0,0,0,1,"693003,375923","5332090,12981",11.59308528,48.112800642,0,2,#fc8d62,car
192018,"9,21E+18",9,7,61,0,2021,2,10,5,3,5,3,0,0,1,0,0,0,0,"638479,587671","5360071,22375",10.870169483,48.37860018,0,2,#fc8d62,car
192022,"9,21E+18",9,1,62,0,2021,2,10,6,3,2,6,0,0,1,0,0,0,0,"688237,56652","5330250,16598",11.528308292,48.097688993,0,2,#fc8d62,car
192025,"9,21E+18",9,1,62,0,2021,3,9,2,3,3,6,0,1,0,0,0,0,0,"689583,495935","5336979,23769",11.549361091,48.157771431,0,1,#66c2a5,bicycle
192026,"9,21E+18",9,1,62,0,2021,3,12,2,3,0,7,0,1,0,0,0,0,0,"689939,806565","5334913,81926",11.553225954,48.139101109,0,1,#66c2a5,bicycle
192032,"9,21E+18",9,1,79,121,2021,3,18,4,3,5,3,1,1,1,0,0,0,0,"667133,63507","5339644,05409",11.248779135,48.188025693,0,1,#66c2a5,bicycle
192034,"9,21E+18",9,1,62,0,2021,2,13,5,3,3,2,0,1,1,0,0,0,0,"689642,932818","5335661,56834",11.549572403,48.145910459,1,1,#66c2a5,bicycle
192035,"9,21E+18",9,1,62,0,2021,2,15,6,3,8,7,0,0,0,0,0,0,1,"696302,297269","5330809,81939",11.636770431,48.100285683,0,6,#ffd92f,circle