OBJECTID,UIDENTSTLA,ULAND,UREGBEZ,UKREIS,UGEMEINDE,UJAHR,UMONAT,USTUNDE,UWOCHENTAG,UKATEGORIE,UART,UTYP1,ULICHTVERH,IstRad,IstPKW,IstFuss,IstKrad,IstGkfz,IstSonstig,LINREFX,LINREFY,XGCSWGS84,YGCSWGS84,STRZUSTAN,Teilnehmer,color,symbol
192036,"9,21E+18",9,1,62,0,2021,2,19,1,3,6,7,2,0,1,1,0,0,0,"686831,106419","5339573,35419",11.513526332,48.181902647,0,2,#fc8d62,car
192037,"9,21E+18",9,7,72,202,2021,3,17,1,3,0,7,0,1,0,0,0,0,0,"636541,462396","5358910,05267",10.84363215,48.368581416,0,1,#66c2a5,bicycle
192038,"9,21E+18",9,1,73,140,2021,2,10,4,2,5,3,0,0,1,0,0,0,0,"696697,174236","5293168,54474",11.624880436,47.761852373,1,2,#fc8d62,car
192039,"9,21E+18",9,1,75,128,2021,2,14,1,3,2,6,0,0,0,0,1,0,0,"712775,090438","5322365,7347",11.853562467,48.01912079,0,4,#e78ac3,marker
192041,"9,21E+18",9,1,62,0,2021,2,14,7,3,0,6,0,1,0,0,0,0,0,"689987,348288","5333562,10685",11.553261596,48.126937681,0,1,#66c2a5,bicycle
192042,"9,21E+18",9,1,62,0,2021,3,11,3,3,6,4,0,1,0,1,0,0,0,"697576,680734","5334227,54453",11.655452595,48.13060806,0,1,#66c2a5,bicycle
192044,"9,21E+18",9,1,63,0,2021,2,19,5,3,0,7,2,1,0,0,0,0,0,"732239,545002","5304601,43699",12.104643864,47.852749492,0,1,#66c2a5,bicycle
192046,"9,21E+18",9,7,61,0,2021,2,12,7,3,5,2,0,1,1,0,0,0,0,"641766,196879","5362231,41276",10.915258678,48.39729372,0,1,#66c2a5,bicycle
192048,"9,21E+18",9,1,62,0,2021,2,1,2,3,9,1,2,0,1,0,0,0,0,"694193,40362","5332656,39936",11.609314539,48.11752836,1,2,#fc8d62,car
192050,"9,21E+18",9,1,62,0,2021,2,8,3,3,5,3,0,1,1,0,0,0,0,"685510,833236","5339507,55122",11.495752899,48.181698048,2,1,#66c2a5,bicycle
192052,"9,21E+18",9,1,62,0,2021,3,17,2,3,3,6,1,0,1,0,0,0,0,"686879,988155","5338603,8016",11.513756986,48.173173702,0,2,#fc8d62,car
192054,"9,21E+18",9,1,62,0,2021,2,14,1,3,0,5,0,1,1,0,0,0,0,"691394,917679","5338870,72012",11.574545438,48.17422915,0,1,#66c2a5,bicycle
192058,"9,21E+18",9,1,79,123,2021,3,18,5,2,6,2,2,0,1,1,0,0,0,"676733,22487","5334322,37966",11.375618031,48.137589932,1,2,#fc8d62,car
192063,"9,21E+18",9,7,61,0,2021,3,14,2,3,0,6,0,0,0,0,1,0,0,"638064,240885","5357159,84205",10.86360767,48.352512511,0,4,#e78ac3,marker
192064,"9,21E+18",9,1,77,117,2021,3,5,1,3,8,1,1,0,1,0,0,0,0,"715305,353352","5354190,71034",11.903558408,48.304234477,0,2,#fc8d62,car
192068,"9,21E+18",9,1,73,134,2021,2,12,7,3,6,4,0,1,0,1,0,0,0,"688332,239238","5300101,48711",11.516374618,47.826669207,0,1,#66c2a5,bicycle
192069,"9,21E+18",9,1,62,0,2021,2,13,7,3,1,7,0,1,1,0,0,0,0,"697056,230001","5338700,894",11.650536427,48.170972816,0,1,#66c2a5,bicycle
192070,"9,21E+18",9,7,61,0,2021,3,19,4,2,6,4,2,0,1,1,0,0,0,"639085,577172","5360642,69046",10.878537945,48.383605369,0,2,#fc8d62,car
192072,"9,21E+18",9,7,72,125,2021,2,16,5,3,6,4,0,0,1,1,0,0,0,"636028,794975","5347918,393",10.833167859,48.269854391,0,2,#fc8d62,car
192073,"9,21E+18",9,1,62,0,2021,2,9,5,3,6,7,0,1,0,1,0,0,0,"691991,083634","5337052,54999",11.581735524,48.157708023,0,1,#66c2a5,bicycle
192076,"9,21E+18",9,1,75,127,2021,3,10,7,3,5,3,0,1,1,0,0,0,0,"712464,442667","5341802,01757",11.859079649,48.193875544,0,1,#66c2a5,bicycle
192080,"9,21E+18",9,1,62,0,2021,3,19,3,3,5,3,1,1,0,0,0,0,0,"688588,015853","5334762,6456",11.535006368,48.13814441,0,1,#66c2a5,bicycle
192081,"9,21E+18",9,7,61,0,2021,3,12,3,3,2,1,0,0,1,0,0,0,0,"641151,711649","5358142,12508",10.905588492,48.360662317,0,2,#fc8d62,car
192090,"9,21E+18",9,1,62,0,2021,2,10,3,3,8,1,0,0,1,0,0,0,0,"679548,789267","5335564,40482",11.413953527,48.147966252,1,2,#fc8d62,car
192091,"9,21E+18",9,1,62,0,2021,2,13,7,3,0,1,0,0,0,0,1,0,0,"691863,356745","5335837,19822",11.579471882,48.146823213,0,4,#e78ac3,marker
192092,"9,21E+18",9,1,63,0,2021,2,15,5,3,6,2,0,0,1,1,0,0,0,"732591,173421","5307499,62235",12.110896519,47.878660024,1,2,#fc8d62,car
192093,"9,21E+18",9,7,71,162,2021,3,7,3,3,9,1,0,0,1,0,0,0,0,"667160,342398","5370232,98777",11.261267444,48.463003941,2,2,#fc8d62,car
192094,"9,21E+18",9,7,72,147,2021,3,18,3,3,4,6,2,0,1,0,1,0,0,"639045,289504","5363761,69186",10.87902698,48.41165944,0,2,#fc8d62,car
192097,"9,21E+18",9,1,90,157,2021,2,18,3,3,8,1,2,0,1,0,0,0,0,"659450,597444","5303000,00843",11.131845626,47.860538967,0,2,#fc8d62,car
192101,"9,21E+18",9,1,79,123,2021,2,16,4,2,6,2,0,0,1,1,0,0,0,"675269,196001","5334662,707",11.356096193,48.141054191,1,2,#fc8d62,car
192105,"9,21E+18",9,1,62,0,2021,2,17,1,2,5,3,2,0,1,0,1,0,0,"691172,181193","5340870,64932",11.572452283,48.192271199,0,2,#fc8d62,car
192106,"9,21E+18",9,1,62,0,2021,3,16,5,3,2,6,0,1,0,0,0,0,0,"682600,675001","5335216,915",11.454796991,48.143974034,0,1,#66c2a5,bicycle
192108,"9,21E+18",9,7,61,0,2021,2,4,7,3,0,1,2,1,0,0,0,0,0,"642629,41671","5358778,99646",10.92574221,48.366056658,0,1,#66c2a5,bicycle
192109,"9,21E+18",9,1,84,119,2021,2,15,7,3,2,6,0,0,1,0,0,0,0,"695309,179001","5347569,686",11.631146156,48.251219173,0,2,#fc8d62,car
192110,"9,21E+18",9,1,62,0,2021,3,7,4,3,5,3,0,1,1,0,0,0,0,"689698,234976","5331895,78429",11.548638774,48.112046851,1,1,#66c2a5,bicycle
192111,"9,21E+18",9,1,62,0,2021,2,11,6,3,5,3,0,0,1,0,0,0,0,"693444,574156","5332078,15983",11.599001227,48.11255921,0,2,#fc8d62,car
192113,"9,21E+18",9,1,62,0,2021,2,13,3,3,5,3,0,0,1,0,0,0,1,"689090,012753","5334624,2134",11.541685895,48.136751195,1,2,#fc8d62,car
192114,"9,21E+18",9,7,77,151,2021,3,17,2,2,0,3,1,1,0,1,0,0,0,"624676,181478","5294801,24263",10.664784899,47.794492805,0,1,#66c2a5,bicycle
192116,"9,21E+18",9,1,81,128,2021,2,7,5,3,9,1,0,0,1,0,0,0,0,"640847,867344","5327419,40355",10.891280987,48.084474441,2,2,#fc8d62,car
192119,"9,21E+18",9,7,61,0,2021,3,10,4,2,0,7,0,0,0,0,0,0,1,"640140,140196","5359128,08491",10.892268252,48.369753127,0,6,#ffd92f,circle
192120,"9,21E+18",9,2,61,0,2021,3,14,4,3,3,2,0,1,1,0,0,0,0,"732841,34749","5380895,68389",12.154511145,48.537914366,0,1,#66c2a5,bicycle
192121,"9,21E+18",9,1,62,0,2021,2,16,5,3,5,6,0,1,1,0,0,0,0,"692225,853988","5340951,64551",11.58665243,48.192681152,0,1,#66c2a5,bicycle
192122,"9,21E+18",9,7,72,147,2021,2,11,5,3,0,1,0,0,0,0,1,0,0,"637463,702042","5363917,81251",10.85771667,48.413410215,0,4,#e78ac3,marker
192123,"9,21E+18",9,1,62,0,2021,2,15,2,3,6,4,0,0,1,1,0,0,0,"689650,161369","5342757,57322",11.55283591,48.209687039,0,2,#fc8d62,car
192124,"9,21E+18",9,1,63,0,2021,3,10,2,3,4,7,0,0,1,0,0,0,0,"733817,241221","5304586,23201",12.125694397,47.852040948,0,2,#fc8d62,car
192125,"9,21E+18",9,1,62,0,2021,3,17,6,3,5,2,1,1,0,0,0,0,1,"692311,2815","5334238,45642",11.584765676,48.132318791,1,1,#66c2a5,bicycle
192126,"9,21E+18",9,1,62,0,2021,2,7,3,3,0,1,0,1,0,0,0,0,0,"690705,061001","5341555,401",11.566480718,48.198566068,2,1,#66c2a5,bicycle
192128,"9,21E+18",9,7,61,0,2021,3,17,3,3,5,3,1,1,1,0,0,0,0,"641725,129945","5359990,26381",10.913948153,48.377151547,0,1,#66c2a5,bicycle
192130,"9,21E+18",9,1,84,123,2021,2,19,4,2,9,1,2,0,0,0,1,0,0,"701949,376004","5333662,50477",11.713886728,48.124157856,0,4,#e78ac3,marker
192131,"9,21E+18",9,1,75,135,2021,2,18,2,3,0,1,2,1,0,0,0,0,0,"708666,697222","5339562,22623",11.8069386,48.175007656,1,1,#66c2a5,bicycle
192133,"9,21E+18",9,1,62,0,2021,2,6,2,3,5,3,2,0,1,0,0,0,0,"687888,335356","5330418,40792",11.523696381,48.099304267,0,2,#fc8d62,car
192138,"9,21E+18",9,1,78,124,2021,3,16,3,3,2,6,0,0,1,0,1,0,0,"703287,964115","5364747,93737",11.746791883,48.403080447,0,2,#fc8d62,car
192140,"9,21E+18",9,1,62,0,2021,2,12,7,3,5,3,0,1,1,0,0,0,0,"688103,640949","5336861,04406",11.529429177,48.157148562,0,1,#66c2a5,bicycle
192141,"9,21E+18",9,1,62,0,2021,2,8,6,3,5,3,0,1,1,0,0,0,0,"690726,211001","5333562,23",11.563181027,48.12671785,1,1,#66c2a5,bicycle
192142,"9,21E+18",9,1,62,0,2021,3,13,4,3,5,3,0,0,1,0,0,0,0,"693663,650001","5332446,594",11.602108749,48.115804018,0,2,#fc8d62,car
192143,"9,21E+18",9,1,88,139,2021,3,20,5,3,0,3,2,1,0,0,0,0,1,"674959,387001","5319034,49",11.345538692,48.000649491,1,1,#66c2a5,bicycle
192146,"9,21E+18",9,1,62,0,2021,2,8,2,3,5,3,0,0,1,0,0,0,1,"688888,572062","5333969,57282",11.538690705,48.130927022,0,2,#fc8d62,car
192148,"9,21E+18",9,1,62,0,2021,3,15,7,3,1,6,0,1,1,0,0,0,0,"682342,655496","5337472,86119",11.452298245,48.164326056,1,1,#66c2a5,bicycle
192149,"9,21E+18",9,1,62,0,2021,4,20,5,2,5,3,2,1,1,0,0,0,0,"696830,185993","5330308,46868",11.643622147,48.095616976,0,1,#66c2a5,bicycle
192150,"9,21E+18",9,1,78,129,2021,3,9,4,3,5,3,0,0,1,0,0,0,0,"709130,20196","5371433,48853",11.828968061,48.461243136,1,2,#fc8d62,car
192154,"9,21E+18",9,7,72,209,2021,3,13,4,2,0,1,0,1,0,0,0,0,0,"634923,860532","5336399,7043",10.81461987,48.166511049,0,1,#66c2a5,bicycle
192156,"9,21E+18",9,7,61,0,2021,4,11,2,3,2,6,0,1,0,0,0,0,0,"643523,608935","5358114,40299",10.937581446,48.359878306,0,1,#66c2a5,bicycle
192165,"9,21E+18",9,1,62,0,2021,3,18,5,3,1,6,2,0,1,0,0,0,0,"693664,66072","5332447,40722",11.602122684,48.115811019,1,2,#fc8d62,car
192169,"9,21E+18",9,1,77,133,2021,3,6,6,3,5,3,0,0,1,0,0,0,0,"706458,593061","5359483,88166",11.786995295,48.354747812,0,2,#fc8d62,car
192170,"9,21E+18",9,1,62,0,2021,4,17,6,3,6,2,0,0,1,1,0,0,0,"690134,186211","5333220,5375",11.555080563,48.123823805,0,2,#fc8d62,car
192172,"9,21E+18",9,1,84,146,2021,3,16,2,3,0,7,0,1,0,0,0,0,0,"698013,106505","5328276,97656",11.658550497,48.076992801,0,1,#66c2a5,bicycle
192173,"9,21E+18",9,1,63,0,2021,4,8,4,3,6,2,0,0,1,1,0,0,0,"733006,701885","5304779,85959",12.114979884,47.854074834,1,2,#fc8d62,car
192174,"9,21E+18",9,2,61,0,2021,4,9,7,3,5,3,0,0,1,0,1,0,0,"731934,867448","5382445,61358",12.143112381,48.552172695,0,2,#fc8d62,car
192176,"9,21E+18",9,1,79,118,2021,3,17,4,3,0,7,0,0,0,0,1,0,0,"672414,622704","5338176,63914",11.31917979,48.173422878,0,4,#e78ac3,marker
192177,"9,21E+18",9,1,77,117,2021,4,15,5,3,1,6,0,0,1,0,0,0,0,"715634,303501","5354727,16633",11.908262695,48.308942567,0,2,#fc8d62,car
192179,"9,21E+18",9,7,61,0,2021,3,18,6,3,2,6,1,0,1,0,0,0,0,"641402,45844","5359228,54452",10.90933692,48.370374868,0,2,#fc8d62,car
192182,"9,21E+18",9,1,62,0,2021,3,8,7,3,5,3,0,1,1,0,0,0,0,"693563,251129","5342075,58352",11.605142057,48.20237645,1,1,#66c2a5,bicycle
192184,"9,21E+18",9,1,62,0,2021,3,12,3,2,5,3,0,1,1,0,0,0,0,"691130,275001","5335539,114",11.569492584,48.144364738,0,1,#66c2a5,bicycle
192185,"9,21E+18",9,1,87,182,2021,3,12,3,3,5,7,0,0,1,0,0,0,1,"736637,67433","5327040,94695",12.175686886,48.052730406,0,2,#fc8d62,car
192186,"9,21E+18",9,1,88,139,2021,4,8,6,3,5,3,0,0,1,0,0,0,0,"675592,194055","5319266,33624",11.354109697,48.002560217,0,2,#fc8d62,car
192187,"9,21E+18",9,1,74,115,2021,3,1,3,3,1,5,2,0,1,0,0,0,0,"681841,052001","5347843,862",11.450004068,48.257690871,0,2,#fc8d62,car
192188,"9,21E+18",9,1,62,0,2021,4,14,1,3,5,2,0,1,1,0,0,0,0,"691068,072187","5333189,1299",11.56760329,48.123261933,0,1,#66c2a5,bicycle
192191,"9,21E+18",9,7,72,163,2021,3,11,7,2,1,5,0,1,1,0,0,0,0,"640059,733948","5347395,65979",10.887286789,48.264275451,0,1,#66c2a5,bicycle
192195,"9,21E+18",9,1,62,0,2021,4,16,5,3,6,4,0,0,1,1,0,0,0,"690094,737167","5333661,58778",11.554747693,48.12779976,0,2,#fc8d62,car
192196,"9,21E+18",9,7,61,0,2021,4,22,7,2,0,1,2,1,0,0,0,0,0,"639693,316731","5357538,48658",10.885710495,48.355558934,0,1,#66c2a5,bicycle
192197,"9,21E+18",9,7,61,0,2021,3,20,4,2,6,4,2,0,1,1,0,0,0,"641069,416","5359208,956",10.904835913,48.370273266,1,2,#fc8d62,car
192198,"9,21E+18",9,2,74,184,2021,3,16,4,3,3,2,0,1,0,0,0,0,1,"747888,577673","5371638,47385",12.352524574,48.449013535,0,1,#66c2a5,bicycle
192200,"9,21E+18",9,1,62,0,2021,4,18,5,3,0,1,0,1,0,0,0,0,0,"691205,04502","5334050,41408",11.569828442,48.130961973,0,1,#66c2a5,bicycle
192201,"9,21E+18",9,1,79,142,2021,3,14,6,3,7,1,0,0,0,0,0,0,1,"675572,839696","5341895,35813",11.363161663,48.205986672,0,6,#ffd92f,circle
192203,"9,21E+18",9,7,72,200,2021,3,17,1,3,6,4,0,0,1,1,0,0,0,"624977,663027","5338162,85432",10.681431958,48.184400681,1,2,#fc8d62,car
192206,"9,21E+18",9,1,77,144,2021,3,19,3,2,5,3,2,0,1,0,0,0,0,"715296,978714","5346910,33076",11.899739001,48.238821582,0,2,#fc8d62,car
192207,"9,21E+18",9,1,62,0,2021,4,6,4,3,0,1,0,1,0,0,0,0,0,"690793,170532","5339794,67447",11.56687428,48.182714463,1,1,#66c2a5,bicycle
192212,"9,21E+18",9,1,62,0,2021,4,11,5,3,5,3,0,1,0,0,0,0,0,"688199,365743","5336343,56197",11.530486225,48.152469028,0,1,#66c2a5,bicycle
192213,"9,21E+18",9,1,79,121,2021,3,15,6,2,5,3,0,0,1,0,0,0,0,"667069,114901","5338516,93375",11.247468491,48.177909891,0,2,#fc8d62,car
192215,"9,21E+18",9,1,62,0,2021,3,19,1,3,5,2,2,0,1,0,0,0,0,"686232,880001","5332669,993",11.502465528,48.120028465,1,2,#fc8d62,car
192219,"9,21E+18",9,1,84,119,2021,3,14,4,3,1,5,0,0,1,0,0,0,0,"698429,95241","5349672,25928",11.674127151,48.269145666,1,2,#fc8d62,car
192221,"9,21E+18",9,1,74,137,2021,4,17,5,3,4,3,0,1,1,0,0,0,0,"660596,825385","5353422,33166",11.166120567,48.313583913,0,1,#66c2a5,bicycle
192222,"9,21E+18",9,1,62,0,2021,3,8,5,3,6,7,0,1,0,1,0,0,0,"693387,479001","5336162,257",11.600088533,48.149283242,0,1,#66c2a5,bicycle
192223,"9,21E+18",9,1,62,0,2021,3,17,6,3,1,6,1,0,1,0,1,0,0,"691295,788944","5342916,65749",11.57503592,48.210623047,0,2,#fc8d62,car
192226,"9,21E+18",9,1,62,0,2021,3,11,6,3,2,6,0,0,1,0,0,0,0,"683336,522697","5337554,31556",11.465686917,48.164772383,0,2,#fc8d62,car
192227,"9,21E+18",9,1,62,0,2021,3,16,1,3,0,6,0,1,0,0,0,0,0,"687599,412546","5329888,82297",11.51958676,48.094629314,0,1,#66c2a5,bicycle
192229,"9,21E+18",9,2,61,0,2021,3,7,4,3,5,3,0,1,1,0,0,0,0,"732129,619236","5381007,8726",12.144946364,48.539185777,1,1,#66c2a5,bicycle
192230,"9,21E+18",9,1,90,111,2021,3,11,3,3,5,3,0,0,1,0,1,0,0,"640204,073191","5298212,59607",10.87312182,47.82197642,0,2,#fc8d62,car
192231,"9,21E+18",9,1,62,0,2021,3,8,4,3,0,1,0,0,0,0,1,0,0,"699333,873492","5329120,29321",11.676656726,48.084160418,0,4,#e78ac3,marker
192232,"9,21E+18",9,1,62,0,2021,4,17,5,3,0,7,0,1,0,0,0,0,0,"691652,504001","5336374,239",11.576881881,48.15171361,0,1,#66c2a5,bicycle
192233,"9,21E+18",9,1,62,0,2021,3,12,2,3,2,6,0,1,0,0,0,0,0,"689351,113688","5336106,13352",11.54585093,48.149993164,0,1,#66c2a5,bicycle
192236,"9,21E+18",9,1,78,137,2021,3,9,2,3,0,1,0,1,0,0,0,0,0,"693797,530338","5365044,87619",11.618838625,48.408737737,0,1,#66c2a5,bicycle
192241,"9,21E+18",9,1,84,127,2021,3,8,2,3,0,7,0,1,0,0,0,0,0,"702792,457545","5321880,67589",11.719614338,48.018007671,0,1,#66c2a5,bicycle
192242,"9,21E+18",9,1,62,0,2021,3,12,2,3,0,1,0,1,0,0,0,0,0,"689664,722644","5334732,75007",11.549451365,48.137555702,0,1,#66c2a5,bicycle
192243,"9,21E+18",9,7,61,0,2021,4,11,5,3,6,4,0,0,1,1,0,0,0,"638768,93945","5360398,50296",10.874183073,48.381479425,1,2,#fc8d62,car
192244,"9,21E+18",9,1,62,0,2021,4,13,7,3,5,2,0,0,1,0,0,0,0,"689198,771001","5337909,928",11.544606883,48.166251105,0,2,#fc8d62,car
192246,"9,21E+18",9,1,87,167,2021,3,20,4,3,9,1,2,0,0,0,1,0,0,"742046,111667","5302357,41319",12.234274642,47.82897367,0,4,#e78ac3,marker
192249,"9,21E+18",9,1,79,121,2021,3,13,6,3,2,6,0,1,0,0,0,0,0,"668250,521144","5338398,76675",11.263301552,48.176535862,0,1,#66c2a5,bicycle
192250,"9,21E+18",9,1,62,0,2021,4,16,6,3,5,7,0,0,1,0,0,0,0,"683864,183001","5335426,159",11.471857013,48.145490938,0,2,#fc8d62,car
192253,"9,21E+18",9,1,62,0,2021,4,13,2,2,3,7,0,0,1,0,0,0,1,"689050,0002","5332323,43893",11.54012805,48.116083417,0,2,#fc8d62,car
192256,"9,21E+18",9,1,62,0,2021,3,6,3,3,5,3,0,1,1,0,0,0,0,"688705,431686","5343486,24675",11.540456293,48.216517919,0,1,#66c2a5,bicycle
192258,"9,21E+18",9,1,88,124,2021,3,11,5,3,0,1,0,1,0,0,0,0,0,"661980,205143","5318766,61315",11.171570818,48.001661272,0,1,#66c2a5,bicycle
192259,"9,21E+18",9,1,62,0,2021,3,16,5,3,3,3,0,0,1,0,0,0,1,"689083,07546","5334944,22397",11.541734805,48.139629546,0,2,#fc8d62,car
192260,"9,21E+18",9,1,81,130,2021,3,16,4,3,0,1,0,0,0,0,1,0,0,"639182,189569","5323528,66053",10.867660288,48.04985361,0,4,#e78ac3,marker
192261,"9,21E+18",9,7,72,163,2021,4,14,1,3,5,3,0,0,1,0,1,0,0,"640420,018966","5348307,90131",10.892441767,48.272398431,0,2,#fc8d62,car
192262,"9,21E+18",9,1,79,145,2021,3,19,7,3,6,4,2,1,0,1,0,0,0,"675223,256515","5337948,43827",11.356832265,48.170603353,0,1,#66c2a5,bicycle
192268,"9,21E+18",9,1,62,0,2021,3,16,4,3,2,6,0,0,1,0,0,0,0,"695844,202565","5338468,77081",11.634144875,48.169261231,0,2,#fc8d62,car
192270,"9,21E+18",9,2,61,0,2021,4,16,7,2,6,4,0,0,1,1,0,0,0,"732774,631144","5380983,05879",12.153657505,48.538723976,0,2,#fc8d62,car
192273,"9,21E+18",9,7,61,0,2021,3,17,6,2,2,6,0,0,1,0,1,0,0,"641085,943574","5357905,32399",10.904621712,48.358547787,0,2,#fc8d62,car
192276,"9,21E+18",9,7,72,202,2021,3,10,6,3,0,1,0,1,0,0,0,0,0,"636863,299354","5358750,30841",10.847923376,48.367075301,0,1,#66c2a5,bicycle
192279,"9,21E+18",9,1,62,0,2021,3,13,7,3,0,1,0,0,0,0,0,0,1,"690353,477525","5334492,63635",11.558592672,48.135191907,0,6,#ffd92f,circle
192280,"9,21E+18",9,2,61,0,2021,3,16,6,3,5,3,0,1,1,0,0,0,0,"733691,029392","5381053,89351",12.166092985,48.539019699,0,1,#66c2a5,bicycle
192284,"9,21E+18",9,1,63,0,2021,3,12,3,3,4,6,0,1,0,0,0,0,0,"732692,609844","5304748,21244",12.110770285,47.853904295,0,1,#66c2a5,bicycle
192287,"9,21E+18",9,1,90,139,2021,3,17,3,3,2,6,0,0,1,0,0,0,0,"655297,427454","5296284,33446",11.073947843,47.801172029,0,2,#fc8d62,car
192288,"9,21E+18",9,1,62,0,2021,4,21,1,3,5,3,2,0,1,0,0,1,0,"690715,091334","5340283,2998",11.566044265,48.187129603,0,2,#fc8d62,car
192292,"9,21E+18",9,1,73,137,2021,3,12,1,2,0,7,0,1,0,0,0,0,0,"677484,183167","5308221,30461",11.374896114,47.902748377,0,1,#66c2a5,bicycle
192293,"9,21E+18",9,1,62,0,2021,3,14,3,3,6,2,0,0,1,1,0,0,0,"691989,647031","5332314,4664",11.579580724,48.115123339,0,2,#fc8d62,car
192297,"9,21E+18",9,1,62,0,2021,4,16,3,3,5,3,0,0,1,0,0,0,0,"690948,621838","5339321,87585",11.568751044,48.17841832,1,2,#fc8d62,car
192299,"9,21E+18",9,7,61,0,2021,3,14,4,3,6,2,0,0,1,1,0,0,0,"639017,24284","5355547,77759",10.875932054,48.337808057,0,2,#fc8d62,car
192300,"9,21E+18",9,2,74,183,2021,3,17,4,3,5,3,0,1,1,0,0,0,0,"744888,291594","5364145,80986",12.307645687,48.38289229,0,1,#66c2a5,bicycle
192301,"9,21E+18",9,7,61,0,2021,4,15,5,3,0,1,0,0,0,0,0,0,1,"641464,841303","5357847,20981",10.90971424,48.357940466,0,6,#ffd92f,circle
192307,"9,21E+18",9,1,62,0,2021,3,17,7,3,6,2,0,0,1,1,0,0,0,"687646,932057","5331696,51724",11.521019207,48.110863439,0,2,#fc8d62,car
192308,"9,21E+18",9,1,62,0,2021,4,21,6,3,0,7,2,0,1,1,0,0,0,"698804,712897","5333065,80897",11.671397084,48.119784951,0,2,#fc8d62,car
192311,"9,21E+18",9,7,71,113,2021,3,16,6,3,0,1,0,1,0,0,0,0,0,"657332,174356","5368982,79748",11.127944996,48.454299168,0,1,#66c2a5,bicycle
192314,"9,21E+18",9,1,62,0,2021,3,21,5,3,1,2,2,0,1,0,0,0,0,"691294,434386","5334172,39499",11.571083361,48.132031468,1,2,#fc8d62,car
192315,"9,21E+18",9,1,62,0,2021,3,17,3,3,6,2,1,0,1,1,0,0,0,"692612,236674","5338051,05317",11.590531555,48.16649446,0,2,#fc8d62,car
192316,"9,21E+18",9,1,62,0,2021,4,10,2,2,6,4,0,0,1,1,0,0,0,"685216,782001","5337680,378",11.491004693,48.165360475,0,2,#fc8d62,car
192317,"9,21E+18",9,7,61,0,2021,3,11,7,3,1,6,0,0,1,0,0,0,1,"642882,101921","5361108,70091",10.929943741,48.386947019,0,2,#fc8d62,car
192318,"9,21E+18",9,7,61,0,2021,3,16,5,3,2,6,0,0,1,0,0,0,0,"639470,952433","5358740,01045",10.88310881,48.366411897,0,2,#fc8d62,car
192321,"9,21E+18",9,1,62,0,2021,3,14,2,3,4,6,0,1,1,1,0,0,0,"689692,024837","5332792,13851",11.548954147,48.120105215,1,1,#66c2a5,bicycle
192324,"9,21E+18",9,1,62,0,2021,4,7,4,3,6,2,0,0,1,1,0,0,0,"695549,858001","5336711,417",11.629382374,48.153557727,1,2,#fc8d62,car
192326,"9,21E+18",9,1,62,0,2021,3,5,5,3,6,4,1,0,0,1,0,0,1,"692184,069312","5333513,81822",11.582730877,48.12584429,1,3,#8da0cb,toilet
192329,"9,21E+18",9,7,61,0,2021,4,16,5,3,5,7,0,1,0,0,0,0,1,"644074,317278","5357433,2504",10.944778412,48.353628335,0,1,#66c2a5,bicycle
192330,"9,21E+18",9,1,84,136,2021,3,10,5,3,5,3,0,0,1,0,0,0,0,"699405,546491","5326689,30124",11.676484004,48.062290097,0,2,#fc8d62,car
192331,"9,21E+18",9,7,77,130,2021,4,13,6,3,0,1,0,0,0,0,1,0,0,"624017,546732","5307906,35303",10.659751912,47.912482727,0,4,#e78ac3,marker
192332,"9,21E+18",9,1,88,120,2021,3,8,2,3,6,7,0,0,1,1,0,0,0,"676867,014289","5327214,34386",11.374468297,48.073656661,1,2,#fc8d62,car
192333,"9,21E+18",9,1,81,130,2021,3,18,3,3,5,3,0,1,1,0,0,0,0,"638090,092869","5325334,20089",10.853596528,48.066326952,0,1,#66c2a5,bicycle
192336,"9,21E+18",9,7,62,0,2021,3,11,4,2,6,4,0,0,1,1,0,0,0,"621212,166055","5304653,01524",10.621308674,47.883759479,1,2,#fc8d62,car
192337,"9,21E+18",9,1,62,0,2021,4,15,7,3,0,7,0,0,1,0,0,0,0,"682909,162356","5335340,50891",11.458993285,48.144996362,0,2,#fc8d62,car
192338,"9,21E+18",9,7,61,0,2021,3,12,5,3,6,7,0,0,1,1,0,0,0,"638842,178586","5362090,42533",10.87573088,48.396676654,1,2,#fc8d62,car
192340,"9,21E+18",9,7,61,0,2021,3,19,4,3,5,1,0,1,0,0,0,0,0,"639273,982697","5358032,27684",10.880216541,48.360091614,0,1,#66c2a5,bicycle
192341,"9,21E+18",9,1,79,126,2021,3,10,1,3,0,3,0,0,1,0,1,0,0,"675782,702981","5341266,27921",11.365723311,48.200273685,0,2,#fc8d62,car
192342,"9,21E+18",9,1,77,120,2021,3,13,6,2,5,3,0,0,1,0,0,0,0,"719790,624139","5360494,64691",11.967249579,48.359330716,0,2,#fc8d62,car
192345,"9,21E+18",9,7,72,184,2021,3,8,2,3,5,2,0,1,0,0,0,0,1,"634176,770547","5361904,81514",10.812676197,48.396017704,0,1,#66c2a5,bicycle
192347,"9,21E+18",9,7,72,202,2021,4,12,4,2,0,7,0,0,0,0,0,0,1,"637157,553944","5357079,50671",10.851349589,48.351987716,0,6,#ffd92f,circle
192353,"9,21E+18",9,1,62,0,2021,4,13,6,3,2,6,0,1,1,0,0,0,0,"694283,661575","5330207,55234",11.60941092,48.095491391,0,1,#66c2a5,bicycle