OBJECTID,UIDENTSTLA,ULAND,UREGBEZ,UKREIS,UGEMEINDE,UJAHR,UMONAT,USTUNDE,UWOCHENTAG,UKATEGORIE,UART,UTYP1,ULICHTVERH,IstRad,IstPKW,IstFuss,IstKrad,IstGkfz,IstSonstig,LINREFX,LINREFY,XGCSWGS84,YGCSWGS84,STRZUSTAN,Teilnehmer,color,symbol
192356,"9,21E+18",9,1,79,142,2021,4,16,3,3,1,7,0,0,0,0,0,0,1,"673295,235681","5341703,6379",11.332453992,48.204889074,0,6,#ffd92f,circle
192358,"9,21E+18",9,1,62,0,2021,4,14,5,3,0,1,0,0,1,0,1,0,0,"690407,69038","5334741,42265",11.559431814,48.137411777,0,2,#fc8d62,car
192359,"9,21E+18",9,1,62,0,2021,3,15,3,3,0,7,0,1,0,0,0,0,0,"687923,371408","5338185,85412",11.527592859,48.169109475,0,1,#66c2a5,bicycle
192362,"9,21E+18",9,1,79,121,2021,4,12,5,3,5,3,0,1,1,0,0,0,0,"668115,867","5339995,101",11.262123341,48.190922354,0,1,#66c2a5,bicycle
192364,"9,21E+18",9,1,79,123,2021,4,20,6,3,6,7,0,0,1,1,0,0,0,"676579,966044","5334584,81827",11.373668596,48.139991602,0,2,#fc8d62,car
192365,"9,21E+18",9,1,74,111,2021,3,7,4,2,5,2,0,0,1,0,1,0,0,"666780,059159","5362028,23017",11.252863432,48.389347837,0,2,#fc8d62,car
192369,"9,21E+18",9,2,74,126,2021,3,13,1,3,5,3,0,0,1,0,0,0,0,"732763,611781","5384293,88324",12.155359042,48.568468102,0,2,#fc8d62,car
192381,"9,21E+18",9,1,84,135,2021,3,21,7,3,5,2,2,0,1,0,0,0,0,"689798,853001","5348147,387",11.55724968,48.258085469,1,2,#fc8d62,car
192385,"9,21E+18",9,7,61,0,2021,3,9,4,3,4,1,0,0,1,0,0,1,0,"640452,910465","5357264,82484",10.895867053,48.352929751,1,2,#fc8d62,car
192386,"9,21E+18",9,1,74,118,2021,3,18,4,3,5,3,0,1,1,0,0,0,0,"668519,816018","5358271,163",11.274839178,48.355111272,0,1,#66c2a5,bicycle
192389,"9,21E+18",9,1,73,126,2021,3,15,5,3,5,3,0,1,1,0,0,0,0,"683775,11981","5306191,33099",11.458131372,47.882729692,0,1,#66c2a5,bicycle
192391,"9,21E+18",9,1,88,127,2021,3,10,1,3,8,1,0,0,0,0,1,0,0,"678139,976341","5330615,94965",11.392961543,48.103880066,0,4,#e78ac3,marker
192396,"9,21E+18",9,1,62,0,2021,3,6,3,3,9,1,0,0,1,0,0,0,0,"697709,260727","5331812,53701",11.656112642,48.108862458,1,2,#fc8d62,car
192399,"9,21E+18",9,1,62,0,2021,3,9,4,3,5,3,0,1,1,0,0,0,0,"685091,578183","5331623,25868",11.486690234,48.11095266,0,1,#66c2a5,bicycle
192400,"9,21E+18",9,1,81,128,2021,4,16,6,3,0,7,0,0,0,0,1,0,0,"638018,683937","5327163,70826",10.853229388,48.082793995,0,4,#e78ac3,marker
192402,"9,21E+18",9,1,77,123,2021,4,17,5,2,0,1,0,0,0,0,1,0,1,"726518,635362","5345428,45625",12.049869668,48.22159966,0,4,#e78ac3,marker
192406,"9,21E+18",9,1,62,0,2021,4,20,2,3,0,7,2,1,0,0,0,0,0,"690050,261967","5332933,38136",11.553825906,48.12126789,1,1,#66c2a5,bicycle
192407,"9,21E+18",9,1,62,0,2021,3,12,7,3,5,3,0,0,1,0,0,0,0,"684363,545169","5332098,64552",11.477124163,48.115436867,1,2,#fc8d62,car
192408,"9,21E+18",9,1,62,0,2021,4,15,5,3,0,1,0,1,0,0,0,0,1,"691295,895678","5336053,88927",11.571948114,48.1489417,0,1,#66c2a5,bicycle
192413,"9,21E+18",9,7,61,0,2021,3,14,3,3,0,4,0,1,0,1,0,0,0,"641321,624376","5357953,10043",10.907817552,48.358924666,0,1,#66c2a5,bicycle
192425,"9,21E+18",9,1,86,143,2021,3,16,4,2,0,6,0,1,0,0,0,0,0,"684863,704145","5378165,5046",11.504034739,48.529347621,0,1,#66c2a5,bicycle
192426,"9,21E+18",9,1,62,0,2021,4,18,5,2,0,1,0,1,0,0,0,0,0,"695674,408462","5331209,19731",11.628528838,48.104068238,1,1,#66c2a5,bicycle
192427,"9,21E+18",9,1,84,149,2021,3,13,5,2,5,3,0,1,1,0,0,0,0,"691419,273553","5350013,5776",11.579904057,48.27437071,0,1,#66c2a5,bicycle
192428,"9,21E+18",9,1,62,0,2021,4,14,6,3,0,7,0,1,0,1,0,0,0,"688557,374598","5339505,3078",11.536696918,48.180781087,0,1,#66c2a5,bicycle
192432,"9,21E+18",9,1,62,0,2021,4,11,6,3,4,6,0,0,1,1,0,0,0,"693891,454649","5341349,05362",11.609222727,48.195746597,0,2,#fc8d62,car
192434,"9,21E+18",9,1,62,0,2021,3,16,3,3,5,2,0,0,1,0,0,0,1,"685422,530001","5334893,691",11.492554975,48.140252587,0,2,#fc8d62,car
192436,"9,21E+18",9,1,62,0,2021,3,14,4,3,5,3,0,0,1,0,1,0,0,"693299,283275","5332344,57489",11.597172014,48.114997795,0,2,#fc8d62,car
192439,"9,21E+18",9,1,62,0,2021,3,15,1,3,0,7,0,0,1,0,0,0,0,"700472,398497","5334649,43266",11.69452555,48.133494181,0,2,#fc8d62,car
192440,"9,21E+18",9,1,62,0,2021,4,18,2,3,3,7,1,0,1,0,0,0,0,"694492,625726","5333731,17414",11.613821102,48.127096714,1,2,#fc8d62,car
192441,"9,21E+18",9,1,77,117,2021,3,19,7,2,5,3,2,1,1,0,0,0,0,"715067,262001","5353964,839",11.900236767,48.302285959,0,1,#66c2a5,bicycle
192442,"9,21E+18",9,7,72,202,2021,3,15,1,3,0,1,0,1,0,0,0,0,0,"636108,132117","5358577,98047",10.837676837,48.365689027,0,1,#66c2a5,bicycle
192443,"9,21E+18",9,1,62,0,2021,4,8,5,3,3,2,0,1,1,0,0,0,0,"690153,319918","5333707,49392",11.555554678,48.128194869,0,1,#66c2a5,bicycle
192444,"9,21E+18",9,1,77,116,2021,3,17,3,3,8,7,0,0,1,0,0,0,0,"712567,740848","5363628,65081",11.871451887,48.389963334,0,2,#fc8d62,car
192446,"9,21E+18",9,1,62,0,2021,3,16,4,3,5,3,0,0,1,0,0,0,0,"700454,475662","5334637,93757",11.694279519,48.133396519,0,2,#fc8d62,car
192450,"9,21E+18",9,1,62,0,2021,3,16,5,2,0,7,0,1,0,0,0,0,0,"686187,396551","5335210,15646",11.502964955,48.142873744,1,1,#66c2a5,bicycle
192451,"9,21E+18",9,7,61,0,2021,3,6,2,3,0,7,2,0,0,0,1,0,0,"639088,686","5362953,594",10.879345262,48.40438369,0,4,#e78ac3,marker
192452,"9,21E+18",9,1,62,0,2021,3,20,4,3,2,6,0,1,1,0,0,0,0,"694123,041792","5335122,11238",11.609493312,48.139710771,0,1,#66c2a5,bicycle
192457,"9,21E+18",9,7,61,0,2021,3,12,2,3,5,3,0,0,1,0,0,0,0,"640221,977349","5359983,82856",10.89365805,48.377429524,0,2,#fc8d62,car
192459,"9,21E+18",9,1,79,118,2021,4,14,1,3,0,1,0,1,0,0,0,0,0,"672240,785891","5336577,7225",11.316195855,48.159096452,0,1,#66c2a5,bicycle
192462,"9,21E+18",9,7,61,0,2021,4,0,5,3,0,1,2,1,0,0,0,0,0,"642071,9871","5360383,60085",10.918762562,48.380610249,0,1,#66c2a5,bicycle
192467,"9,21E+18",9,1,62,0,2021,3,11,2,3,2,6,0,0,1,0,0,0,0,"691198,258924","5334052,91729",11.569738454,48.13098651,1,2,#fc8d62,car
192470,"9,21E+18",9,1,84,120,2021,4,15,6,3,0,1,0,1,0,0,0,0,0,"681410,380842","5332226,51041",11.437537133,48.117434335,0,1,#66c2a5,bicycle
192471,"9,21E+18",9,7,71,146,2021,3,14,2,3,5,3,0,0,1,0,0,0,0,"646663,396501","5348565,55041",10.976622294,48.273299961,0,2,#fc8d62,car
192472,"9,21E+18",9,1,74,150,2021,3,17,3,2,0,1,0,0,0,0,1,0,0,"680692,421702","5361092,16411",11.440218551,48.377102308,0,4,#e78ac3,marker
192476,"9,21E+18",9,7,61,0,2021,4,15,7,3,5,2,0,0,0,0,0,0,1,"641089,154774","5358305,83198",10.904799342,48.362148294,0,6,#ffd92f,circle
192481,"9,21E+18",9,1,62,0,2021,4,20,6,2,3,2,2,1,1,0,0,0,0,"689051,051493","5333349,20506",11.540597022,48.125302838,0,1,#66c2a5,bicycle
192483,"9,21E+18",9,1,86,143,2021,3,9,2,3,4,2,0,1,1,0,0,0,0,"685066,182065","5378243,20941",11.506809124,48.529986347,0,1,#66c2a5,bicycle
192484,"9,21E+18",9,1,79,111,2021,4,7,4,3,5,3,0,0,1,0,0,1,0,"654885,592908","5340569,83998",11.084437372,48.199454229,2,2,#fc8d62,car
192486,"9,21E+18",9,1,62,0,2021,3,17,3,2,0,1,0,1,0,0,0,0,0,"686055,012457","5334852,44212",11.501030755,48.139697198,1,1,#66c2a5,bicycle
192487,"9,21E+18",9,1,62,0,2021,3,14,3,3,5,3,0,1,1,0,0,0,0,"691132,263233","5334255,23868",11.568943144,48.132824781,0,1,#66c2a5,bicycle
192488,"9,21E+18",9,7,61,0,2021,3,7,6,3,5,3,0,1,1,0,0,0,0,"639184,149836","5362608,67042",10.880520063,48.40126117,0,1,#66c2a5,bicycle
192489,"9,21E+18",9,1,62,0,2021,3,18,4,2,0,7,0,0,0,0,0,0,1,"684660,914802","5329161,15405",11.479844693,48.088946817,0,6,#ffd92f,circle
192490,"9,21E+18",9,7,72,177,2021,3,21,5,3,0,7,2,1,0,0,0,0,0,"636750,132743","5379666,73286",10.853232242,48.55517546,0,1,#66c2a5,bicycle
192491,"9,21E+18",9,7,61,0,2021,3,16,7,3,5,1,0,1,1,0,0,0,0,"640555,756041","5353390,50265",10.895961965,48.318070031,1,1,#66c2a5,bicycle
192492,"9,21E+18",9,1,75,115,2021,3,13,2,3,1,1,0,1,1,0,0,0,0,"720088,787924","5329042,38364",11.95494764,48.076634576,0,1,#66c2a5,bicycle
192494,"9,21E+18",9,1,62,0,2021,3,13,7,3,6,2,0,0,1,1,0,0,0,"691340,158604","5338366,12456",11.573582522,48.16971042,0,2,#fc8d62,car
192495,"9,21E+18",9,7,61,0,2021,3,19,5,3,6,2,2,0,1,1,0,0,0,"641725,498791","5362331,39562",10.914742915,48.398201868,1,2,#fc8d62,car
192497,"9,21E+18",9,1,62,0,2021,4,12,5,3,5,3,0,1,1,0,0,0,0,"692706,940654","5338806,79319",11.592146436,48.173258126,0,1,#66c2a5,bicycle
192498,"9,21E+18",9,7,72,147,2021,3,15,2,2,0,1,0,1,0,0,0,0,0,"639202,471817","5363780,23773",10.88115607,48.411791499,1,1,#66c2a5,bicycle
192500,"9,21E+18",9,1,62,0,2021,3,19,4,3,6,4,2,1,0,1,0,0,0,"693696,511032","5332923,54114",11.602766462,48.120080686,0,1,#66c2a5,bicycle
192501,"9,21E+18",9,1,62,0,2021,4,9,4,3,5,3,0,1,1,0,0,0,0,"688600,227202","5332900,58206",11.534346202,48.12140425,1,1,#66c2a5,bicycle
192503,"9,21E+18",9,1,84,134,2021,4,17,1,3,9,1,0,0,0,0,1,0,0,"692959,076302","5323589,08846",11.588652822,48.036407872,0,4,#e78ac3,marker
192506,"9,21E+18",9,7,61,0,2021,3,11,4,3,5,3,0,0,1,0,0,0,0,"638059,490589","5360684,86681",10.864700784,48.38421001,0,2,#fc8d62,car
192511,"9,21E+18",9,1,74,115,2021,3,15,3,3,0,3,0,0,1,0,1,0,0,"683119,498221","5348426,86256",11.467464789,48.262562977,0,2,#fc8d62,car
192512,"9,21E+18",9,7,71,113,2021,4,6,4,3,0,1,1,1,0,0,0,0,0,"657214,806939","5370834,5576",11.127054509,48.470976296,2,1,#66c2a5,bicycle
192513,"9,21E+18",9,1,62,0,2021,3,13,6,3,3,6,0,1,0,0,1,0,0,"690673,716754","5338580,20418",11.56472402,48.171834807,0,1,#66c2a5,bicycle
192515,"9,21E+18",9,1,78,143,2021,3,9,5,3,5,3,0,0,1,0,0,0,0,"716594,722891","5372543,49013",11.930382403,48.468691173,0,2,#fc8d62,car
192520,"9,21E+18",9,7,72,125,2021,4,13,6,2,0,1,0,1,0,0,0,0,0,"635295,969586","5347831,28906",10.823269405,48.269228109,0,1,#66c2a5,bicycle
192522,"9,21E+18",9,2,61,0,2021,3,12,2,2,2,6,0,1,1,0,0,0,0,"732064,537353","5379319,35956",12.143126169,48.524042277,0,1,#66c2a5,bicycle
192523,"9,21E+18",9,7,61,0,2021,4,15,3,3,0,1,0,1,0,0,0,0,0,"640490,653","5360184,98",10.897351605,48.379178442,0,1,#66c2a5,bicycle
192524,"9,21E+18",9,1,62,0,2021,3,19,1,3,2,7,2,0,1,0,0,0,0,"689109,303535","5334932,7602",11.542081924,48.139518714,0,2,#fc8d62,car
192525,"9,21E+18",9,1,62,0,2021,4,15,5,3,1,1,0,0,1,0,0,0,0,"688527,531001","5331362,227",11.532690281,48.10759873,0,2,#fc8d62,car
192526,"9,21E+18",9,1,78,143,2021,3,8,4,3,8,1,0,0,1,0,0,0,0,"717165,533294","5372473,51029",11.938058205,48.467865646,0,2,#fc8d62,car
192529,"9,21E+18",9,7,61,0,2021,3,13,4,3,1,6,0,0,1,0,0,0,0,"639292,791927","5361641,374",10.881666224,48.392539531,0,2,#fc8d62,car
192530,"9,21E+18",9,1,78,124,2021,3,14,4,3,0,1,0,1,0,0,0,0,0,"704527,482082","5363262,1911",11.76279631,48.389328539,0,1,#66c2a5,bicycle
192531,"9,21E+18",9,1,62,0,2021,4,19,2,3,8,1,1,0,1,0,0,0,0,"691893,520648","5340924,58167",11.582172934,48.192538404,1,2,#fc8d62,car
192533,"9,21E+18",9,7,71,113,2021,3,16,5,3,9,1,0,0,1,0,0,0,0,"656807,52179","5368644,77741",11.120727434,48.451391215,0,2,#fc8d62,car
192534,"9,21E+18",9,1,62,0,2021,4,13,6,3,0,7,0,1,0,0,0,0,0,"687413,746001","5334751,83",11.51923291,48.138394127,0,1,#66c2a5,bicycle
192537,"9,21E+18",9,1,63,0,2021,4,5,3,3,0,7,2,1,0,0,0,0,0,"732972,666568","5306766,975",12.115596182,47.871939596,2,1,#66c2a5,bicycle
192544,"9,21E+18",9,1,63,0,2021,3,16,4,1,6,2,0,0,0,1,0,1,0,"733392,739533","5304447,36355",12.119953412,47.850947613,0,3,#8da0cb,toilet
192546,"9,21E+18",9,1,78,145,2021,3,10,7,3,1,5,0,1,1,0,0,0,0,"697710,806782","5353798,2232",11.666377423,48.30645052,0,1,#66c2a5,bicycle
192548,"9,21E+18",9,7,61,0,2021,3,15,1,3,6,4,0,0,1,1,0,0,0,"637388,104695","5360199,87434",10.855479109,48.379995607,0,2,#fc8d62,car
192549,"9,21E+18",9,1,84,121,2021,4,11,5,2,0,6,0,1,0,0,0,0,0,"705465,467875","5329926,19103",11.759281987,48.089456257,0,1,#66c2a5,bicycle
192550,"9,21E+18",9,1,62,0,2021,3,16,2,3,5,3,0,1,1,0,0,0,0,"684342,282051","5331603,98827",11.476624945,48.11099675,1,1,#66c2a5,bicycle
192555,"9,21E+18",9,1,62,0,2021,4,13,7,3,5,3,0,0,1,0,0,0,0,"696986,447136","5331567,80253",11.64629981,48.106886861,0,2,#fc8d62,car
192559,"9,21E+18",9,1,62,0,2021,3,22,7,3,8,7,2,0,1,0,0,0,0,"684425,4198","5331349,04395",11.477630591,48.108681092,0,2,#fc8d62,car
192561,"9,21E+18",9,1,90,157,2021,4,14,7,2,5,3,0,1,0,0,0,0,1,"663871,179061","5299010,5793",11.189394029,47.823558299,0,1,#66c2a5,bicycle
192564,"9,21E+18",9,7,61,0,2021,4,6,4,3,9,1,1,0,1,0,0,0,0,"637425,899","5357154,21",10.854994122,48.352601104,2,2,#fc8d62,car
192570,"9,21E+18",9,1,62,0,2021,4,7,6,3,9,1,0,0,1,0,0,0,0,"682018,579027","5338457,24289",11.448365307,48.173267235,0,2,#fc8d62,car
192571,"9,21E+18",9,1,78,124,2021,3,9,7,3,4,2,0,0,1,0,0,0,0,"702673,425261","5365666,36578",11.738941698,48.411531521,0,2,#fc8d62,car
192579,"9,21E+18",9,1,62,0,2021,4,11,5,3,5,3,0,0,1,0,0,0,0,"691324,624083","5335225,29971",11.57196162,48.141485794,0,2,#fc8d62,car
192580,"9,21E+18",9,1,62,0,2021,3,8,3,3,5,2,0,1,0,0,0,0,1,"687677,977014","5334326,8335",11.522593909,48.134496279,0,1,#66c2a5,bicycle
192581,"9,21E+18",9,7,71,146,2021,4,12,2,3,5,2,0,0,1,0,1,0,0,"647619,420291","5348178,6136",10.989363744,48.269598752,0,2,#fc8d62,car
192584,"9,21E+18",9,1,62,0,2021,3,16,7,3,5,3,0,0,1,0,0,0,0,"691211,644981","5329761,8866",11.567994591,48.092414887,0,2,#fc8d62,car
192586,"9,21E+18",9,1,78,124,2021,3,6,3,3,5,3,0,1,1,0,0,0,0,"705162,779066","5363925,58623",11.771691588,48.395083531,0,1,#66c2a5,bicycle
192587,"9,21E+18",9,7,71,142,2021,4,15,5,2,0,7,0,1,0,0,0,0,0,"646810,322288","5351994,46296",10.979792999,48.3040965,0,1,#66c2a5,bicycle
192594,"9,21E+18",9,7,72,202,2021,4,15,6,3,5,3,0,1,1,0,0,0,0,"637230,146384","5358764,98049",10.852878629,48.36712758,0,1,#66c2a5,bicycle
192595,"9,21E+18",9,1,79,123,2021,3,7,2,3,5,3,0,0,1,0,0,0,0,"676443,986381","5332787,37955",11.37109794,48.123871674,1,2,#fc8d62,car
192598,"9,21E+18",9,1,62,0,2021,3,13,2,3,3,2,0,1,1,0,0,0,0,"689260,403001","5336129,934",11.544643143,48.150234081,1,1,#66c2a5,bicycle
192600,"9,21E+18",9,1,62,0,2021,4,14,4,3,0,7,0,1,0,0,0,0,1,"690868,406494","5334533,40914",11.565525053,48.135404145,1,1,#66c2a5,bicycle
192602,"9,21E+18",9,1,62,0,2021,3,10,5,3,5,3,0,0,1,0,0,0,0,"697781,481122","5329607,23353",11.656059971,48.089020205,1,2,#fc8d62,car
192603,"9,21E+18",9,1,85,158,2021,3,15,2,3,5,3,0,0,1,0,0,0,0,"667731,754965","5381137,42871",11.273374012,48.560875214,0,2,#fc8d62,car
192604,"9,21E+18",9,1,81,140,2021,3,10,4,3,5,3,0,1,1,0,0,0,0,"643761,689209","5323966,63847",10.929223382,48.052776807,0,1,#66c2a5,bicycle
192606,"9,21E+18",9,1,75,132,2021,3,13,6,3,1,3,0,1,1,0,0,0,0,"706862,28421","5332447,15142",11.779239417,48.11165896,0,1,#66c2a5,bicycle
192607,"9,21E+18",9,1,62,0,2021,4,13,6,2,3,3,0,1,0,0,0,0,0,"691927,492047","5329872,62856",11.577648211,48.093195069,0,1,#66c2a5,bicycle
192609,"9,21E+18",9,1,62,0,2021,3,13,2,3,0,7,0,0,0,1,0,0,1,"691218,292012","5340171,9187",11.572757548,48.185977262,0,3,#8da0cb,toilet
192610,"9,21E+18",9,1,74,150,2021,4,6,4,3,2,1,0,0,1,0,0,0,0,"682169,167634","5359288,91133",11.459361669,48.360469541,2,2,#fc8d62,car
192611,"9,21E+18",9,7,71,112,2021,4,11,6,3,9,1,0,0,1,0,0,0,0,"647365,816745","5367530,5036",10.992724882,48.443654466,0,2,#fc8d62,car
192612,"9,21E+18",9,7,61,0,2021,3,18,4,3,7,1,2,1,1,0,0,0,0,"640927,034979","5353344,35842",10.900951879,48.317572469,1,1,#66c2a5,bicycle
192613,"9,21E+18",9,1,79,123,2021,3,11,4,3,4,6,0,0,1,0,0,0,0,"673492,069084","5333104,1689",11.331592653,48.127530762,0,2,#fc8d62,car
192614,"9,21E+18",9,1,62,0,2021,3,6,4,3,5,3,0,0,1,0,1,0,0,"686240,839959","5332813,98879",11.502635287,48.121320429,0,2,#fc8d62,car
192616,"9,21E+18",9,1,62,0,2021,3,17,6,3,6,4,0,0,1,1,0,0,0,"697742,732179","5334155,09944",11.657648237,48.129905411,0,2,#fc8d62,car
192619,"9,21E+18",9,1,62,0,2021,3,15,7,3,6,4,0,0,1,1,0,0,0,"691895,837743","5334632,30513",11.579365169,48.135984035,0,2,#fc8d62,car
192623,"9,21E+18",9,1,62,0,2021,3,16,4,3,5,3,0,1,1,0,0,0,0,"690453,263522","5339189,69259",11.562034887,48.177378929,0,1,#66c2a5,bicycle
192626,"9,21E+18",9,1,62,0,2021,4,14,1,3,8,1,0,0,1,0,0,0,0,"692199,823754","5339029,55703",11.585433022,48.175413828,0,2,#fc8d62,car
192631,"9,21E+18",9,7,61,0,2021,3,17,2,3,2,6,0,0,1,0,0,0,0,"638916,722532","5360329,06862",10.876154935,48.380822564,0,2,#fc8d62,car
192632,"9,21E+18",9,1,88,124,2021,3,15,3,3,4,2,0,1,1,0,0,0,0,"661795,794507","5318300,40475",11.168924591,47.997516412,0,1,#66c2a5,bicycle
192634,"9,21E+18",9,1,62,0,2021,4,8,4,3,2,6,0,1,0,0,0,0,0,"688845,253142","5332770,27589",11.537577712,48.120160411,1,1,#66c2a5,bicycle
192635,"9,21E+18",9,1,84,120,2021,4,17,7,3,1,5,0,1,0,0,0,0,1,"682219,793737","5333455,72294",11.448928058,48.128252338,0,1,#66c2a5,bicycle
192638,"9,21E+18",9,1,62,0,2021,4,22,5,3,0,1,2,1,0,0,0,0,0,"690438,26502","5334945,16614",11.559933465,48.13923387,0,1,#66c2a5,bicycle
192639,"9,21E+18",9,1,63,0,2021,3,6,6,3,5,3,0,1,1,0,0,0,0,"733888,294956","5305590,15103",12.127185608,47.861034307,0,1,#66c2a5,bicycle
192646,"9,21E+18",9,1,62,0,2021,3,19,3,2,6,4,1,1,0,1,0,0,0,"692897,014658","5339938,82654",11.595214247,48.183374807,0,1,#66c2a5,bicycle
192648,"9,21E+18",9,1,73,112,2021,4,14,5,2,2,6,0,0,1,0,1,0,0,"691867,680001","5292439,813",11.560177615,47.756757418,0,2,#fc8d62,car
192651,"9,21E+18",9,1,62,0,2021,3,18,1,3,2,6,0,0,0,0,0,0,1,"690369,49221","5338201,33152",11.56046655,48.16852072,0,6,#ffd92f,circle
192652,"9,21E+18",9,1,75,115,2021,4,8,3,2,0,2,0,1,1,0,0,0,0,"720599,967689","5329095,81558",11.961828907,48.076938056,0,1,#66c2a5,bicycle
192653,"9,21E+18",9,7,72,125,2021,3,14,6,2,4,1,0,0,1,0,0,0,0,"637493,57478","5346915,55892",10.852571021,48.260520545,2,2,#fc8d62,car
192654,"9,21E+18",9,1,62,0,2021,3,16,5,3,2,6,0,0,1,0,0,0,0,"686594,486593","5339568,52919",11.510344028,48.181928813,0,2,#fc8d62,car
192658,"9,21E+18",9,1,88,121,2021,4,13,7,3,5,3,0,0,1,0,0,0,0,"669882,281727","5331098,92629",11.282321381,48.110477573,0,2,#fc8d62,car
192660,"9,21E+18",9,1,62,0,2021,3,10,3,3,5,2,0,1,1,0,0,0,0,"684709,065314","5329281,21435",11.480542615,48.09001204,0,1,#66c2a5,bicycle
192663,"9,21E+18",9,1,62,0,2021,3,11,5,2,0,1,0,1,0,0,0,0,0,"697759,688248","5334187,3269",11.657890828,48.130189781,0,1,#66c2a5,bicycle
192665,"9,21E+18",9,1,77,115,2021,3,11,2,2,5,3,0,1,1,0,0,0,0,"734163,102722","5350893,23484",12.155657629,48.267915956,0,1,#66c2a5,bicycle
192669,"9,21E+18",9,1,77,143,2021,4,16,6,2,0,1,0,1,0,0,0,0,0,"719840,440981","5363970,33753",11.969738293,48.390540743,0,1,#66c2a5,bicycle
192670,"9,21E+18",9,1,62,0,2021,3,21,3,2,0,6,2,1,0,0,0,0,0,"693260,859582","5334454,52727",11.597612951,48.133973154,1,1,#66c2a5,bicycle
192672,"9,21E+18",9,1,62,0,2021,3,23,4,2,0,7,2,1,0,0,0,0,0,"690070,773126","5339336,10255",11.55696031,48.178809372,0,1,#66c2a5,bicycle
192677,"9,21E+18",9,1,63,0,2021,3,11,2,3,0,7,0,1,0,1,0,0,0,"734059,608801","5305641,98682",12.129500671,47.861437624,0,1,#66c2a5,bicycle
192678,"9,21E+18",9,7,61,0,2021,3,14,4,2,5,3,0,1,0,0,0,0,0,"641396,009606","5362916,59254",10.910491121,48.403537671,0,1,#66c2a5,bicycle
192680,"9,21E+18",9,1,62,0,2021,3,7,3,3,1,6,0,0,1,0,0,0,0,"693458,812036","5331827,27907",11.59907853,48.110300034,0,2,#fc8d62,car
192681,"9,21E+18",9,1,62,0,2021,4,20,6,3,1,7,2,1,1,0,0,0,0,"690373,376875","5333872,20465",11.558582646,48.129609517,0,1,#66c2a5,bicycle
192682,"9,21E+18",9,1,62,0,2021,3,14,2,3,6,4,0,0,1,1,0,0,0,"690462,665698","5334742,53294",11.560170515,48.137405305,1,2,#fc8d62,car
192683,"9,21E+18",9,1,78,130,2021,3,20,3,3,0,7,1,0,1,0,0,0,0,"705394,05643","5359037,37878",11.772424753,48.351082591,0,2,#fc8d62,car
192686,"9,21E+18",9,7,61,0,2021,3,16,4,3,5,3,0,0,1,0,0,0,1,"639197,663002","5362248,79853",10.880583221,48.398022324,0,2,#fc8d62,car
192691,"9,21E+18",9,1,62,0,2021,4,15,6,3,6,6,0,0,0,1,0,0,1,"683075,203244","5335615,53244",11.461341636,48.147420691,0,3,#8da0cb,toilet
192697,"9,21E+18",9,1,62,0,2021,3,16,3,3,6,6,0,1,0,1,0,0,0,"687871,008724","5331576,79729",11.523973902,48.109721309,0,1,#66c2a5,bicycle
192698,"9,21E+18",9,7,61,0,2021,3,17,6,2,0,1,0,1,0,1,0,0,0,"638367,613936","5356803,78452",10.867583341,48.349244498,0,1,#66c2a5,bicycle
192699,"9,21E+18",9,1,85,158,2021,4,10,5,3,0,1,0,1,0,0,0,0,0,"667703,021679","5381025,05725",11.27293961,48.559872769,0,1,#66c2a5,bicycle
192703,"9,21E+18",9,1,84,145,2021,3,19,3,3,5,3,2,1,1,0,0,0,0,"693830,72928","5325623,46769",11.601255201,48.054428571,0,1,#66c2a5,bicycle
192706,"9,21E+18",9,1,62,0,2021,3,18,5,2,5,2,2,1,1,0,0,0,0,"694482,929001","5333730,434",11.613690589,48.127093025,1,1,#66c2a5,bicycle
192707,"9,21E+18",9,1,84,136,2021,3,18,1,3,0,7,0,0,0,0,1,0,0,"698769,71754","5325729,4571",11.667513337,48.053862056,0,4,#e78ac3,marker
192708,"9,21E+18",9,1,62,0,2021,4,13,5,3,5,3,0,1,1,0,0,0,0,"688391,105001","5336517,865",11.533138854,48.153978924,0,1,#66c2a5,bicycle
192712,"9,21E+18",9,1,62,0,2021,3,19,4,2,2,6,1,0,0,0,1,0,1,"696960,83069","5330688,83756",11.645550392,48.098995152,0,4,#e78ac3,marker
192714,"9,21E+18",9,1,62,0,2021,4,15,7,3,2,6,0,0,1,0,0,0,0,"689953,454221","5340171,757",11.555757271,48.186355265,0,2,#fc8d62,car
192719,"9,21E+18",9,2,61,0,2021,3,10,6,3,0,1,0,1,0,0,0,0,0,"730516,223077","5381971,84201",12.123654982,48.54843976,0,1,#66c2a5,bicycle
192721,"9,21E+18",9,2,61,0,2021,3,7,2,3,3,2,0,1,1,0,0,0,0,"731541,362581","5382675,45326",12.137915853,48.554382671,0,1,#66c2a5,bicycle
192725,"9,21E+18",9,1,62,0,2021,3,8,2,3,0,1,0,1,0,0,0,0,0,"689941,545251","5337538,92105",11.554420771,48.16269501,1,1,#66c2a5,bicycle
192727,"9,21E+18",9,1,62,0,2021,3,17,4,3,3,6,0,1,1,0,0,0,0,"690593,71344","5329247,36277",11.55947466,48.087975402,0,1,#66c2a5,bicycle