OBJECTID,UIDENTSTLA,ULAND,UREGBEZ,UKREIS,UGEMEINDE,UJAHR,UMONAT,USTUNDE,UWOCHENTAG,UKATEGORIE,UART,UTYP1,ULICHTVERH,IstRad,IstPKW,IstFuss,IstKrad,IstGkfz,IstSonstig,LINREFX,LINREFY,XGCSWGS84,YGCSWGS84,STRZUSTAN,Teilnehmer,color,symbol
192728,"9,21E+18",9,1,62,0,2021,4,12,4,2,6,4,0,1,0,1,0,0,0,"690593,986095","5333770,99751",11.561499256,48.128633851,1,1,#66c2a5,bicycle
192732,"9,21E+18",9,1,63,0,2021,3,17,2,3,6,4,0,0,1,1,0,0,0,"732217,471961","5305227,70506",12.104685423,47.858383979,0,2,#fc8d62,car
192733,"9,21E+18",9,1,62,0,2021,3,0,4,3,5,3,2,1,1,0,0,0,0,"688666,223829","5335668,46161",11.536457898,48.146262827,0,1,#66c2a5,bicycle
192734,"9,21E+18",9,2,74,126,2021,3,15,7,3,2,6,0,0,1,0,0,0,0,"733302,746584","5382365,13252",12.16157507,48.550942526,0,2,#fc8d62,car
192735,"9,21E+18",9,1,62,0,2021,3,7,2,3,2,2,0,0,1,0,0,0,0,"688552,40666","5339015,99647",11.536413062,48.176384592,0,2,#fc8d62,car
192736,"9,21E+18",9,1,62,0,2021,3,17,7,3,6,7,1,0,0,1,0,0,1,"691758,807082","5334270,74349",11.577362461,48.132775674,0,3,#8da0cb,toilet
192739,"9,21E+18",9,1,84,119,2021,4,14,7,3,0,7,0,1,0,0,0,0,0,"695861,82265","5349030,00347",11.639258915,48.264172852,0,1,#66c2a5,bicycle
192740,"9,21E+18",9,1,63,0,2021,3,14,5,3,5,3,0,1,1,0,0,0,0,"733326,707014","5305277,7187",12.119519905,47.85843155,1,1,#66c2a5,bicycle
192747,"9,21E+18",9,1,79,123,2021,4,14,3,3,6,2,0,0,1,1,0,0,0,"675708,179888","5333548,49017",11.361532528,48.130917059,1,2,#fc8d62,car
192748,"9,21E+18",9,1,75,122,2021,3,8,2,3,6,4,0,0,1,1,0,0,0,"720842,527662","5325581,94153",11.963266945,48.04528182,0,2,#fc8d62,car
192749,"9,21E+18",9,1,75,127,2021,4,11,7,3,6,6,0,0,1,1,0,0,0,"713323,841026","5341742,88568",11.870599616,48.193056153,0,2,#fc8d62,car
192750,"9,21E+18",9,7,72,202,2021,3,17,3,3,0,1,0,0,0,0,1,0,0,"637440,293552","5358600,98627",10.855660896,48.365607238,1,4,#e78ac3,marker
192751,"9,21E+18",9,7,61,0,2021,3,8,3,3,5,3,0,0,1,0,0,0,0,"640495,946272","5350787,73493",10.894289073,48.294679809,0,2,#fc8d62,car
192755,"9,21E+18",9,1,62,0,2021,3,12,3,3,2,6,0,0,1,0,0,0,0,"690854,415134","5339254,54233",11.567454804,48.177841437,0,2,#fc8d62,car
192756,"9,21E+18",9,1,78,120,2021,4,15,2,3,0,1,0,1,0,0,0,0,0,"694834,657616","5352315,95343",11.626947586,48.294021338,0,1,#66c2a5,bicycle
192760,"9,21E+18",9,1,90,148,2021,4,12,6,2,0,1,0,0,0,0,1,0,0,"641622,440972","5296930,53031",10.891641597,47.810136675,0,4,#e78ac3,marker
192762,"9,21E+18",9,2,74,182,2021,3,14,3,3,2,6,0,1,0,0,0,0,0,"730540,915772","5378975,50323",12.122331928,48.521514674,0,1,#66c2a5,bicycle
192769,"9,21E+18",9,1,78,124,2021,3,12,6,3,0,3,0,1,0,0,0,0,0,"704683,845547","5363227,06501",11.764888828,48.388962177,0,1,#66c2a5,bicycle
192770,"9,21E+18",9,1,62,0,2021,4,10,6,3,1,1,0,1,1,0,0,0,0,"691969,235338","5337292,0864",11.581550118,48.159867523,0,1,#66c2a5,bicycle
192771,"9,21E+18",9,1,63,0,2021,3,5,2,3,0,3,1,1,1,0,0,0,0,"732305,06215","5305873,55882",12.106201642,47.864154784,0,1,#66c2a5,bicycle
192772,"9,21E+18",9,1,88,139,2021,3,14,3,3,8,1,0,0,1,0,0,0,0,"672334,007114","5319451,31476",11.310539638,48.005109724,0,2,#fc8d62,car
192779,"9,21E+18",9,1,77,117,2021,4,17,5,3,6,4,0,0,1,1,0,0,0,"715100,098647","5351941,63686",11.899648651,48.284095946,0,2,#fc8d62,car
192781,"9,21E+18",9,1,84,146,2021,3,11,6,3,5,3,0,0,1,0,0,0,0,"699727,543203","5328003,71902",11.681415041,48.074002344,0,2,#fc8d62,car
192783,"9,21E+18",9,1,78,143,2021,4,16,3,3,0,6,0,0,1,0,0,0,0,"716894,497164","5372889,78516",11.934612169,48.471699225,0,2,#fc8d62,car
192784,"9,21E+18",9,1,62,0,2021,3,19,7,3,6,4,2,0,1,1,0,0,0,"699851,075778","5334489,8593",11.686109109,48.132255482,1,2,#fc8d62,car
192786,"9,21E+18",9,1,62,0,2021,3,8,3,3,2,6,0,0,1,0,0,0,0,"687474,571033","5338901,23227",11.521877979,48.175671956,0,2,#fc8d62,car
192788,"9,21E+18",9,1,62,0,2021,3,9,4,3,3,2,0,1,0,0,0,0,1,"690379,243498","5333876,62789",11.558663387,48.129647518,0,1,#66c2a5,bicycle
192790,"9,21E+18",9,1,62,0,2021,4,15,5,3,3,5,0,1,1,0,0,0,0,"682420,747437","5336006,76848",11.452718897,48.15112541,0,1,#66c2a5,bicycle
192793,"9,21E+18",9,1,62,0,2021,3,5,6,3,5,3,2,0,1,0,0,0,0,"689393,489528","5333043,83863",11.545058555,48.122456391,1,2,#fc8d62,car
192794,"9,21E+18",9,1,86,143,2021,3,13,2,3,1,5,0,1,1,0,0,0,0,"683354,168479","5376992,55362",11.483092,48.519248014,0,1,#66c2a5,bicycle
192797,"9,21E+18",9,1,62,0,2021,4,18,5,3,4,2,0,0,1,0,0,0,0,"691671,19532","5337599,53761",11.577684897,48.162720749,0,2,#fc8d62,car
192798,"9,21E+18",9,1,62,0,2021,3,15,3,3,5,2,0,1,1,0,0,0,0,"692149,42113","5334070,60736",11.582516785,48.130859078,0,1,#66c2a5,bicycle
192799,"9,21E+18",9,1,62,0,2021,3,20,3,3,6,4,2,0,1,1,0,0,0,"686226,419269","5333892,26147",11.502912843,48.131016589,0,2,#fc8d62,car
192802,"9,21E+18",9,1,86,143,2021,3,15,4,3,5,3,0,0,1,0,1,0,0,"684903,284227","5378121,90694",11.504550994,48.528944118,0,2,#fc8d62,car
192806,"9,21E+18",9,1,74,111,2021,3,21,1,3,0,1,2,0,1,0,0,0,0,"667077,209537","5361822,05099",11.256792106,48.38741573,0,2,#fc8d62,car
192810,"9,21E+18",9,1,62,0,2021,4,18,4,3,0,7,0,0,1,1,0,0,0,"693529,807777","5334456,23218",11.601224788,48.133906752,1,2,#fc8d62,car
192812,"9,21E+18",9,7,61,0,2021,3,11,5,3,4,6,0,1,0,0,0,0,0,"640356,737215","5358678,98947",10.895041354,48.365666872,0,1,#66c2a5,bicycle
192813,"9,21E+18",9,1,75,132,2021,3,8,2,3,0,1,0,1,0,0,0,0,0,"705899,142279","5331651,06564",11.765930878,48.104816986,0,1,#66c2a5,bicycle
192816,"9,21E+18",9,1,78,157,2021,3,13,6,3,0,1,0,1,0,0,0,0,0,"705188,093186","5370220,42315",11.775113091,48.451640505,0,1,#66c2a5,bicycle
192818,"9,21E+18",9,1,78,145,2021,3,12,2,3,8,1,0,0,0,0,1,0,0,"697819,285001","5355438,459",11.66860785,48.321157289,1,4,#e78ac3,marker
192819,"9,21E+18",9,1,81,130,2021,3,17,3,3,2,6,0,0,1,0,0,0,0,"639211,717131","5324348,73776",10.868323136,48.057221563,0,2,#fc8d62,car
192820,"9,21E+18",9,1,84,149,2021,4,11,3,3,5,3,0,0,1,0,0,0,0,"691600,957999","5350826,65611",11.58271873,48.281623396,0,2,#fc8d62,car
192821,"9,21E+18",9,1,62,0,2021,3,16,6,3,5,3,0,1,1,0,0,0,0,"686523,279538","5335877,18429",11.507768065,48.148770829,0,1,#66c2a5,bicycle
192822,"9,21E+18",9,1,77,139,2021,4,18,7,3,2,6,0,0,1,0,0,0,0,"739310,172428","5359984,02276",12.230062341,48.347650029,0,2,#fc8d62,car
192824,"9,21E+18",9,1,79,118,2021,3,7,4,3,6,7,0,0,0,1,0,0,1,"673081,15348","5338906,43748",11.328434946,48.179802205,0,3,#8da0cb,toilet
192828,"9,21E+18",9,1,74,113,2021,3,16,2,3,8,1,0,0,0,0,1,0,0,"673554,176415","5346040,7414",11.337711838,48.243806046,0,4,#e78ac3,marker
192830,"9,21E+18",9,7,61,0,2021,3,22,6,3,8,1,2,0,1,0,0,0,0,"639457,590233","5359581,58139",10.883207594,48.373982036,1,2,#fc8d62,car
192835,"9,21E+18",9,1,62,0,2021,4,5,5,2,7,1,2,1,0,0,0,0,0,"692316,272243","5337910,17832",11.586491499,48.165317916,1,1,#66c2a5,bicycle
192840,"9,21E+18",9,1,87,142,2021,4,17,7,3,0,1,0,1,0,0,0,0,0,"733713,332002","5308873,59499",12.126625771,47.890596355,0,1,#66c2a5,bicycle
192843,"9,21E+18",9,1,78,143,2021,3,15,7,3,0,1,0,1,0,0,0,0,0,"716742,572916","5373096,76192",11.932666674,48.473611205,0,1,#66c2a5,bicycle
192844,"9,21E+18",9,7,77,151,2021,4,9,5,3,5,3,0,0,1,0,0,1,0,"621613,670987","5294837,6642",10.623918989,47.795406082,0,2,#fc8d62,car
192847,"9,21E+18",9,1,74,115,2021,4,18,6,3,0,1,0,1,0,0,0,0,0,"682695,223249","5348508,94804",11.461788785,48.263423284,0,1,#66c2a5,bicycle
192849,"9,21E+18",9,1,84,112,2021,4,15,1,3,4,6,0,1,0,1,0,0,0,"700118,367691","5337269,66586",11.691004043,48.157153705,0,1,#66c2a5,bicycle
192851,"9,21E+18",9,7,62,0,2021,3,16,5,2,5,3,0,1,1,0,0,0,0,"619885,534574","5303269,02275",10.603187014,47.871561198,0,1,#66c2a5,bicycle
192853,"9,21E+18",9,1,84,123,2021,3,17,2,3,5,3,0,1,1,0,0,0,0,"701167,815383","5333329,53934",11.703238787,48.121412933,1,1,#66c2a5,bicycle
192854,"9,21E+18",9,7,61,0,2021,3,21,2,3,5,3,2,0,1,0,0,0,0,"639506,024","5355553,331",10.882525929,48.337750262,0,2,#fc8d62,car
192862,"9,21E+18",9,1,62,0,2021,3,16,5,2,4,1,0,1,1,0,0,0,0,"690584,85823","5337174,56063",11.562900135,48.159227655,0,1,#66c2a5,bicycle
192865,"9,21E+18",9,1,87,177,2021,3,5,2,3,9,1,2,0,0,0,1,0,0,"735757,25592","5305720,94298",12.152206762,47.861526374,0,4,#e78ac3,marker
192867,"9,21E+18",9,1,62,0,2021,3,13,6,3,5,4,0,1,0,1,0,0,0,"679670,792001","5337391,137",11.416363643,48.164352178,0,1,#66c2a5,bicycle
192868,"9,21E+18",9,7,77,151,2021,4,14,6,3,8,1,0,1,0,0,0,0,0,"621098,161871","5294332,29973",10.616897145,47.790958033,0,1,#66c2a5,bicycle
192869,"9,21E+18",9,7,77,114,2021,3,7,4,3,8,1,1,0,1,0,0,0,0,"616629,336667","5312292,61492",10.56210116,47.953318867,2,2,#fc8d62,car
192870,"9,21E+18",9,1,77,117,2021,3,17,4,2,6,4,0,0,1,1,0,0,0,"715757,918001","5354570,442",11.909847529,48.307492237,0,2,#fc8d62,car
192871,"9,21E+18",9,1,90,157,2021,4,19,5,3,0,7,1,1,0,0,0,0,0,"659970,98624","5299986,79224",11.137684166,47.833317311,0,1,#66c2a5,bicycle
192872,"9,21E+18",9,7,61,0,2021,3,17,5,2,6,7,0,1,0,1,0,0,0,"637206,9151","5360177,12416",10.853025978,48.379830471,0,1,#66c2a5,bicycle
192873,"9,21E+18",9,1,62,0,2021,3,12,6,3,5,3,0,1,1,0,0,0,0,"692184,664513","5331298,04416",11.581740299,48.10592905,0,1,#66c2a5,bicycle
192874,"9,21E+18",9,1,62,0,2021,3,20,1,3,5,3,2,0,1,0,0,0,0,"689698,880017","5331904,02184",11.548651095,48.112120699,0,2,#fc8d62,car
192875,"9,21E+18",9,1,88,117,2021,4,14,3,3,8,6,0,0,1,0,0,0,0,"665548,672797","5317253,59694",11.218790819,47.98714454,0,2,#fc8d62,car
192879,"9,21E+18",9,1,62,0,2021,3,9,3,2,1,5,0,1,1,0,0,0,0,"688522,695182","5335775,829",11.534577781,48.147270411,1,1,#66c2a5,bicycle
192881,"9,21E+18",9,7,61,0,2021,3,15,4,3,6,4,0,0,1,1,0,0,0,"640929,802365","5357927,36565",10.902522439,48.358780849,0,2,#fc8d62,car
192882,"9,21E+18",9,2,74,113,2021,4,21,6,3,6,7,2,0,1,1,0,0,0,"728206,172225","5381849,2543",12.092332769,48.548183069,1,2,#fc8d62,car
192883,"9,21E+18",9,1,62,0,2021,3,18,3,3,4,2,0,1,1,0,0,0,0,"694541,47437","5335359,71695",11.615220548,48.141718472,0,1,#66c2a5,bicycle
192886,"9,21E+18",9,1,62,0,2021,3,10,2,3,0,6,0,0,1,0,0,0,0,"692974,526287","5340410,27958",11.596470118,48.187588523,0,2,#fc8d62,car
192887,"9,21E+18",9,1,62,0,2021,3,18,4,3,3,6,0,1,0,0,1,0,0,"692898,703073","5336478,77931",11.593667397,48.152276467,0,1,#66c2a5,bicycle
192888,"9,21E+18",9,2,74,113,2021,3,21,7,2,0,1,2,1,0,0,0,0,0,"729885,322854","5383089,42869",12.115735991,48.558710539,0,1,#66c2a5,bicycle
192889,"9,21E+18",9,1,79,123,2021,4,18,7,3,0,7,0,0,0,0,1,0,1,"674670,584791","5333274,55203",11.347487045,48.128740113,1,4,#e78ac3,marker
192890,"9,21E+18",9,1,62,0,2021,3,18,7,3,6,4,2,0,1,1,0,0,0,"684489,253497","5339328,09919",11.481944677,48.180382509,1,2,#fc8d62,car
192891,"9,21E+18",9,1,84,123,2021,3,12,2,2,5,3,0,1,1,0,0,0,0,"702123,773202","5332568,59347",11.715709068,48.114271665,0,1,#66c2a5,bicycle
192892,"9,21E+18",9,1,62,0,2021,3,10,6,3,0,5,0,1,1,0,0,0,0,"694985,696139","5334380,54584",11.620737521,48.132782149,0,1,#66c2a5,bicycle
192893,"9,21E+18",9,1,77,115,2021,4,7,4,2,8,1,0,0,1,0,0,0,0,"738351,946276","5357119,51481",12.215529986,48.322281892,2,2,#fc8d62,car
192898,"9,21E+18",9,7,77,152,2021,4,13,5,3,8,7,0,1,0,0,0,0,0,"624655,551759","5305704,84556",10.667650516,47.892559713,0,1,#66c2a5,bicycle
192899,"9,21E+18",9,1,75,124,2021,3,14,6,2,4,1,0,1,1,0,0,0,0,"715889,99115","5328067,86493",11.898157238,48.06931318,0,1,#66c2a5,bicycle
192900,"9,21E+18",9,7,71,122,2021,4,22,6,3,1,1,2,0,1,0,0,0,0,"651276,777506","5361495,83636",11.043399169,48.388470326,0,2,#fc8d62,car
192905,"9,21E+18",9,1,74,143,2021,4,11,7,3,0,1,0,1,0,0,0,0,0,"674718,186898","5352436,16973",11.356019761,48.300975802,0,1,#66c2a5,bicycle
192907,"9,21E+18",9,1,62,0,2021,3,11,3,3,5,3,0,1,1,0,0,0,0,"684404,283157","5332452,13848",11.477823861,48.118602472,0,1,#66c2a5,bicycle
192908,"9,21E+18",9,7,61,0,2021,3,16,6,2,5,3,0,1,1,0,0,0,0,"638958,324825","5360593,52586",10.876803932,48.383191337,0,1,#66c2a5,bicycle
192914,"9,21E+18",9,7,61,0,2021,4,14,5,3,0,7,0,1,0,0,0,0,0,"639626,013555","5361357,78758",10.886070816,48.38991592,0,1,#66c2a5,bicycle
192923,"9,21E+18",9,1,82,125,2021,4,14,5,3,2,6,0,0,1,0,0,0,0,"712112,239495","5297379,47508",11.832397273,47.794807641,0,2,#fc8d62,car
192925,"9,21E+18",9,7,61,0,2021,3,14,7,3,0,7,0,1,1,0,0,0,0,"639288,386477","5355741,74352",10.879653025,48.339492446,0,1,#66c2a5,bicycle
192936,"9,21E+18",9,1,63,0,2021,3,19,3,3,6,6,2,1,0,1,0,0,0,"733408,109462","5306347,5723",12.121184059,47.868013599,0,1,#66c2a5,bicycle
192937,"9,21E+18",9,2,74,113,2021,4,1,2,2,3,6,2,0,1,1,0,0,0,"729508,803665","5382808,35037",12.110485757,48.556323504,0,2,#fc8d62,car
192940,"9,21E+18",9,1,62,0,2021,3,16,4,3,3,2,0,1,1,0,0,0,0,"689715,518336","5331909,95337",11.548877044,48.112169056,0,1,#66c2a5,bicycle
192944,"9,21E+18",9,7,61,0,2021,3,17,2,3,5,1,0,0,1,0,0,0,0,"639740,275991","5358119,43361",10.886536965,48.360772269,0,2,#fc8d62,car
192946,"9,21E+18",9,1,74,126,2021,3,13,7,3,0,7,0,0,1,0,1,0,0,"683642,574188","5344981,86382",11.473012016,48.231446539,0,2,#fc8d62,car
192948,"9,21E+18",9,1,63,0,2021,3,11,5,3,5,2,0,1,0,0,0,0,1,"732936,719691","5304915,51224",12.114118789,47.855318918,0,1,#66c2a5,bicycle
192949,"9,21E+18",9,2,61,0,2021,3,10,4,3,5,3,0,1,1,0,0,0,0,"732118,505285","5380581,32885",12.144558481,48.53535834,0,1,#66c2a5,bicycle
192956,"9,21E+18",9,1,90,157,2021,3,13,1,3,8,7,0,0,1,0,0,0,0,"660994,763519","5302102,72575",11.152142021,47.85208636,0,2,#fc8d62,car
192957,"9,21E+18",9,1,62,0,2021,4,12,5,3,5,2,0,1,1,0,0,0,0,"680625,885001","5338488,077",11.42966257,48.173941738,0,1,#66c2a5,bicycle
192962,"9,21E+18",9,1,62,0,2021,3,6,3,3,5,3,0,0,1,0,0,0,0,"691393,718027","5339809,34711",11.574952021,48.182665714,0,2,#fc8d62,car
192963,"9,21E+18",9,1,62,0,2021,4,16,1,3,0,2,0,0,1,0,1,0,0,"687829,219991","5343286,35881",11.52858368,48.214981258,0,2,#fc8d62,car
192964,"9,21E+18",9,1,62,0,2021,3,6,6,3,5,3,1,1,1,0,0,0,0,"700768,148106","5332903,75469",11.697673855,48.117712545,1,1,#66c2a5,bicycle
192968,"9,21E+18",9,1,62,0,2021,3,17,2,3,5,3,1,0,1,0,0,0,0,"691174,851008","5330671,45699",11.567908285,48.100601135,1,2,#fc8d62,car
192970,"9,21E+18",9,7,71,112,2021,4,16,5,3,4,6,0,0,0,0,1,1,0,"642571,793466","5366896,57699",10.927721724,48.439058603,0,4,#e78ac3,marker
192971,"9,21E+18",9,1,79,118,2021,4,19,1,3,5,3,1,0,1,0,0,0,0,"672980,325682","5337289,4173",11.326421708,48.165293479,0,2,#fc8d62,car
192974,"9,21E+18",9,1,79,126,2021,3,14,6,3,2,2,0,1,1,0,0,0,0,"676173,188291","5340133,28144",11.370503777,48.18998075,0,1,#66c2a5,bicycle
192978,"9,21E+18",9,1,62,0,2021,3,12,5,3,5,3,0,1,1,0,0,0,0,"695823,513597","5339163,24341",11.634186788,48.175509106,0,1,#66c2a5,bicycle
192979,"9,21E+18",9,1,62,0,2021,3,15,1,3,0,7,0,1,0,1,0,0,0,"689648,755959","5332865,41642",11.548405921,48.120776732,0,1,#66c2a5,bicycle
192980,"9,21E+18",9,1,85,158,2021,4,3,6,3,0,1,2,1,0,0,0,0,0,"668432,106578","5381189,74601",11.282879656,48.561157751,0,1,#66c2a5,bicycle
192987,"9,21E+18",9,7,77,151,2021,3,12,2,3,0,7,0,1,0,0,0,0,0,"621016,127214","5293451,31546",10.615556652,47.783049934,0,1,#66c2a5,bicycle
192988,"9,21E+18",9,1,62,0,2021,3,16,4,3,1,5,0,1,1,0,0,0,0,"691336,645052","5333824,89401",11.571494059,48.128895472,0,1,#66c2a5,bicycle
192989,"9,21E+18",9,1,74,115,2021,3,12,1,3,6,4,0,0,1,1,0,0,0,"679894,293363","5347527,69456",11.423664852,48.25540459,0,2,#fc8d62,car
192990,"9,21E+18",9,2,61,0,2021,3,19,6,3,8,1,1,0,1,0,0,0,0,"731290,782527","5383242,89026",12.134840441,48.559572312,0,2,#fc8d62,car
192991,"9,21E+18",9,1,81,145,2021,4,14,7,3,1,6,0,0,0,0,1,0,1,"642665,255725","5334324,70435",10.917980851,48.146162516,0,4,#e78ac3,marker
192994,"9,21E+18",9,1,62,0,2021,4,10,3,3,5,3,0,1,0,0,0,0,1,"692185,301455","5334918,00045",11.583380795,48.138464463,0,1,#66c2a5,bicycle
192995,"9,21E+18",9,1,62,0,2021,3,12,6,3,6,4,0,1,0,1,0,0,0,"690238,540216","5333659,60346",11.556677431,48.127738966,0,1,#66c2a5,bicycle
192996,"9,21E+18",9,1,62,0,2021,4,13,6,2,0,1,0,0,0,0,1,0,0,"682548,420935","5337771,8522",11.455191257,48.166954534,0,4,#e78ac3,marker
192997,"9,21E+18",9,7,77,151,2021,3,7,4,3,1,6,0,0,1,0,0,1,0,"621114,977002","5292422,61073",10.616588842,47.773779238,2,2,#fc8d62,car
192999,"9,21E+18",9,1,62,0,2021,4,18,5,3,1,6,0,0,1,0,0,0,0,"690199,461166","5335407,33062",11.55693312,48.143459228,0,2,#fc8d62,car
193002,"9,21E+18",9,7,61,0,2021,3,10,6,3,1,1,0,0,1,0,0,0,0,"641110,962223","5356639,50557",10.904534897,48.347160393,0,2,#fc8d62,car
193003,"9,21E+18",9,1,88,139,2021,3,10,2,3,0,1,0,0,0,0,1,0,0,"677091,53981","5322578,56716",11.375561315,48.03192171,1,4,#e78ac3,marker
193006,"9,21E+18",9,1,62,0,2021,4,18,5,3,2,6,0,0,1,0,0,0,0,"692531,448001","5335447,905",11.588268387,48.14312249,1,2,#fc8d62,car
193009,"9,21E+18",9,2,61,0,2021,4,17,5,3,0,5,0,1,1,0,0,0,0,"731174,544558","5382536,77727",12.132875392,48.553272264,0,1,#66c2a5,bicycle
193011,"9,21E+18",9,1,62,0,2021,4,11,5,3,4,2,0,0,1,0,0,0,0,"692825,903311","5335368,21519",11.59218657,48.142317085,0,2,#fc8d62,car
193012,"9,21E+18",9,1,62,0,2021,3,15,3,2,0,7,0,0,0,1,0,0,1,"688588,897626","5331967,76213",11.533781557,48.11302324,0,3,#8da0cb,toilet
193013,"9,21E+18",9,7,72,200,2021,4,17,2,3,0,1,0,0,0,0,1,0,0,"630676,971809","5337870,69109",10.757983149,48.180626477,0,4,#e78ac3,marker
193014,"9,21E+18",9,1,75,127,2021,3,10,7,3,1,6,0,0,1,0,0,0,1,"712092,165396","5341945,38204",11.854148069,48.195288196,0,2,#fc8d62,car
193018,"9,21E+18",9,7,72,163,2021,3,14,2,3,4,2,0,0,1,0,0,0,0,"639039,90326","5346412,07409",10.873229095,48.255655752,0,2,#fc8d62,car
193022,"9,21E+18",9,1,88,132,2021,3,15,2,3,6,7,0,0,0,1,0,1,0,"663029,143875","5322023,69313",11.186861266,48.03067777,0,3,#8da0cb,toilet
193023,"9,21E+18",9,2,61,0,2021,3,8,4,3,0,1,0,1,0,0,0,0,0,"733637,825099","5381541,61065",12.165646756,48.543420471,0,1,#66c2a5,bicycle
193025,"9,21E+18",9,1,63,0,2021,3,15,6,3,0,7,0,1,0,0,0,0,0,"732717,93522","5305199,25571",12.111350986,47.857947359,0,1,#66c2a5,bicycle
193026,"9,21E+18",9,7,62,0,2021,4,10,6,3,4,6,0,0,1,0,0,0,0,"622796,955437","5307652,35355",10.643351134,47.91043325,0,2,#fc8d62,car
193029,"9,21E+18",9,1,87,116,2021,4,7,4,3,4,1,0,0,1,0,0,0,1,"745831,432217","5329741,1043",12.300411163,48.073509526,2,2,#fc8d62,car
193030,"9,21E+18",9,1,62,0,2021,4,16,6,3,2,6,0,0,1,0,0,0,0,"686895,901389","5338612,05169",11.513974451,48.173243177,0,2,#fc8d62,car
193031,"9,21E+18",9,1,84,120,2021,3,12,4,3,6,4,0,0,1,1,0,0,0,"681800,116505","5333095,28236",11.443139409,48.125132411,0,2,#fc8d62,car
193032,"9,21E+18",9,7,72,184,2021,3,13,3,2,7,7,0,1,0,0,0,0,0,"634323,352028","5359185,10563",10.813786017,48.371530682,0,1,#66c2a5,bicycle
193034,"9,21E+18",9,1,62,0,2021,3,10,5,2,1,7,0,0,1,0,1,0,0,"686031,735851","5339414,29689",11.50271306,48.180707547,0,2,#fc8d62,car
193037,"9,21E+18",9,7,71,114,2021,4,18,5,3,2,2,0,0,1,0,0,0,0,"645436,504325","5374951,22158",10.969233814,48.510823744,0,2,#fc8d62,car
193038,"9,21E+18",9,1,62,0,2021,3,7,5,3,4,3,0,1,1,0,0,0,0,"698216,379704","5329185,65668",11.661698172,48.085096271,0,1,#66c2a5,bicycle
193040,"9,21E+18",9,1,79,121,2021,3,13,2,3,5,3,0,0,1,0,0,0,0,"666407,780166","5338593,04015",11.238608861,48.17876763,1,2,#fc8d62,car
193041,"9,21E+18",9,1,62,0,2021,3,12,2,3,2,6,0,0,1,0,0,0,0,"689003,844258","5336196,85087",11.541226897,48.150911822,0,2,#fc8d62,car
193042,"9,21E+18",9,1,74,150,2021,4,6,4,3,2,1,0,0,1,0,0,0,0,"682169,136909","5359284,00746",11.459359132,48.360425473,2,2,#fc8d62,car
193044,"9,21E+18",9,1,86,143,2021,3,17,5,3,0,7,0,0,1,0,0,0,0,"684877,852406","5379840,25942",11.504969155,48.544395712,0,2,#fc8d62,car
193045,"9,21E+18",9,1,62,0,2021,3,16,3,3,5,3,0,1,1,0,0,0,0,"691797,964558","5332387,30588",11.577040733,48.115835769,0,1,#66c2a5,bicycle
193046,"9,21E+18",9,1,62,0,2021,3,17,4,3,0,7,0,1,0,0,0,0,0,"686218,821606","5334449,53426",11.503054415,48.136027793,0,1,#66c2a5,bicycle
193048,"9,21E+18",9,1,62,0,2021,3,13,6,3,1,7,0,1,1,0,0,0,0,"692476,903001","5337108,825",11.588286968,48.158066948,0,1,#66c2a5,bicycle
193049,"9,21E+18",9,2,61,0,2021,3,18,2,3,2,2,0,1,0,0,0,0,0,"732595,837427","5381055,50071",12.151279436,48.539440991,0,1,#66c2a5,bicycle
193052,"9,21E+18",9,1,62,0,2021,4,11,5,3,4,7,0,0,1,0,1,0,0,"690531,589233","5341856,11187",11.564283559,48.201320887,0,2,#fc8d62,car
193063,"9,21E+18",9,7,72,200,2021,3,9,2,3,0,1,0,1,0,0,0,0,0,"630045,516683","5337308,04555",10.74932018,48.175696343,1,1,#66c2a5,bicycle
193064,"9,21E+18",9,1,62,0,2021,3,6,2,3,6,7,1,0,0,1,0,1,0,"694023,582001","5333520,066",11.607428215,48.125342476,0,3,#8da0cb,toilet
193065,"9,21E+18",9,1,77,139,2021,3,13,7,2,5,3,0,1,1,0,0,0,0,"739000,287656","5358463,90252",12.225024278,48.334113029,0,1,#66c2a5,bicycle
193066,"9,21E+18",9,1,62,0,2021,4,16,5,3,6,7,0,0,0,1,0,1,0,"688045,940328","5330753,82718",11.525958968,48.102272616,0,3,#8da0cb,toilet
193068,"9,21E+18",9,1,90,139,2021,4,19,1,3,0,1,0,0,0,0,1,0,0,"654285,347128","5295386,40673",11.06012157,47.793341489,0,4,#e78ac3,marker
193069,"9,21E+18",9,2,61,0,2021,3,12,5,3,1,1,0,1,1,0,0,0,0,"732838,097914","5382340,87671",12.155274835,48.550897275,0,1,#66c2a5,bicycle
193072,"9,21E+18",9,1,84,148,2021,4,11,5,3,5,3,0,0,1,0,1,0,0,"693843,014712","5325844,34018",11.601519966,48.056410001,0,2,#fc8d62,car
193075,"9,21E+18",9,1,62,0,2021,3,19,7,3,1,6,2,0,1,0,0,0,0,"687783,953543","5343625,57831",11.52812511,48.218043585,1,2,#fc8d62,car
193076,"9,21E+18",9,1,90,140,2021,3,18,2,3,0,1,0,0,0,0,1,0,0,"647800,9938","5296079,11462",10.97382837,47.801091381,0,4,#e78ac3,marker