OBJECTID,UIDENTSTLA,ULAND,UREGBEZ,UKREIS,UGEMEINDE,UJAHR,UMONAT,USTUNDE,UWOCHENTAG,UKATEGORIE,UART,UTYP1,ULICHTVERH,IstRad,IstPKW,IstFuss,IstKrad,IstGkfz,IstSonstig,LINREFX,LINREFY,XGCSWGS84,YGCSWGS84,STRZUSTAN,Teilnehmer,color,symbol
193469,"9,21E+18",9,1,62,0,2021,4,12,2,3,3,2,0,1,1,0,0,0,0,"693615,002072","5334669,94866",11.602465786,48.135801657,0,1,#66c2a5,bicycle
193472,"9,21E+18",9,7,72,202,2021,4,10,4,3,5,3,0,1,1,0,0,0,0,"637056,88275","5358535,38104",10.85046568,48.365100688,0,1,#66c2a5,bicycle
193473,"9,21E+18",9,1,84,112,2021,4,7,4,2,0,7,0,1,0,0,0,0,0,"700188,549481","5337692,70191",11.692145751,48.160933439,0,1,#66c2a5,bicycle
193475,"9,21E+18",9,1,74,135,2021,4,15,5,3,0,6,0,1,1,0,0,0,0,"662983,091849","5352309,18385",11.197852002,48.302966155,0,1,#66c2a5,bicycle
193477,"9,21E+18",9,7,72,163,2021,4,17,6,3,0,7,0,0,0,1,1,0,0,"640129,860893","5347631,70696",10.888309418,48.26638245,0,3,#8da0cb,toilet
193480,"9,21E+18",9,1,82,133,2021,4,15,1,3,8,1,0,1,0,0,0,0,0,"707427,427903","5304732,83289",11.773437283,47.862417564,0,1,#66c2a5,bicycle
193485,"9,21E+18",9,1,62,0,2021,4,11,3,3,5,3,0,0,1,0,0,0,0,"692825,903311","5335368,21519",11.59218657,48.142317085,0,2,#fc8d62,car
193491,"9,21E+18",9,1,90,140,2021,4,21,2,2,0,1,1,0,0,0,1,0,0,"644687,078779","5295110,79156",10.931944929,47.793091221,0,4,#e78ac3,marker
193493,"9,21E+18",9,1,62,0,2021,4,14,2,2,1,6,0,1,0,0,0,0,1,"690143,71704","5334860,61704",11.555940398,48.138562027,1,1,#66c2a5,bicycle
193496,"9,21E+18",9,1,62,0,2021,4,18,3,3,4,2,0,1,1,0,0,0,0,"686256,276565","5331802,8023",11.502400836,48.112226954,0,1,#66c2a5,bicycle
193497,"9,21E+18",9,1,62,0,2021,4,15,6,3,0,1,0,1,0,0,0,0,0,"693112,599748","5336248,19006",11.596435715,48.150139093,0,1,#66c2a5,bicycle
193499,"9,21E+18",9,1,62,0,2021,4,15,6,3,5,3,0,0,1,0,0,0,0,"690013,738001","5335748,521",11.554591206,48.146581344,0,2,#fc8d62,car
193505,"9,21E+18",9,1,79,123,2021,4,16,5,2,6,7,0,1,0,1,0,0,0,"675807,651698","5333916,12132",11.363019963,48.134194344,0,1,#66c2a5,bicycle
193507,"9,21E+18",9,1,88,124,2021,4,17,5,2,5,3,0,1,1,0,0,0,0,"661947,670237","5318406,8616",11.170999194,47.998435089,0,1,#66c2a5,bicycle
193508,"9,21E+18",9,1,84,145,2021,4,13,6,2,1,1,0,1,1,0,0,0,0,"694109,856439","5324776,21526",11.604612867,48.046728802,0,1,#66c2a5,bicycle
193509,"9,21E+18",9,7,61,0,2021,4,22,6,3,4,2,2,1,1,0,0,0,0,"640757,940713","5359977,54232",10.900889844,48.377253664,1,1,#66c2a5,bicycle
193511,"9,21E+18",9,1,73,120,2021,4,15,7,2,0,1,0,1,0,0,0,0,0,"690516,912585","5313613,11826",11.551496883,47.947474591,0,1,#66c2a5,bicycle
193512,"9,21E+18",9,7,61,0,2021,5,15,2,2,3,6,0,1,1,0,0,0,0,"640644,866095","5362572,06719",10.900232336,48.400607871,0,1,#66c2a5,bicycle
193518,"9,21E+18",9,1,62,0,2021,4,17,3,3,6,4,0,0,1,1,0,0,0,"695332,485321","5333061,22415",11.624788868,48.120818366,0,2,#fc8d62,car
193520,"9,21E+18",9,1,87,128,2021,4,14,7,3,2,6,0,0,1,0,0,0,0,"745167,311788","5308790,17613",12.279556609,47.885575272,0,2,#fc8d62,car
193523,"9,21E+18",9,7,61,0,2021,4,8,3,3,0,7,0,0,0,0,0,0,1,"640885,686208","5359238,36432",10.902366317,48.370578735,0,6,#ffd92f,circle
193525,"9,21E+18",9,1,62,0,2021,4,16,2,3,5,2,0,1,1,0,0,0,0,"686717,238655","5334632,21008",11.50982729,48.137523701,0,1,#66c2a5,bicycle
193528,"9,21E+18",9,1,62,0,2021,4,12,5,3,5,3,0,0,1,0,0,0,0,"697821,146062","5330391,83734",11.656955542,48.096059413,0,2,#fc8d62,car
193529,"9,21E+18",9,1,62,0,2021,4,16,2,3,5,3,0,0,1,0,0,0,0,"694129,613943","5336100,67525",11.610027711,48.148503714,1,2,#fc8d62,car
193530,"9,21E+18",9,1,84,146,2021,4,12,5,3,4,6,0,0,1,0,0,0,0,"697937,918448","5328142,94157",11.65748006,48.07581152,0,2,#fc8d62,car
193532,"9,21E+18",9,1,62,0,2021,4,12,3,3,6,7,0,0,0,1,0,1,0,"691595,867059","5334927,2145",11.575469998,48.138725025,0,3,#8da0cb,toilet
193535,"9,21E+18",9,1,87,150,2021,4,13,6,3,1,6,0,0,1,0,0,0,0,"729783,160416","5304124,26695",12.071601865,47.849345171,0,2,#fc8d62,car
193536,"9,21E+18",9,1,62,0,2021,4,11,3,3,1,5,0,1,1,0,0,0,0,"682602,590559","5340347,35865",11.457025737,48.190089245,0,1,#66c2a5,bicycle
193542,"9,21E+18",9,1,87,128,2021,4,19,2,3,8,1,0,0,0,0,1,0,0,"746130,077011","5311147,15482",12.293757307,47.906378447,0,4,#e78ac3,marker
193546,"9,21E+18",9,1,62,0,2021,4,10,5,2,2,6,0,0,1,0,0,0,0,"686232,698616","5333520,13132",11.502834522,48.127669901,0,2,#fc8d62,car
193548,"9,21E+18",9,1,62,0,2021,4,16,6,3,5,3,0,1,1,0,0,0,0,"689652,757813","5333029,78549",11.548532763,48.122252904,0,1,#66c2a5,bicycle
193550,"9,21E+18",9,1,87,137,2021,5,22,7,2,1,5,2,1,1,0,0,0,0,"730414,022896","5309791,71709",12.083044144,47.900037768,1,1,#66c2a5,bicycle
193552,"9,21E+18",9,1,77,117,2021,5,10,3,2,0,1,0,0,0,0,1,0,0,"715077,970733","5353816,42157",11.900305374,48.300948763,0,4,#e78ac3,marker
193553,"9,21E+18",9,7,77,121,2021,4,11,1,2,0,1,0,1,0,0,0,0,0,"631652,897019","5320778,76726",10.765831747,48.026721875,0,1,#66c2a5,bicycle
193555,"9,21E+18",9,1,62,0,2021,4,14,3,3,2,6,0,1,0,0,0,0,0,"686862,868038","5334370,74308",11.51166817,48.135130805,0,1,#66c2a5,bicycle
193558,"9,21E+18",9,7,72,167,2021,4,15,4,3,5,3,0,0,0,0,1,0,1,"626410,84515","5354806,31514",10.705678093,48.3337884,0,4,#e78ac3,marker
193559,"9,21E+18",9,1,62,0,2021,4,21,6,3,5,3,2,1,1,0,0,0,0,"692921,07655","5335341,80789",11.593452675,48.142050893,0,1,#66c2a5,bicycle
193562,"9,21E+18",9,1,84,113,2021,4,11,7,3,0,3,0,1,1,0,0,0,0,"686119,941001","5322669,131",11.49659423,48.030168711,0,1,#66c2a5,bicycle
193563,"9,21E+18",9,1,78,124,2021,4,14,1,3,9,6,0,0,0,0,1,0,0,"703280,633001","5364311,03",11.746481419,48.39915667,0,4,#e78ac3,marker
193564,"9,21E+18",9,7,72,147,2021,4,23,4,3,9,1,2,0,1,0,0,0,0,"638948,088895","5366368,53674",10.878578048,48.435120798,0,2,#fc8d62,car
193569,"9,21E+18",9,1,62,0,2021,4,17,5,3,0,1,0,1,0,0,0,0,0,"693231,732036","5334189,57974",11.597101703,48.131600723,0,1,#66c2a5,bicycle
193572,"9,21E+18",9,7,72,177,2021,4,16,6,2,2,6,0,0,1,0,0,0,0,"635744,177116","5376485,9086",10.838570469,48.52679303,0,2,#fc8d62,car
193577,"9,21E+18",9,7,72,168,2021,4,12,1,3,0,1,0,1,0,0,0,0,0,"619895,675781","5347315,20255",10.615677552,48.267689658,0,1,#66c2a5,bicycle
193578,"9,21E+18",9,7,71,113,2021,4,16,6,2,5,3,0,1,1,0,0,0,0,"657280,202853","5369000,52255",11.127249236,48.454471512,0,1,#66c2a5,bicycle
193579,"9,21E+18",9,2,61,0,2021,5,16,3,3,0,1,0,1,0,0,0,0,0,"731885,472618","5380595,65315",12.141414453,48.535573147,0,1,#66c2a5,bicycle
193580,"9,21E+18",9,1,62,0,2021,4,20,1,3,4,2,2,0,1,0,0,0,0,"697241,104906","5331819,15986",11.649833277,48.109067111,0,2,#fc8d62,car
193583,"9,21E+18",9,7,72,147,2021,4,10,5,3,0,7,0,0,0,1,0,0,1,"638339,631439","5365212,95845",10.869974866,48.424864139,0,3,#8da0cb,toilet
193584,"9,21E+18",9,1,62,0,2021,4,14,3,3,0,4,0,1,1,1,0,0,0,"693093,50995","5331937,78076",11.594226015,48.111404043,0,1,#66c2a5,bicycle
193585,"9,21E+18",9,1,62,0,2021,4,16,6,3,6,6,0,1,0,1,0,0,0,"689530,587055","5338346,25288",11.5492595,48.170073957,0,1,#66c2a5,bicycle
193586,"9,21E+18",9,1,62,0,2021,4,11,1,3,5,3,0,0,1,0,0,0,0,"688297,050204","5332710,10217",11.530192206,48.119781908,1,2,#fc8d62,car
193589,"9,21E+18",9,7,61,0,2021,5,16,2,3,1,7,0,0,1,0,0,1,0,"643204,86038","5360113,37208",10.933961556,48.377924371,0,2,#fc8d62,car
193591,"9,21E+18",9,1,62,0,2021,4,15,4,3,6,5,0,0,1,1,0,0,0,"686732,953224","5339501,68768",11.512175654,48.181287345,1,2,#fc8d62,car
193595,"9,21E+18",9,1,87,169,2021,4,15,4,2,1,3,0,1,1,0,0,0,0,"738317,77308","5297227,62505",12.181717273,47.78428169,0,1,#66c2a5,bicycle
193597,"9,21E+18",9,1,74,137,2021,4,9,4,2,8,1,0,0,0,0,0,0,1,"661039,968426","5352565,94845",11.171766336,48.305772143,0,6,#ffd92f,circle
193598,"9,21E+18",9,1,88,139,2021,4,12,7,2,0,1,0,1,0,0,0,0,0,"677088,994951","5322577,43391",11.375526739,48.031912228,0,1,#66c2a5,bicycle
193601,"9,21E+18",9,1,79,121,2021,4,17,1,3,0,1,0,0,0,0,0,0,1,"666049,462105","5337859,78803",11.233505912,48.172269386,0,6,#ffd92f,circle
193602,"9,21E+18",9,1,74,111,2021,5,16,3,3,0,1,0,1,1,0,0,0,0,"666748,954359","5361728,26728",11.252324552,48.38665951,0,1,#66c2a5,bicycle
193604,"9,21E+18",9,7,77,151,2021,4,8,3,3,5,3,0,0,1,0,0,0,0,"621112,18054","5292786,11685",10.616652894,47.777049121,0,2,#fc8d62,car
193607,"9,21E+18",9,7,61,0,2021,4,14,4,3,3,1,0,1,0,0,0,0,0,"638122,59424","5356827,06744",10.864285707,48.349507486,0,1,#66c2a5,bicycle
193612,"9,21E+18",9,1,62,0,2021,4,18,7,3,6,4,0,1,0,1,0,0,0,"692378,12084","5334315,40157",11.585697826,48.13299016,0,1,#66c2a5,bicycle
193615,"9,21E+18",9,7,61,0,2021,4,8,2,3,0,1,0,1,0,0,0,0,0,"641608,708411","5358209,8895",10.911777322,48.361169289,0,1,#66c2a5,bicycle
193618,"9,21E+18",9,1,62,0,2021,4,15,5,3,0,6,0,1,0,1,0,0,0,"686743,195957","5340074,81618",11.512565226,48.18643575,0,1,#66c2a5,bicycle
193619,"9,21E+18",9,7,61,0,2021,4,12,3,3,0,7,0,0,0,0,0,0,1,"640084,079621","5359077,52321",10.891494869,48.369310937,1,6,#ffd92f,circle
193621,"9,21E+18",9,1,73,112,2021,4,20,6,3,5,2,1,0,1,0,0,0,0,"692026,245216","5293094,58042",11.562580425,47.762595634,0,2,#fc8d62,car
193624,"9,21E+18",9,1,62,0,2021,4,11,2,3,8,7,0,1,0,0,0,0,0,"690997,491393","5334330,55166",11.567167372,48.133542147,0,1,#66c2a5,bicycle
193628,"9,21E+18",9,1,74,115,2021,4,9,6,3,0,1,0,1,0,0,0,0,0,"681251,567368","5347837,78041",11.442066649,48.257805092,0,1,#66c2a5,bicycle
193631,"9,21E+18",9,1,73,126,2021,4,12,5,3,5,3,0,0,1,0,1,0,0,"683797,271241","5306207,12479",11.458434103,47.882865323,0,2,#fc8d62,car
193633,"9,21E+18",9,1,62,0,2021,4,12,6,3,3,6,0,1,0,0,0,0,0,"690516,676758","5341862,51648",11.564085942,48.201382925,0,1,#66c2a5,bicycle
193636,"9,21E+18",9,7,72,184,2021,4,17,7,3,0,1,0,1,0,0,0,0,0,"635415,162267","5360992,18016",10.829103321,48.387546571,0,1,#66c2a5,bicycle
193640,"9,21E+18",9,1,73,126,2021,4,18,4,3,0,7,1,0,0,0,1,0,0,"686076,657357","5303327,77112",11.487653457,47.856326527,1,4,#e78ac3,marker
193641,"9,21E+18",9,1,62,0,2021,4,16,5,3,5,3,0,1,1,0,0,0,0,"692184,664513","5331298,04416",11.581740299,48.10592905,0,1,#66c2a5,bicycle
193643,"9,21E+18",9,1,88,120,2021,4,17,6,3,6,7,0,0,1,1,0,0,0,"677058,396538","5326105,39977",11.376576081,48.063634894,0,2,#fc8d62,car
193645,"9,21E+18",9,1,62,0,2021,5,16,1,3,1,3,0,0,1,0,0,0,0,"697057,064832","5332230,62732",11.647553611,48.112822092,0,2,#fc8d62,car
193647,"9,21E+18",9,7,61,0,2021,4,8,5,2,5,3,0,1,1,0,0,0,0,"641756,061697","5362306,09071",10.915147044,48.397967467,0,1,#66c2a5,bicycle
193648,"9,21E+18",9,1,62,0,2021,4,17,2,3,5,3,0,1,1,0,0,0,0,"687135,382404","5330243,51948",11.513516232,48.097953882,1,1,#66c2a5,bicycle
193649,"9,21E+18",9,1,62,0,2021,4,8,4,3,4,2,0,0,1,0,0,0,0,"688008,84342","5332097,43434",11.526053281,48.114360261,0,2,#fc8d62,car
193650,"9,21E+18",9,1,62,0,2021,4,19,5,3,1,5,0,0,1,0,1,0,0,"699015,358789","5333726,26182",11.674532727,48.125654761,0,2,#fc8d62,car
193651,"9,21E+18",9,1,62,0,2021,4,16,3,3,4,2,0,0,1,0,0,0,1,"694350,509506","5336184,13865",11.613032505,48.149186398,0,2,#fc8d62,car
193652,"9,21E+18",9,1,62,0,2021,4,8,6,2,0,7,0,0,0,0,0,0,1,"693807,999446","5334647,71323",11.605047054,48.135543067,0,6,#ffd92f,circle
193655,"9,21E+18",9,1,62,0,2021,4,12,7,3,5,3,0,0,1,0,0,0,0,"686251,086931","5333284,75293",11.50297854,48.125548847,0,2,#fc8d62,car
193660,"9,21E+18",9,1,79,142,2021,4,17,3,3,6,7,0,0,1,1,0,0,0,"674960,409595","5342415,37796",11.355140205,48.210830349,0,2,#fc8d62,car
193662,"9,21E+18",9,1,83,144,2021,4,13,6,2,9,1,0,0,0,0,1,0,0,"742034,05772","5351650,18214",12.261986679,48.271757211,0,4,#e78ac3,marker
193663,"9,21E+18",9,1,75,122,2021,4,14,4,3,0,1,0,1,0,0,0,0,0,"719327,845002","5325127,565",11.942738041,48.041721266,0,1,#66c2a5,bicycle
193665,"9,21E+18",9,1,62,0,2021,4,18,2,3,5,3,0,0,1,0,1,0,0,"688572,894538","5332133,19572",11.533639912,48.114514929,1,2,#fc8d62,car
193670,"9,21E+18",9,1,63,0,2021,4,16,4,3,2,6,0,0,1,0,0,0,0,"732672,354302","5304753,90204",12.11050297,47.853962743,0,2,#fc8d62,car
193671,"9,21E+18",9,1,78,124,2021,4,12,5,2,6,4,0,0,0,1,0,1,0,"705010,430167","5363951,38348",11.769648491,48.395364887,0,3,#8da0cb,toilet
193673,"9,21E+18",9,1,62,0,2021,4,20,4,3,0,6,1,1,1,0,0,0,0,"684208,891579","5332676,01377",11.475297672,48.120671351,0,1,#66c2a5,bicycle
193677,"9,21E+18",9,7,61,0,2021,5,7,2,3,5,2,0,1,1,0,0,0,0,"638049,531976","5359386,14284",10.864139803,48.372534293,0,1,#66c2a5,bicycle
193678,"9,21E+18",9,1,62,0,2021,4,9,7,3,0,2,0,1,0,0,0,1,0,"693662,701804","5331107,54715",11.601488127,48.103769318,0,1,#66c2a5,bicycle
193681,"9,21E+18",9,1,78,124,2021,4,17,3,2,5,3,0,1,1,0,0,0,0,"703018,498259","5365416,76937",11.743478734,48.409177545,0,1,#66c2a5,bicycle
193683,"9,21E+18",9,1,62,0,2021,4,15,3,3,5,7,0,0,1,0,0,0,0,"692039,55684","5342938,13872",11.585046959,48.210591524,0,2,#fc8d62,car
193684,"9,21E+18",9,1,87,150,2021,4,15,6,3,4,3,0,0,1,0,1,0,0,"729468,444621","5304174,28894",12.067427699,47.849907008,0,2,#fc8d62,car
193686,"9,21E+18",9,1,62,0,2021,4,9,6,3,0,2,0,1,1,0,0,0,0,"693779,203767","5335405,19116",11.605005046,48.142359789,0,1,#66c2a5,bicycle
193689,"9,21E+18",9,1,62,0,2021,5,19,1,3,5,2,0,0,1,0,0,0,0,"690864,851718","5337201,89508",11.566673709,48.159389353,0,2,#fc8d62,car
193690,"9,21E+18",9,1,73,126,2021,4,21,2,3,7,7,2,1,0,0,0,0,0,"685546,777281","5302912,07479",11.480398059,47.852743057,0,1,#66c2a5,bicycle
193692,"9,21E+18",9,7,78,116,2021,4,11,2,3,0,7,0,1,0,0,0,0,1,"616574,548","5315842,228",10.562330421,47.985253668,1,1,#66c2a5,bicycle
193693,"9,21E+18",9,1,62,0,2021,4,19,5,3,0,7,0,1,0,0,0,0,0,"688695,992875","5337850,25024",11.53782524,48.165864152,0,1,#66c2a5,bicycle
193695,"9,21E+18",9,1,62,0,2021,4,15,3,3,2,6,0,0,1,0,1,0,0,"693635,022319","5333342,85221",11.602131557,48.123868032,0,2,#fc8d62,car
193698,"9,21E+18",9,1,62,0,2021,4,7,6,2,2,6,0,0,1,0,1,0,1,"688961,425718","5332411,77079",11.538978293,48.116903646,0,2,#fc8d62,car
193699,"9,21E+18",9,1,88,118,2021,4,11,1,3,9,1,0,1,0,0,0,0,0,"670302,799366","5312612,56026",11.28061871,47.944173113,0,1,#66c2a5,bicycle
193700,"9,21E+18",9,1,62,0,2021,5,16,2,3,6,4,0,0,1,1,0,0,0,"689204,828568","5336953,86558",11.544263019,48.157656165,0,2,#fc8d62,car
193704,"9,21E+18",9,1,84,149,2021,4,12,4,3,2,3,0,0,1,0,0,0,0,"690748,969622","5350955,15246",11.571304245,48.283035525,0,2,#fc8d62,car
193706,"9,21E+18",9,1,62,0,2021,4,10,4,3,6,4,0,0,0,1,0,1,0,"691574,016571","5335221,13418",11.575308799,48.141373315,0,3,#8da0cb,toilet
193709,"9,21E+18",9,1,62,0,2021,4,14,7,3,3,2,0,0,1,0,1,0,0,"693983,842042","5334668,03979",11.60741734,48.13567218,0,2,#fc8d62,car
193712,"9,21E+18",9,1,75,122,2021,5,18,7,3,5,7,0,1,1,0,0,0,0,"721348,660153","5325722,33086",11.970121377,48.046367953,0,1,#66c2a5,bicycle
193714,"9,21E+18",9,1,78,120,2021,5,7,3,3,5,1,0,1,1,0,0,0,0,"693804,41934","5352835,13526",11.613310261,48.299003725,0,1,#66c2a5,bicycle
193718,"9,21E+18",9,1,62,0,2021,4,8,4,3,5,2,0,0,1,0,1,0,0,"681146,45014","5335917,14821",11.435563439,48.150684035,0,2,#fc8d62,car
193724,"9,21E+18",9,1,62,0,2021,4,12,7,3,6,2,0,0,1,1,0,0,0,"691572,985599","5335399,7453",11.575375307,48.142978958,0,2,#fc8d62,car
193726,"9,21E+18",9,1,88,126,2021,4,12,1,3,6,6,0,0,1,1,0,0,0,"658814,492246","5327095,34289",11.132249881,48.077338256,0,2,#fc8d62,car
193729,"9,21E+18",9,1,62,0,2021,4,12,2,3,5,3,0,1,1,0,0,0,0,"693989,812451","5336090,20787",11.608145363,48.148452286,0,1,#66c2a5,bicycle
193731,"9,21E+18",9,1,62,0,2021,4,12,3,3,1,7,0,0,1,0,0,0,1,"693685,714272","5335887,79258",11.603969129,48.146725712,1,2,#fc8d62,car
193732,"9,21E+18",9,1,81,130,2021,4,16,6,3,4,6,0,1,1,0,0,0,0,"640044,304556","5325114,84127",10.87974172,48.063928355,0,1,#66c2a5,bicycle
193733,"9,21E+18",9,1,86,143,2021,4,11,7,3,9,6,0,0,1,0,0,0,0,"687892,587633","5379259,99068",11.545513418,48.538284948,0,2,#fc8d62,car
193734,"9,21E+18",9,7,61,0,2021,4,20,3,3,5,3,1,1,1,0,0,0,0,"638231,837","5358452,555",10.866293325,48.364099725,0,1,#66c2a5,bicycle
193736,"9,21E+18",9,1,84,112,2021,4,10,3,3,7,7,0,1,0,0,0,0,0,"702701,837236","5338319,06543",11.726203613,48.165766184,1,1,#66c2a5,bicycle
193739,"9,21E+18",9,1,62,0,2021,5,20,1,3,5,3,1,1,1,0,0,0,0,"691921,706732","5337999,66486",11.581230902,48.166241438,1,1,#66c2a5,bicycle
193744,"9,21E+18",9,1,62,0,2021,4,17,4,3,5,3,0,1,1,0,0,0,0,"687740,138072","5334543,50953",11.523524073,48.136425481,0,1,#66c2a5,bicycle
193750,"9,21E+18",9,1,86,143,2021,4,21,1,2,7,7,2,0,0,0,1,0,0,"678227,329628","5382262,59151",11.415981175,48.568093034,0,4,#e78ac3,marker
193751,"9,21E+18",9,1,62,0,2021,5,8,2,3,3,6,0,1,1,0,0,0,1,"693806,840809","5335107,96015",11.605240911,48.139679962,0,1,#66c2a5,bicycle
193755,"9,21E+18",9,1,87,150,2021,4,20,5,3,2,6,2,0,1,0,0,0,0,"728907,710579","5304028,14196",12.059865821,47.84879385,0,2,#fc8d62,car
193757,"9,21E+18",9,1,62,0,2021,4,14,4,2,3,7,0,1,1,0,0,0,0,"685762,812646","5335181,7587",11.497250406,48.142742603,0,1,#66c2a5,bicycle
193758,"9,21E+18",9,1,62,0,2021,4,19,7,3,4,7,0,1,1,0,0,0,0,"692860,667079","5339869,69513",11.594694372,48.182764512,0,1,#66c2a5,bicycle
193759,"9,21E+18",9,1,63,0,2021,4,10,4,3,0,7,0,0,0,0,1,0,0,"734025,876349","5301566,03249",12.12684678,47.82483149,0,4,#e78ac3,marker
193760,"9,21E+18",9,1,62,0,2021,4,8,5,2,0,7,0,1,0,0,0,0,0,"692955,472265","5335159,00842",11.593831742,48.14039751,0,1,#66c2a5,bicycle
193763,"9,21E+18",9,1,62,0,2021,4,22,7,3,0,7,2,1,0,0,0,0,0,"690400,666886","5336371,35089",11.560066382,48.152063626,0,1,#66c2a5,bicycle
193765,"9,21E+18",9,7,61,0,2021,4,14,4,3,3,6,0,1,1,0,0,0,0,"640707,671254","5359974,58203",10.900210369,48.377238258,0,1,#66c2a5,bicycle
193769,"9,21E+18",9,1,62,0,2021,4,13,5,3,6,7,0,0,1,1,0,0,0,"691369,47342","5332447,70432",11.571316552,48.116507531,0,2,#fc8d62,car
193774,"9,21E+18",9,1,62,0,2021,4,14,2,2,0,7,0,0,0,0,0,0,1,"697695,744425","5336359,9903",11.658040903,48.149735974,0,6,#ffd92f,circle
193775,"9,21E+18",9,7,71,158,2021,5,12,7,3,4,6,0,1,0,0,1,0,0,"642677,433007","5370384,67554",10.93033821,48.470397434,0,1,#66c2a5,bicycle
193776,"9,21E+18",9,7,61,0,2021,5,16,2,2,1,5,0,1,1,0,0,0,0,"640152,653957","5358078,89335",10.892087539,48.360316332,0,1,#66c2a5,bicycle
193780,"9,21E+18",9,1,62,0,2021,4,16,2,2,5,3,0,0,1,0,1,0,0,"692336,54993","5334464,5424",11.585207004,48.134343174,0,2,#fc8d62,car
193782,"9,21E+18",9,1,62,0,2021,4,9,3,3,5,3,0,1,0,0,0,0,0,"689826,704268","5334733,16423",11.55162665,48.137511125,0,1,#66c2a5,bicycle
193790,"9,21E+18",9,7,61,0,2021,5,9,7,3,2,6,0,0,1,0,0,0,0,"640807,894903","5359248,61956",10.901319944,48.370688308,0,2,#fc8d62,car
193791,"9,21E+18",9,1,78,124,2021,4,8,2,3,0,1,0,1,0,0,0,0,0,"702055,769001","5364479,909",11.730033407,48.401067937,0,1,#66c2a5,bicycle
193794,"9,21E+18",9,1,62,0,2021,4,11,5,3,6,4,0,0,1,1,0,0,0,"693810,909098","5333891,50301",11.604742139,48.128745613,0,2,#fc8d62,car
193795,"9,21E+18",9,1,81,130,2021,4,19,6,3,0,1,0,0,1,0,1,0,0,"638965,152611","5325068,87954",10.865249875,48.063751056,0,2,#fc8d62,car
193796,"9,21E+18",9,1,62,0,2021,4,12,3,3,2,7,0,0,1,0,0,0,0,"686240,050364","5332855,05267",11.502642626,48.121689759,0,2,#fc8d62,car
193797,"9,21E+18",9,1,88,141,2021,4,21,7,2,0,1,2,1,0,0,0,0,0,"669408,671458","5310019,57323",11.267634755,47.921098623,0,1,#66c2a5,bicycle
193800,"9,21E+18",9,1,77,117,2021,4,15,1,3,0,1,0,1,0,0,0,0,0,"715178,473072","5354073,7621",11.901789998,48.303226841,0,1,#66c2a5,bicycle
193801,"9,21E+18",9,1,79,123,2021,5,18,3,3,7,7,0,0,1,0,0,0,0,"676081,486724","5333289,70336",11.36643843,48.128487581,0,2,#fc8d62,car
193802,"9,21E+18",9,1,62,0,2021,4,16,1,3,0,3,0,1,1,0,0,0,0,"696534,185425","5332832,7835",11.640813733,48.118395494,0,1,#66c2a5,bicycle
193807,"9,21E+18",9,1,90,141,2021,4,20,4,2,9,1,1,0,0,0,1,0,0,"677213,675175","5292532,26941",11.364859395,47.761782538,0,4,#e78ac3,marker
193810,"9,21E+18",9,1,62,0,2021,4,20,6,3,6,6,2,1,0,1,0,0,0,"689857,947477","5335974,12155",11.552599491,48.14865556,0,1,#66c2a5,bicycle
193811,"9,21E+18",9,1,62,0,2021,4,19,7,3,5,3,1,1,1,0,0,0,0,"688579,041297","5334758,20517",11.534883888,48.138107158,0,1,#66c2a5,bicycle
193812,"9,21E+18",9,1,62,0,2021,5,16,1,3,6,4,0,0,1,1,0,0,0,"691996,349919","5330613,82367",11.578905374,48.099836126,0,2,#fc8d62,car
193813,"9,21E+18",9,1,62,0,2021,4,14,2,3,0,7,0,1,0,0,0,0,0,"697347,990601","5337148,73812",11.653736271,48.156932661,0,1,#66c2a5,bicycle
193815,"9,21E+18",9,1,62,0,2021,4,21,5,3,5,3,2,1,1,0,0,0,0,"690696,00757","5336231,81186",11.563970797,48.150720978,1,1,#66c2a5,bicycle
193816,"9,21E+18",9,1,62,0,2021,4,8,2,3,5,3,0,0,1,0,0,0,0,"691201,109231","5339391,81294",11.572175565,48.178970982,1,2,#fc8d62,car
193817,"9,21E+18",9,2,61,0,2021,4,13,5,3,6,4,0,0,1,1,0,0,0,"732416,74683","5381669,26926",12.149199225,48.545020659,0,2,#fc8d62,car
193819,"9,21E+18",9,1,87,117,2021,4,14,4,3,4,6,0,1,1,0,0,0,0,"722050,127263","5303592,9455",11.968104637,47.847288775,0,1,#66c2a5,bicycle
193820,"9,21E+18",9,1,62,0,2021,4,6,6,3,0,7,0,0,0,0,0,0,1,"693854,092884","5333937,3043",11.605342725,48.12914411,0,6,#ffd92f,circle
193821,"9,21E+18",9,1,62,0,2021,4,18,2,3,0,3,0,0,1,0,1,0,0,"691902,471853","5333619,17276",11.578997949,48.126876149,1,2,#fc8d62,car
193826,"9,21E+18",9,1,75,115,2021,5,15,3,3,3,2,0,1,1,0,0,0,0,"720787,819357","5328863,61511",11.964227607,48.074786728,0,1,#66c2a5,bicycle
193830,"9,21E+18",9,1,63,0,2021,4,18,3,3,1,6,0,1,1,0,0,0,0,"733539,59049","5304987,23203",12.122204899,47.855744483,0,1,#66c2a5,bicycle
193832,"9,21E+18",9,7,62,0,2021,4,8,2,3,0,1,0,1,0,0,0,0,0,"622357,659023","5305966,77896",10.636996517,47.895357728,0,1,#66c2a5,bicycle