OBJECTID,UIDENTSTLA,ULAND,UREGBEZ,UKREIS,UGEMEINDE,UJAHR,UMONAT,USTUNDE,UWOCHENTAG,UKATEGORIE,UART,UTYP1,ULICHTVERH,IstRad,IstPKW,IstFuss,IstKrad,IstGkfz,IstSonstig,LINREFX,LINREFY,XGCSWGS84,YGCSWGS84,STRZUSTAN,Teilnehmer,color,symbol
194190,"9,21E+18",9,1,84,139,2021,4,15,1,3,0,7,0,1,0,0,0,0,0,"687927,636455","5325408,932",11.522020824,48.054265842,0,1,#66c2a5,bicycle
194192,"9,21E+18",9,2,74,185,2021,4,17,5,3,5,3,0,0,1,0,0,0,0,"730475,831002","5369403,98899",12.116176068,48.435556767,0,2,#fc8d62,car
194195,"9,21E+18",9,1,79,111,2021,4,20,7,3,2,1,2,0,1,0,1,0,0,"655669,240315","5339702,03992",11.094658148,48.19146031,0,2,#fc8d62,car
194196,"9,21E+18",9,1,87,117,2021,4,21,2,2,0,1,2,1,0,0,0,0,0,"724724,728583","5304756,0984",12.004409201,47.856810426,1,1,#66c2a5,bicycle
194201,"9,21E+18",9,1,62,0,2021,4,10,6,3,3,2,0,1,0,0,0,0,1,"688284,833618","5336363,96387",11.531643269,48.152627108,0,1,#66c2a5,bicycle
194202,"9,21E+18",9,1,79,123,2021,4,14,2,3,0,1,0,1,0,0,0,0,0,"675512,24932","5333613,85996",11.358928449,48.13155875,0,1,#66c2a5,bicycle
194203,"9,21E+18",9,7,61,0,2021,4,10,5,3,0,7,0,0,0,0,0,0,1,"639302,724313","5358648,18893",10.88080829,48.365623409,0,6,#ffd92f,circle
194206,"9,21E+18",9,1,62,0,2021,4,15,5,3,3,6,0,0,0,1,0,0,1,"690511,902838","5340261,78274",11.563303584,48.186997178,0,3,#8da0cb,toilet
194207,"9,21E+18",9,1,62,0,2021,4,13,5,3,2,7,0,0,1,0,0,0,0,"686228,088625","5333064,62907",11.502573603,48.123577015,0,2,#fc8d62,car
194208,"9,21E+18",9,1,75,139,2021,4,13,4,3,5,3,0,0,1,0,1,0,0,"710331,851033","5330161,93186",11.824669411,48.089987591,0,2,#fc8d62,car
194209,"9,21E+18",9,1,88,139,2021,4,19,7,3,3,6,0,1,0,0,0,0,0,"671708,189459","5318766,67163",11.301882133,47.999123244,0,1,#66c2a5,bicycle
194210,"9,21E+18",9,1,62,0,2021,4,10,1,3,0,7,0,1,0,0,0,0,0,"691858,95483","5335838,78282",11.579413478,48.146838783,1,1,#66c2a5,bicycle
194212,"9,21E+18",9,1,75,132,2021,4,3,1,3,8,1,2,0,1,0,0,0,0,"707166,859008","5332425,33672",11.783315848,48.111363938,0,2,#fc8d62,car
194213,"9,21E+18",9,1,84,122,2021,5,7,2,3,0,7,0,1,0,0,0,0,0,"688583,061012","5324246,94287",11.53029587,48.043628172,1,1,#66c2a5,bicycle
194214,"9,21E+18",9,1,84,122,2021,4,13,1,3,0,6,0,1,0,0,0,0,0,"689635,585001","5327040,419",11.545641803,48.068424769,0,1,#66c2a5,bicycle
194223,"9,21E+18",9,1,77,117,2021,4,19,7,3,5,3,1,1,1,0,0,0,0,"715540,821001","5354779,639",11.907030383,48.309445897,0,1,#66c2a5,bicycle
194224,"9,21E+18",9,1,78,137,2021,4,14,1,3,0,1,0,0,0,0,1,0,0,"697101,151001","5367279,475",11.664481545,48.427795334,0,4,#e78ac3,marker
194226,"9,21E+18",9,1,62,0,2021,5,15,1,3,8,6,0,0,1,0,0,0,1,"689648,051476","5332832,63562",11.548381882,48.120482305,1,2,#fc8d62,car
194227,"9,21E+18",9,2,74,113,2021,4,14,2,3,2,6,0,0,1,0,0,1,0,"728806,817738","5383821,88559",12.101543553,48.565684687,0,2,#fc8d62,car
194230,"9,21E+18",9,1,87,182,2021,4,5,3,3,6,6,2,0,1,1,0,0,0,"738781,731415","5328412,41335",12.205179186,48.064251897,2,2,#fc8d62,car
194233,"9,21E+18",9,1,87,172,2021,4,19,4,3,0,7,0,1,0,0,0,0,0,"742496,047467","5295900,4027",12.236668295,47.770800173,0,1,#66c2a5,bicycle
194234,"9,21E+18",9,1,62,0,2021,4,10,6,2,5,3,0,1,1,0,0,0,0,"686149,531025","5338858,04906",11.504052567,48.175673323,0,1,#66c2a5,bicycle
194235,"9,21E+18",9,1,62,0,2021,4,13,2,2,0,7,0,1,0,0,0,0,1,"683906,084001","5334476,326",11.472009592,48.136941177,0,1,#66c2a5,bicycle
194237,"9,21E+18",9,1,85,158,2021,4,12,2,2,5,3,0,0,1,0,0,0,1,"667738,90345","5380682,4766",11.273287472,48.556783638,0,2,#fc8d62,car
194239,"9,21E+18",9,2,61,0,2021,4,18,1,3,0,3,0,0,1,1,0,0,0,"731836,656612","5380737,45508",12.140833034,48.53686496,0,2,#fc8d62,car
194240,"9,21E+18",9,7,72,163,2021,4,18,4,3,5,3,0,0,1,0,0,0,0,"641193,760886","5344511,4912",10.901596818,48.238089752,0,2,#fc8d62,car
194243,"9,21E+18",9,1,88,120,2021,4,10,5,2,0,7,0,1,0,0,0,0,0,"677341,111001","5326487,269",11.380525812,48.06698911,0,1,#66c2a5,bicycle
194251,"9,21E+18",9,1,77,117,2021,4,12,4,3,5,7,0,0,1,0,0,0,0,"716014,678657","5354390,11659",11.913213426,48.305784385,0,2,#fc8d62,car
194253,"9,21E+18",9,7,71,142,2021,4,15,7,3,4,2,0,0,0,0,1,1,0,"647482,212447","5351180,49324",10.988563651,48.296621576,0,4,#e78ac3,marker
194257,"9,21E+18",9,1,74,122,2021,5,13,2,3,0,1,0,1,0,0,0,0,0,"686599,35693","5349633,07942",11.514840264,48.272389259,0,1,#66c2a5,bicycle
194259,"9,21E+18",9,1,90,111,2021,5,13,4,3,5,3,0,0,1,0,0,0,0,"640344,346455","5298240,66148",10.875003921,47.822198215,1,2,#fc8d62,car
194261,"9,21E+18",9,1,62,0,2021,5,20,1,3,1,5,0,0,1,0,1,0,0,"691890,877435","5334101,4148",11.579059447,48.131213968,0,2,#fc8d62,car
194265,"9,21E+18",9,1,62,0,2021,5,17,6,3,6,3,0,0,1,1,0,0,0,"691934,122001","5331791,658",11.578600207,48.110441132,0,2,#fc8d62,car
194266,"9,21E+18",9,1,62,0,2021,5,19,5,2,3,2,0,0,1,0,0,0,1,"687005,768001","5334637,516",11.513704123,48.137486667,0,2,#fc8d62,car
194268,"9,21E+18",9,1,78,124,2021,5,15,1,3,5,3,0,0,1,0,0,0,0,"704516,910125","5363450,75623",11.762745467,48.391026433,0,2,#fc8d62,car
194271,"9,21E+18",9,1,90,142,2021,5,17,1,3,0,1,0,1,0,0,0,0,0,"658019,947746","5298158,89357",11.110964165,47.81736442,0,1,#66c2a5,bicycle
194274,"9,21E+18",9,1,62,0,2021,5,13,3,3,6,4,0,1,0,1,0,0,0,"686369,213459","5329520,2677",11.502919882,48.091677517,0,1,#66c2a5,bicycle
194275,"9,21E+18",9,1,74,115,2021,5,14,5,3,2,6,0,0,1,0,0,0,0,"680485,482526","5348292,55445",11.431948591,48.262111566,0,2,#fc8d62,car
194276,"9,21E+18",9,1,77,116,2021,5,21,6,2,0,1,2,1,0,0,0,0,0,"711632,438001","5365371,108",11.859711919,48.405934393,0,1,#66c2a5,bicycle
194277,"9,21E+18",9,7,61,0,2021,5,11,5,3,2,6,0,0,1,0,0,0,0,"640638,172","5358807,194",10.898881876,48.366757003,0,2,#fc8d62,car
194283,"9,21E+18",9,1,78,143,2021,5,14,2,2,0,1,0,1,0,0,0,0,0,"716773,270353","5373307,76791",11.933190835,48.475496439,1,1,#66c2a5,bicycle
194286,"9,21E+18",9,1,62,0,2021,5,16,4,3,3,6,0,1,1,0,0,0,0,"691913,094431","5334627,49233",11.579594712,48.135935575,0,1,#66c2a5,bicycle
194287,"9,21E+18",9,1,62,0,2021,5,16,1,3,5,3,0,1,1,0,0,0,0,"686134,963295","5334362,0564",11.501890128,48.135266041,0,1,#66c2a5,bicycle
194289,"9,21E+18",9,1,62,0,2021,5,17,4,3,6,6,0,0,1,1,0,0,0,"696558,228983","5338314,02278",11.643666559,48.167650071,1,2,#fc8d62,car
194290,"9,21E+18",9,1,62,0,2021,5,19,6,3,5,5,0,0,1,0,0,0,0,"688126,66147","5339250,2947",11.530795436,48.178616671,0,2,#fc8d62,car
194294,"9,21E+18",9,1,62,0,2021,5,14,3,3,0,7,0,0,0,0,0,0,1,"688547,486987","5334538,78126",11.534363037,48.136144292,0,6,#ffd92f,circle
194297,"9,21E+18",9,1,87,137,2021,5,19,4,3,0,7,0,1,0,0,0,0,0,"730855,822812","5308932,17047",12.088487028,47.892156596,1,1,#66c2a5,bicycle
194300,"9,21E+18",9,1,74,131,2021,5,12,6,3,4,6,0,1,1,0,0,0,0,"675310,804809","5356459,53383",11.365676456,48.336977952,1,1,#66c2a5,bicycle
194301,"9,21E+18",9,1,87,186,2021,5,1,7,2,9,1,2,0,1,0,0,0,0,"731726,439002","5332869,96899",12.113040505,48.106898858,0,2,#fc8d62,car
194304,"9,21E+18",9,1,84,131,2021,5,11,7,3,0,7,0,1,0,0,0,0,0,"705080,129001","5339953,873",11.758940383,48.179694623,0,1,#66c2a5,bicycle
194305,"9,21E+18",9,1,79,145,2021,5,14,3,3,0,1,0,1,0,0,0,0,0,"674882,933846","5335131,51224",11.351100864,48.145374747,0,1,#66c2a5,bicycle
194306,"9,21E+18",9,1,62,0,2021,5,15,3,3,5,2,0,0,1,0,1,0,0,"689538,785402","5336057,47636",11.548349947,48.149499936,0,2,#fc8d62,car
194308,"9,21E+18",9,1,75,132,2021,5,15,6,3,1,6,0,0,1,0,0,0,0,"709520,677531","5336480,50542",11.816894036,48.147034232,0,2,#fc8d62,car
194313,"9,21E+18",9,1,88,139,2021,5,15,5,2,4,6,0,1,0,0,0,0,0,"676110,792381","5321994,2726",11.362176703,48.026940391,0,1,#66c2a5,bicycle
194316,"9,21E+18",9,1,62,0,2021,5,23,1,3,6,4,2,1,0,1,0,0,0,"691425,413967","5339693,99136",11.575326033,48.181619371,1,1,#66c2a5,bicycle
194318,"9,21E+18",9,1,77,124,2021,5,20,1,2,0,1,0,0,0,0,1,0,0,"725805,474271","5364817,67939",12.05065583,48.396046197,0,4,#e78ac3,marker
194322,"9,21E+18",9,1,62,0,2021,5,18,5,3,0,7,1,0,0,0,1,0,0,"688763,607358","5336588,60964",11.538173871,48.154504334,1,4,#e78ac3,marker
194323,"9,21E+18",9,1,62,0,2021,5,19,5,3,1,1,0,1,1,0,0,0,0,"692492,186022","5332149,74986",11.586251391,48.113491199,0,1,#66c2a5,bicycle
194325,"9,21E+18",9,1,62,0,2021,5,8,4,3,5,2,0,1,1,0,0,0,0,"691073,318102","5333193,50276",11.567675673,48.123299661,1,1,#66c2a5,bicycle
194328,"9,21E+18",9,1,79,121,2021,5,15,7,3,0,1,0,1,0,0,0,0,0,"665761,960279","5337256,05912",11.229406432,48.166916854,0,1,#66c2a5,bicycle
194329,"9,21E+18",9,1,62,0,2021,5,13,1,3,1,3,0,0,1,0,1,0,0,"692054,938001","5331151,707",11.579933566,48.104652909,0,2,#fc8d62,car
194332,"9,21E+18",9,1,90,157,2021,5,10,5,3,0,7,0,1,0,0,0,0,0,"659893,189345","5299685,455",11.136534053,47.830627279,0,1,#66c2a5,bicycle
194333,"9,21E+18",9,1,62,0,2021,5,14,1,3,4,2,0,1,1,0,0,0,0,"691465,441048","5340358,00277",11.576163214,48.187575307,0,1,#66c2a5,bicycle
194335,"9,21E+18",9,7,61,0,2021,5,16,4,3,0,7,0,1,0,0,0,0,0,"638930,102785","5360322,51196",10.876333375,48.380760662,1,1,#66c2a5,bicycle
194336,"9,21E+18",9,1,62,0,2021,5,9,6,3,3,6,0,0,1,0,1,0,0,"692311,213554","5337588,22472",11.586277968,48.162425807,0,2,#fc8d62,car
194340,"9,21E+18",9,1,62,0,2021,5,11,3,3,2,6,0,0,0,0,1,0,0,"697705,470763","5332716,92168",11.656480989,48.116991637,0,4,#e78ac3,marker
194345,"9,21E+18",9,1,62,0,2021,5,10,2,3,2,6,0,1,1,0,0,0,0,"684379,530001","5332201,51459",11.477383206,48.116356887,0,1,#66c2a5,bicycle
194347,"9,21E+18",9,7,61,0,2021,5,18,5,3,0,6,0,0,1,0,1,0,0,"642209,652015","5360355,37776",10.920611169,48.380325465,0,2,#fc8d62,car
194348,"9,21E+18",9,1,74,131,2021,5,17,7,3,0,1,0,1,0,0,0,0,0,"676670,919829","5358834,37637",11.385010052,48.357946238,0,1,#66c2a5,bicycle
194349,"9,21E+18",9,1,79,123,2021,5,15,3,3,0,7,0,1,0,0,0,0,0,"675898,570503","5333522,89249",11.364078568,48.130634365,0,1,#66c2a5,bicycle
194350,"9,21E+18",9,1,88,118,2021,5,22,1,2,4,1,2,0,1,0,0,0,1,"671259,460887","5313359,67227",11.293716615,47.950634658,0,2,#fc8d62,car
194351,"9,21E+18",9,1,62,0,2021,5,11,5,3,0,7,0,1,0,0,0,0,0,"686233,865213","5334375,25244",11.503223948,48.135355717,0,1,#66c2a5,bicycle
194352,"9,21E+18",9,1,62,0,2021,5,12,7,3,5,2,0,1,1,0,0,0,0,"697759,910678","5334156,91718",11.657879701,48.129916411,0,1,#66c2a5,bicycle
194353,"9,21E+18",9,1,62,0,2021,5,17,2,2,0,1,0,0,0,0,1,0,0,"689598,346229","5335396,46109",11.548855541,48.143540952,1,4,#e78ac3,marker
194355,"9,21E+18",9,1,81,130,2021,5,10,6,2,5,3,0,0,1,0,1,0,0,"639159,579572","5324550,89895",10.867689569,48.059050832,0,2,#fc8d62,car
194356,"9,21E+18",9,1,62,0,2021,5,10,4,2,2,6,0,0,1,0,0,0,0,"695499,859037","5337922,64492",11.62926739,48.164458954,1,2,#fc8d62,car
194357,"9,21E+18",9,7,61,0,2021,5,17,5,3,5,2,0,0,1,0,0,0,0,"637563,761572","5355435,55202",10.85629254,48.33711706,0,2,#fc8d62,car
194358,"9,21E+18",9,2,61,0,2021,5,19,2,3,2,6,0,1,1,0,0,0,0,"734454,509382","5381969,5344",12.176935442,48.546959683,0,1,#66c2a5,bicycle
194359,"9,21E+18",9,1,62,0,2021,5,10,4,3,0,1,0,0,0,0,0,0,1,"690866,344671","5337195,86498",11.566691059,48.159334707,1,6,#ffd92f,circle
194360,"9,21E+18",9,1,62,0,2021,5,16,4,3,0,1,0,1,0,0,0,0,0,"691696,527638","5337042,93343",11.577774411,48.157710454,1,1,#66c2a5,bicycle
194362,"9,21E+18",9,1,87,179,2021,5,19,7,3,9,1,0,0,0,0,1,0,0,"723208,650379","5312712,19589",11.988282595,47.928825262,0,4,#e78ac3,marker
194363,"9,21E+18",9,1,75,139,2021,5,14,2,3,2,6,0,0,1,0,0,0,0,"710319,285349","5329365,25402",11.824108613,48.082832703,0,2,#fc8d62,car
194365,"9,21E+18",9,1,62,0,2021,5,9,4,3,6,6,0,0,0,1,0,0,1,"693545,147001","5333405,371",11.600953461,48.124457261,1,3,#8da0cb,toilet
194373,"9,21E+18",9,2,74,126,2021,5,18,7,3,2,7,0,1,0,0,1,0,0,"734054,992289","5382774,5685",12.171982902,48.554340085,0,1,#66c2a5,bicycle
194375,"9,21E+18",9,1,74,115,2021,5,14,4,3,0,1,0,1,0,0,0,0,0,"681251,364089","5347825,18461",11.442058517,48.257691931,1,1,#66c2a5,bicycle
194379,"9,21E+18",9,1,62,0,2021,5,11,4,3,0,7,0,1,1,0,0,0,0,"688464,287841","5336357,42397",11.534050834,48.152515176,0,1,#66c2a5,bicycle
194380,"9,21E+18",9,7,61,0,2021,5,19,1,3,0,1,0,1,0,0,0,0,0,"638831,336454","5360370,24974",10.87501599,48.381211651,0,1,#66c2a5,bicycle
194381,"9,21E+18",9,7,61,0,2021,5,12,4,3,3,6,0,0,1,0,0,0,0,"640050,088519","5359108,68274",10.891046539,48.369598658,0,2,#fc8d62,car
194383,"9,21E+18",9,1,62,0,2021,5,23,6,3,0,7,2,1,0,0,0,0,0,"680963,159001","5337414,068",11.433738026,48.164191746,0,1,#66c2a5,bicycle
194384,"9,21E+18",9,1,62,0,2021,5,14,6,3,0,7,0,1,0,0,0,0,0,"691129,268053","5335636,81688",11.56952292,48.145243184,0,1,#66c2a5,bicycle
194387,"9,21E+18",9,1,62,0,2021,5,11,3,3,1,5,0,1,1,0,0,0,0,"691083,891682","5329220,13781",11.566038227,48.087583957,0,1,#66c2a5,bicycle
194390,"9,21E+18",9,1,62,0,2021,5,12,3,3,5,3,0,1,1,0,0,0,0,"692625,789687","5334759,70779",11.589224048,48.136908577,0,1,#66c2a5,bicycle
194393,"9,21E+18",9,1,62,0,2021,5,17,5,3,2,6,0,0,1,0,0,0,1,"682136,795769","5335934,34565",11.448873683,48.150555797,1,2,#fc8d62,car
194394,"9,21E+18",9,1,86,151,2021,5,18,6,3,5,3,0,0,1,0,0,0,0,"681459,161963","5374973,1717",11.456575367,48.501648096,1,2,#fc8d62,car
194395,"9,21E+18",9,1,62,0,2021,5,13,6,3,4,2,0,1,1,0,0,0,0,"687953,681194","5338578,95511",11.528173895,48.172633764,0,1,#66c2a5,bicycle
194396,"9,21E+18",9,7,73,182,2021,5,14,2,3,0,1,0,1,0,0,0,0,0,"624620,397533","5381022,11988",10.689334574,48.569891742,0,1,#66c2a5,bicycle
194397,"9,21E+18",9,7,71,146,2021,5,17,7,3,2,2,0,0,1,0,1,0,0,"647407,447961","5347703,0296",10.986343149,48.265371979,0,2,#fc8d62,car
194398,"9,21E+18",9,1,87,142,2021,5,10,6,3,8,1,0,0,1,0,0,0,0,"733415,459041","5309977,14303",12.123243691,47.900618975,1,2,#fc8d62,car
194399,"9,21E+18",9,1,81,138,2021,5,19,1,3,5,3,0,0,1,0,0,0,1,"640427,418","5336748,946",10.888712826,48.168459399,0,2,#fc8d62,car
194400,"9,21E+18",9,1,62,0,2021,5,19,2,3,5,3,1,0,1,0,0,0,0,"688807,680845","5334950,47212",11.538039374,48.139767481,1,2,#fc8d62,car
194403,"9,21E+18",9,7,61,0,2021,5,15,5,3,3,1,0,0,1,0,0,0,0,"640932,444368","5357196,01385",10.902313174,48.35220419,0,2,#fc8d62,car
194408,"9,21E+18",9,2,61,0,2021,5,11,7,2,0,1,0,1,0,0,0,0,0,"734602,242206","5382048,94484",12.178978783,48.547617762,0,1,#66c2a5,bicycle
194409,"9,21E+18",9,7,72,130,2021,5,16,1,3,3,2,0,1,0,0,0,0,0,"630351,073166","5359438,89605",10.760253219,48.374645846,0,1,#66c2a5,bicycle
194418,"9,21E+18",9,1,62,0,2021,5,14,6,3,5,3,0,1,1,0,0,0,0,"686278,712877","5334376,23697",11.503826592,48.135351441,0,1,#66c2a5,bicycle
194419,"9,21E+18",9,1,62,0,2021,5,19,5,2,0,7,0,0,0,0,0,0,1,"691670,009185","5339071,80445",11.578332613,48.175953551,0,6,#ffd92f,circle
194420,"9,21E+18",9,1,62,0,2021,5,18,6,3,2,6,0,1,0,0,0,0,0,"691062,325491","5337622,18168",11.569515256,48.163107533,0,1,#66c2a5,bicycle
194422,"9,21E+18",9,1,62,0,2021,5,9,3,3,3,2,0,1,1,0,0,0,0,"690846,970001","5335019,287",11.565454919,48.139777615,0,1,#66c2a5,bicycle
194424,"9,21E+18",9,1,87,142,2021,5,14,1,3,0,1,0,0,0,0,1,0,0,"733759,355884","5316551,73274",12.131405286,47.959558995,1,4,#e78ac3,marker
194425,"9,21E+18",9,1,62,0,2021,5,12,3,3,1,6,0,1,0,0,0,0,0,"677600,511922","5338730,17805",11.38910539,48.17697067,0,1,#66c2a5,bicycle
194426,"9,21E+18",9,2,74,113,2021,5,10,3,3,8,1,0,0,1,0,0,0,0,"727816,138002","5380998,33999",12.086590279,48.540680836,0,2,#fc8d62,car
194429,"9,21E+18",9,1,87,116,2021,5,13,5,3,4,6,0,0,1,0,0,0,0,"744335,269118","5329899,47601",12.280449163,48.075506904,1,2,#fc8d62,car
194436,"9,21E+18",9,1,74,115,2021,5,20,3,3,5,3,1,0,1,0,0,0,1,"681307,668278","5347834,18817",11.442820264,48.257756753,0,2,#fc8d62,car
194441,"9,21E+18",9,7,62,0,2021,5,10,5,3,0,3,0,1,0,0,0,0,0,"621294,132238","5304920,42213",10.622479705,47.886148988,1,1,#66c2a5,bicycle
194442,"9,21E+18",9,1,62,0,2021,5,18,6,3,5,2,0,1,1,0,0,0,0,"692064,870807","5336440,68933",11.582450549,48.152186464,0,1,#66c2a5,bicycle
194443,"9,21E+18",9,1,62,0,2021,5,20,4,3,5,3,1,1,1,0,0,0,0,"690735,76895","5335751,39463",11.564289589,48.146391099,1,1,#66c2a5,bicycle
194445,"9,21E+18",9,1,63,0,2021,5,13,6,3,5,2,0,1,1,0,0,0,0,"730919,127955","5304042,27678",12.086720312,47.848201509,1,1,#66c2a5,bicycle
194447,"9,21E+18",9,1,62,0,2021,5,15,7,3,1,4,0,1,1,1,0,0,0,"686368,806131","5330037,82733",11.503140339,48.096329692,0,1,#66c2a5,bicycle
194450,"9,21E+18",9,1,77,115,2021,5,4,3,2,5,3,0,1,1,0,0,0,0,"734242,459751","5351769,54773",12.157210771,48.275758616,1,1,#66c2a5,bicycle
194452,"9,21E+18",9,1,77,143,2021,5,11,5,3,0,2,0,1,0,0,0,0,0,"720877,933408","5365460,46093",11.98451731,48.403566116,1,1,#66c2a5,bicycle
194455,"9,21E+18",9,1,62,0,2021,5,13,4,3,5,3,0,0,1,0,1,0,0,"693845,775991","5331518,71243",11.604131539,48.10740908,1,2,#fc8d62,car
194457,"9,21E+18",9,1,87,129,2021,5,14,6,3,5,2,0,1,1,0,0,0,0,"725596,763348","5295465,28432",12.011216364,47.773026778,0,1,#66c2a5,bicycle
194458,"9,21E+18",9,1,62,0,2021,5,17,7,3,6,4,0,0,0,1,1,0,0,"690205,204448","5333283,91281",11.556062223,48.124372211,0,3,#8da0cb,toilet
194461,"9,21E+18",9,1,77,117,2021,5,23,4,3,4,2,2,0,1,0,0,0,0,"714474,211319","5354161,42865",11.89234981,48.304253656,1,2,#fc8d62,car
194463,"9,21E+18",9,1,87,165,2021,5,11,2,3,5,3,0,0,1,0,0,0,0,"732996,026971","5295371,53923",12.109781968,47.769552524,0,2,#fc8d62,car
194465,"9,21E+18",9,1,87,122,2021,5,7,4,3,8,6,0,1,1,0,0,0,0,"719694,407523","5306871,65471",11.93832501,47.877559171,0,1,#66c2a5,bicycle
194468,"9,21E+18",9,7,78,203,2021,5,9,5,2,0,1,0,1,0,0,0,0,0,"620609,470826","5322657,35141",10.618301776,48.045797891,0,1,#66c2a5,bicycle
194470,"9,21E+18",9,1,62,0,2021,5,17,7,3,5,3,0,1,1,0,0,0,0,"690351,81675","5337307,16244",11.559828875,48.160489278,0,1,#66c2a5,bicycle
194471,"9,21E+18",9,2,61,0,2021,5,15,6,3,6,4,0,0,1,1,0,0,0,"733689,774127","5379548,2179",12.165232046,48.525495277,0,2,#fc8d62,car
194473,"9,21E+18",9,1,78,120,2021,5,16,1,3,1,6,0,1,1,0,0,0,0,"693850,167027","5352550,95875",11.613796004,48.296435719,0,1,#66c2a5,bicycle
194478,"9,21E+18",9,1,62,0,2021,5,12,5,3,0,7,0,1,0,0,0,0,0,"683087,559001","5335741,978",11.461561977,48.148553709,0,1,#66c2a5,bicycle
194481,"9,21E+18",9,1,83,119,2021,5,14,5,3,0,1,0,1,0,0,0,0,0,"736877,371879","5338815,04282",12.185433914,48.15840974,0,1,#66c2a5,bicycle
194488,"9,21E+18",9,1,86,125,2021,5,12,5,3,8,1,0,0,0,0,1,0,0,"673231,513001","5370658,458",11.343501323,48.465186099,0,4,#e78ac3,marker
194490,"9,21E+18",9,1,62,0,2021,5,17,4,3,1,6,0,0,1,0,0,0,0,"692223,320959","5335546,156",11.584174854,48.144098718,0,2,#fc8d62,car
194493,"9,21E+18",9,1,82,136,2021,5,10,6,3,9,1,0,1,0,0,0,0,0,"703698,921436","5299191,47711",11.721036312,47.81380878,0,1,#66c2a5,bicycle
194497,"9,21E+18",9,1,84,146,2021,5,12,3,3,5,3,0,0,1,0,0,0,0,"698640,916962","5328112,24557",11.66689355,48.075317068,1,2,#fc8d62,car
194498,"9,21E+18",9,1,75,132,2021,5,10,4,3,0,1,0,1,0,0,0,0,0,"706651,453222","5331883,57635",11.776137318,48.106662861,0,1,#66c2a5,bicycle
194500,"9,21E+18",9,1,62,0,2021,5,21,3,3,0,7,2,1,0,0,0,0,0,"698647,266654","5333674,84739",11.669567613,48.125307649,0,1,#66c2a5,bicycle
194501,"9,21E+18",9,1,79,123,2021,5,17,4,3,5,3,0,0,1,0,0,0,1,"675162,947911","5334069,48478",11.354425203,48.13575076,1,2,#fc8d62,car
194502,"9,21E+18",9,7,61,0,2021,5,7,4,3,5,3,0,1,1,0,0,0,0,"639633,676","5359539,418",10.885570079,48.373563976,1,1,#66c2a5,bicycle
194504,"9,21E+18",9,7,72,202,2021,5,18,1,3,2,7,0,0,1,0,0,0,0,"636280,699993","5360079,15827",10.840492098,48.379150317,0,2,#fc8d62,car
194506,"9,21E+18",9,1,62,0,2021,5,10,4,2,0,3,0,0,0,0,1,0,0,"691195,799001","5333517,679",11.569465289,48.126176566,1,4,#e78ac3,marker
194507,"9,21E+18",9,1,73,123,2021,5,15,7,2,9,1,0,0,0,0,1,0,0,"682279,315001","5300535,26",11.43575867,47.83231221,0,4,#e78ac3,marker
194509,"9,21E+18",9,1,62,0,2021,5,16,7,3,6,7,0,0,0,1,0,0,1,"696940,196365","5333952,85176",11.646780707,48.128336541,0,3,#8da0cb,toilet
194516,"9,21E+18",9,1,77,117,2021,5,10,3,2,5,3,0,1,1,0,0,0,0,"715084,9287","5353924,24461",11.900454008,48.301915206,0,1,#66c2a5,bicycle
194517,"9,21E+18",9,1,62,0,2021,5,17,6,3,5,3,0,1,1,0,0,0,0,"687971,036135","5339763,02231",11.528930793,48.183271188,0,1,#66c2a5,bicycle
194518,"9,21E+18",9,1,87,137,2021,5,10,6,3,1,6,0,0,1,0,0,0,0,"730045,19773","5308649,78336",12.077507891,47.889910549,0,2,#fc8d62,car
194519,"9,21E+18",9,1,62,0,2021,5,17,6,3,4,7,0,1,0,0,0,0,1,"689074,989001","5331345,748",11.540030079,48.107288357,0,1,#66c2a5,bicycle
194520,"9,21E+18",9,1,62,0,2021,5,18,7,3,5,3,0,1,1,0,0,0,0,"690382,172804","5329172,81209",11.556603592,48.087368548,0,1,#66c2a5,bicycle
194521,"9,21E+18",9,1,62,0,2021,5,19,7,3,3,6,0,0,1,0,1,0,0,"688097,606936","5339758,4474",11.530629906,48.183192608,0,2,#fc8d62,car
194522,"9,21E+18",9,1,62,0,2021,5,12,2,3,4,2,0,0,1,0,1,0,0,"691746,717001","5336150,155",11.578046353,48.149671185,0,2,#fc8d62,car
194525,"9,21E+18",9,1,81,130,2021,5,15,5,3,2,6,0,0,1,0,1,0,0,"639219,887162","5324317,90443",10.868422688,48.056942517,0,2,#fc8d62,car
194526,"9,21E+18",9,1,62,0,2021,5,16,5,3,6,4,0,1,0,1,0,0,0,"689418,316178","5334925,95115",11.546228514,48.139365601,0,1,#66c2a5,bicycle
194528,"9,21E+18",9,7,61,0,2021,5,13,5,3,3,1,0,1,1,0,0,0,0,"641540,778145","5351989,62372",10.908771312,48.305254013,1,1,#66c2a5,bicycle
194530,"9,21E+18",9,7,61,0,2021,5,21,7,3,0,1,2,1,0,0,0,0,0,"640835,464827","5357071,22602",10.900963138,48.351103774,0,1,#66c2a5,bicycle