OBJECTID,UIDENTSTLA,ULAND,UREGBEZ,UKREIS,UGEMEINDE,UJAHR,UMONAT,USTUNDE,UWOCHENTAG,UKATEGORIE,UART,UTYP1,ULICHTVERH,IstRad,IstPKW,IstFuss,IstKrad,IstGkfz,IstSonstig,LINREFX,LINREFY,XGCSWGS84,YGCSWGS84,STRZUSTAN,Teilnehmer,color,symbol
194533,"9,21E+18",9,1,62,0,2021,5,22,2,3,6,7,2,0,1,1,0,0,0,"690854,358071","5339254,96637",11.567454228,48.177845265,1,2,#fc8d62,car
194537,"9,21E+18",9,1,84,144,2021,5,14,1,2,0,1,0,1,0,0,0,0,0,"689113,3132","5315405,0252",11.533506029,47.963996972,0,1,#66c2a5,bicycle
194544,"9,21E+18",9,1,62,0,2021,5,6,3,1,2,7,0,0,0,0,1,1,0,"681364,983154","5339334,58303",11.439956343,48.181340272,0,4,#e78ac3,marker
194545,"9,21E+18",9,2,61,0,2021,5,16,4,3,5,3,0,0,1,0,0,0,0,"732434,218226","5378791,34459",12.147831131,48.519162503,0,2,#fc8d62,car
194548,"9,21E+18",9,7,71,145,2021,5,19,3,2,2,2,0,0,1,0,1,0,0,"644137,898883","5346699,99576",10.941970182,48.257105518,0,2,#fc8d62,car
194549,"9,21E+18",9,1,62,0,2021,5,17,2,3,5,3,0,1,0,0,0,0,0,"689651,390787","5332971,65125",11.54848855,48.121730795,0,1,#66c2a5,bicycle
194552,"9,21E+18",9,1,75,139,2021,5,20,7,3,0,1,2,1,0,0,0,0,0,"711171,328726","5330568,04368",11.836129782,48.093359373,1,1,#66c2a5,bicycle
194553,"9,21E+18",9,1,79,111,2021,5,13,3,2,0,3,0,0,0,0,1,1,0,"657423,372182","5338612,60715",11.117841046,48.181233129,0,4,#e78ac3,marker
194557,"9,21E+18",9,7,61,0,2021,5,19,2,3,0,1,0,1,0,0,0,0,0,"640357,461787","5359807,97279",10.895427971,48.375818164,1,1,#66c2a5,bicycle
194562,"9,21E+18",9,1,62,0,2021,5,13,5,3,2,6,0,0,1,0,0,0,0,"691543,872326","5333876,36136",11.574299337,48.129295733,0,2,#fc8d62,car
194563,"9,21E+18",9,1,62,0,2021,5,17,6,2,0,7,0,1,0,0,0,0,0,"692593,75002","5335487,81325",11.589123099,48.14346232,0,1,#66c2a5,bicycle
194564,"9,21E+18",9,1,62,0,2021,5,16,2,3,5,3,0,1,1,0,0,0,0,"693297,794001","5335252,959",11.59847119,48.14113801,0,1,#66c2a5,bicycle
194567,"9,21E+18",9,1,82,134,2021,5,19,6,3,8,6,0,0,1,0,0,0,0,"701035,028079","5293162,30732",11.682700421,47.760458405,0,2,#fc8d62,car
194569,"9,21E+18",9,1,62,0,2021,5,15,7,3,0,1,0,0,0,0,1,0,0,"691311,201329","5334082,33522",11.571268044,48.131216979,0,4,#e78ac3,marker
194570,"9,21E+18",9,2,61,0,2021,5,20,3,3,5,3,0,0,1,0,0,0,0,"731889,425896","5380598,29809",12.141469396,48.535595445,0,2,#fc8d62,car
194572,"9,21E+18",9,1,62,0,2021,5,17,5,3,0,7,0,1,0,0,0,0,0,"687445,280362","5336147,88515",11.52027098,48.150932928,0,1,#66c2a5,bicycle
194576,"9,21E+18",9,1,81,131,2021,5,16,5,3,0,1,0,0,0,0,1,0,0,"636071,359534","5333755,07709",10.829198949,48.142485016,0,4,#e78ac3,marker
194578,"9,21E+18",9,1,82,136,2021,5,15,7,3,5,3,0,0,1,0,0,0,0,"702838,709001","5300653,772",11.710243234,47.827222682,0,2,#fc8d62,car
194579,"9,21E+18",9,1,73,147,2021,5,15,2,3,2,2,0,0,1,0,0,0,0,"681667,782507","5308963,64741",11.431137512,47.90825049,1,2,#fc8d62,car
194580,"9,21E+18",9,1,62,0,2021,5,9,2,3,6,2,0,0,1,1,0,0,0,"687434,038001","5336064,152",11.520083101,48.150183628,0,2,#fc8d62,car
194582,"9,21E+18",9,7,61,0,2021,5,18,4,3,2,2,0,0,1,0,0,0,0,"640817,202302","5359143,16681",10.901410236,48.369738037,1,2,#fc8d62,car
194583,"9,21E+18",9,7,61,0,2021,5,9,4,3,4,3,0,0,1,0,0,0,0,"638482,629609","5359783,40288",10.87011572,48.376011485,0,2,#fc8d62,car
194584,"9,21E+18",9,7,62,0,2021,5,23,1,3,8,1,2,0,1,0,0,0,0,"622856,341844","5308365,25732",10.644348716,47.916833457,0,2,#fc8d62,car
194588,"9,21E+18",9,1,75,122,2021,5,14,7,2,0,1,0,1,0,0,0,0,0,"721301,500506","5325844,15426",11.969552431,48.047478887,0,1,#66c2a5,bicycle
194589,"9,21E+18",9,1,74,115,2021,5,14,1,3,0,1,0,1,0,0,0,0,0,"680965,654629","5345546,71629",11.437238806,48.237293245,0,1,#66c2a5,bicycle
194590,"9,21E+18",9,1,79,142,2021,5,13,2,2,6,4,0,1,0,1,0,0,0,"677559,565835","5343244,23146",11.39044302,48.217559136,0,1,#66c2a5,bicycle
194591,"9,21E+18",9,1,62,0,2021,5,1,3,3,8,1,2,0,1,0,0,0,0,"693961,343001","5340224,096",11.609648461,48.185614652,0,2,#fc8d62,car
194592,"9,21E+18",9,1,90,158,2021,5,16,4,3,4,6,0,0,1,0,0,0,0,"648463,664174","5305780,07934",10.986000888,47.888170262,0,2,#fc8d62,car
194593,"9,21E+18",9,1,73,123,2021,5,14,1,2,0,1,0,0,0,0,1,0,0,"676818,63332","5303435,7372",11.364039133,47.859911338,0,4,#e78ac3,marker
194594,"9,21E+18",9,1,62,0,2021,5,15,3,3,6,4,0,0,1,1,0,0,0,"683468,948461","5336712,85632",11.467103277,48.157170654,0,2,#fc8d62,car
194598,"9,21E+18",9,1,79,126,2021,5,5,6,3,5,3,0,1,1,0,0,0,0,"677530,953128","5341574,56835",11.389359472,48.202558503,0,1,#66c2a5,bicycle
194599,"9,21E+18",9,1,62,0,2021,5,7,6,3,5,2,0,0,1,0,1,0,0,"680629,471001","5338535,392",11.429730867,48.174366025,0,2,#fc8d62,car
194600,"9,21E+18",9,1,84,134,2021,5,14,2,3,5,2,0,0,1,0,1,0,0,"692792,112708","5322098,72234",11.585744654,48.02306294,0,2,#fc8d62,car
194601,"9,21E+18",9,1,62,0,2021,5,15,7,3,0,1,0,1,0,0,0,0,0,"689976,977078","5338626,61769",11.555382707,48.172460605,0,1,#66c2a5,bicycle
194602,"9,21E+18",9,1,62,0,2021,5,15,5,3,0,7,0,1,0,0,0,0,0,"687910,271001","5336799,671",11.526804453,48.156654099,1,1,#66c2a5,bicycle
194603,"9,21E+18",9,1,74,118,2021,5,15,1,3,4,1,0,0,0,0,1,0,0,"667718,260843","5356369,51666",11.263270401,48.338229601,0,4,#e78ac3,marker
194604,"9,21E+18",9,1,79,123,2021,5,16,7,3,5,3,0,0,1,0,0,0,1,"675698,016603","5333044,98623",11.361188453,48.126393699,0,2,#fc8d62,car
194607,"9,21E+18",9,1,88,120,2021,5,17,3,3,3,6,0,1,0,0,0,0,0,"676942,025024","5328189,68712",11.375878306,48.082403528,0,1,#66c2a5,bicycle
194608,"9,21E+18",9,1,88,120,2021,5,14,6,3,9,7,0,0,1,0,0,0,0,"676620,956401","5326817,60837",11.371003934,48.070158455,0,2,#fc8d62,car
194616,"9,21E+18",9,1,82,120,2021,5,17,1,3,5,3,0,0,1,0,0,0,0,"701946,931723","5307217,79697",11.701406279,47.886496844,0,2,#fc8d62,car
194618,"9,21E+18",9,2,74,126,2021,5,14,4,3,2,6,0,0,1,0,0,0,0,"734266,757451","5384532,17628",12.175837439,48.570048696,1,2,#fc8d62,car
194620,"9,21E+18",9,1,78,124,2021,5,10,2,3,0,1,0,1,0,0,0,0,0,"702026,689002","5364353,90919",11.729580338,48.399944978,0,1,#66c2a5,bicycle
194622,"9,21E+18",9,1,62,0,2021,5,16,3,3,1,5,0,1,1,0,0,0,0,"691907,428003","5334672,61243",11.579538954,48.136342816,0,1,#66c2a5,bicycle
194630,"9,21E+18",9,1,62,0,2021,5,11,1,3,0,1,0,0,0,0,0,0,1,"690689,735253","5338153,97098",11.564748102,48.167999062,0,6,#ffd92f,circle
194633,"9,21E+18",9,1,62,0,2021,5,21,4,3,6,2,2,0,1,1,0,0,0,"689410,398443","5337153,1937",11.547113252,48.159386537,1,2,#fc8d62,car
194635,"9,21E+18",9,1,62,0,2021,5,7,4,3,5,7,0,1,1,0,0,0,0,"694331,071761","5332665,85024",11.611166657,48.117571305,1,1,#66c2a5,bicycle
194636,"9,21E+18",9,1,84,122,2021,5,10,3,3,5,3,0,0,1,0,0,0,0,"689485,406212","5325656,11064",11.543014577,48.056026937,1,2,#fc8d62,car
194638,"9,21E+18",9,1,81,130,2021,5,9,7,3,6,6,0,0,1,1,0,0,0,"639432,523824","5324298,21684",10.871268419,48.05671905,0,2,#fc8d62,car
194643,"9,21E+18",9,1,73,120,2021,5,15,4,3,5,3,0,1,1,0,0,0,0,"686783,124361","5311667,82415",11.500698037,47.931088537,0,1,#66c2a5,bicycle
194646,"9,21E+18",9,1,79,113,2021,5,12,3,2,0,7,0,1,0,0,0,0,0,"671251,960796","5334694,50257",11.302152126,48.142434006,1,1,#66c2a5,bicycle
194649,"9,21E+18",9,1,74,115,2021,5,10,6,2,0,1,0,0,1,0,0,0,0,"681867,887198","5346682,54977",11.449866301,48.247244651,1,2,#fc8d62,car
194650,"9,21E+18",9,1,62,0,2021,5,11,6,3,6,4,0,1,0,1,0,0,0,"694079,440642","5336370,76536",11.609477014,48.150946488,0,1,#66c2a5,bicycle
194651,"9,21E+18",9,1,62,0,2021,5,21,5,3,5,3,2,0,1,0,0,0,0,"692391,188807","5330161,42257",11.583999386,48.09565091,1,2,#fc8d62,car
194653,"9,21E+18",9,7,71,130,2021,5,14,2,3,0,1,0,1,0,0,0,0,0,"646226,732359","5363446,2163",10.975906889,48.407197616,0,1,#66c2a5,bicycle
194658,"9,21E+18",9,1,86,143,2021,5,19,3,2,0,7,0,1,0,0,0,0,0,"685150,054001","5378637,464",11.508119185,48.533505063,0,1,#66c2a5,bicycle
194661,"9,21E+18",9,1,84,114,2021,5,9,2,2,8,6,0,0,1,0,0,0,0,"699454,579909","5323799,24448",11.675794613,48.036301016,0,2,#fc8d62,car
194662,"9,21E+18",9,1,62,0,2021,5,7,4,3,0,1,0,1,0,0,0,0,0,"692576,64737","5334983,14665",11.588665211,48.138931669,1,1,#66c2a5,bicycle
194663,"9,21E+18",9,1,62,0,2021,5,9,4,3,6,7,0,1,0,1,0,0,0,"683923,804574","5337550,38935",11.473575929,48.164567459,1,1,#66c2a5,bicycle
194666,"9,21E+18",9,1,62,0,2021,5,14,7,3,2,7,0,0,1,0,0,0,1,"686948,425927","5336406,69694",11.513710953,48.153405431,0,2,#fc8d62,car
194668,"9,21E+18",9,1,62,0,2021,5,13,3,3,0,3,0,0,0,0,0,0,1,"699813,224144","5334845,46157",11.685767719,48.135463193,0,6,#ffd92f,circle
194672,"9,21E+18",9,1,62,0,2021,5,5,3,3,5,3,1,0,1,0,0,0,0,"691269,418427","5332431,03763",11.569966101,48.116387791,0,2,#fc8d62,car
194675,"9,21E+18",9,7,61,0,2021,5,16,5,3,0,7,0,0,1,0,0,0,1,"641249,152921","5359210,76389",10.907262079,48.370249321,0,2,#fc8d62,car
194677,"9,21E+18",9,1,62,0,2021,5,11,7,3,3,6,0,1,1,0,0,0,0,"692455,07293","5340796,38968",11.589663247,48.191216346,0,1,#66c2a5,bicycle
194679,"9,21E+18",9,1,85,166,2021,5,11,1,2,5,3,0,0,1,0,1,0,0,"672279,3036","5382744,80465",11.335622766,48.574090583,0,2,#fc8d62,car
194682,"9,21E+18",9,1,74,143,2021,5,19,5,3,0,4,0,0,0,1,1,0,0,"674171,231368","5354373,44756",11.349450372,48.318541047,0,3,#8da0cb,toilet
194683,"9,21E+18",9,1,62,0,2021,5,18,5,3,1,6,0,0,1,0,0,0,0,"689981,400661","5331938,55187",11.552458306,48.112346849,0,2,#fc8d62,car
194684,"9,21E+18",9,1,62,0,2021,5,13,5,3,6,4,0,0,1,1,0,0,0,"692778,759858","5339842,05902",11.593581048,48.182540985,0,2,#fc8d62,car
194685,"9,21E+18",9,7,61,0,2021,5,13,2,3,8,6,0,0,1,0,0,0,0,"641018,243545","5362128,97395",10.905125266,48.396540357,0,2,#fc8d62,car
194687,"9,21E+18",9,1,79,123,2021,5,14,5,3,1,6,0,0,1,0,1,0,0,"675561,702868","5333853,55235",11.359691305,48.133699787,0,2,#fc8d62,car
194688,"9,21E+18",9,1,77,143,2021,5,17,7,3,5,3,0,0,0,0,1,0,0,"721093,636776","5365552,72199",11.987476375,48.40431942,0,4,#e78ac3,marker
194689,"9,21E+18",9,1,62,0,2021,5,13,5,3,4,2,0,0,1,0,0,0,0,"682046,86381","5338489,94324",11.448759414,48.173553067,0,2,#fc8d62,car
194690,"9,21E+18",9,1,62,0,2021,5,7,6,3,0,7,0,0,0,0,1,0,0,"687448,446475","5336077,49667",11.520282508,48.150299327,1,4,#e78ac3,marker
194696,"9,21E+18",9,1,62,0,2021,5,10,3,2,5,3,0,1,0,0,0,0,1,"696825,783001","5337159,954",11.646727122,48.157195302,0,1,#66c2a5,bicycle
194697,"9,21E+18",9,1,81,130,2021,5,20,5,3,0,1,1,0,0,0,1,0,0,"639779,535254","5324131,50543",10.875868464,48.055144011,0,4,#e78ac3,marker
194698,"9,21E+18",9,1,62,0,2021,5,16,4,3,0,4,0,1,0,1,0,0,0,"686201,917367","5335314,91669",11.50320578,48.143811118,1,1,#66c2a5,bicycle
194701,"9,21E+18",9,1,62,0,2021,5,9,4,3,3,5,0,1,1,0,0,0,0,"685271,331384","5332288,07221",11.489391646,48.11687608,1,1,#66c2a5,bicycle
194702,"9,21E+18",9,1,90,144,2021,5,19,5,2,5,3,0,1,1,0,0,0,0,"658127,005792","5308725,13117",11.11625857,47.912341975,0,1,#66c2a5,bicycle
194703,"9,21E+18",9,1,79,142,2021,5,16,1,3,0,1,0,1,0,0,0,0,0,"674945,748001","5343685,523",11.355466974,48.222252024,0,1,#66c2a5,bicycle
194708,"9,21E+18",9,2,61,0,2021,5,8,5,2,5,2,0,0,1,0,0,0,0,"733162,649705","5382156,80868",12.159562952,48.549123317,1,2,#fc8d62,car
194710,"9,21E+18",9,1,62,0,2021,5,8,4,2,4,6,0,1,1,0,0,0,0,"689435,684544","5340757,97066",11.549059474,48.191778748,1,1,#66c2a5,bicycle
194713,"9,21E+18",9,1,87,163,2021,5,17,6,3,0,7,0,1,0,0,0,0,0,"738855,092624","5309533,222",12.195667911,47.894629569,0,1,#66c2a5,bicycle
194716,"9,21E+18",9,1,62,0,2021,5,17,3,3,3,2,0,1,0,0,0,0,0,"689506,422086","5334965,24328",11.547429135,48.139692528,0,1,#66c2a5,bicycle
194719,"9,21E+18",9,1,62,0,2021,5,12,3,3,3,6,0,1,0,0,0,0,0,"688646,266635","5332822,81509",11.534929825,48.120691628,0,1,#66c2a5,bicycle
194721,"9,21E+18",9,1,62,0,2021,5,21,2,3,3,6,1,0,1,0,1,0,0,"688958,504001","5332412,428",11.538939367,48.11691042,0,2,#fc8d62,car
194723,"9,21E+18",9,1,62,0,2021,5,19,5,3,5,2,0,1,1,0,0,0,0,"693401,379734","5333075,13504",11.598873684,48.12153288,0,1,#66c2a5,bicycle
194724,"9,21E+18",9,1,62,0,2021,5,10,6,3,5,3,0,0,1,0,0,0,0,"699495,722676","5334827,78158",11.681496629,48.135403906,0,2,#fc8d62,car
194725,"9,21E+18",9,1,88,120,2021,5,16,5,3,0,1,0,1,0,0,0,0,0,"679635,992922","5329309,9979",11.412489604,48.091720736,0,1,#66c2a5,bicycle
194726,"9,21E+18",9,1,62,0,2021,5,11,7,3,0,7,0,1,0,0,0,0,0,"686699,572265","5339475,35255",11.511715447,48.181060448,0,1,#66c2a5,bicycle
194727,"9,21E+18",9,1,83,119,2021,5,13,6,2,2,1,0,0,1,0,1,0,0,"736878,532603","5338828,16724",12.185456804,48.158527204,0,2,#fc8d62,car
194729,"9,21E+18",9,1,74,113,2021,5,14,3,3,0,1,0,0,0,0,1,0,0,"675328,325947","5346548,8138",11.361798395,48.24788502,1,4,#e78ac3,marker
194730,"9,21E+18",9,1,62,0,2021,5,19,3,3,5,3,0,1,1,0,0,0,0,"683195,830738","5334464,23129",11.462466545,48.137037328,0,1,#66c2a5,bicycle
194732,"9,21E+18",9,1,62,0,2021,5,9,4,3,4,2,0,0,1,0,0,0,0,"689474,85621","5333107,33829",11.546179061,48.123002923,1,2,#fc8d62,car
194736,"9,21E+18",9,1,86,126,2021,5,16,5,3,2,6,0,0,1,0,1,0,0,"685257,512001","5376510,891",11.508628733,48.514360295,1,2,#fc8d62,car
194743,"9,21E+18",9,1,79,121,2021,5,18,5,3,0,4,0,0,0,1,0,0,1,"667853,660966","5337972,87401",11.257799121,48.172812076,0,3,#8da0cb,toilet
194745,"9,21E+18",9,7,61,0,2021,5,14,4,3,0,1,0,1,0,0,0,0,0,"639145,090305","5355045,48159",10.877490404,48.333263359,0,1,#66c2a5,bicycle
194747,"9,21E+18",9,7,72,184,2021,5,8,6,3,5,2,0,1,1,0,0,0,0,"635426,174397","5361663,53351",10.829468439,48.393581004,1,1,#66c2a5,bicycle
194748,"9,21E+18",9,1,62,0,2021,5,7,6,3,5,3,0,1,1,0,0,0,0,"688223,68739","5339941,39394",11.5324055,48.18479961,0,1,#66c2a5,bicycle
194752,"9,21E+18",9,1,62,0,2021,5,12,1,3,5,3,0,1,1,0,0,0,0,"694302,089554","5334800,59302",11.611750893,48.136766432,0,1,#66c2a5,bicycle
194757,"9,21E+18",9,1,84,147,2021,5,15,1,3,0,1,0,1,0,0,0,0,0,"698850,801563","5340769,95317",11.675615566,48.189008754,0,1,#66c2a5,bicycle
194760,"9,21E+18",9,1,62,0,2021,5,15,6,3,2,6,0,0,1,0,0,0,0,"692158,740554","5335336,37508",11.583212908,48.142232757,1,2,#fc8d62,car
194764,"9,21E+18",9,1,62,0,2021,5,13,3,3,5,3,0,0,1,0,0,0,0,"700312,656588","5332641,90731",11.691437537,48.115502745,0,2,#fc8d62,car
194767,"9,21E+18",9,1,62,0,2021,5,15,3,3,1,6,0,1,1,0,0,0,0,"683912,238171","5340125,9232",11.474534943,48.187721026,0,1,#66c2a5,bicycle
194771,"9,21E+18",9,1,62,0,2021,5,7,5,3,1,1,0,1,1,0,0,0,0,"692524,846344","5334780,91912",11.587878217,48.137129767,1,1,#66c2a5,bicycle
194772,"9,21E+18",9,1,81,114,2021,5,11,7,3,0,1,0,1,0,0,0,0,0,"657367,619879","5313016,56811",11.107670618,47.951113951,0,1,#66c2a5,bicycle
194773,"9,21E+18",9,1,81,130,2021,5,16,3,3,5,3,0,1,1,0,0,0,0,"637594,998695","5324731,68892",10.846760537,48.061015912,1,1,#66c2a5,bicycle
194774,"9,21E+18",9,7,72,130,2021,5,12,7,3,3,6,0,1,0,0,0,0,0,"632023,261173","5357880,91579",10.782333979,48.360288454,0,1,#66c2a5,bicycle
194775,"9,21E+18",9,1,73,126,2021,5,16,6,3,2,6,0,0,1,0,0,0,0,"685248,437404","5304319,58751",11.477016653,47.865481241,0,2,#fc8d62,car
194776,"9,21E+18",9,7,61,0,2021,5,9,7,3,0,1,0,1,0,0,0,0,0,"641797,946131","5360274,19237",10.915026723,48.379688149,0,1,#66c2a5,bicycle
194777,"9,21E+18",9,1,62,0,2021,5,14,2,3,1,5,0,1,1,0,0,0,0,"691454,107423","5332903,70957",11.572657294,48.120580632,0,1,#66c2a5,bicycle
194778,"9,21E+18",9,7,61,0,2021,5,16,3,3,6,1,0,1,0,1,0,0,0,"641161,173081","5352964,85691",10.903981319,48.31410787,0,1,#66c2a5,bicycle
194781,"9,21E+18",9,7,72,147,2021,5,17,5,3,5,3,0,1,1,0,0,0,0,"638133,714047","5364194,20026",10.866857392,48.415748915,0,1,#66c2a5,bicycle
194787,"9,21E+18",9,1,63,0,2021,5,13,2,3,0,7,0,1,0,0,0,0,0,"731603,935891","5304371,8443",12.096036808,47.850916098,0,1,#66c2a5,bicycle
194788,"9,21E+18",9,1,62,0,2021,5,18,2,3,3,6,0,1,1,0,0,0,0,"691803,876817","5332386,96988",11.577119937,48.115830968,1,1,#66c2a5,bicycle
194790,"9,21E+18",9,1,62,0,2021,5,13,4,3,2,6,0,0,1,0,0,0,0,"689270,216655","5340117,78744",11.546549943,48.186074116,1,2,#fc8d62,car
194791,"9,21E+18",9,1,62,0,2021,5,13,4,3,5,7,0,1,1,0,0,0,0,"690787,696452","5335320,77628",11.564794033,48.142505158,0,1,#66c2a5,bicycle
194792,"9,21E+18",9,1,62,0,2021,5,15,1,3,0,7,0,0,1,0,0,0,1,"696478,662271","5332678,53822",11.639997423,48.117026357,0,2,#fc8d62,car
194793,"9,21E+18",9,7,71,146,2021,5,11,4,3,4,6,0,1,1,0,0,0,0,"647412,884925","5347764,33968",10.986437737,48.265921974,0,1,#66c2a5,bicycle
194795,"9,21E+18",9,2,61,0,2021,5,14,3,3,0,1,0,1,0,0,0,0,0,"731562,019934","5382673,5504",12.138194311,48.554357952,0,1,#66c2a5,bicycle
194796,"9,21E+18",9,1,62,0,2021,5,19,6,3,4,2,1,0,1,0,0,0,0,"697469,718777","5331826,81618",11.65290472,48.109065092,0,2,#fc8d62,car
194801,"9,21E+18",9,1,87,117,2021,5,17,4,3,5,3,0,1,1,0,0,0,0,"724845,336968","5305211,88434",12.006256308,47.860863484,1,1,#66c2a5,bicycle
194802,"9,21E+18",9,1,62,0,2021,5,5,3,3,5,3,1,1,1,0,0,0,0,"690964,455001","5334293,13",11.566707023,48.133215717,1,1,#66c2a5,bicycle
194806,"9,21E+18",9,1,84,112,2021,5,15,5,3,5,3,0,1,1,0,0,0,0,"699636,444552","5336534,54575",11.684186137,48.150698607,0,1,#66c2a5,bicycle
194807,"9,21E+18",9,1,62,0,2021,5,19,6,3,5,3,0,1,0,0,1,0,0,"691692,6848","5331690,25355",11.575314374,48.109602424,0,1,#66c2a5,bicycle
194808,"9,21E+18",9,1,62,0,2021,5,8,4,3,5,3,0,1,1,0,0,0,0,"692163,330495","5330398,86036",11.581049132,48.097853724,1,1,#66c2a5,bicycle
194809,"9,21E+18",9,1,62,0,2021,5,15,5,3,0,7,0,0,0,0,0,0,1,"685020,938092","5328048,86976",11.484193052,48.078844553,0,6,#ffd92f,circle
194810,"9,21E+18",9,1,62,0,2021,5,9,5,3,1,5,0,0,1,0,1,0,0,"693769,259421","5342297,8634",11.608013197,48.204311361,0,2,#fc8d62,car
194812,"9,21E+18",9,7,61,0,2021,5,16,3,3,4,2,0,1,1,0,0,0,0,"641985,120466","5360410,86676",10.917599274,48.380874968,1,1,#66c2a5,bicycle
194813,"9,21E+18",9,1,84,140,2021,5,20,3,3,0,7,0,0,0,0,1,0,1,"700991,795037","5328150,22043",11.698437524,48.074921805,0,4,#e78ac3,marker
194817,"9,21E+18",9,1,62,0,2021,5,19,2,3,0,7,0,1,0,0,0,0,0,"688629,266283","5331659,10545",11.534186882,48.110237017,0,1,#66c2a5,bicycle
194819,"9,21E+18",9,1,62,0,2021,5,20,5,3,1,1,0,1,1,0,0,0,0,"691478,032641","5337134,44184",11.574880536,48.158598746,0,1,#66c2a5,bicycle
194820,"9,21E+18",9,1,62,0,2021,5,17,6,2,4,6,0,1,0,0,0,0,0,"686665,721519","5338253,63241",11.510723974,48.170089254,0,1,#66c2a5,bicycle
194821,"9,21E+18",9,7,61,0,2021,5,11,2,3,1,1,0,1,1,0,0,0,0,"641769,568718","5359368,57517",10.914338295,48.371551607,0,1,#66c2a5,bicycle
194822,"9,21E+18",9,1,62,0,2021,5,20,7,3,2,6,0,0,1,0,0,0,0,"692190,537613","5336993,7017",11.584388204,48.157118859,0,2,#fc8d62,car
194824,"9,21E+18",9,1,84,118,2021,5,17,7,3,3,6,0,1,0,0,0,0,0,"703255,958106","5337326,00965",11.733172912,48.156664991,0,1,#66c2a5,bicycle
194828,"9,21E+18",9,1,62,0,2021,5,18,5,3,7,1,0,0,0,0,1,0,0,"692733,334478","5334260,19373",11.590442118,48.132386498,0,4,#e78ac3,marker
194832,"9,21E+18",9,1,87,150,2021,5,11,7,3,0,7,0,0,1,1,0,0,0,"724851,730348","5303048,03931",12.005217171,47.841419042,0,2,#fc8d62,car
194834,"9,21E+18",9,1,62,0,2021,5,15,1,3,0,5,0,1,1,0,0,0,0,"691788,185473","5334764,54599",11.577979222,48.137205049,0,1,#66c2a5,bicycle
194836,"9,21E+18",9,1,62,0,2021,5,21,4,3,5,3,2,0,1,0,0,0,0,"690576,008613","5335931,90995",11.562224777,48.148061442,1,2,#fc8d62,car
194842,"9,21E+18",9,1,79,125,2021,5,19,7,3,9,6,0,0,1,0,1,0,0,"663294,862607","5329861,57322",11.193416255,48.101076285,0,2,#fc8d62,car
194843,"9,21E+18",9,1,62,0,2021,5,18,6,3,6,7,0,0,0,1,0,0,1,"686206,367998","5334611,8111",11.502958126,48.137490042,1,3,#8da0cb,toilet
194845,"9,21E+18",9,1,77,115,2021,5,21,1,3,0,1,1,1,0,0,0,0,0,"733579,352002","5351452,52799",12.148112057,48.273155664,0,1,#66c2a5,bicycle
194846,"9,21E+18",9,1,88,141,2021,5,11,4,2,0,1,0,1,0,0,0,0,0,"669296,982512","5308265,95237",11.265452351,47.905362582,0,1,#66c2a5,bicycle
194848,"9,21E+18",9,1,62,0,2021,5,15,3,3,1,5,0,1,1,0,0,0,0,"690715,20419","5334630,99875",11.563511641,48.136327205,0,1,#66c2a5,bicycle
194864,"9,21E+18",9,7,72,148,2021,5,10,1,2,0,7,0,1,0,0,0,0,0,"628216,634099","5356006,54179",10.730397713,48.344217677,0,1,#66c2a5,bicycle
194866,"9,21E+18",9,1,62,0,2021,5,17,4,3,9,7,0,1,0,0,0,0,0,"683471,965917","5334572,86209",11.466221505,48.137934215,0,1,#66c2a5,bicycle
194869,"9,21E+18",9,1,62,0,2021,5,20,7,3,0,7,1,1,0,0,0,0,0,"686195,474512","5335804,25718",11.503333261,48.148211372,1,1,#66c2a5,bicycle
194871,"9,21E+18",9,7,61,0,2021,5,4,7,1,0,7,2,1,0,0,0,0,0,"644454,511558","5357786,14438",10.95002848,48.356714496,0,1,#66c2a5,bicycle
194874,"9,21E+18",9,1,62,0,2021,5,10,2,3,3,5,0,1,1,0,0,0,0,"695730,852524","5330444,22648",11.628935423,48.09717569,0,1,#66c2a5,bicycle
194877,"9,21E+18",9,2,61,0,2021,5,14,2,3,6,4,0,0,1,1,0,0,0,"732655,905866","5380750,97242",12.151921986,48.536683235,0,2,#fc8d62,car
194878,"9,21E+18",9,1,62,0,2021,5,14,4,3,0,1,0,1,0,0,0,0,0,"687836,343158","5334444,43057",11.52477223,48.135506547,1,1,#66c2a5,bicycle
194879,"9,21E+18",9,1,84,131,2021,5,7,4,3,6,4,0,0,1,1,0,0,0,"704396,584525","5339491,15251",11.749533152,48.175756604,0,2,#fc8d62,car
194883,"9,21E+18",9,1,63,0,2021,5,10,2,3,0,7,0,1,1,0,0,0,0,"734232,642146","5305943,34813",12.131973886,47.86408199,0,1,#66c2a5,bicycle
194886,"9,21E+18",9,1,62,0,2021,5,20,1,3,5,1,2,0,1,0,0,0,1,"691928,928416","5336081,6738",11.580462743,48.149000736,0,2,#fc8d62,car
194887,"9,21E+18",9,1,84,149,2021,5,10,4,3,5,3,0,0,1,0,0,1,0,"691253,947531","5352146,6742",11.578643641,48.293592123,1,2,#fc8d62,car
194891,"9,21E+18",9,1,62,0,2021,5,15,5,3,2,6,0,0,1,0,0,0,0,"681076,304022","5335460,53716",11.434426952,48.146599613,0,2,#fc8d62,car
194892,"9,21E+18",9,7,62,0,2021,5,15,6,3,5,1,0,1,1,0,0,0,0,"622719,273928","5303887,83188",10.6412415,47.876591305,0,1,#66c2a5,bicycle