OBJECTID,UIDENTSTLA,ULAND,UREGBEZ,UKREIS,UGEMEINDE,UJAHR,UMONAT,USTUNDE,UWOCHENTAG,UKATEGORIE,UART,UTYP1,ULICHTVERH,IstRad,IstPKW,IstFuss,IstKrad,IstGkfz,IstSonstig,LINREFX,LINREFY,XGCSWGS84,YGCSWGS84,STRZUSTAN,Teilnehmer,color,symbol
194893,"9,21E+18",9,1,81,114,2021,5,19,1,2,5,3,0,1,1,0,0,0,0,"655321,783671","5312121,2486",11.079965795,47.943563267,0,1,#66c2a5,bicycle
194894,"9,21E+18",9,7,61,0,2021,5,18,3,3,5,3,0,0,1,0,0,0,0,"643954,996536","5358542,24845",10.943548134,48.363627038,0,2,#fc8d62,car
194898,"9,21E+18",9,7,61,0,2021,5,9,3,3,5,3,0,1,1,0,0,0,0,"638941,295955","5360735,45447",10.876620994,48.384471275,0,1,#66c2a5,bicycle
194899,"9,21E+18",9,1,78,124,2021,5,17,5,3,5,3,0,1,1,0,0,0,0,"704436,848011","5364073,93077",11.761968544,48.396652297,1,1,#66c2a5,bicycle
194900,"9,21E+18",9,1,62,0,2021,5,10,5,3,0,7,0,1,0,0,0,0,1,"690397,601177","5341940,78076",11.562520124,48.202122072,0,1,#66c2a5,bicycle
194901,"9,21E+18",9,7,61,0,2021,5,16,5,3,5,2,0,1,1,0,0,0,0,"642953,447605","5358179,26426",10.929910804,48.360590862,1,1,#66c2a5,bicycle
194909,"9,21E+18",9,1,62,0,2021,5,18,2,3,0,1,0,0,0,0,0,0,1,"692334,220938","5337798,31467",11.586682052,48.164307084,1,6,#ffd92f,circle
194911,"9,21E+18",9,1,62,0,2021,5,8,4,3,5,3,0,0,1,0,0,0,1,"699870,480358","5335483,70993",11.686835941,48.141181195,0,2,#fc8d62,car
194913,"9,21E+18",9,1,62,0,2021,5,19,4,3,5,3,0,0,1,0,0,0,0,"689549,81503","5337017,16924",11.548925542,48.158122401,0,2,#fc8d62,car
194915,"9,21E+18",9,1,86,151,2021,5,16,7,2,0,1,0,1,0,0,0,0,0,"681213,614217","5373604,51586",11.452660545,48.489417276,0,1,#66c2a5,bicycle
194919,"9,21E+18",9,1,62,0,2021,5,11,3,3,5,2,0,1,0,0,1,0,0,"686257,111989","5331780,80931",11.502402445,48.112029027,0,1,#66c2a5,bicycle
194921,"9,21E+18",9,1,87,181,2021,5,15,1,3,0,7,0,1,1,0,0,0,0,"735245,510586","5310296,19536",12.147866773,47.90281702,0,1,#66c2a5,bicycle
194922,"9,21E+18",9,1,62,0,2021,5,13,3,3,5,3,0,0,1,0,0,0,1,"680317,554735","5335608,19479",11.424298208,48.148142418,0,2,#fc8d62,car
194923,"9,21E+18",9,1,79,121,2021,5,11,4,3,5,3,0,1,1,0,0,0,0,"665627,592341","5336892,81952",11.227459206,48.163686311,1,1,#66c2a5,bicycle
194925,"9,21E+18",9,1,75,127,2021,5,20,6,3,9,7,0,0,1,0,0,0,0,"712164,219502","5339439,0174",11.853864953,48.17274264,1,2,#fc8d62,car
194926,"9,21E+18",9,1,62,0,2021,5,16,6,3,5,3,0,1,1,0,0,0,0,"684729,099461","5343140,87087",11.486827204,48.214583532,0,1,#66c2a5,bicycle
194927,"9,21E+18",9,1,62,0,2021,5,17,7,3,3,2,0,1,1,0,0,0,0,"688652,930001","5336104,495",11.536472591,48.150185893,0,1,#66c2a5,bicycle
194928,"9,21E+18",9,1,73,145,2021,5,21,6,3,8,1,2,0,1,0,0,0,0,"689833,456011","5295258,85639",11.534293135,47.782699118,1,2,#fc8d62,car
194929,"9,21E+18",9,7,71,113,2021,5,13,6,2,5,3,0,0,1,0,0,0,0,"656403,373518","5367462,46517",11.114823897,48.440862381,0,2,#fc8d62,car
194930,"9,21E+18",9,1,62,0,2021,5,16,7,3,3,6,0,1,0,0,0,0,1,"690760,536302","5335168,0132",11.564360862,48.141140276,0,1,#66c2a5,bicycle
194932,"9,21E+18",9,1,62,0,2021,5,10,3,3,3,6,0,0,1,0,1,0,0,"690141,278375","5337412,37948",11.557047535,48.161497959,0,2,#fc8d62,car
194935,"9,21E+18",9,1,62,0,2021,5,11,3,3,6,2,0,0,1,1,0,0,0,"681628,792447","5335766,88548",11.441978442,48.149195804,0,2,#fc8d62,car
194937,"9,21E+18",9,1,77,117,2021,5,12,3,2,0,1,0,1,0,0,0,0,0,"715351,292001","5355476,808",11.904833425,48.315774594,0,1,#66c2a5,bicycle
194940,"9,21E+18",9,1,62,0,2021,5,18,6,3,6,4,0,0,0,1,0,0,1,"691511,396331","5334774,71981",11.574267149,48.137379849,0,3,#8da0cb,toilet
194941,"9,21E+18",9,1,62,0,2021,5,11,7,2,0,7,0,1,0,0,0,0,0,"686222,250654","5339861,18829",11.505469407,48.184668527,0,1,#66c2a5,bicycle
194942,"9,21E+18",9,1,84,114,2021,5,15,7,3,5,3,0,1,1,0,0,0,0,"701736,991753","5317554,47014",11.703442538,47.979461463,0,1,#66c2a5,bicycle
194950,"9,21E+18",9,1,81,130,2021,5,8,5,3,0,7,0,0,1,0,1,0,0,"640962,695979","5323629,83949",10.8915725,48.05037266,0,2,#fc8d62,car
194954,"9,21E+18",9,1,62,0,2021,5,15,1,3,5,3,0,0,1,0,0,0,0,"697264,744001","5332268,303",11.650358209,48.113096409,0,2,#fc8d62,car
194956,"9,21E+18",9,1,62,0,2021,5,16,2,3,0,7,0,1,0,0,0,0,0,"695687,427447","5332816,29751",11.629440802,48.1185081,1,1,#66c2a5,bicycle
194958,"9,21E+18",9,1,79,123,2021,5,16,5,3,5,3,0,1,1,0,0,0,0,"674953,142204","5332239,77917",11.350856433,48.119360517,0,1,#66c2a5,bicycle
194959,"9,21E+18",9,1,88,121,2021,5,18,2,3,0,1,0,1,0,0,0,0,0,"671394,231189","5330030,40238",11.302187839,48.100466746,0,1,#66c2a5,bicycle
194962,"9,21E+18",9,7,72,125,2021,5,10,6,3,5,3,0,0,1,0,0,0,0,"633918,655859","5348405,78386",10.804900108,48.27468686,1,2,#fc8d62,car
194963,"9,21E+18",9,1,81,114,2021,5,10,7,2,1,1,0,1,1,0,0,0,0,"656112,862","5311909,857",11.090475442,47.941470294,0,1,#66c2a5,bicycle
194966,"9,21E+18",9,1,79,123,2021,5,7,4,3,5,3,0,1,1,0,0,0,0,"675214,211922","5333182,20335",11.354748767,48.127760545,1,1,#66c2a5,bicycle
194967,"9,21E+18",9,1,62,0,2021,5,16,3,3,4,2,0,0,1,0,1,0,0,"685168,079185","5337678,91156",11.490349686,48.165361481,0,2,#fc8d62,car
194969,"9,21E+18",9,1,62,0,2021,5,20,3,3,0,1,1,0,0,0,1,0,0,"691272,379282","5339014,73132",11.572963641,48.175560389,0,4,#e78ac3,marker
194970,"9,21E+18",9,1,62,0,2021,5,9,3,3,5,2,0,0,1,0,0,0,0,"692019,581499","5338523,77424",11.582782544,48.170922458,1,2,#fc8d62,car
194974,"9,21E+18",9,7,78,116,2021,5,10,6,3,0,6,0,1,1,0,0,0,0,"619325,642342","5318131,67922",10.599822384,48.005336961,0,1,#66c2a5,bicycle
194975,"9,21E+18",9,1,62,0,2021,5,17,7,3,3,2,0,1,1,0,0,0,0,"689916,411925","5334734,89816",11.55283202,48.137499943,0,1,#66c2a5,bicycle
194977,"9,21E+18",9,7,61,0,2021,5,13,6,3,4,2,0,0,1,0,1,0,0,"640552,807668","5359221,0812",10.89786828,48.370497553,0,2,#fc8d62,car
194978,"9,21E+18",9,1,84,148,2021,5,12,7,2,1,7,0,1,0,0,0,0,0,"693937,182001","5327948,243",11.6037366,48.075290819,0,1,#66c2a5,bicycle
194979,"9,21E+18",9,1,62,0,2021,5,16,2,3,0,6,0,0,1,0,0,0,0,"692468,427563","5334460,93043",11.586976074,48.134270841,1,2,#fc8d62,car
194980,"9,21E+18",9,7,72,147,2021,5,16,6,3,0,7,0,0,1,0,0,1,0,"637563,556944","5364191,70507",10.859155212,48.41585121,0,2,#fc8d62,car
194982,"9,21E+18",9,1,62,0,2021,5,9,4,3,0,1,0,0,0,0,1,0,0,"692278,798989","5334888,53056",11.584622971,48.138171349,1,4,#e78ac3,marker
194983,"9,21E+18",9,7,61,0,2021,5,16,5,2,1,7,0,0,1,0,0,0,0,"639233,287062","5358896,08204",10.879953365,48.367867725,1,2,#fc8d62,car
194986,"9,21E+18",9,1,62,0,2021,5,11,4,3,3,7,0,1,1,0,0,0,0,"687720,464404","5332630,4865",11.52241723,48.119236547,1,1,#66c2a5,bicycle
194990,"9,21E+18",9,1,78,124,2021,5,15,2,3,5,3,0,1,1,0,0,0,0,"704683,873483","5363960,86186",11.765246746,48.395556126,1,1,#66c2a5,bicycle
194991,"9,21E+18",9,7,72,223,2021,5,5,1,3,9,7,1,0,1,0,0,0,0,"617416,735087","5363537,96791",10.586808276,48.414048748,1,2,#fc8d62,car
194996,"9,21E+18",9,1,62,0,2021,5,22,5,3,4,2,2,1,1,0,0,0,0,"679448,782803","5335871,06358",11.412739503,48.150751018,1,1,#66c2a5,bicycle
194997,"9,21E+18",9,1,62,0,2021,5,13,5,3,0,7,0,0,1,1,0,0,1,"686214,947384","5334744,50295",11.503131347,48.138680216,0,2,#fc8d62,car
194998,"9,21E+18",9,2,74,126,2021,5,15,2,3,5,3,0,1,1,0,0,0,0,"733367,823002","5382477,67798",12.162518609,48.551929272,0,1,#66c2a5,bicycle
195005,"9,21E+18",9,1,84,134,2021,5,18,4,3,1,6,0,0,1,0,0,0,0,"692456,11845","5322816,31193",11.581565286,48.029613937,1,2,#fc8d62,car
195007,"9,21E+18",9,1,75,122,2021,5,19,2,3,0,1,0,1,0,0,0,0,0,"720086,319002","5325861,05799",11.953277615,48.048050844,0,1,#66c2a5,bicycle
195012,"9,21E+18",9,1,81,133,2021,5,14,1,2,0,1,0,1,0,0,0,0,0,"640300,092","5313417,428",10.879345993,47.95868534,0,1,#66c2a5,bicycle
195013,"9,21E+18",9,1,88,139,2021,5,11,2,3,0,6,0,1,0,0,0,0,0,"676026,376201","5318508,14198",11.359614541,47.995624997,0,1,#66c2a5,bicycle
195015,"9,21E+18",9,1,62,0,2021,5,8,3,2,5,6,0,1,1,0,0,0,0,"696588,69369","5330564,65765",11.640500218,48.097994006,0,1,#66c2a5,bicycle
195017,"9,21E+18",9,1,62,0,2021,5,7,3,3,5,7,0,1,1,0,0,0,0,"691659,31484","5339069,90373",11.578188047,48.175939693,0,1,#66c2a5,bicycle
195018,"9,21E+18",9,1,62,0,2021,5,16,3,3,0,7,0,1,0,0,0,0,0,"691417,019595","5334172,14061",11.572729124,48.131992326,0,1,#66c2a5,bicycle
195020,"9,21E+18",9,1,78,143,2021,5,7,6,3,0,1,0,1,0,0,0,0,0,"716994,160637","5372552,46785",11.935783808,48.468634183,1,1,#66c2a5,bicycle
195021,"9,21E+18",9,1,62,0,2021,5,11,5,3,0,7,0,1,0,0,0,0,0,"679489,338637","5337136,37089",11.413818043,48.162113358,0,1,#66c2a5,bicycle
195022,"9,21E+18",9,1,84,136,2021,5,16,6,3,1,5,0,1,1,0,0,0,0,"698400,925605","5327131,68674",11.663220036,48.066579154,0,1,#66c2a5,bicycle
195023,"9,21E+18",9,1,79,130,2021,5,10,3,3,0,7,0,1,0,0,0,0,0,"659355,297499","5338689,9821",11.14384179,48.181447146,0,1,#66c2a5,bicycle
195024,"9,21E+18",9,1,62,0,2021,5,12,7,3,1,5,0,1,1,0,0,0,0,"689575,952026","5332876,35487",11.547433485,48.120896728,0,1,#66c2a5,bicycle
195025,"9,21E+18",9,1,62,0,2021,5,17,5,3,6,4,0,0,1,1,0,0,0,"691024,985823","5334080,30587",11.567424338,48.131284703,1,2,#fc8d62,car
195026,"9,21E+18",9,1,77,117,2021,5,19,1,3,0,1,0,1,0,0,0,0,0,"715380,277772","5353140,22877",11.904031623,48.294770247,0,1,#66c2a5,bicycle
195029,"9,21E+18",9,7,72,177,2021,5,21,6,2,5,3,2,0,1,0,1,0,0,"637234,722589","5380848,55074",10.860185512,48.565695979,1,2,#fc8d62,car
195036,"9,21E+18",9,1,82,137,2021,5,10,7,2,5,3,0,1,1,0,0,0,0,"711149,495303","5303285,28037",11.822435198,47.848196808,0,1,#66c2a5,bicycle
195039,"9,21E+18",9,1,73,118,2021,5,13,2,3,0,7,0,1,0,0,0,1,0,"693727,43252","5310470,77896",11.593035185,47.918268181,0,1,#66c2a5,bicycle
195042,"9,21E+18",9,1,88,139,2021,5,17,2,3,0,1,0,1,0,0,0,0,0,"675122,177001","5319539,42",11.347925279,48.005144053,0,1,#66c2a5,bicycle
195044,"9,21E+18",9,1,73,112,2021,5,13,4,3,4,3,0,0,1,0,0,0,1,"691983,841013","5292481,87852",11.561744577,47.757100954,1,2,#fc8d62,car
195046,"9,21E+18",9,1,79,119,2021,5,15,7,2,5,3,0,1,1,0,0,0,0,"669372,259852","5339656,594",11.278880216,48.187545455,0,1,#66c2a5,bicycle
195047,"9,21E+18",9,1,62,0,2021,5,11,5,3,1,7,0,0,1,0,1,0,0,"691018,379783","5333984,73082",11.567292798,48.130427662,1,2,#fc8d62,car
195048,"9,21E+18",9,1,62,0,2021,5,19,6,3,5,3,0,1,1,0,0,0,0,"691222,958239","5340116,63063",11.572795378,48.185478938,0,1,#66c2a5,bicycle
195049,"9,21E+18",9,1,62,0,2021,5,17,7,3,4,2,0,1,1,0,0,0,0,"694052,357737","5330820,28582",11.606586179,48.101068935,0,1,#66c2a5,bicycle
195053,"9,21E+18",9,1,62,0,2021,5,20,2,3,0,6,0,1,0,0,0,0,0,"686139,263734","5342215,69537",11.505386179,48.205855798,1,1,#66c2a5,bicycle
195056,"9,21E+18",9,7,72,163,2021,5,16,1,3,0,7,0,0,1,0,1,0,0,"639358,412628","5349507,00003",10.878537892,48.283415123,1,2,#fc8d62,car
195064,"9,21E+18",9,1,62,0,2021,5,16,3,3,3,6,0,1,0,0,0,0,0,"692200,618197","5337029,78142",11.584539912,48.157440088,0,1,#66c2a5,bicycle
195068,"9,21E+18",9,1,62,0,2021,5,16,2,3,6,4,0,1,0,1,0,0,0,"692646,308318","5340429,79667",11.592067494,48.187863556,0,1,#66c2a5,bicycle
195069,"9,21E+18",9,1,62,0,2021,5,14,3,3,2,6,0,0,1,0,0,0,0,"693918,861095","5331194,42892",11.604964935,48.10447227,0,2,#fc8d62,car
195070,"9,21E+18",9,1,62,0,2021,5,7,5,3,5,3,0,1,1,0,0,0,0,"690519,614166","5339727,28677",11.563167543,48.182190879,0,1,#66c2a5,bicycle
195071,"9,21E+18",9,1,81,130,2021,5,14,7,3,5,3,0,0,1,0,0,0,0,"638967,764171","5323657,25259",10.864826295,48.051056679,0,2,#fc8d62,car
195074,"9,21E+18",9,7,61,0,2021,5,18,2,3,5,7,0,1,0,1,0,0,0,"638817,531402","5360377,02661",10.874831886,48.381275625,0,1,#66c2a5,bicycle
195080,"9,21E+18",9,1,62,0,2021,5,21,2,3,2,6,2,0,1,0,0,0,0,"694051,143756","5341800,76096",11.611575831,48.199757552,1,2,#fc8d62,car
195087,"9,21E+18",9,7,61,0,2021,5,13,6,3,5,2,0,0,1,0,0,0,1,"641942,837715","5360950,37765",10.917210791,48.385735517,1,2,#fc8d62,car
195088,"9,21E+18",9,7,61,0,2021,5,18,7,3,2,6,0,0,1,0,0,0,0,"638451,522628","5359346,81931",10.869552099,48.372092638,0,2,#fc8d62,car
195090,"9,21E+18",9,1,62,0,2021,5,8,3,2,3,6,0,1,0,0,0,0,0,"685008,083829","5339238,36654",11.488878641,48.179425099,0,1,#66c2a5,bicycle
195093,"9,21E+18",9,1,62,0,2021,5,17,3,3,1,7,0,1,1,0,0,0,0,"693873,924286","5333958,4593",11.605618592,48.129328204,0,1,#66c2a5,bicycle
195094,"9,21E+18",9,1,62,0,2021,5,10,3,3,0,7,0,0,0,0,0,0,1,"679996,854847","5335928,19992",11.420125841,48.151109746,1,6,#ffd92f,circle
195097,"9,21E+18",9,1,62,0,2021,5,9,5,3,3,6,0,1,1,0,0,0,0,"692870,781001","5336567,503",11.59333257,48.153082358,0,1,#66c2a5,bicycle
195099,"9,21E+18",9,1,62,0,2021,5,16,7,3,5,3,0,1,1,0,0,0,0,"697458,496167","5333977,83634",11.653750242,48.128400526,0,1,#66c2a5,bicycle
195101,"9,21E+18",9,1,62,0,2021,5,6,7,2,5,3,0,0,1,0,1,0,0,"693120,175001","5331094,82",11.594202313,48.10381961,0,2,#fc8d62,car
195105,"9,21E+18",9,1,62,0,2021,5,21,4,3,0,1,2,0,0,0,0,0,1,"690409,635452","5335495,64011",11.55979515,48.144190085,1,6,#ffd92f,circle
195106,"9,21E+18",9,1,62,0,2021,5,12,5,3,5,3,0,1,1,0,0,0,0,"684142,628795","5337572,37899",11.476525548,48.164701769,0,1,#66c2a5,bicycle
195107,"9,21E+18",9,7,61,0,2021,5,11,2,3,6,3,0,0,1,1,0,0,0,"644337,616391","5357690,075",10.948418482,48.355877428,0,2,#fc8d62,car
195108,"9,21E+18",9,1,79,121,2021,5,14,5,3,5,3,0,0,1,0,1,0,0,"668133,762252","5339473,25637",11.262157363,48.186226302,1,2,#fc8d62,car
195115,"9,21E+18",9,7,72,202,2021,5,17,4,3,4,3,0,1,1,0,0,0,0,"636210,252463","5356681,74825",10.838441102,48.348616103,1,1,#66c2a5,bicycle
195116,"9,21E+18",9,1,88,139,2021,5,14,2,3,0,1,0,1,0,0,0,0,0,"675886,888964","5318878,00627",11.357897945,47.998988296,0,1,#66c2a5,bicycle
195117,"9,21E+18",9,1,62,0,2021,5,8,4,3,0,7,0,1,0,0,0,0,0,"694237,89667","5332769,34054",11.609963182,48.118529867,1,1,#66c2a5,bicycle
195118,"9,21E+18",9,7,61,0,2021,5,14,4,3,8,1,0,1,0,0,0,0,0,"641623,43855","5353565,43773",10.910414436,48.319404743,0,1,#66c2a5,bicycle
195120,"9,21E+18",9,1,62,0,2021,5,18,4,3,5,3,0,1,1,0,0,0,0,"688566,172705","5334670,5364",11.534672272,48.137322991,1,1,#66c2a5,bicycle
195124,"9,21E+18",9,1,86,128,2021,5,10,1,3,2,1,0,1,0,0,0,0,0,"677020,099001","5382539,661",11.399749335,48.570925532,0,1,#66c2a5,bicycle
195127,"9,21E+18",9,1,62,0,2021,5,12,2,3,0,6,0,1,0,0,0,0,1,"694199,180986","5342574,56571",11.613920052,48.206666861,0,1,#66c2a5,bicycle
195131,"9,21E+18",9,1,62,0,2021,5,17,4,2,2,6,0,0,1,0,0,0,0,"687090,161833","5338003,44743",11.516317069,48.167715746,0,2,#fc8d62,car
195140,"9,21E+18",9,1,62,0,2021,5,12,3,3,3,6,0,1,1,0,0,0,0,"691489,821281","5336545,95478",11.574774067,48.153305965,0,1,#66c2a5,bicycle
195141,"9,21E+18",9,1,79,121,2021,5,18,4,3,1,6,0,0,1,0,0,0,1,"667064,519666","5341027,77091",11.248394374,48.200483417,1,2,#fc8d62,car
195142,"9,21E+18",9,1,78,145,2021,5,16,3,3,2,3,0,0,1,0,0,1,0,"696256,121241","5354271,76027",11.647001234,48.311159193,0,2,#fc8d62,car
195143,"9,21E+18",9,1,62,0,2021,5,14,6,3,0,1,0,0,0,0,1,0,0,"694198,158442","5334994,51642",11.6104438,48.138541067,1,4,#e78ac3,marker
195145,"9,21E+18",9,1,62,0,2021,5,13,6,3,2,6,0,0,1,0,0,0,0,"690894,73269","5340318,10818",11.568474437,48.187388498,0,2,#fc8d62,car
195146,"9,21E+18",9,1,84,147,2021,5,13,7,3,5,3,0,1,1,0,0,0,0,"696387,968282","5340658,62735",11.642462512,48.188774431,0,1,#66c2a5,bicycle
195147,"9,21E+18",9,7,61,0,2021,5,10,6,3,3,6,0,1,1,0,0,0,0,"643194,568","5360111,285",10.93382193,48.377907941,0,1,#66c2a5,bicycle
195148,"9,21E+18",9,1,84,148,2021,5,12,7,3,0,7,0,1,0,1,0,0,0,"695370,651391","5327119,2074",11.62258218,48.067402226,0,1,#66c2a5,bicycle
195149,"9,21E+18",9,7,61,0,2021,5,16,2,2,6,4,0,0,1,1,0,0,0,"640996,472836","5361125,79856",10.904494555,48.38752508,0,2,#fc8d62,car
195153,"9,21E+18",9,1,62,0,2021,5,15,4,3,5,3,0,0,1,1,0,0,0,"684823,653952","5331731,48206",11.483141096,48.112003233,1,2,#fc8d62,car
195154,"9,21E+18",9,7,61,0,2021,5,8,5,3,0,7,0,1,0,0,0,0,0,"639348,598497","5361052,09143",10.88222419,48.387228542,1,1,#66c2a5,bicycle
195161,"9,21E+18",9,1,62,0,2021,5,16,2,3,2,6,0,0,1,0,0,0,0,"689979,573504","5334736,04477",11.553680667,48.137491396,0,2,#fc8d62,car
195164,"9,21E+18",9,1,83,144,2021,5,7,5,3,0,1,0,1,0,0,0,0,0,"741625,18479","5351666,14739",12.256494515,48.272056697,0,1,#66c2a5,bicycle
195168,"9,21E+18",9,1,79,123,2021,5,20,7,3,0,1,1,0,0,0,1,0,0,"676444,472061","5332783,08589",11.371102683,48.123832943,0,4,#e78ac3,marker
195174,"9,21E+18",9,1,62,0,2021,5,13,3,3,5,2,0,1,1,0,0,0,0,"692326,951847","5337428,63153",11.586417243,48.160986662,0,1,#66c2a5,bicycle
195175,"9,21E+18",9,7,72,163,2021,5,16,3,2,5,3,0,1,1,0,0,0,0,"639341,180484","5348762,73018",10.878060324,48.276726511,0,1,#66c2a5,bicycle
195176,"9,21E+18",9,1,62,0,2021,5,18,2,3,4,2,0,1,0,0,1,0,0,"691244,902757","5334150,15639",11.570408346,48.131846474,0,1,#66c2a5,bicycle
195179,"9,21E+18",9,1,62,0,2021,5,15,6,3,5,3,0,0,1,0,0,0,0,"692653,601361","5333417,94019",11.588990834,48.124840642,1,2,#fc8d62,car
195180,"9,21E+18",9,1,62,0,2021,5,16,2,3,1,5,0,1,1,0,0,0,0,"687713,690342","5332473,31218",11.522257102,48.117825819,0,1,#66c2a5,bicycle
195181,"9,21E+18",9,1,86,143,2021,5,21,7,2,0,7,1,1,0,0,0,0,0,"678505,815859","5379545,84227",11.418587809,48.543594874,0,1,#66c2a5,bicycle
195186,"9,21E+18",9,1,62,0,2021,5,19,3,3,1,5,1,1,1,0,0,0,0,"691843,107516","5336113,92819",11.57932464,48.149316521,1,1,#66c2a5,bicycle
195187,"9,21E+18",9,1,62,0,2021,5,10,3,3,2,6,0,0,1,0,0,0,0,"688806,83068","5336629,73626",11.53877272,48.154861153,0,2,#fc8d62,car
195189,"9,21E+18",9,7,61,0,2021,5,13,3,3,0,7,0,0,0,0,0,0,1,"641349,89408","5359224,76391",10.90862629,48.370352649,0,6,#ffd92f,circle
195192,"9,21E+18",9,1,62,0,2021,5,14,5,3,4,7,0,1,1,0,0,0,0,"692802,851994","5337511,89942",11.592848108,48.161590923,0,1,#66c2a5,bicycle
195193,"9,21E+18",9,1,63,0,2021,5,7,7,3,9,1,0,0,1,0,0,0,1,"734793,001893","5304199,28824",12.138508324,47.848209022,1,2,#fc8d62,car
195198,"9,21E+18",9,1,84,145,2021,5,15,7,3,0,1,0,1,0,0,0,0,0,"693403,763664","5325573,49147",11.595508729,48.054108923,0,1,#66c2a5,bicycle
195199,"9,21E+18",9,1,62,0,2021,5,16,2,3,5,3,0,0,1,0,0,0,1,"686444,720551","5339443,56813",11.50827633,48.180849595,0,2,#fc8d62,car
195209,"9,21E+18",9,1,87,182,2021,5,11,2,3,6,3,0,1,0,1,0,0,0,"738719,465624","5328101,4525",12.204171202,48.061481832,1,1,#66c2a5,bicycle
195210,"9,21E+18",9,7,61,0,2021,5,20,2,3,5,3,0,0,1,0,0,0,0,"641043,304941","5352733,58688",10.902315098,48.312054653,1,2,#fc8d62,car
195211,"9,21E+18",9,1,62,0,2021,5,15,4,3,5,3,0,0,1,0,0,0,0,"689087,018609","5337257,37558",11.542815325,48.160419175,0,2,#fc8d62,car
195212,"9,21E+18",9,7,61,0,2021,5,14,4,3,2,6,0,0,1,0,0,0,0,"639173,346131","5359281,39967",10.879272005,48.371345629,1,2,#fc8d62,car
195213,"9,21E+18",9,7,61,0,2021,5,19,1,2,1,1,0,1,1,0,0,0,0,"640970,158083","5360616,24902",10.903968357,48.382949292,0,1,#66c2a5,bicycle
195217,"9,21E+18",9,1,74,115,2021,5,16,7,3,0,7,0,1,0,1,0,0,0,"681357,342697","5349294,29214",11.444114921,48.270866797,0,1,#66c2a5,bicycle
195219,"9,21E+18",9,7,61,0,2021,5,21,7,3,5,6,1,1,1,0,0,0,0,"642594,214017","5357865,32819",10.924957512,48.357849332,1,1,#66c2a5,bicycle
195220,"9,21E+18",9,1,88,144,2021,5,22,2,3,9,1,2,0,1,0,0,0,0,"667157,647117","5329117,25529",11.244969814,48.093383047,1,2,#fc8d62,car
195221,"9,21E+18",9,1,62,0,2021,5,16,3,3,5,3,0,0,1,0,1,0,0,"693045,375571","5335553,62182",11.595217884,48.143916917,0,2,#fc8d62,car
195222,"9,21E+18",9,1,63,0,2021,5,13,4,3,0,7,0,1,0,0,0,0,0,"733700,055793","5305512,39415",12.124630623,47.860404223,0,1,#66c2a5,bicycle
195224,"9,21E+18",9,1,62,0,2021,5,7,3,3,6,7,0,0,0,1,0,0,1,"689185,923469","5332405,91433",11.54198908,48.116784352,0,3,#8da0cb,toilet
195225,"9,21E+18",9,7,61,0,2021,5,9,2,2,4,3,0,1,1,0,0,0,0,"638237,106191","5355511,39631",10.865398581,48.337652087,1,1,#66c2a5,bicycle
195226,"9,21E+18",9,7,62,0,2021,5,7,2,3,6,4,0,0,1,1,0,0,0,"621715,491741","5303014,97927",10.627576692,47.868932157,0,2,#fc8d62,car
195228,"9,21E+18",9,1,78,145,2021,5,7,6,2,5,3,0,1,1,0,0,0,0,"696447,961599","5354388,54504",11.649640179,48.312149194,0,1,#66c2a5,bicycle
195229,"9,21E+18",9,1,62,0,2021,5,14,6,3,1,7,0,1,1,0,0,0,0,"687399,563855","5333782,40039",11.518616027,48.129684807,0,1,#66c2a5,bicycle
195230,"9,21E+18",9,1,62,0,2021,5,21,2,2,5,2,2,1,1,0,0,0,0,"692897,410594","5337811,0444",11.594254058,48.164250868,0,1,#66c2a5,bicycle
195232,"9,21E+18",9,1,84,148,2021,5,10,5,3,4,6,0,0,1,0,0,0,0,"693862,934506","5328582,83646",11.603028736,48.081016973,0,2,#fc8d62,car
195234,"9,21E+18",9,1,62,0,2021,5,22,7,3,0,7,2,1,0,0,0,0,0,"691429,594529","5333994,62852",11.57281821,48.130393084,0,1,#66c2a5,bicycle
195236,"9,21E+18",9,7,61,0,2021,5,11,1,3,3,6,0,0,1,0,0,0,0,"637486,132474","5359472,48753",10.856564384,48.373433688,0,2,#fc8d62,car
195237,"9,21E+18",9,1,62,0,2021,5,19,2,3,5,3,0,0,1,0,0,0,0,"685626,179199","5333854,19093",11.49483688,48.130849731,1,2,#fc8d62,car
195238,"9,21E+18",9,1,79,121,2021,5,17,6,3,6,6,0,0,1,1,0,0,0,"665485,423","5336702,67",11.225474742,48.162013865,0,2,#fc8d62,car
195239,"9,21E+18",9,1,62,0,2021,5,22,4,3,5,3,2,0,1,0,0,0,0,"692490,478335","5340965,51002",11.59021581,48.192725617,1,2,#fc8d62,car
195242,"9,21E+18",9,1,75,122,2021,5,9,5,3,7,7,0,1,0,1,0,0,0,"721562,370002","5324107,11599",11.972149397,48.031781113,0,1,#66c2a5,bicycle
195244,"9,21E+18",9,1,78,143,2021,5,7,6,3,2,6,0,0,1,0,0,0,0,"716420,616677","5373829,36356",11.928695492,48.480304251,0,2,#fc8d62,car
195245,"9,21E+18",9,1,78,143,2021,5,16,1,3,0,1,0,1,0,0,0,0,0,"717123,609468","5372371,1684",11.937438677,48.466960614,0,1,#66c2a5,bicycle