OBJECTID,UIDENTSTLA,ULAND,UREGBEZ,UKREIS,UGEMEINDE,UJAHR,UMONAT,USTUNDE,UWOCHENTAG,UKATEGORIE,UART,UTYP1,ULICHTVERH,IstRad,IstPKW,IstFuss,IstKrad,IstGkfz,IstSonstig,LINREFX,LINREFY,XGCSWGS84,YGCSWGS84,STRZUSTAN,Teilnehmer,color,symbol
195248,"9,21E+18",9,1,78,124,2021,5,14,1,3,3,6,0,1,0,0,0,0,0,"700316,173007","5360672,64911",11.704741873,48.36740889,0,1,#66c2a5,bicycle
195251,"9,21E+18",9,1,88,120,2021,5,19,6,3,5,3,0,1,1,0,0,0,0,"676469,926192","5326926,33489",11.369023148,48.071177642,0,1,#66c2a5,bicycle
195256,"9,21E+18",9,7,61,0,2021,5,9,4,3,0,2,0,0,0,0,1,0,0,"641039,584978","5357896,48367",10.90399328,48.358478655,1,4,#e78ac3,marker
195259,"9,21E+18",9,1,84,141,2021,5,11,1,3,0,1,0,1,0,0,0,0,0,"698558,489546","5316628,64267",11.660468116,47.972134776,0,1,#66c2a5,bicycle
195263,"9,21E+18",9,1,63,0,2021,5,15,2,3,5,3,0,1,1,0,0,0,0,"733513,299355","5305909,68295",12.122352013,47.864041367,0,1,#66c2a5,bicycle
195265,"9,21E+18",9,1,78,124,2021,5,14,4,3,4,6,0,1,1,0,0,0,0,"702428,717143","5363430,64305",11.734560716,48.391519295,0,1,#66c2a5,bicycle
195268,"9,21E+18",9,7,77,158,2021,5,15,6,3,5,3,0,0,1,0,0,0,0,"620782,750697","5308273,68588",10.616580974,47.91640387,1,2,#fc8d62,car
195271,"9,21E+18",9,1,62,0,2021,5,18,7,3,1,2,0,0,1,0,1,0,0,"684342,122141","5337551,35396",11.479196807,48.164454971,0,2,#fc8d62,car
195272,"9,21E+18",9,1,62,0,2021,5,18,3,3,1,7,0,1,1,0,0,0,0,"691978,476429","5336203,68472",11.581183237,48.150082395,0,1,#66c2a5,bicycle
195273,"9,21E+18",9,1,88,139,2021,5,15,4,3,6,2,0,1,0,1,0,0,0,"674775,623196","5318836,4213",11.342996585,47.998919181,0,1,#66c2a5,bicycle
195278,"9,21E+18",9,1,62,0,2021,5,17,5,3,3,2,0,1,1,0,0,0,0,"690781,903684","5339768,73517",11.56671121,48.182484707,0,1,#66c2a5,bicycle
195279,"9,21E+18",9,1,62,0,2021,5,23,6,3,5,3,2,1,1,0,0,0,0,"690632,416526","5335497,73299",11.562787966,48.144142181,1,1,#66c2a5,bicycle
195281,"9,21E+18",9,1,62,0,2021,5,16,5,3,3,2,0,1,1,1,0,0,0,"686217,60392","5334535,49931",11.503075645,48.136800835,0,1,#66c2a5,bicycle
195284,"9,21E+18",9,1,87,137,2021,5,17,1,3,3,6,0,1,1,0,0,0,0,"730509,137155","5309593,55459",12.084209064,47.89822326,0,1,#66c2a5,bicycle
195290,"9,21E+18",9,1,62,0,2021,5,13,1,3,5,3,0,1,1,0,0,0,0,"689531,075502","5332000,5637",11.546441809,48.113038385,0,1,#66c2a5,bicycle
195292,"9,21E+18",9,1,62,0,2021,5,22,4,3,3,7,2,0,1,0,0,0,0,"688955,862152","5332412,7751",11.538904059,48.116914323,1,2,#fc8d62,car
195295,"9,21E+18",9,1,62,0,2021,5,15,7,3,3,6,0,1,1,0,0,0,0,"691372,962603","5337574,51428",11.573667066,48.16258568,0,1,#66c2a5,bicycle
195299,"9,21E+18",9,1,75,124,2021,5,16,4,3,0,1,0,1,0,0,0,0,0,"714683,774718","5328710,57016",11.882308766,48.075495398,1,1,#66c2a5,bicycle
195301,"9,21E+18",9,1,62,0,2021,5,8,2,3,2,6,0,0,1,0,1,0,0,"694041,36206","5341812,38048",11.611449641,48.199864972,0,2,#fc8d62,car
195302,"9,21E+18",9,7,78,203,2021,5,12,5,3,2,6,0,1,1,0,0,0,0,"622115,799727","5323488,31957",10.638741868,48.052984731,0,1,#66c2a5,bicycle
195303,"9,21E+18",9,1,74,115,2021,5,18,7,3,0,1,0,1,0,0,0,0,0,"682628,718718","5348887,09784",11.461056779,48.266841443,0,1,#66c2a5,bicycle
195305,"9,21E+18",9,1,62,0,2021,5,16,2,2,0,1,0,1,0,0,0,0,0,"693101,268352","5335289,64003",11.595848773,48.141527361,0,1,#66c2a5,bicycle
195309,"9,21E+18",9,1,62,0,2021,6,15,4,2,2,6,0,0,1,0,0,0,0,"686619,104823","5336452,05313",11.509307196,48.153909824,0,2,#fc8d62,car
195313,"9,21E+18",9,1,62,0,2021,6,18,5,3,4,3,0,1,1,0,0,0,0,"691318,820001","5333400,102",11.571064056,48.125082834,0,1,#66c2a5,bicycle
195314,"9,21E+18",9,1,88,144,2021,6,15,4,3,8,1,0,1,0,0,0,0,0,"667746,523848","5327292,4563",11.252155607,48.076823206,0,1,#66c2a5,bicycle
195318,"9,21E+18",9,1,62,0,2021,6,23,6,3,6,7,2,0,1,0,0,0,1,"691739,354001","5335373,622",11.57759774,48.14269405,0,2,#fc8d62,car
195319,"9,21E+18",9,1,87,116,2021,6,13,7,3,0,1,0,0,0,0,1,0,0,"742017,081938","5329336,26175",12.249058423,48.071331585,0,4,#e78ac3,marker
195329,"9,21E+18",9,2,61,0,2021,6,18,4,3,5,3,0,0,1,0,0,0,0,"732887,843531","5379522,24343",12.154372897,48.525559911,1,2,#fc8d62,car
195334,"9,21E+18",9,1,62,0,2021,6,14,7,3,6,4,0,0,0,1,0,0,1,"691357,598845","5334538,50816",11.572095876,48.13530307,0,3,#8da0cb,toilet
195336,"9,21E+18",9,1,88,139,2021,6,14,5,3,0,1,0,1,0,0,0,0,0,"673132,037181","5319102,77656",11.321089375,48.001760808,0,1,#66c2a5,bicycle
195337,"9,21E+18",9,1,62,0,2021,6,8,4,3,5,3,0,1,1,0,0,0,0,"689085,375829","5337254,75581",11.542792092,48.160396117,0,1,#66c2a5,bicycle
195343,"9,21E+18",9,7,61,0,2021,5,18,2,3,0,1,0,1,0,0,0,0,0,"640497,416476","5354379,61863",10.895505081,48.326976882,0,1,#66c2a5,bicycle
195347,"9,21E+18",9,1,62,0,2021,6,10,2,2,1,6,0,1,1,0,0,0,0,"698818,492109","5335719,72974",11.67282038,48.143631922,1,1,#66c2a5,bicycle
195349,"9,21E+18",9,1,62,0,2021,6,12,3,3,5,2,0,1,1,0,0,0,0,"692550,645814","5335432,70025",11.588519322,48.142980024,0,1,#66c2a5,bicycle
195351,"9,21E+18",9,1,62,0,2021,5,14,7,3,5,3,0,1,1,0,0,0,0,"690355,209206","5335860,74945",11.559227464,48.147487964,0,1,#66c2a5,bicycle
195353,"9,21E+18",9,1,62,0,2021,6,12,6,3,6,7,0,1,0,1,0,0,0,"686203,859001","5335407,248",11.503272235,48.144640457,0,1,#66c2a5,bicycle
195354,"9,21E+18",9,7,71,146,2021,6,11,6,3,3,2,0,1,1,0,0,0,0,"647414,287358","5347724,40209",10.986442703,48.265562555,0,1,#66c2a5,bicycle
195355,"9,21E+18",9,1,84,118,2021,6,19,1,3,1,5,0,0,1,0,0,0,1,"703170,802264","5336683,11427",11.731722262,48.150914689,0,2,#fc8d62,car
195360,"9,21E+18",9,1,62,0,2021,6,17,4,3,2,6,0,1,1,0,0,0,0,"684470,37401","5331853,87951",11.478452259,48.113205832,0,1,#66c2a5,bicycle
195361,"9,21E+18",9,1,90,130,2021,5,13,7,2,0,7,0,1,0,1,0,0,0,"652980,418488","5295483,8155",11.042743119,47.794528687,0,1,#66c2a5,bicycle
195363,"9,21E+18",9,1,84,146,2021,5,17,1,3,0,5,0,0,1,0,1,0,0,"697796,654204","5328330,42542",11.655672355,48.07754034,0,2,#fc8d62,car
195364,"9,21E+18",9,1,90,141,2021,6,8,6,3,8,7,0,0,1,1,0,0,0,"676739,285431","5292519,25013",11.358529071,47.761795716,0,2,#fc8d62,car
195366,"9,21E+18",9,1,62,0,2021,6,19,6,3,0,7,0,0,0,1,0,0,1,"691903,844248","5340134,15156",11.581954588,48.185431102,0,3,#8da0cb,toilet
195367,"9,21E+18",9,7,61,0,2021,6,14,3,2,0,7,0,1,0,0,0,0,0,"639676,132173","5358895,85893",10.885929303,48.367767875,0,1,#66c2a5,bicycle
195373,"9,21E+18",9,1,88,113,2021,6,13,5,2,0,1,0,0,0,0,0,0,1,"675154,372496","5314100,09879",11.346138737,47.956237592,0,6,#ffd92f,circle
195375,"9,21E+18",9,1,75,127,2021,6,17,4,3,5,3,0,0,1,0,1,0,0,"712038,882001","5341682,885",11.853300883,48.192947264,0,2,#fc8d62,car
195376,"9,21E+18",9,1,84,130,2021,5,15,1,2,0,1,0,1,0,0,0,0,0,"699022,339057","5343803,05367",11.679343268,48.216213584,0,1,#66c2a5,bicycle
195382,"9,21E+18",9,1,79,145,2021,6,20,5,3,5,3,0,1,1,0,0,0,0,"674890,098628","5338256,58776",11.352481832,48.173465168,0,1,#66c2a5,bicycle
195383,"9,21E+18",9,7,61,0,2021,6,16,4,3,3,2,0,1,1,0,0,0,0,"639843,59561","5359061,18893",10.888244121,48.369217394,0,1,#66c2a5,bicycle
195386,"9,21E+18",9,1,87,163,2021,6,10,6,3,0,1,0,1,0,0,0,0,0,"739005,945053","5309619,82359",12.19773088,47.895351386,0,1,#66c2a5,bicycle
195387,"9,21E+18",9,2,61,0,2021,6,7,6,3,4,6,0,0,1,0,1,0,0,"732048,121691","5379334,25852",12.14291247,48.524182178,0,2,#fc8d62,car
195392,"9,21E+18",9,1,79,117,2021,6,2,7,3,9,1,2,0,1,0,0,0,0,"658946,619282","5347745,21781",11.141742764,48.26296111,0,2,#fc8d62,car
195397,"9,21E+18",9,1,62,0,2021,6,22,3,3,3,5,2,1,1,0,0,0,0,"692111,209897","5336708,65295",11.583193916,48.154580871,0,1,#66c2a5,bicycle
195399,"9,21E+18",9,1,62,0,2021,6,17,3,3,5,2,0,1,1,0,0,0,0,"683406,373528","5335669,13398",11.465812852,48.147807098,0,1,#66c2a5,bicycle
195400,"9,21E+18",9,1,77,119,2021,5,20,1,3,0,1,0,1,0,0,0,0,0,"721419,565002","5340833,97699",11.97891625,48.182119481,0,1,#66c2a5,bicycle
195403,"9,21E+18",9,1,62,0,2021,6,17,6,3,0,7,0,1,0,0,0,0,0,"689713,761094","5331979,68586",11.548884475,48.112796342,0,1,#66c2a5,bicycle
195409,"9,21E+18",9,1,87,134,2021,6,11,5,2,5,3,0,0,1,0,1,0,0,"737173,504002","5320052,00999",12.178999887,47.989748016,0,2,#fc8d62,car
195412,"9,21E+18",9,1,87,126,2021,6,21,4,3,7,7,1,1,0,0,0,0,0,"741503,011421","5326842,86502",12.240761002,48.049129021,0,1,#66c2a5,bicycle
195413,"9,21E+18",9,1,75,124,2021,5,19,2,3,0,1,0,1,0,0,0,0,0,"715116,906457","5328404,09112",11.887962036,48.072595549,0,1,#66c2a5,bicycle
195416,"9,21E+18",9,1,62,0,2021,5,11,2,3,1,6,0,0,1,0,0,0,0,"688669,667001","5336507,741",11.536876152,48.153805352,0,2,#fc8d62,car
195417,"9,21E+18",9,1,62,0,2021,6,14,7,3,5,2,0,1,1,0,1,0,0,"690985,672514","5333206,33316",11.56650485,48.123441278,0,1,#66c2a5,bicycle
195418,"9,21E+18",9,7,71,113,2021,6,22,7,3,0,7,2,1,0,0,0,0,0,"657068,368472","5369477,17452",11.124565056,48.458809654,0,1,#66c2a5,bicycle
195419,"9,21E+18",9,1,78,113,2021,6,9,5,3,5,3,0,1,1,0,0,0,0,"690891,354634","5367354,45272",11.580659554,48.430381593,0,1,#66c2a5,bicycle
195421,"9,21E+18",9,1,81,130,2021,5,14,7,2,0,1,0,1,0,0,0,0,0,"636231,278778","5320092,44519",10.826990608,48.019589994,0,1,#66c2a5,bicycle
195424,"9,21E+18",9,1,63,0,2021,6,11,4,3,5,2,0,1,1,0,0,0,0,"733982,449134","5305319,42239",12.128296082,47.858567811,0,1,#66c2a5,bicycle
195426,"9,21E+18",9,1,62,0,2021,5,18,7,3,0,7,0,1,0,0,0,0,0,"691123,17187","5334354,67103",11.568865683,48.133721201,0,1,#66c2a5,bicycle
195432,"9,21E+18",9,1,62,0,2021,6,13,1,3,5,2,0,0,1,0,0,0,0,"698565,880577","5335286,93898",11.669226418,48.139821239,0,2,#fc8d62,car
195434,"9,21E+18",9,7,61,0,2021,6,11,5,3,7,1,0,1,0,0,0,0,0,642038,"5357222,683",10.917236366,48.352196303,0,1,#66c2a5,bicycle
195435,"9,21E+18",9,1,62,0,2021,6,7,4,3,3,6,0,0,1,0,1,0,0,"693549,51917","5333127,08537",11.6008858,48.121954781,0,2,#fc8d62,car
195436,"9,21E+18",9,1,62,0,2021,6,17,4,2,0,1,0,0,0,0,1,0,0,"690876,676875","5334993,05537",11.565842081,48.139532937,0,4,#e78ac3,marker
195437,"9,21E+18",9,7,61,0,2021,5,16,6,3,4,2,0,1,1,0,0,0,1,"641035,517209","5358632,27864",10.904185061,48.36509557,0,1,#66c2a5,bicycle
195440,"9,21E+18",9,1,62,0,2021,6,11,5,3,5,3,0,1,1,0,0,0,0,"688308,115557","5333970,23472",11.530897481,48.131104964,0,1,#66c2a5,bicycle
195442,"9,21E+18",9,1,90,157,2021,5,9,1,3,0,7,0,0,1,0,1,0,0,"661428,7422","5300356,86",11.15728785,47.83628034,0,2,#fc8d62,car
195443,"9,21E+18",9,1,62,0,2021,5,16,2,3,1,5,0,1,1,0,0,0,0,"690934,867361","5336739,02144",11.567406558,48.155208073,0,1,#66c2a5,bicycle
195448,"9,21E+18",9,7,61,0,2021,6,15,2,2,4,1,0,1,0,0,0,0,0,"639289,097425","5355544,27922",10.879597319,48.337716729,0,1,#66c2a5,bicycle
195450,"9,21E+18",9,1,62,0,2021,6,13,3,2,0,1,0,1,0,0,0,0,0,"686264,176745","5331353,99231",11.502310898,48.10819055,0,1,#66c2a5,bicycle
195451,"9,21E+18",9,1,62,0,2021,6,10,5,3,0,1,0,1,0,0,0,0,0,"693275,905161","5336144,83088",11.598582115,48.149160533,0,1,#66c2a5,bicycle
195452,"9,21E+18",9,1,78,145,2021,6,14,4,3,4,1,0,0,1,0,1,0,0,"695213,148952","5358443,64282",11.634881823,48.348975281,0,2,#fc8d62,car
195453,"9,21E+18",9,1,62,0,2021,5,15,7,3,5,2,0,1,0,0,1,0,0,"689850,552541","5336691,90187",11.552820348,48.155109183,0,1,#66c2a5,bicycle
195457,"9,21E+18",9,1,63,0,2021,6,11,3,3,0,7,0,1,0,0,0,0,0,"733955,734198","5304244,60637",12.127358226,47.848921392,0,1,#66c2a5,bicycle
195459,"9,21E+18",9,1,79,121,2021,6,12,1,3,0,3,0,0,1,0,1,0,0,"665816,861837","5338388,03921",11.230585779,48.17707914,0,2,#fc8d62,car
195461,"9,21E+18",9,1,79,121,2021,6,19,5,3,5,3,0,0,1,0,0,0,0,"665922,709271","5338044,32274",11.23187435,48.173961472,0,2,#fc8d62,car
195466,"9,21E+18",9,7,71,113,2021,6,10,6,3,4,2,0,1,1,0,0,0,0,"657736,892094","5369477,96417",11.133601539,48.458649514,0,1,#66c2a5,bicycle
195472,"9,21E+18",9,1,62,0,2021,6,16,4,3,5,2,0,1,1,0,0,0,0,"691639,182001","5334125,095",11.575690798,48.131502634,0,1,#66c2a5,bicycle
195475,"9,21E+18",9,1,62,0,2021,6,16,5,3,0,7,0,1,0,1,0,0,0,"691649,285531","5333687,30066",11.575629555,48.127564748,0,1,#66c2a5,bicycle
195477,"9,21E+18",9,7,61,0,2021,6,18,5,3,0,1,0,0,0,0,0,0,1,"639918,69338","5359357,47803",10.889356146,48.371864895,0,6,#ffd92f,circle
195478,"9,21E+18",9,1,78,124,2021,5,4,1,3,0,1,2,1,0,0,0,0,0,"703039,765006","5365447,03003",11.743780418,48.409442624,0,1,#66c2a5,bicycle
195480,"9,21E+18",9,1,75,113,2021,6,8,7,3,5,3,0,0,1,0,0,0,0,"716692,869838","5315243,80765",11.902442013,47.953809287,0,2,#fc8d62,car
195488,"9,21E+18",9,1,87,117,2021,6,13,5,3,5,3,0,0,1,0,0,0,0,"724411,509656","5306627,19423",12.001198835,47.873731753,0,2,#fc8d62,car
195491,"9,21E+18",9,1,62,0,2021,6,15,3,3,0,7,0,0,0,0,1,0,1,"688537,904552","5335659,97668",11.534730748,48.146224606,1,4,#e78ac3,marker
195494,"9,21E+18",9,1,62,0,2021,6,20,6,3,1,6,0,1,0,0,0,0,0,"682813,755617","5337170,42677",11.458497967,48.161472289,0,1,#66c2a5,bicycle
195495,"9,21E+18",9,1,63,0,2021,6,1,3,3,9,1,2,1,0,0,0,0,0,"732000,364038","5305084,85529",12.101710527,47.857178998,0,1,#66c2a5,bicycle
195496,"9,21E+18",9,1,62,0,2021,6,12,7,3,0,6,0,1,0,0,0,0,1,"698316,710525","5331734,141",11.664227812,48.107969067,0,1,#66c2a5,bicycle
195498,"9,21E+18",9,1,79,145,2021,6,16,3,3,0,1,0,1,0,0,0,0,0,"675993,331207","5338048,98478",11.367222588,48.171294426,0,1,#66c2a5,bicycle
195504,"9,21E+18",9,1,62,0,2021,6,0,6,3,0,7,2,1,0,0,0,0,0,"686420,046914","5337548,03195",11.507113528,48.163819206,0,1,#66c2a5,bicycle
195507,"9,21E+18",9,1,75,115,2021,6,15,3,3,5,3,0,0,1,0,0,0,0,"720732,049993","5329007,71801",11.963554321,48.076100798,0,2,#fc8d62,car
195508,"9,21E+18",9,1,62,0,2021,6,21,7,3,6,4,2,0,0,1,0,0,1,"692115,436076","5336682,34744",11.583238807,48.154343166,1,3,#8da0cb,toilet
195510,"9,21E+18",9,2,61,0,2021,6,7,5,3,0,5,0,1,1,0,0,0,0,"731218,704535","5382643,69956",12.133532284,48.554216455,0,1,#66c2a5,bicycle
195511,"9,21E+18",9,1,62,0,2021,6,14,4,3,4,6,0,1,1,0,0,0,0,"688414,091525","5331607,51721",11.531276204,48.109837016,0,1,#66c2a5,bicycle
195512,"9,21E+18",9,1,84,138,2021,5,20,6,3,5,3,1,1,0,0,0,0,0,"680856,614001","5331206,297",11.429670726,48.108421249,0,1,#66c2a5,bicycle
195516,"9,21E+18",9,1,62,0,2021,5,20,2,3,0,1,1,0,1,0,1,0,0,"690700,492725","5340461,45713",11.56592803,48.188735238,1,2,#fc8d62,car
195517,"9,21E+18",9,7,61,0,2021,6,22,7,2,5,2,2,0,1,0,0,0,0,"641339,840679","5358168,97079",10.908135843,48.360861614,0,2,#fc8d62,car
195520,"9,21E+18",9,7,73,182,2021,6,11,4,2,0,7,0,0,0,0,1,0,0,"629808,266393","5380699,00754",10.759525808,48.565933263,0,4,#e78ac3,marker
195526,"9,21E+18",9,1,62,0,2021,6,5,5,2,5,3,1,0,1,0,0,0,1,"690715,303061","5340294,89454",11.566052316,48.187233751,0,2,#fc8d62,car
195530,"9,21E+18",9,1,87,156,2021,6,16,7,3,4,1,0,0,1,0,1,0,0,"736711,265432","5292688,72683",12.157831622,47.744097019,0,2,#fc8d62,car
195533,"9,21E+18",9,1,79,111,2021,6,10,2,2,5,2,0,0,1,0,0,0,0,"657391,046256","5338379,60369",11.117320162,48.179146262,0,2,#fc8d62,car
195536,"9,21E+18",9,1,77,127,2021,6,15,5,2,0,1,0,1,0,0,0,0,0,"725803,864489","5346574,38437",12.040870392,48.232149594,0,1,#66c2a5,bicycle
195538,"9,21E+18",9,1,62,0,2021,6,16,3,3,5,2,0,1,1,0,0,0,0,"690655,212822","5338421,53767",11.564404234,48.17041428,0,1,#66c2a5,bicycle
195542,"9,21E+18",9,1,81,127,2021,6,16,3,3,0,3,0,0,1,0,1,0,0,"635212,510061","5327051,34119",10.815534069,48.082384915,0,2,#fc8d62,car
195543,"9,21E+18",9,1,62,0,2021,6,18,7,3,1,7,0,0,1,0,0,1,0,"692231,869373","5333345,09485",11.583296483,48.1243134,0,2,#fc8d62,car
195544,"9,21E+18",9,7,61,0,2021,6,21,7,3,6,7,0,0,1,1,0,0,0,"636973,589216","5359458,92355",10.849642519,48.373423182,0,2,#fc8d62,car
195547,"9,21E+18",9,1,62,0,2021,6,11,4,3,5,3,0,0,1,0,0,0,0,"688151,259171","5341063,32007",11.531929026,48.194905044,0,2,#fc8d62,car
195548,"9,21E+18",9,7,61,0,2021,5,18,6,3,0,7,1,0,0,0,0,0,1,"638892,705906","5358466,91965",10.875215622,48.364083827,0,6,#ffd92f,circle
195554,"9,21E+18",9,7,61,0,2021,5,15,2,3,1,6,0,0,1,0,0,0,0,"643638,684403","5357589,18289",10.938954771,48.355129637,0,2,#fc8d62,car
195563,"9,21E+18",9,7,61,0,2021,6,21,4,3,4,6,1,0,1,0,0,1,0,"639236,103962","5360482,66604",10.880516851,48.382133266,1,2,#fc8d62,car
195564,"9,21E+18",9,1,62,0,2021,6,2,4,2,0,7,2,0,0,0,0,0,1,"686711,850888","5339496,80575",11.511889896,48.181249667,0,6,#ffd92f,circle
195565,"9,21E+18",9,1,62,0,2021,5,17,6,3,0,7,0,1,0,1,0,0,0,"689986,214825","5337237,39016",11.55488622,48.159971511,0,1,#66c2a5,bicycle
195567,"9,21E+18",9,1,62,0,2021,6,17,5,3,1,6,0,0,1,0,0,0,0,"687201,467562","5333706,44354",11.515922944,48.129060375,0,2,#fc8d62,car
195569,"9,21E+18",9,1,84,148,2021,5,8,2,3,5,3,0,1,0,0,0,0,1,"694603,231788","5326145,42531",11.61184865,48.058884708,0,1,#66c2a5,bicycle
195571,"9,21E+18",9,1,87,129,2021,6,19,7,3,8,7,0,1,0,0,0,0,0,"725868,97119","5295883,92974",12.015062182,47.776693008,0,1,#66c2a5,bicycle
195574,"9,21E+18",9,1,62,0,2021,6,11,2,3,0,1,0,1,0,0,0,0,0,"692962,120575","5335331,13173",11.593999008,48.141942492,0,1,#66c2a5,bicycle
195576,"9,21E+18",9,1,62,0,2021,6,18,3,3,4,2,0,1,1,0,0,0,0,"691271,352018","5342917,72068",11.574707798,48.210639967,0,1,#66c2a5,bicycle
195578,"9,21E+18",9,1,62,0,2021,5,23,7,3,1,5,2,1,1,0,0,0,0,"692305,527011","5337874,7615",11.586331123,48.165002849,0,1,#66c2a5,bicycle
195581,"9,21E+18",9,1,62,0,2021,6,13,6,3,1,5,0,1,0,0,0,0,1,"689827,978647","5328937,879",11.549064667,48.085422209,0,1,#66c2a5,bicycle
195584,"9,21E+18",9,1,88,139,2021,6,14,2,3,0,3,0,1,1,0,0,0,0,"669447,872","5318831,527",11.271631254,48.000309313,0,1,#66c2a5,bicycle
195585,"9,21E+18",9,1,75,132,2021,6,11,1,2,5,3,0,1,0,0,0,0,0,"708179,888403","5331147,46094",11.796285837,48.099550295,0,1,#66c2a5,bicycle
195586,"9,21E+18",9,1,73,147,2021,6,16,5,3,5,3,0,1,1,0,0,0,0,"681897,468331","5308715,04767",11.434103531,47.905950684,0,1,#66c2a5,bicycle
195587,"9,21E+18",9,1,77,144,2021,6,11,5,3,0,1,0,1,0,0,0,0,0,"715424,716279","5347614,09968",11.901815091,48.245101747,0,1,#66c2a5,bicycle
195589,"9,21E+18",9,1,62,0,2021,6,17,3,3,5,3,0,1,1,0,0,0,0,"692636,634901","5330462,17169",11.587428197,48.098279854,0,1,#66c2a5,bicycle
195593,"9,21E+18",9,1,78,124,2021,6,18,3,2,0,1,0,0,0,0,1,0,0,"705011,687921","5363946,70247",11.769663178,48.395322414,0,4,#e78ac3,marker
195594,"9,21E+18",9,1,62,0,2021,6,0,7,3,6,7,2,0,1,1,0,0,0,"691628,951407","5336315,12328",11.576538919,48.151189384,0,2,#fc8d62,car
195596,"9,21E+18",9,7,61,0,2021,6,11,5,3,4,2,0,1,1,0,0,0,0,"638308,816865","5358299,95963",10.867281899,48.362710751,0,1,#66c2a5,bicycle
195597,"9,21E+18",9,1,88,137,2021,6,11,5,2,1,7,0,0,1,0,0,1,0,"671687,332625","5314687,64272",11.299972482,47.96245856,0,2,#fc8d62,car
195598,"9,21E+18",9,7,61,0,2021,6,17,4,3,5,3,0,0,1,0,0,0,1,"638625,228565","5358106,66733",10.871487657,48.360903301,0,2,#fc8d62,car
195601,"9,21E+18",9,1,62,0,2021,6,23,5,3,3,6,2,1,0,0,0,0,0,"680272,630305","5339107,51723",11.425177973,48.179610089,0,1,#66c2a5,bicycle
195603,"9,21E+18",9,1,62,0,2021,6,15,5,3,0,7,0,0,1,0,1,0,0,"688549,969144","5335665,07191",11.534895038,48.146266827,0,2,#fc8d62,car
195605,"9,21E+18",9,1,62,0,2021,5,12,2,3,0,6,0,1,1,0,0,0,0,"694485,472436","5334202,26598",11.613940071,48.13133289,0,1,#66c2a5,bicycle
195610,"9,21E+18",9,7,61,0,2021,6,20,2,2,2,6,1,0,1,0,0,0,0,"639714,959624","5358948,03746",10.886470596,48.368228456,1,2,#fc8d62,car
195612,"9,21E+18",9,1,62,0,2021,6,17,3,3,5,2,0,1,1,0,0,0,0,"688097,089007","5337315,87614",11.529542255,48.161238603,0,1,#66c2a5,bicycle
195613,"9,21E+18",9,7,61,0,2021,6,14,5,3,5,2,0,0,1,0,0,0,0,"641410,917222","5359235,12008",10.909453283,48.370432098,0,2,#fc8d62,car
195614,"9,21E+18",9,1,62,0,2021,6,16,3,3,5,3,0,0,1,0,0,0,1,"694125,727093","5335120,2441",11.609528519,48.139693161,0,2,#fc8d62,car
195615,"9,21E+18",9,1,62,0,2021,5,13,7,3,0,1,0,1,0,0,0,0,0,"693523,230733","5331044,44055",11.599587982,48.103244511,0,1,#66c2a5,bicycle
195617,"9,21E+18",9,1,79,123,2021,6,9,7,2,5,3,0,0,1,0,1,0,0,"675373,772891","5331803,93377",11.356324262,48.11532682,0,2,#fc8d62,car
195618,"9,21E+18",9,7,61,0,2021,6,23,6,3,0,7,2,1,0,0,0,0,0,"640764,870954","5358013,36244",10.900325944,48.359590896,0,1,#66c2a5,bicycle
195624,"9,21E+18",9,1,88,145,2021,6,16,4,3,6,4,0,0,1,1,0,0,0,"663972,673803","5326226,53259",11.201118386,48.068221721,0,2,#fc8d62,car
195626,"9,21E+18",9,1,62,0,2021,6,19,3,3,6,3,0,0,1,1,0,0,0,"684011,002452","5339726,14375",11.475689359,48.184099012,0,2,#fc8d62,car
195627,"9,21E+18",9,1,62,0,2021,5,14,7,3,0,7,0,1,0,0,0,0,0,"683453,116804","5336307,29061",11.466715744,48.153529756,0,1,#66c2a5,bicycle
195630,"9,21E+18",9,1,62,0,2021,6,16,6,3,0,7,0,1,1,0,0,0,0,"691983,379615","5334523,72519",11.58049169,48.134981733,0,1,#66c2a5,bicycle
195635,"9,21E+18",9,1,73,126,2021,6,16,2,3,5,3,0,0,1,0,0,0,0,"687044,89764","5302759,80022",11.500339525,47.850940035,0,2,#fc8d62,car
195636,"9,21E+18",9,1,82,116,2021,6,12,5,2,0,1,0,1,0,0,0,0,0,"704665,604001","5293122,779",11.731073482,47.758961018,0,1,#66c2a5,bicycle
195637,"9,21E+18",9,1,75,128,2021,6,11,5,3,0,1,0,1,0,0,0,0,0,"712765,086544","5322686,14885",11.8535875,48.022003357,0,1,#66c2a5,bicycle
195639,"9,21E+18",9,1,73,126,2021,6,13,4,3,5,2,0,1,1,0,0,0,0,"685070,268001","5303783,699",11.474407195,47.860715491,0,1,#66c2a5,bicycle
195640,"9,21E+18",9,1,78,124,2021,5,9,2,3,5,3,0,0,1,0,0,0,0,"702611,329252","5364667,25347",11.737621246,48.402573197,0,2,#fc8d62,car
195644,"9,21E+18",9,1,62,0,2021,6,18,1,3,0,1,0,1,0,0,0,0,0,"691944,984001","5333122,363",11.579344953,48.122398074,0,1,#66c2a5,bicycle