OBJECTID,UIDENTSTLA,ULAND,UREGBEZ,UKREIS,UGEMEINDE,UJAHR,UMONAT,USTUNDE,UWOCHENTAG,UKATEGORIE,UART,UTYP1,ULICHTVERH,IstRad,IstPKW,IstFuss,IstKrad,IstGkfz,IstSonstig,LINREFX,LINREFY,XGCSWGS84,YGCSWGS84,STRZUSTAN,Teilnehmer,color,symbol
195646,"9,21E+18",9,7,61,0,2021,6,2,5,3,9,7,2,0,1,0,0,0,0,"639263,600153","5355453,62797",10.879223478,48.33690723,0,2,#fc8d62,car
195648,"9,21E+18",9,1,62,0,2021,6,13,4,3,3,1,0,0,1,0,1,0,0,"691259,850236","5339689,90812",11.573099129,48.18163253,0,2,#fc8d62,car
195651,"9,21E+18",9,1,62,0,2021,6,21,5,2,5,2,1,0,1,0,0,0,0,"686247,158164","5331779,43103",11.502268244,48.11201955,0,2,#fc8d62,car
195652,"9,21E+18",9,1,78,145,2021,6,17,6,3,9,5,0,0,1,0,0,0,0,"697289,379458","5355994,40449",11.66172751,48.32631911,0,2,#fc8d62,car
195653,"9,21E+18",9,1,73,118,2021,6,13,6,3,1,7,0,1,0,0,1,0,0,"690780,934112","5299562,73475",11.548822029,47.821105061,0,1,#66c2a5,bicycle
195654,"9,21E+18",9,1,87,114,2021,5,15,1,3,0,1,0,1,0,0,0,0,0,"748350,426579","5294383,27777",12.313808469,47.754943955,0,1,#66c2a5,bicycle
195655,"9,21E+18",9,1,62,0,2021,5,15,2,3,5,2,0,0,1,0,1,0,0,"692982,961625","5340991,07568",11.596847391,48.192805945,0,2,#fc8d62,car
195660,"9,21E+18",9,1,62,0,2021,6,20,2,3,0,5,0,1,1,0,0,0,0,"692218,502315","5337093,2558",11.584808824,48.158005176,0,1,#66c2a5,bicycle
195662,"9,21E+18",9,1,62,0,2021,6,7,3,3,6,4,0,0,1,1,0,0,0,"693266,451066","5334267,54959",11.597603208,48.132290953,0,2,#fc8d62,car
195663,"9,21E+18",9,1,62,0,2021,6,16,5,3,5,3,0,1,1,0,0,0,0,"687756,392696","5331239,84444",11.522287335,48.106726475,0,1,#66c2a5,bicycle
195664,"9,21E+18",9,1,84,123,2021,6,15,3,3,1,6,0,0,1,0,1,0,0,"703702,171233","5332633,77766",11.736922362,48.114354592,0,2,#fc8d62,car
195665,"9,21E+18",9,1,84,118,2021,5,10,7,3,0,7,0,0,1,0,0,0,0,"703713,160045","5336236,8201",11.738792305,48.146730531,0,2,#fc8d62,car
195668,"9,21E+18",9,1,62,0,2021,6,19,6,2,0,3,0,1,1,0,0,0,0,"692375,117756","5330533,1207",11.583951272,48.098996538,0,1,#66c2a5,bicycle
195672,"9,21E+18",9,1,75,128,2021,6,13,1,2,0,1,0,1,0,0,0,0,0,"716869,419715","5325925,13965",11.910201522,48.049727572,0,1,#66c2a5,bicycle
195676,"9,21E+18",9,1,62,0,2021,5,14,6,3,3,2,0,1,1,0,0,0,0,"696364,78015","5335941,00368",11.639972451,48.146382644,0,1,#66c2a5,bicycle
195677,"9,21E+18",9,1,62,0,2021,6,14,3,2,6,4,0,0,1,1,0,0,0,"689416,336952","5332540,38762",11.54514159,48.117924521,0,2,#fc8d62,car
195683,"9,21E+18",9,1,62,0,2021,6,8,4,3,0,7,0,1,1,0,0,0,0,"681716,922953","5335011,98887",11.44284002,48.142385041,0,1,#66c2a5,bicycle
195685,"9,21E+18",9,1,82,137,2021,5,13,6,3,1,6,0,1,1,0,0,0,0,"709256,836638","5304232,81137",11.797625672,47.857330849,0,1,#66c2a5,bicycle
195687,"9,21E+18",9,1,62,0,2021,6,12,5,3,3,6,0,1,0,0,0,0,0,"681608,372647","5338900,82655",11.44304228,48.177371836,0,1,#66c2a5,bicycle
195692,"9,21E+18",9,7,61,0,2021,6,16,6,3,0,7,0,1,0,0,0,0,0,"640308,598045","5359896,23724",10.894797937,48.376622676,0,1,#66c2a5,bicycle
195694,"9,21E+18",9,1,62,0,2021,5,17,2,3,5,3,0,1,1,0,0,0,0,"691588,858001","5336739,768",11.576191576,48.155018101,0,1,#66c2a5,bicycle
195695,"9,21E+18",9,1,62,0,2021,6,18,7,2,0,1,0,1,0,0,0,0,0,"689489,839928","5329830,55691",11.54492478,48.093546338,1,1,#66c2a5,bicycle
195697,"9,21E+18",9,1,62,0,2021,6,7,4,3,4,2,0,1,1,0,0,0,0,"695312,043201","5332801,74003",11.624395609,48.118492511,0,1,#66c2a5,bicycle
195699,"9,21E+18",9,1,62,0,2021,5,16,6,3,5,1,0,1,0,0,0,0,0,"686390,111742","5329315,46684",11.503110874,48.089830564,0,1,#66c2a5,bicycle
195701,"9,21E+18",9,1,62,0,2021,6,11,5,3,5,3,0,1,1,0,0,0,0,"686894,185681","5338623,75223",11.51395654,48.173348848,0,1,#66c2a5,bicycle
195702,"9,21E+18",9,1,85,166,2021,6,16,4,3,0,1,0,1,0,0,0,0,0,"674526,422297","5382951,67989",11.366147293,48.575328348,0,1,#66c2a5,bicycle
195703,"9,21E+18",9,1,63,0,2021,6,16,6,3,1,2,0,1,1,0,0,0,0,"733280,713328","5304792,61035",12.118644309,47.854089999,0,1,#66c2a5,bicycle
195709,"9,21E+18",9,1,82,133,2021,5,12,6,3,4,6,0,1,1,0,0,0,0,"707780,34854","5308365,6225",11.779897574,47.894950624,0,1,#66c2a5,bicycle
195715,"9,21E+18",9,1,77,116,2021,6,15,5,3,8,1,0,1,0,0,0,0,0,"709094,537765","5363103,53833",11.824332913,48.386405702,0,1,#66c2a5,bicycle
195719,"9,21E+18",9,1,79,142,2021,6,19,7,3,8,1,0,0,0,0,1,0,0,"673580,741061","5344319,52236",11.337364099,48.228326187,0,4,#e78ac3,marker
195720,"9,21E+18",9,1,74,115,2021,6,15,7,3,9,1,0,1,0,0,0,0,0,"680698,316257","5346042,85771",11.433853337,48.24182914,1,1,#66c2a5,bicycle
195722,"9,21E+18",9,1,63,0,2021,6,20,1,3,0,1,1,1,0,0,0,0,0,"732469,16845","5304612,30602",12.107714709,47.852764139,1,1,#66c2a5,bicycle
195723,"9,21E+18",9,1,62,0,2021,6,13,7,2,0,7,0,1,0,0,0,0,0,"685414,36264","5339115,18323",11.494285121,48.17819946,0,1,#66c2a5,bicycle
195726,"9,21E+18",9,1,62,0,2021,5,15,6,3,5,3,0,0,1,0,0,0,0,"686203,59022","5335068,87836",11.503120658,48.141599146,0,2,#fc8d62,car
195730,"9,21E+18",9,1,62,0,2021,5,15,2,3,8,7,0,0,1,0,0,0,0,"700627,227211","5335420,74921",11.696967474,48.140377212,0,2,#fc8d62,car
195732,"9,21E+18",9,1,81,128,2021,6,14,7,3,8,6,0,0,1,0,1,0,0,"639389,697062","5327124,2038",10.871615481,48.082140456,1,2,#fc8d62,car
195739,"9,21E+18",9,1,62,0,2021,5,22,7,2,0,1,2,1,0,0,0,0,0,"691735,965676","5332744,56529",11.576369217,48.119065449,0,1,#66c2a5,bicycle
195740,"9,21E+18",9,1,79,142,2021,5,16,2,2,0,1,0,1,0,0,0,0,0,"673702,952643","5342209,78401",11.338144095,48.209327576,0,1,#66c2a5,bicycle
195742,"9,21E+18",9,7,61,0,2021,6,14,6,3,0,7,0,0,0,0,0,0,1,"640269,941064","5358839,58727",10.893923692,48.367130212,0,6,#ffd92f,circle
195744,"9,21E+18",9,1,90,157,2021,6,18,2,3,0,7,0,1,0,0,0,0,0,"661602,910606","5300966,79656",11.159841382,47.841720556,0,1,#66c2a5,bicycle
195747,"9,21E+18",9,1,62,0,2021,6,23,7,2,0,7,2,1,0,0,0,0,0,"692155,737015","5336819,30964",11.58384198,48.155561977,0,1,#66c2a5,bicycle
195749,"9,21E+18",9,1,86,143,2021,6,10,5,2,2,6,0,1,0,0,0,0,0,"686591,221001","5380708,248",11.528549558,48.551689567,0,1,#66c2a5,bicycle
195751,"9,21E+18",9,1,74,115,2021,6,11,4,3,2,3,0,1,1,0,0,0,0,"681190,768452","5347117,93686",11.440940075,48.251352085,0,1,#66c2a5,bicycle
195754,"9,21E+18",9,1,62,0,2021,6,13,5,3,4,2,0,0,1,0,1,0,0,"689593,555271","5340286,7527",11.550971267,48.187496354,0,2,#fc8d62,car
195757,"9,21E+18",9,1,62,0,2021,6,11,6,3,5,3,0,1,1,0,0,0,0,"693743,132427","5342208,12124",11.607620955,48.203512774,0,1,#66c2a5,bicycle
195760,"9,21E+18",9,1,62,0,2021,6,17,2,3,2,6,0,0,1,0,0,0,1,"695869,761001","5338462,556",11.634485401,48.169197501,0,2,#fc8d62,car
195763,"9,21E+18",9,1,62,0,2021,6,1,7,3,1,7,2,0,1,0,0,0,0,"691698,847741","5332883,33965",11.575933379,48.120323914,0,2,#fc8d62,car
195767,"9,21E+18",9,1,79,123,2021,6,14,4,3,3,6,0,1,0,0,0,1,0,"675908,238108","5333709,3632",11.364285374,48.132307937,0,1,#66c2a5,bicycle
195770,"9,21E+18",9,1,62,0,2021,6,18,6,2,4,6,0,1,0,0,0,0,0,"691262,905128","5339051,03415",11.572852665,48.175889524,0,1,#66c2a5,bicycle
195772,"9,21E+18",9,1,62,0,2021,6,19,7,3,0,1,0,1,0,0,0,0,0,"691800,114645","5337303,91346",11.579283553,48.160024858,0,1,#66c2a5,bicycle
195773,"9,21E+18",9,7,71,130,2021,6,14,7,3,2,6,0,0,1,0,0,0,0,"645647,179306","5357456,58738",10.966004744,48.353477365,0,2,#fc8d62,car
195775,"9,21E+18",9,7,72,185,2021,6,17,4,3,5,3,0,0,1,0,1,0,0,"635092,702696","5383120,41726",10.831904644,48.586589185,0,2,#fc8d62,car
195776,"9,21E+18",9,1,62,0,2021,5,14,6,3,0,7,0,1,0,0,0,0,0,"694076,049143","5334806,38315",11.608718432,48.136887447,0,1,#66c2a5,bicycle
195778,"9,21E+18",9,1,87,117,2021,6,12,6,3,6,4,0,0,1,1,0,0,0,"724911,808966","5305671,35875",12.007382789,47.864968598,0,2,#fc8d62,car
195788,"9,21E+18",9,1,62,0,2021,6,18,3,3,1,5,0,1,0,0,0,0,0,"690030,466716","5343900,58228",11.558461912,48.219846518,0,1,#66c2a5,bicycle
195790,"9,21E+18",9,1,78,155,2021,5,15,1,2,0,1,0,1,0,0,0,0,0,"711177,803492","5375060,10725",11.858462475,48.493145319,0,1,#66c2a5,bicycle
195792,"9,21E+18",9,1,62,0,2021,6,9,6,3,0,1,0,1,0,0,0,0,0,"685458,547182","5339111,71593",11.494877415,48.178155401,0,1,#66c2a5,bicycle
195795,"9,21E+18",9,1,63,0,2021,6,17,2,3,2,6,0,0,1,0,1,0,0,"733510,970513","5305935,20383",12.122334704,47.864271493,0,2,#fc8d62,car
195798,"9,21E+18",9,1,62,0,2021,6,17,7,3,3,6,0,1,0,0,0,0,0,"691850,406201","5333559,09609",11.578271925,48.126351881,0,1,#66c2a5,bicycle
195800,"9,21E+18",9,1,75,124,2021,6,17,5,3,0,1,0,0,0,0,1,0,0,"714706,403001","5328782,886",11.882648499,48.076137587,0,4,#e78ac3,marker
195807,"9,21E+18",9,1,62,0,2021,6,21,1,3,1,7,2,0,1,0,0,0,0,"686590,405844","5336401,24126",11.50889941,48.153461531,1,2,#fc8d62,car
195809,"9,21E+18",9,7,61,0,2021,6,9,5,3,0,1,0,1,0,0,0,0,0,"640442,382559","5351934,45275",10.893948801,48.305002751,0,1,#66c2a5,bicycle
195810,"9,21E+18",9,1,62,0,2021,6,17,4,3,2,6,0,0,1,0,0,0,0,"686254,682916","5331876,85153",11.502411783,48.112893005,0,2,#fc8d62,car
195812,"9,21E+18",9,7,77,121,2021,5,8,6,3,8,1,0,0,1,0,0,0,0,"630049,683","5323499,203",10.74516488,48.051515058,0,2,#fc8d62,car
195814,"9,21E+18",9,1,62,0,2021,6,21,5,3,5,3,2,1,1,0,0,0,0,"691441,149001","5340002,116",11.575676331,48.184383992,0,1,#66c2a5,bicycle
195816,"9,21E+18",9,1,79,121,2021,6,23,6,3,0,1,2,1,0,0,0,0,0,"667945,8161","5337973,96826",11.259038132,48.172797567,0,1,#66c2a5,bicycle
195819,"9,21E+18",9,1,62,0,2021,6,10,1,3,0,1,0,1,0,0,0,0,0,"692377,500529","5335249,03509",11.586111163,48.141381657,1,1,#66c2a5,bicycle
195822,"9,21E+18",9,1,62,0,2021,6,12,4,3,3,2,0,1,1,0,0,0,0,"687464,777846","5336048,49779",11.520489095,48.150033865,0,1,#66c2a5,bicycle
195824,"9,21E+18",9,1,62,0,2021,5,17,6,3,5,2,0,0,1,0,0,0,1,"685422,530001","5334893,691",11.492554975,48.140252587,0,2,#fc8d62,car
195826,"9,21E+18",9,1,84,147,2021,6,17,5,3,3,7,0,0,1,0,0,0,0,"695733,366527","5339544,49626",11.633151046,48.178963347,0,2,#fc8d62,car
195829,"9,21E+18",9,1,73,126,2021,5,15,1,2,0,7,0,1,0,0,0,0,0,"685323,272729","5305064,58801",11.478335778,47.872156442,0,1,#66c2a5,bicycle
195830,"9,21E+18",9,1,62,0,2021,5,16,2,3,6,4,0,1,0,1,0,0,0,"689252,821724","5336131,89657",11.544542188,48.150253976,0,1,#66c2a5,bicycle
195831,"9,21E+18",9,7,61,0,2021,6,1,7,3,0,1,2,0,0,0,0,0,1,"641075,589529","5357901,38257",10.904480694,48.35851466,0,6,#ffd92f,circle
195837,"9,21E+18",9,1,74,115,2021,6,10,4,3,0,7,0,1,1,0,0,0,0,"679110,071966","5347663,19061",11.413166361,48.256844668,0,1,#66c2a5,bicycle
195839,"9,21E+18",9,1,62,0,2021,6,16,3,3,0,1,0,1,0,0,0,0,0,"693221,819396","5334497,97486",11.597108477,48.134375503,0,1,#66c2a5,bicycle
195840,"9,21E+18",9,1,62,0,2021,5,13,7,3,5,3,0,1,1,0,0,0,0,"696042,43717","5331529,27986",11.633614282,48.106831844,0,1,#66c2a5,bicycle
195842,"9,21E+18",9,1,62,0,2021,6,2,6,3,2,6,2,0,1,0,0,0,0,"691828,400706","5335663,349",11.578924085,48.145271227,0,2,#fc8d62,car
195843,"9,21E+18",9,7,61,0,2021,6,19,6,3,0,7,0,0,0,0,1,0,0,"639865,27063","5359874,48877",10.888807172,48.376525545,0,4,#e78ac3,marker
195846,"9,21E+18",9,1,85,158,2021,6,14,2,3,0,1,0,1,0,0,0,0,0,"666553,294577","5382161,08899",11.257824343,48.570391371,0,1,#66c2a5,bicycle
195847,"9,21E+18",9,1,78,130,2021,6,19,1,3,0,1,0,1,0,0,0,0,0,"703686,425714","5356711,88476",11.748278299,48.330737998,0,1,#66c2a5,bicycle
195852,"9,21E+18",9,2,61,0,2021,6,10,4,3,0,1,0,1,0,0,0,0,0,"731064,48081","5380922,28777",12.13049066,48.538810047,0,1,#66c2a5,bicycle
195853,"9,21E+18",9,1,84,112,2021,5,14,1,2,0,1,0,0,0,0,1,0,0,"703650,558849","5338389,94337",11.738982129,48.166099945,0,4,#e78ac3,marker
195858,"9,21E+18",9,7,61,0,2021,6,16,7,3,0,7,0,0,0,0,0,0,1,"639771,692545","5359557,1775",10.887438665,48.37369311,0,6,#ffd92f,circle
195862,"9,21E+18",9,1,79,134,2021,5,14,7,3,5,3,0,0,1,0,1,0,0,"666686,94097","5346620,63123",11.245516263,48.25086203,0,2,#fc8d62,car
195864,"9,21E+18",9,1,88,127,2021,6,14,5,2,0,1,0,1,0,0,0,0,0,"679461,139061","5330412,48707",11.410606984,48.10168034,0,1,#66c2a5,bicycle
195865,"9,21E+18",9,1,62,0,2021,6,9,5,3,4,2,0,1,1,0,0,0,0,"688121,765546","5336312,64088",11.529430217,48.152214062,0,1,#66c2a5,bicycle
195868,"9,21E+18",9,1,78,143,2021,5,13,1,3,6,4,0,0,1,1,1,0,0,"717126,129036","5372628,18699",11.937606108,48.469268957,0,2,#fc8d62,car
195871,"9,21E+18",9,1,88,132,2021,6,18,7,3,0,1,0,1,0,0,0,0,0,"662359,032106","5321222,5276",11.177575595,48.023645482,1,1,#66c2a5,bicycle
195875,"9,21E+18",9,1,81,130,2021,6,16,3,2,5,3,0,1,0,0,0,0,0,"639097,135022","5323674,74609",10.866567072,48.051185803,0,1,#66c2a5,bicycle
195876,"9,21E+18",9,7,61,0,2021,6,18,4,3,0,1,0,1,0,0,0,0,0,"641261,401181","5358165,31555",10.907076266,48.360846304,1,1,#66c2a5,bicycle
195878,"9,21E+18",9,2,61,0,2021,6,13,5,3,2,6,0,0,1,0,0,0,0,"732814,913868","5380666,96501",12.154025837,48.53586966,0,2,#fc8d62,car
195880,"9,21E+18",9,1,62,0,2021,5,15,1,3,0,7,0,1,0,0,0,0,0,"692185,803871","5334577,99562",11.583234137,48.13540841,0,1,#66c2a5,bicycle
195881,"9,21E+18",9,1,62,0,2021,6,20,6,3,5,2,1,1,1,0,0,0,0,"688539,461561","5331936,49151",11.53310421,48.11275681,1,1,#66c2a5,bicycle
195882,"9,21E+18",9,1,84,122,2021,6,17,6,2,0,7,0,1,0,0,0,0,0,"689026,852456","5323943,62795",11.536110454,48.040770646,0,1,#66c2a5,bicycle
195883,"9,21E+18",9,2,61,0,2021,5,15,1,3,0,1,0,1,0,0,0,0,0,"733041,785435","5378203,54767",12.155718091,48.513657336,0,1,#66c2a5,bicycle
195884,"9,21E+18",9,1,62,0,2021,5,16,2,3,5,2,0,1,1,0,0,0,0,"689100,822702","5332959,2232",11.541092196,48.121782847,0,1,#66c2a5,bicycle
195889,"9,21E+18",9,1,62,0,2021,6,8,2,3,5,7,0,1,0,0,0,0,0,"692166,41799","5335225,12341",11.583265805,48.141230529,0,1,#66c2a5,bicycle
195891,"9,21E+18",9,1,62,0,2021,6,15,3,3,0,7,0,1,0,0,0,0,0,"691932,606399","5336080,29149",11.580511518,48.148987202,0,1,#66c2a5,bicycle
195892,"9,21E+18",9,1,62,0,2021,6,16,5,3,6,4,0,0,1,1,0,0,0,"691019,715893","5331588,77135",11.566237286,48.108892473,0,2,#fc8d62,car
195893,"9,21E+18",9,1,62,0,2021,6,13,3,3,2,6,0,0,1,0,1,0,0,"696495,156007","5337104,19256",11.642260321,48.1567964,0,2,#fc8d62,car
195894,"9,21E+18",9,1,62,0,2021,5,21,7,3,1,5,2,1,1,0,0,0,0,"691888,126587","5338343,19209",11.580934759,48.169339124,0,1,#66c2a5,bicycle
195895,"9,21E+18",9,2,74,126,2021,5,16,2,3,5,3,0,0,1,0,0,0,0,"734266,871262","5384531,93748",12.175838845,48.570046509,0,2,#fc8d62,car
195897,"9,21E+18",9,1,62,0,2021,6,15,6,3,0,1,0,1,0,0,0,0,0,"692008,581602","5334963,9807",11.581028532,48.138931073,0,1,#66c2a5,bicycle
195903,"9,21E+18",9,1,84,144,2021,6,13,3,2,0,7,0,1,0,0,0,0,0,"689514,461119","5315533,08584",11.5389311,47.965029412,0,1,#66c2a5,bicycle
195904,"9,21E+18",9,1,62,0,2021,5,16,1,3,0,1,0,1,0,0,0,0,0,"698600,030295","5335289,08637",11.669685961,48.139829881,0,1,#66c2a5,bicycle
195907,"9,21E+18",9,1,84,122,2021,5,15,2,2,0,7,0,1,1,0,0,0,0,"689590,846001","5325095,148",11.544179651,48.050953564,0,1,#66c2a5,bicycle
195908,"9,21E+18",9,1,63,0,2021,6,19,1,3,5,3,0,0,1,0,0,0,0,"732795,339988","5304888,97594",12.112217295,47.855131734,0,2,#fc8d62,car
195910,"9,21E+18",9,1,84,139,2021,6,10,4,2,0,7,0,1,0,0,0,0,0,"687915,059001","5325694,254",11.521977519,48.056834127,0,1,#66c2a5,bicycle
195911,"9,21E+18",9,1,62,0,2021,6,18,4,3,3,6,0,1,0,0,0,0,0,"689818,709573","5331927,41068",11.55026979,48.112295219,0,1,#66c2a5,bicycle
195912,"9,21E+18",9,1,62,0,2021,5,11,6,3,5,3,0,1,1,0,0,0,0,"700508,695737","5335439,24917",11.695384633,48.140580833,0,1,#66c2a5,bicycle
195913,"9,21E+18",9,7,61,0,2021,6,18,3,3,0,1,0,1,0,0,0,0,0,"640845,947799","5358278,30147",10.901508548,48.361955056,0,1,#66c2a5,bicycle
195914,"9,21E+18",9,1,88,120,2021,6,21,5,2,0,1,2,1,0,0,0,0,0,"680218,35211","5328887,47806",11.420125085,48.0877583,0,1,#66c2a5,bicycle
195917,"9,21E+18",9,1,88,145,2021,5,15,1,3,0,1,0,1,0,0,0,0,0,"663291,43","5326894,048",11.192235533,48.074397772,0,1,#66c2a5,bicycle
195919,"9,21E+18",9,1,62,0,2021,6,11,6,3,1,3,0,0,1,0,1,0,0,"689693,713947","5343752,87066",11.553866668,48.218619663,0,2,#fc8d62,car
195923,"9,21E+18",9,7,61,0,2021,6,11,4,3,0,5,0,1,1,0,0,0,0,"640674,063389","5358673,69809",10.899321552,48.365548655,0,1,#66c2a5,bicycle
195925,"9,21E+18",9,1,62,0,2021,6,1,7,3,5,3,2,0,1,0,0,0,0,"690715,605204","5340280,01243",11.566049696,48.187099902,0,2,#fc8d62,car
195927,"9,21E+18",9,1,75,139,2021,6,15,5,3,0,1,0,1,0,0,0,0,0,"708933,817054","5330014,38224",11.805845629,48.089121435,0,1,#66c2a5,bicycle
195929,"9,21E+18",9,1,62,0,2021,6,16,3,3,6,4,0,0,1,1,0,0,0,"688892,244244","5343309,58144",11.542890016,48.214874477,0,2,#fc8d62,car
195930,"9,21E+18",9,7,61,0,2021,5,19,1,3,2,6,0,0,1,0,0,0,0,"640049,635692","5358614,34381",10.890875817,48.365153809,0,2,#fc8d62,car
195934,"9,21E+18",9,2,61,0,2021,6,16,4,2,0,1,0,1,0,0,0,0,0,"733368,163648","5381418,52747",12.161929876,48.542415208,0,1,#66c2a5,bicycle
195936,"9,21E+18",9,1,62,0,2021,6,20,7,3,8,1,0,0,0,0,0,0,1,"683063,448628","5334535,89216",11.460719604,48.137719561,0,6,#ffd92f,circle
195940,"9,21E+18",9,1,62,0,2021,5,10,6,3,3,6,0,1,1,0,0,0,0,"696506,923227","5337307,06062",11.642512073,48.158616012,0,1,#66c2a5,bicycle
195942,"9,21E+18",9,1,79,134,2021,6,13,6,3,9,1,0,0,0,0,1,0,0,"666559,391274","5348540,11131",11.244554999,48.268151438,0,4,#e78ac3,marker
195947,"9,21E+18",9,1,63,0,2021,6,17,1,3,5,3,0,1,1,0,0,0,0,"731267,182728","5304112,14707",12.09140314,47.848704136,0,1,#66c2a5,bicycle
195950,"9,21E+18",9,1,62,0,2021,6,18,4,3,5,2,0,1,1,0,0,0,0,"692338,747761","5337784,38717",11.58673657,48.164180537,0,1,#66c2a5,bicycle
195951,"9,21E+18",9,1,62,0,2021,5,10,6,3,6,7,0,1,0,1,0,0,0,"690839,384103","5337076,49104",11.566275336,48.158269878,0,1,#66c2a5,bicycle
195952,"9,21E+18",9,1,62,0,2021,6,16,3,3,0,7,0,0,0,0,0,0,1,"691695,527207","5340376,24042",11.579263995,48.187669833,0,6,#ffd92f,circle
195962,"9,21E+18",9,1,63,0,2021,6,20,6,3,5,3,0,0,1,0,1,0,0,"734038,39948","5303621,35106",12.128124516,47.843291976,0,2,#fc8d62,car
195963,"9,21E+18",9,1,73,112,2021,6,13,4,3,5,2,0,1,1,0,0,0,0,"692804,028485","5292916,11548",11.572869966,47.760759383,0,1,#66c2a5,bicycle
195964,"9,21E+18",9,1,84,139,2021,6,16,5,3,0,7,0,1,0,0,0,0,1,"687852,766744","5325746,36432",11.521165225,48.057320854,0,1,#66c2a5,bicycle
195965,"9,21E+18",9,1,87,165,2021,5,18,1,3,7,7,0,1,0,0,0,0,1,"733233,737029","5296329,51647",12.113464051,47.778073271,0,1,#66c2a5,bicycle
195967,"9,21E+18",9,1,62,0,2021,6,14,6,3,4,2,0,0,1,0,1,0,0,"697708,233466","5335324,36",11.657727742,48.140424607,0,2,#fc8d62,car
195973,"9,21E+18",9,1,75,135,2021,6,19,1,3,0,1,0,0,0,0,0,0,1,"707503,265292","5339401,28753",11.791229136,48.173942339,0,6,#ffd92f,circle
195975,"9,21E+18",9,1,62,0,2021,6,22,4,3,1,5,2,1,1,0,0,0,0,"686201,585648","5335019,004",11.50307193,48.141151443,0,1,#66c2a5,bicycle
195979,"9,21E+18",9,1,73,126,2021,6,17,6,3,4,2,0,0,1,0,0,0,0,"685466,469675","5302908,10909",11.479323842,47.85273059,1,2,#fc8d62,car
195980,"9,21E+18",9,1,62,0,2021,6,13,6,3,6,2,0,0,1,1,0,0,0,"690442,371307","5342686,62784",11.56345676,48.208812206,0,2,#fc8d62,car
195981,"9,21E+18",9,7,77,182,2021,6,17,5,2,0,1,0,1,0,0,0,0,0,"626964,443188","5309178,5291",10.699547847,47.923347174,0,1,#66c2a5,bicycle
195982,"9,21E+18",9,1,81,145,2021,6,19,3,2,0,1,0,1,0,0,0,0,0,"645133,85503","5331379,57191",10.950145368,48.119122137,0,1,#66c2a5,bicycle
195983,"9,21E+18",9,1,62,0,2021,6,12,7,3,5,3,0,0,1,0,0,0,0,"693394,379317","5333090,00174",11.598786459,48.121668624,0,2,#fc8d62,car
195985,"9,21E+18",9,1,62,0,2021,6,10,4,3,4,2,0,1,1,0,0,0,0,"690695,524303","5334121,05247",11.563019127,48.131749724,0,1,#66c2a5,bicycle
195990,"9,21E+18",9,1,62,0,2021,6,19,5,2,4,6,0,1,1,0,0,0,0,"696777,850495","5330879,05044",11.643183033,48.100761212,1,1,#66c2a5,bicycle
195992,"9,21E+18",9,7,61,0,2021,5,11,2,3,1,5,0,1,1,0,0,0,0,"638374,524344","5359089,65065",10.868428316,48.369797113,0,1,#66c2a5,bicycle
195994,"9,21E+18",9,1,79,136,2021,6,3,7,3,8,1,2,0,1,0,0,0,0,"660953,108134","5341514,93811",11.16639248,48.206441987,0,2,#fc8d62,car
195997,"9,21E+18",9,7,61,0,2021,6,15,2,3,5,3,0,1,1,0,0,0,0,"638057,355039","5360676,51186",10.864669211,48.384135351,0,1,#66c2a5,bicycle
195999,"9,21E+18",9,7,61,0,2021,6,17,5,3,6,1,0,1,0,1,0,0,0,"641541,940598","5351746,76114",10.908705528,48.303070003,0,1,#66c2a5,bicycle
196000,"9,21E+18",9,1,62,0,2021,5,23,7,3,1,5,2,0,1,0,0,0,1,"692548,435383","5333485,10507",11.587609389,48.125476122,0,2,#fc8d62,car
196003,"9,21E+18",9,1,77,117,2021,6,12,7,3,4,6,0,1,0,0,0,0,0,"715869,202001","5353066,805",11.910577568,48.293943961,0,1,#66c2a5,bicycle
196011,"9,21E+18",9,1,62,0,2021,6,20,3,3,5,2,1,1,1,0,0,0,0,"693567,080138","5335885,68454",11.602374925,48.146742875,0,1,#66c2a5,bicycle
196013,"9,21E+18",9,1,88,132,2021,5,15,1,3,2,6,0,1,0,0,0,0,0,"665373,687","5322890,679",11.218621294,48.037869543,0,1,#66c2a5,bicycle
196016,"9,21E+18",9,1,62,0,2021,6,10,6,3,0,7,0,0,0,0,0,0,1,"686226,370026","5333896,26087",11.50291393,48.131052551,0,6,#ffd92f,circle
196018,"9,21E+18",9,1,73,126,2021,6,14,4,3,0,1,0,1,0,0,0,0,0,"684804,65472","5304862,36685",11.47132048,47.870488111,0,1,#66c2a5,bicycle
196021,"9,21E+18",9,1,62,0,2021,6,13,7,3,0,7,0,1,0,0,0,0,0,"695919,703322","5338581,48575",11.635211197,48.170250978,0,1,#66c2a5,bicycle
196023,"9,21E+18",9,1,87,181,2021,6,15,5,2,5,3,0,0,1,0,1,0,0,"739630,773802","5316034,87769",12.209643861,47.95274607,0,2,#fc8d62,car
196025,"9,21E+18",9,1,62,0,2021,6,7,3,3,1,2,0,1,1,0,0,0,0,"686784,629583","5336948,91649",11.511748755,48.158327182,0,1,#66c2a5,bicycle
196031,"9,21E+18",9,2,74,113,2021,6,16,1,3,5,3,0,1,1,0,0,0,0,"729647,945541","5382550,65526",12.112226496,48.553957691,0,1,#66c2a5,bicycle