OBJECTID,UIDENTSTLA,ULAND,UREGBEZ,UKREIS,UGEMEINDE,UJAHR,UMONAT,USTUNDE,UWOCHENTAG,UKATEGORIE,UART,UTYP1,ULICHTVERH,IstRad,IstPKW,IstFuss,IstKrad,IstGkfz,IstSonstig,LINREFX,LINREFY,XGCSWGS84,YGCSWGS84,STRZUSTAN,Teilnehmer,color,symbol
196032,"9,21E+18",9,7,61,0,2021,6,18,7,3,6,4,0,0,0,1,0,0,1,"639285,983854","5360156,51287",10.881082056,48.379189572,0,3,#8da0cb,toilet
196034,"9,21E+18",9,1,62,0,2021,6,18,4,3,4,6,0,1,0,0,0,0,0,"686517,297321","5337006,2014",11.508182548,48.158920546,0,1,#66c2a5,bicycle
196035,"9,21E+18",9,7,61,0,2021,5,10,6,3,0,3,0,1,0,0,0,0,1,"640349,399284","5358620,36676",10.894922776,48.365141387,0,1,#66c2a5,bicycle
196038,"9,21E+18",9,1,87,137,2021,6,16,6,3,3,6,0,1,1,0,0,0,0,"729919,237001","5308546,22014",12.075770175,47.889025223,0,1,#66c2a5,bicycle
196039,"9,21E+18",9,1,73,120,2021,6,12,6,3,9,1,0,1,0,0,0,0,0,"683861,153001","5309911,099",11.46086607,47.916142212,1,1,#66c2a5,bicycle
196046,"9,21E+18",9,1,62,0,2021,6,14,2,3,5,2,0,1,0,0,0,0,0,"683588,171768","5338184,75462",11.469340258,48.170366501,0,1,#66c2a5,bicycle
196048,"9,21E+18",9,1,62,0,2021,6,18,3,3,2,6,0,1,0,0,0,0,0,"688568,113352","5338028,02507",11.536185929,48.167499955,0,1,#66c2a5,bicycle
196049,"9,21E+18",9,7,61,0,2021,6,13,5,3,0,7,0,1,0,0,0,0,0,"639228,155984","5360642,37885",10.880462483,48.383571115,0,1,#66c2a5,bicycle
196050,"9,21E+18",9,1,62,0,2021,5,14,7,3,0,1,0,1,0,0,0,0,0,"692014,822238","5332360,18",11.579939206,48.115526617,0,1,#66c2a5,bicycle
196052,"9,21E+18",9,1,87,150,2021,6,18,7,3,0,1,0,1,0,0,0,0,0,"729535,498796","5303936,53719",12.06819661,47.847746987,0,1,#66c2a5,bicycle
196053,"9,21E+18",9,1,62,0,2021,6,11,6,3,0,7,0,1,0,0,0,0,0,"686698,397151","5333336,29304",11.509006428,48.125881084,0,1,#66c2a5,bicycle
196059,"9,21E+18",9,1,62,0,2021,6,12,7,3,5,3,0,1,0,0,0,0,0,"689540,486844","5336157,40284",11.548417296,48.150397573,0,1,#66c2a5,bicycle
196061,"9,21E+18",9,1,87,130,2021,6,12,5,3,8,1,0,0,0,0,1,0,0,"715944,60109","5305596,07449",11.887601911,47.867368736,0,4,#e78ac3,marker
196063,"9,21E+18",9,1,87,150,2021,6,21,4,3,0,1,0,1,0,0,0,0,0,"728336,447474","5302963,42582",12.051679159,47.839430899,1,1,#66c2a5,bicycle
196064,"9,21E+18",9,7,61,0,2021,5,16,1,3,0,6,0,1,1,0,0,0,0,"642649,96075","5364022,98",10.927800218,48.413203192,0,1,#66c2a5,bicycle
196065,"9,21E+18",9,7,72,184,2021,6,12,6,3,4,2,0,0,1,0,0,0,0,"634943,677054","5361664,71371",10.822954213,48.393695051,0,2,#fc8d62,car
196068,"9,21E+18",9,7,72,202,2021,5,18,2,3,5,3,0,0,1,0,0,0,0,"637073,137752","5358713,9591",10.850743224,48.366702916,0,2,#fc8d62,car
196072,"9,21E+18",9,1,62,0,2021,6,11,4,3,2,2,0,0,1,0,0,1,0,"691917,706014","5333884,35178",11.579321888,48.129254948,0,2,#fc8d62,car
196075,"9,21E+18",9,1,82,123,2021,6,15,2,3,8,1,0,1,0,0,0,0,0,"719958,77905","5297213,09897",11.936950418,47.790680811,0,1,#66c2a5,bicycle
196076,"9,21E+18",9,1,84,144,2021,6,12,7,2,0,7,0,1,0,0,0,0,0,"689338,593878","5315064,76943",11.536371186,47.960872025,0,1,#66c2a5,bicycle
196080,"9,21E+18",9,1,62,0,2021,6,6,3,3,5,3,0,1,1,0,0,0,0,"678947,274171","5338836,15576",11.407250303,48.177545476,0,1,#66c2a5,bicycle
196082,"9,21E+18",9,7,72,125,2021,6,12,6,3,3,6,0,0,1,0,0,0,1,"636097,873635","5348009,40669",10.834127586,48.270657959,0,2,#fc8d62,car
196085,"9,21E+18",9,1,62,0,2021,6,13,1,3,0,1,0,1,0,0,0,0,0,"691764,233001","5333646,878",11.577154558,48.127166818,1,1,#66c2a5,bicycle
196087,"9,21E+18",9,1,62,0,2021,6,18,4,3,0,7,0,1,0,0,0,0,0,"697370,63676","5337120,16803",11.654027202,48.156668866,0,1,#66c2a5,bicycle
196089,"9,21E+18",9,1,62,0,2021,5,17,6,3,5,3,0,1,1,0,0,0,0,"693703,565784","5342157,92324",11.607066083,48.20307369,0,1,#66c2a5,bicycle
196091,"9,21E+18",9,1,88,120,2021,6,15,6,3,0,7,0,1,0,0,0,0,1,"677553,964412","5327167,44864",11.383662976,48.073044226,1,1,#66c2a5,bicycle
196093,"9,21E+18",9,1,88,120,2021,6,14,6,3,2,6,0,0,1,0,0,0,0,"676890,081606","5326517,95221",11.374489541,48.067390163,0,2,#fc8d62,car
196094,"9,21E+18",9,1,90,141,2021,5,16,1,3,9,1,0,0,0,0,1,0,0,"678836,459129","5295239,93828",11.387610224,47.785675648,0,4,#e78ac3,marker
196095,"9,21E+18",9,1,62,0,2021,5,7,2,2,4,2,0,0,1,0,1,0,0,"679293,557101","5334308,77911",11.409996505,48.136751433,0,2,#fc8d62,car
196097,"9,21E+18",9,1,63,0,2021,6,10,7,3,0,7,0,1,0,0,0,0,1,"732031,206805","5306279,7723",12.102763427,47.867903235,0,1,#66c2a5,bicycle
196102,"9,21E+18",9,1,84,138,2021,6,15,3,3,6,1,0,0,1,0,0,0,1,"682032,580269","5330624,20187",11.445205725,48.102853931,0,2,#fc8d62,car
196104,"9,21E+18",9,1,78,124,2021,6,22,4,3,0,1,2,1,0,0,0,0,0,"702681,866003","5364878,08123",11.738674968,48.404445081,0,1,#66c2a5,bicycle
196105,"9,21E+18",9,1,62,0,2021,5,11,7,2,0,1,0,1,0,0,0,0,0,"696259,01664","5330656,17803",11.63611907,48.098918164,0,1,#66c2a5,bicycle
196108,"9,21E+18",9,1,62,0,2021,6,16,6,3,1,5,0,1,1,0,0,0,0,"687312,111911","5331533,87356",11.516454014,48.109500096,0,1,#66c2a5,bicycle
196110,"9,21E+18",9,1,62,0,2021,5,22,2,3,0,7,2,0,0,0,0,0,1,"687289,327088","5332790,30491",11.516700007,48.120800001,0,6,#ffd92f,circle
196111,"9,21E+18",9,1,84,144,2021,6,11,7,3,5,3,0,1,1,0,0,0,0,"687515,05169","5320634,36543",11.514399393,48.011471227,0,1,#66c2a5,bicycle
196112,"9,21E+18",9,1,74,113,2021,6,14,1,3,0,3,0,1,1,0,0,0,0,"675499,987689","5347206,12484",11.364381278,48.253746166,0,1,#66c2a5,bicycle
196116,"9,21E+18",9,1,62,0,2021,6,16,3,3,0,2,0,0,1,0,0,0,0,"683147,599656","5337548,54721",11.463146051,48.164774988,0,2,#fc8d62,car
196117,"9,21E+18",9,1,62,0,2021,5,11,1,2,5,6,0,1,0,0,0,0,1,"692840,972641","5334974,851",11.592210815,48.138777061,0,1,#66c2a5,bicycle
196123,"9,21E+18",9,1,62,0,2021,6,15,4,3,1,7,0,0,1,0,0,0,1,"692311,927528","5337669,31126",11.58632422,48.163154377,0,2,#fc8d62,car
196124,"9,21E+18",9,1,62,0,2021,6,16,4,3,4,2,0,1,1,0,0,0,0,"693363,598084","5336108,92035",11.59974357,48.148811129,0,1,#66c2a5,bicycle
196127,"9,21E+18",9,1,62,0,2021,6,20,5,2,5,2,1,0,1,0,1,0,0,"682676,480107","5336226,05655",11.456248172,48.153023121,0,2,#fc8d62,car
196130,"9,21E+18",9,1,75,128,2021,5,14,1,3,0,1,0,1,0,0,0,0,0,"713562,390341","5323975,72155",11.864909722,48.033325329,0,1,#66c2a5,bicycle
196132,"9,21E+18",9,1,62,0,2021,6,16,6,2,5,3,0,1,1,0,0,0,0,"687011,95606","5343616,86413",11.517738346,48.218193246,0,1,#66c2a5,bicycle
196133,"9,21E+18",9,1,63,0,2021,6,16,7,3,0,3,0,1,0,0,1,0,0,"733463,933002","5305278,87799",12.121352394,47.85839213,0,1,#66c2a5,bicycle
196135,"9,21E+18",9,7,61,0,2021,6,16,2,3,2,6,0,0,1,0,0,0,0,"639119,506","5359147,038",10.87850095,48.370149351,0,2,#fc8d62,car
196138,"9,21E+18",9,1,62,0,2021,5,16,6,3,5,3,0,1,1,0,0,0,0,"699626,359111","5332826,22814",11.682313099,48.117374753,0,1,#66c2a5,bicycle
196141,"9,21E+18",9,1,79,126,2021,6,15,4,3,0,1,0,1,0,0,0,0,0,"676310,582535","5341275,93688",11.37282533,48.200214137,0,1,#66c2a5,bicycle
196148,"9,21E+18",9,1,87,150,2021,5,15,6,3,0,1,0,1,0,0,0,0,0,"730064,676679","5303892,13579",12.075235995,47.847158915,0,1,#66c2a5,bicycle
196149,"9,21E+18",9,1,62,0,2021,6,14,2,2,3,6,0,1,0,0,0,0,1,"692777,16575","5335381,28398",11.591537995,48.142449313,0,1,#66c2a5,bicycle
196151,"9,21E+18",9,7,61,0,2021,6,18,3,3,2,6,0,0,1,0,0,0,0,"639513,023605","5360069,437",10.884117643,48.378356447,0,2,#fc8d62,car
196153,"9,21E+18",9,1,83,119,2021,6,15,5,3,9,1,0,0,0,0,1,0,0,"736899,472978","5339057,67567",12.185865731,48.160581082,0,4,#e78ac3,marker
196158,"9,21E+18",9,1,81,144,2021,6,17,7,3,3,6,0,1,0,0,0,0,0,"656348,246216","5318914,05995",11.096173553,48.004389144,0,1,#66c2a5,bicycle
196161,"9,21E+18",9,1,63,0,2021,6,17,1,2,0,1,0,1,0,0,0,0,0,"733862,515234","5304060,17129",12.126014389,47.847298341,0,1,#66c2a5,bicycle
196162,"9,21E+18",9,1,62,0,2021,6,19,7,3,0,7,1,1,0,0,0,0,0,"688042,163288","5337600,69508",11.528930269,48.163814847,0,1,#66c2a5,bicycle
196163,"9,21E+18",9,1,63,0,2021,6,16,5,3,0,7,0,1,0,0,0,0,0,"733659,104408","5303492,50531",12.122993156,47.842272359,0,1,#66c2a5,bicycle
196164,"9,21E+18",9,1,62,0,2021,6,10,4,2,5,3,0,1,0,0,0,0,1,"688465,055077","5338088,70159",11.534828125,48.168075884,0,1,#66c2a5,bicycle
196166,"9,21E+18",9,1,62,0,2021,6,8,3,3,3,6,0,1,1,0,0,0,0,"687349,2138","5334995,15974",11.518473372,48.140600243,0,1,#66c2a5,bicycle
196169,"9,21E+18",9,1,62,0,2021,5,12,2,3,4,2,0,1,1,0,0,0,0,"694444,345463","5329550,81216",11.611267666,48.089539811,0,1,#66c2a5,bicycle
196172,"9,21E+18",9,7,73,182,2021,6,17,4,3,0,7,0,1,0,0,0,0,0,"627587,212264","5380541,14907",10.729385857,48.564969804,0,1,#66c2a5,bicycle
196175,"9,21E+18",9,1,62,0,2021,6,9,2,3,6,7,0,0,1,1,0,0,0,"696359,78028","5333910,29464",11.638969181,48.128133365,0,2,#fc8d62,car
196177,"9,21E+18",9,1,87,126,2021,6,17,4,2,4,7,0,0,1,0,1,0,0,"740765,844003","5326580,67199",12.230737715,48.047052222,0,2,#fc8d62,car
196178,"9,21E+18",9,1,62,0,2021,6,16,5,3,5,3,0,1,1,0,0,0,0,"696351,449007","5333884,34952",11.638845383,48.127902754,0,1,#66c2a5,bicycle
196179,"9,21E+18",9,1,87,169,2021,5,13,1,3,2,7,0,1,1,0,0,0,0,"741948,157312","5298191,52228",12.230643694,47.791587663,0,1,#66c2a5,bicycle
196182,"9,21E+18",9,7,61,0,2021,6,18,6,3,3,2,0,1,1,0,0,0,0,"641460,667619","5358558,38448",10.90989705,48.36433601,0,1,#66c2a5,bicycle
196183,"9,21E+18",9,7,61,0,2021,6,19,3,3,4,6,0,1,0,0,0,0,0,"638086,726914","5360321,97237",10.864949202,48.38094097,0,1,#66c2a5,bicycle
196184,"9,21E+18",9,1,73,147,2021,6,20,2,2,5,2,0,1,1,0,0,0,0,"681650,88241","5308942,11477",11.430902491,47.908061714,0,1,#66c2a5,bicycle
196186,"9,21E+18",9,1,88,113,2021,6,11,1,3,0,1,0,1,0,0,0,0,0,"676073,509026","5317625,45127",11.359883785,47.987677021,0,1,#66c2a5,bicycle
196188,"9,21E+18",9,1,87,137,2021,6,12,5,3,5,3,0,0,1,0,0,0,0,"730619,935979","5308803,51843",12.085267247,47.891085539,0,2,#fc8d62,car
196190,"9,21E+18",9,1,79,123,2021,6,16,4,3,5,3,0,0,1,0,0,0,1,"677485,819527","5334268,33201",11.385702683,48.13689462,0,2,#fc8d62,car
196194,"9,21E+18",9,1,79,123,2021,6,18,3,3,5,6,0,1,0,0,0,0,1,"675253,181035","5333183,30881",11.355272479,48.127759755,0,1,#66c2a5,bicycle
196197,"9,21E+18",9,1,62,0,2021,6,11,4,3,1,5,0,1,1,0,0,0,0,"691822,841167","5336342,13443",11.57915529,48.151373711,0,1,#66c2a5,bicycle
196198,"9,21E+18",9,1,84,123,2021,6,18,4,3,5,3,0,1,0,1,0,0,0,"702681,875001","5332212,162",11.723029514,48.110891112,0,1,#66c2a5,bicycle
196200,"9,21E+18",9,7,72,151,2021,6,16,3,3,4,1,0,0,1,0,1,0,0,"631825,654937","5342904,86855",10.774992454,48.225659251,0,2,#fc8d62,car
196201,"9,21E+18",9,1,63,0,2021,6,14,6,3,1,5,0,1,1,0,0,0,0,"733444,753658","5304561,81449",12.120709411,47.85195696,0,1,#66c2a5,bicycle
196202,"9,21E+18",9,1,62,0,2021,6,0,7,3,0,7,2,1,0,0,0,0,0,"680831,051849","5338540,31201",11.432441984,48.174352924,0,1,#66c2a5,bicycle
196204,"9,21E+18",9,1,73,137,2021,6,17,5,3,7,1,0,1,0,0,0,0,0,"674862,366915","5302700,12685",11.337609345,47.853833649,0,1,#66c2a5,bicycle
196206,"9,21E+18",9,2,74,126,2021,6,18,4,3,5,3,0,1,1,0,0,0,0,"734408,899714","5384263,84326",12.177610133,48.567585278,1,1,#66c2a5,bicycle
196210,"9,21E+18",9,1,78,124,2021,6,23,3,3,9,1,2,1,0,0,0,0,0,"702685,121777","5364088,35942",11.738337694,48.397347381,0,1,#66c2a5,bicycle
196211,"9,21E+18",9,1,62,0,2021,6,11,7,3,6,4,0,1,0,1,0,0,0,"693104,242263","5334015,33748",11.595311055,48.13007337,0,1,#66c2a5,bicycle
196213,"9,21E+18",9,7,61,0,2021,6,16,4,3,2,6,0,0,1,0,1,0,0,"641714,266945","5359953,10486",10.91378901,48.37681987,1,2,#fc8d62,car
196215,"9,21E+18",9,1,62,0,2021,5,23,6,3,4,6,2,1,0,0,0,0,1,"692178,916087","5336951,52657",11.584213045,48.15674331,0,1,#66c2a5,bicycle
196217,"9,21E+18",9,1,62,0,2021,6,15,5,2,0,7,0,1,0,0,0,0,0,"693469,981196","5332927,75799",11.599727668,48.120187455,0,1,#66c2a5,bicycle
196219,"9,21E+18",9,1,84,145,2021,5,18,2,3,6,4,0,0,1,1,0,0,0,"693834,82937","5325275,79984",11.601152682,48.05130255,0,2,#fc8d62,car
196224,"9,21E+18",9,1,83,139,2021,6,20,3,3,8,1,0,0,1,0,0,0,0,"734959,836499","5335078,41064",12.157627064,48.125553848,0,2,#fc8d62,car
196225,"9,21E+18",9,7,61,0,2021,6,23,4,3,0,7,2,1,0,0,0,0,0,"640453,260726","5358053,52414",10.89613501,48.360021416,1,1,#66c2a5,bicycle
196226,"9,21E+18",9,1,62,0,2021,6,18,3,3,0,7,0,0,0,0,0,0,1,"691683,076463","5339992,07145",11.578923306,48.184220768,0,6,#ffd92f,circle
196228,"9,21E+18",9,1,81,120,2021,5,17,1,3,0,6,0,1,0,0,0,0,0,"651122,212728","5319626,89585",11.026405032,48.012055484,0,1,#66c2a5,bicycle
196230,"9,21E+18",9,1,62,0,2021,6,13,6,3,0,4,0,0,0,1,0,0,1,"693321,901716","5331223,79473",11.596967675,48.104917626,0,3,#8da0cb,toilet
196231,"9,21E+18",9,1,62,0,2021,6,7,6,3,5,7,0,1,1,0,0,0,0,"686624,274942","5332227,07546",11.507525741,48.115932761,0,1,#66c2a5,bicycle
196233,"9,21E+18",9,1,62,0,2021,6,11,1,3,2,6,0,0,1,0,0,0,1,"686424,117043","5337556,60471",11.507171969,48.163895067,1,2,#fc8d62,car
196234,"9,21E+18",9,7,61,0,2021,6,1,5,3,0,7,2,0,1,1,0,0,0,"640706,988601","5358555,7925",10.899726399,48.364481149,0,2,#fc8d62,car
196236,"9,21E+18",9,1,75,132,2021,6,10,2,3,0,1,0,0,1,0,0,0,0,"707569,415677","5331168,75499",11.788106362,48.099940796,0,2,#fc8d62,car
196238,"9,21E+18",9,1,82,133,2021,6,14,5,3,0,7,0,0,0,0,1,0,1,"707988,334618","5308398,19161",11.782692526,47.895175945,1,4,#e78ac3,marker
196240,"9,21E+18",9,1,62,0,2021,6,18,3,3,5,3,0,0,1,0,0,0,0,"700875,973042","5334663,93128",11.699950543,48.133497235,0,2,#fc8d62,car
196247,"9,21E+18",9,7,61,0,2021,6,13,5,3,2,1,0,1,1,0,0,0,0,"641994,780949","5353531,41559",10.915409258,48.319015538,0,1,#66c2a5,bicycle
196249,"9,21E+18",9,7,77,118,2021,6,17,4,2,4,1,0,1,0,0,0,0,1,"630697,709507","5296353,18412",10.745619557,47.807255869,0,1,#66c2a5,bicycle
196251,"9,21E+18",9,7,61,0,2021,6,19,3,3,6,1,0,1,1,1,0,0,0,"639547,872477","5357737,26457",10.883814172,48.357378457,0,1,#66c2a5,bicycle
196252,"9,21E+18",9,1,79,119,2021,6,9,6,3,5,3,0,1,1,0,0,0,0,"669544,124865","5339696,25974",11.281206568,48.18785619,0,1,#66c2a5,bicycle
196256,"9,21E+18",9,1,62,0,2021,5,8,2,3,0,7,0,1,0,0,0,0,0,"686224,354837","5334063,4491",11.502959946,48.132555893,0,1,#66c2a5,bicycle
196259,"9,21E+18",9,1,82,136,2021,5,17,6,3,0,1,0,0,0,0,1,0,0,"704867,789491","5302038,60711",11.737978205,47.839025452,0,4,#e78ac3,marker
196260,"9,21E+18",9,7,73,182,2021,6,9,2,2,3,2,0,0,1,0,0,0,1,"623852,750817","5380055,09815",10.678645256,48.561348039,0,2,#fc8d62,car
196261,"9,21E+18",9,7,61,0,2021,6,10,4,3,1,6,0,0,1,0,0,0,0,"642361,99576","5362203,7371",10.923293819,48.396910636,0,2,#fc8d62,car
196262,"9,21E+18",9,1,62,0,2021,6,15,3,2,0,7,0,1,0,0,0,0,0,"683947,200038","5338324,50059",11.474225138,48.171518809,0,1,#66c2a5,bicycle
196264,"9,21E+18",9,1,79,121,2021,6,20,4,2,8,7,0,0,0,0,0,0,1,"666024,267203","5339573,8777",11.233836999,48.187685737,0,6,#ffd92f,circle
196266,"9,21E+18",9,1,90,140,2021,6,17,6,3,0,1,0,0,0,0,1,0,0,"646805,331608","5296131,44072",10.960557447,47.801789724,0,4,#e78ac3,marker
196268,"9,21E+18",9,7,61,0,2021,5,17,2,3,1,1,0,1,1,0,0,0,0,"641156,717025","5353556,43456",10.904119251,48.319428163,0,1,#66c2a5,bicycle
196274,"9,21E+18",9,1,90,159,2021,6,18,3,3,5,3,0,0,1,0,0,0,0,"661579,438723","5304008,85012",11.160664425,47.869077598,0,2,#fc8d62,car
196277,"9,21E+18",9,1,62,0,2021,6,7,3,3,0,7,0,0,0,0,0,0,1,"691718,456914","5340388,21974",11.579577596,48.18777058,0,6,#ffd92f,circle
196278,"9,21E+18",9,1,62,0,2021,5,18,7,3,0,1,0,1,0,0,0,0,0,"691912,18202","5334407,34955",11.579483288,48.133957241,0,1,#66c2a5,bicycle
196281,"9,21E+18",9,1,62,0,2021,6,8,6,3,6,6,0,1,0,1,0,0,0,"692154,099262","5337134,06975",11.583962127,48.158391467,0,1,#66c2a5,bicycle
196282,"9,21E+18",9,2,74,134,2021,6,14,4,3,0,1,0,1,0,0,0,0,0,"743112,172211","5373837,97126",12.289316232,48.470631136,0,1,#66c2a5,bicycle
196283,"9,21E+18",9,1,62,0,2021,6,1,1,3,4,6,2,1,1,0,0,0,0,"692432,902221","5337733,7494",11.58797859,48.163696927,1,1,#66c2a5,bicycle
196284,"9,21E+18",9,1,90,140,2021,6,9,4,3,5,3,0,1,0,0,0,0,0,"644260,459227","5294829,89481",10.926158414,47.790660992,0,1,#66c2a5,bicycle
196290,"9,21E+18",9,1,62,0,2021,6,7,3,3,5,7,0,1,1,0,0,0,0,"695395,298745","5336439,06277",11.627181386,48.151157452,0,1,#66c2a5,bicycle
196292,"9,21E+18",9,7,72,177,2021,6,15,6,3,5,3,0,0,1,0,0,0,0,"636810,697993","5378736,03073",10.853746761,48.546793742,1,2,#fc8d62,car
196294,"9,21E+18",9,1,62,0,2021,5,8,2,2,6,6,0,1,0,1,0,0,0,"691281,788042","5332990,51004",11.570383121,48.121412579,0,1,#66c2a5,bicycle
196295,"9,21E+18",9,1,62,0,2021,6,15,1,3,0,7,0,1,0,0,0,0,0,"687026,226425","5332478,54245",11.513031364,48.118075112,0,1,#66c2a5,bicycle
196298,"9,21E+18",9,1,62,0,2021,6,17,4,3,2,5,0,0,1,0,1,0,0,"693698,201933","5335912,66738",11.604148155,48.146945476,0,2,#fc8d62,car
196299,"9,21E+18",9,1,88,117,2021,5,15,7,2,4,6,0,1,0,0,0,0,1,"663041,924954","5315451,01842",11.184535114,47.971582018,0,1,#66c2a5,bicycle
196301,"9,21E+18",9,1,62,0,2021,6,14,5,2,0,1,0,1,0,0,0,0,0,"693047,80323","5338772,9755",11.59671122,48.172850742,0,1,#66c2a5,bicycle
196302,"9,21E+18",9,1,62,0,2021,6,12,5,3,3,2,0,1,1,0,0,0,0,"700134,856607","5334861,92912",11.690093705,48.135510125,0,1,#66c2a5,bicycle
196303,"9,21E+18",9,1,79,134,2021,6,11,4,3,1,6,0,0,1,0,0,0,0,"669645,867082","5342624,12836",11.283744607,48.214149743,0,2,#fc8d62,car
196304,"9,21E+18",9,1,78,143,2021,6,13,6,3,0,3,0,0,1,0,1,0,0,"716789,814363","5373359,31419",11.933441111,48.475953861,0,2,#fc8d62,car
196306,"9,21E+18",9,1,62,0,2021,5,9,2,3,2,6,0,0,0,0,1,1,0,"690748,785154","5342745,48054",11.567603418,48.209249161,0,4,#e78ac3,marker
196307,"9,21E+18",9,1,62,0,2021,6,18,7,3,0,1,0,1,0,0,0,0,0,"691139,191272","5334075,09805",11.568955352,48.131203609,0,1,#66c2a5,bicycle
196308,"9,21E+18",9,1,81,130,2021,6,13,7,3,5,2,0,1,1,0,0,0,0,"639238,656745","5324311,54886",10.86867238,48.05688127,0,1,#66c2a5,bicycle
196313,"9,21E+18",9,1,62,0,2021,6,16,3,3,2,5,0,0,1,0,1,0,0,"687573,629187","5330375,09308",11.519454486,48.099007658,0,2,#fc8d62,car
196314,"9,21E+18",9,1,90,139,2021,6,14,4,3,4,7,0,0,1,0,0,0,0,"654491,57836","5295580,96321",11.062942733,47.795041434,0,2,#fc8d62,car
196316,"9,21E+18",9,1,62,0,2021,6,18,3,3,3,2,0,1,0,0,0,0,0,"691635,790629","5334128,93044",11.57564699,48.131538127,0,1,#66c2a5,bicycle
196318,"9,21E+18",9,1,62,0,2021,5,17,1,2,0,7,0,1,0,0,0,0,0,"690142,891843","5334908,88444",11.555950866,48.138996102,0,1,#66c2a5,bicycle
196319,"9,21E+18",9,1,84,121,2021,6,16,6,2,6,6,0,1,0,1,0,0,0,"704583,509554","5328998,68731",11.747007738,48.081404727,0,1,#66c2a5,bicycle
196320,"9,21E+18",9,1,62,0,2021,6,17,6,3,5,3,0,1,1,0,0,0,0,"686252,691371","5339832,24941",11.505865869,48.184399493,0,1,#66c2a5,bicycle
196322,"9,21E+18",9,1,90,133,2021,6,19,3,2,0,1,0,1,0,0,0,0,0,"633654,923916","5297372,58094",10.785411292,47.815816126,0,1,#66c2a5,bicycle
196324,"9,21E+18",9,1,62,0,2021,6,9,7,3,0,1,0,0,0,0,0,0,1,"696898,195872","5331809,20805",11.645226972,48.109083756,0,6,#ffd92f,circle
196327,"9,21E+18",9,7,77,177,2021,6,17,4,3,0,1,0,0,0,0,1,0,0,"632567,058607","5317274,1683",10.777003695,47.995016515,0,4,#e78ac3,marker
196328,"9,21E+18",9,1,62,0,2021,5,12,6,3,3,3,0,1,1,0,0,0,0,"692236,860848","5335494,66682",11.584333441,48.143631853,0,1,#66c2a5,bicycle
196329,"9,21E+18",9,1,62,0,2021,6,14,3,3,5,3,0,1,1,0,0,0,0,"697794,197066","5333809,02134",11.658178527,48.126779117,0,1,#66c2a5,bicycle
196332,"9,21E+18",9,1,62,0,2021,5,13,7,3,0,7,0,1,0,0,0,0,0,"692014,918134","5341885,94137",11.58423955,48.201142144,0,1,#66c2a5,bicycle
196334,"9,21E+18",9,1,62,0,2021,6,16,6,3,0,1,0,1,0,0,0,0,0,"693552,838091","5335172,91678",11.601859664,48.140341084,0,1,#66c2a5,bicycle
196335,"9,21E+18",9,1,62,0,2021,6,8,6,3,0,7,0,0,1,0,1,0,0,"701040,173006","5332316,4716",11.701047939,48.112348815,0,2,#fc8d62,car
196336,"9,21E+18",9,2,61,0,2021,6,13,4,3,5,3,0,0,1,0,0,0,1,"731692,221035","5381902,92148",12.139527374,48.547387468,0,2,#fc8d62,car
196338,"9,21E+18",9,1,73,147,2021,6,7,2,2,0,7,0,1,0,0,0,0,0,"682497,064311","5307626,83893",11.44165934,47.895998304,0,1,#66c2a5,bicycle
196339,"9,21E+18",9,1,88,121,2021,6,12,1,3,0,1,0,1,0,0,0,0,0,"671457,556853","5330685,47305",11.303300939,48.106338627,0,1,#66c2a5,bicycle
196342,"9,21E+18",9,1,62,0,2021,6,18,4,3,0,1,0,1,0,0,0,0,0,"692006,723731","5334964,45433",11.581003798,48.138935891,0,1,#66c2a5,bicycle
196343,"9,21E+18",9,7,72,184,2021,5,2,7,3,8,1,2,0,1,0,0,0,0,"636151,600071","5363105,98291",10.83973075,48.406395181,0,2,#fc8d62,car
196344,"9,21E+18",9,1,62,0,2021,6,7,3,3,3,2,0,1,1,0,0,0,0,"691370,386759","5332950,76578",11.571554598,48.121028737,0,1,#66c2a5,bicycle
196346,"9,21E+18",9,7,71,113,2021,6,17,6,3,5,3,0,1,1,0,0,0,0,"657139,547","5369626,947",11.125583393,48.460138376,0,1,#66c2a5,bicycle
196348,"9,21E+18",9,7,61,0,2021,5,12,2,3,5,3,0,1,1,0,0,0,0,"641066,834629","5361166,25158",10.905457997,48.387873084,0,1,#66c2a5,bicycle
196351,"9,21E+18",9,1,62,0,2021,6,0,4,2,6,3,2,0,1,1,0,0,0,"684819,853256","5334504,77789",11.484292599,48.136932184,0,2,#fc8d62,car
196353,"9,21E+18",9,1,62,0,2021,5,11,6,3,0,1,0,1,0,0,0,0,0,"691033,752051","5334149,20103",11.567572925,48.131901297,0,1,#66c2a5,bicycle
196354,"9,21E+18",9,7,61,0,2021,6,17,3,3,0,1,0,1,0,0,0,0,0,"638157,134788","5360763,3257",10.866044686,48.384894119,0,1,#66c2a5,bicycle
196357,"9,21E+18",9,1,73,137,2021,6,19,4,2,4,6,0,0,1,0,1,0,0,"676397,745741","5304848,10028",11.358993235,47.872723838,0,2,#fc8d62,car
196358,"9,21E+18",9,1,87,181,2021,6,13,6,3,4,6,0,0,1,0,0,0,0,"737581,010744","5315616,48796",12.182002121,47.949751036,0,2,#fc8d62,car
196359,"9,21E+18",9,1,87,179,2021,5,23,1,3,0,7,2,0,0,0,1,0,0,"722165,28415","5317286,59848",11.976695124,47.97028925,0,4,#e78ac3,marker