OBJECTID,UIDENTSTLA,ULAND,UREGBEZ,UKREIS,UGEMEINDE,UJAHR,UMONAT,USTUNDE,UWOCHENTAG,UKATEGORIE,UART,UTYP1,ULICHTVERH,IstRad,IstPKW,IstFuss,IstKrad,IstGkfz,IstSonstig,LINREFX,LINREFY,XGCSWGS84,YGCSWGS84,STRZUSTAN,Teilnehmer,color,symbol
196362,"9,21E+18",9,1,73,118,2021,6,1,7,2,8,7,2,0,1,0,0,0,0,"692892,08668","5310749,71202",11.58199071,47.921027103,0,2,#fc8d62,car
196364,"9,21E+18",9,1,86,143,2021,5,19,6,3,7,1,1,0,0,0,1,0,0,"685051,933875","5380085,4278",11.507434406,48.546547889,0,4,#e78ac3,marker
196368,"9,21E+18",9,1,62,0,2021,6,19,5,2,1,4,0,1,0,1,0,0,0,"692137,496296","5337561,52301",11.583932154,48.162238338,1,1,#66c2a5,bicycle
196369,"9,21E+18",9,2,61,0,2021,6,14,5,3,6,4,0,0,1,1,0,0,0,"733269,549951","5380909,84554",12.16031113,48.537882569,0,2,#fc8d62,car
196371,"9,21E+18",9,1,79,119,2021,6,0,4,3,1,1,2,0,1,0,1,0,0,"668844,627247","5339239,21705",11.271620898,48.183933783,0,2,#fc8d62,car
196374,"9,21E+18",9,1,62,0,2021,6,14,6,3,5,3,0,1,1,0,0,0,0,"688020,384393","5339139,22422",11.52931804,48.17764981,0,1,#66c2a5,bicycle
196375,"9,21E+18",9,1,79,123,2021,6,14,3,3,0,1,0,1,0,0,0,0,0,"672553,550955","5333185,12429",11.319023255,48.128513624,0,1,#66c2a5,bicycle
196376,"9,21E+18",9,1,87,129,2021,6,18,1,3,8,1,0,0,1,0,0,0,0,"725039,343399","5295194,73587",12.003646507,47.770790709,0,2,#fc8d62,car
196378,"9,21E+18",9,1,62,0,2021,6,14,4,3,5,3,0,1,1,0,0,0,0,"691701,162374","5332888,66517",11.575966844,48.120371082,0,1,#66c2a5,bicycle
196379,"9,21E+18",9,1,62,0,2021,6,22,4,3,5,3,2,1,1,0,0,0,0,"691146,636001","5335564,061",11.569723506,48.144584044,0,1,#66c2a5,bicycle
196380,"9,21E+18",9,1,62,0,2021,5,7,6,3,5,3,0,1,0,0,0,0,0,"693841,281001","5331564,517",11.604092029,48.107822126,0,1,#66c2a5,bicycle
196382,"9,21E+18",9,1,62,0,2021,6,20,5,3,4,6,1,0,1,0,0,0,0,"687858,932222","5342577,22428",11.528669237,48.208598705,0,2,#fc8d62,car
196384,"9,21E+18",9,1,62,0,2021,5,13,2,2,3,2,0,1,1,0,0,0,0,"685100,481428","5334951,1211",11.488255015,48.140862564,0,1,#66c2a5,bicycle
196390,"9,21E+18",9,1,62,0,2021,6,17,3,3,0,7,0,1,1,0,0,0,0,"680357,119275","5336642,12505",11.425267817,48.157425075,0,1,#66c2a5,bicycle
196396,"9,21E+18",9,1,78,124,2021,6,17,6,3,0,1,0,1,0,0,0,0,0,"703858,232278","5363996,40836",11.754123149,48.396142972,0,1,#66c2a5,bicycle
196398,"9,21E+18",9,1,79,123,2021,6,14,5,3,2,6,0,0,1,0,0,0,0,"675147,868569","5331684,90589",11.353242779,48.114319002,0,2,#fc8d62,car
196399,"9,21E+18",9,1,62,0,2021,6,7,3,3,0,7,0,0,1,0,0,0,1,"686498,379053","5328453,99567",11.504187262,48.082055607,0,2,#fc8d62,car
196400,"9,21E+18",9,1,62,0,2021,6,15,1,3,4,6,0,1,0,0,0,0,0,"684169,063716","5337531,00518",11.47686281,48.164322223,0,1,#66c2a5,bicycle
196404,"9,21E+18",9,1,87,165,2021,6,13,2,3,5,3,0,1,1,0,0,0,0,"732220,967491","5297713,75822",12.100705199,47.790875494,0,1,#66c2a5,bicycle
196407,"9,21E+18",9,1,77,117,2021,6,11,7,3,5,7,0,1,1,0,0,0,0,"715242,920262","5354132,17968",11.902687728,48.303729812,0,1,#66c2a5,bicycle
196408,"9,21E+18",9,1,62,0,2021,6,20,5,3,5,3,0,0,1,0,0,0,0,"691816,27046","5335666,27924",11.578762499,48.145301221,0,2,#fc8d62,car
196412,"9,21E+18",9,1,62,0,2021,6,17,2,3,3,6,0,0,1,0,1,0,0,"692549,459314","5335424,1595",11.588499526,48.14290362,0,2,#fc8d62,car
196413,"9,21E+18",9,1,90,139,2021,6,17,1,3,1,7,0,1,1,0,0,0,0,"654790,953931","5296434,27277",11.067242116,47.802642192,0,1,#66c2a5,bicycle
196416,"9,21E+18",9,1,87,117,2021,6,18,4,3,5,2,0,1,1,0,0,0,0,"724455,745731","5305997,63146",12.001462651,47.868059656,0,1,#66c2a5,bicycle
196417,"9,21E+18",9,1,81,130,2021,6,18,2,3,4,6,0,1,0,0,0,0,0,"639427,504","5324324,05",10.871209507,48.056952446,0,1,#66c2a5,bicycle
196418,"9,21E+18",9,1,62,0,2021,6,11,6,3,0,7,0,0,0,0,0,0,1,"689104,37074","5332942,09804",11.541132228,48.12162787,0,6,#ffd92f,circle
196419,"9,21E+18",9,1,63,0,2021,6,11,4,2,0,1,0,1,0,0,0,0,0,"733461,334002","5305276,41799",12.121316371,47.858370973,0,1,#66c2a5,bicycle
196420,"9,21E+18",9,1,75,113,2021,6,20,3,3,2,1,0,1,0,0,0,0,0,"716272,637466","5315557,88435",11.896978649,47.956773534,0,1,#66c2a5,bicycle
196421,"9,21E+18",9,1,84,119,2021,6,16,7,2,0,6,0,0,1,0,1,0,0,"696229,989881","5348452,52894",11.643946686,48.258869058,0,2,#fc8d62,car
196424,"9,21E+18",9,1,62,0,2021,6,20,3,3,6,4,0,1,0,1,0,0,0,"691764,233001","5333646,878",11.577154558,48.127166818,0,1,#66c2a5,bicycle
196427,"9,21E+18",9,1,62,0,2021,6,17,3,3,4,2,0,0,1,0,0,0,0,"689835,045172","5337401,7202",11.552928755,48.161493658,0,2,#fc8d62,car
196428,"9,21E+18",9,1,87,150,2021,6,8,2,3,5,3,0,1,1,0,0,0,0,"728778,679002","5303479,30699",12.057853447,47.843908719,0,1,#66c2a5,bicycle
196438,"9,21E+18",9,7,61,0,2021,6,19,2,3,5,3,0,1,1,0,0,0,0,"640927,146532","5357554,91116",10.902361875,48.355432457,0,1,#66c2a5,bicycle
196442,"9,21E+18",9,1,62,0,2021,6,16,2,3,0,3,0,1,0,0,1,0,0,"689723,393665","5333349,12475",11.549623118,48.125102104,0,1,#66c2a5,bicycle
196445,"9,21E+18",9,1,62,0,2021,6,18,5,3,4,6,0,0,1,0,0,0,1,"687406,336475","5341065,19386",11.521915616,48.195142144,0,2,#fc8d62,car
196446,"9,21E+18",9,1,62,0,2021,6,10,4,3,5,2,0,0,1,0,1,0,0,"689844,426156","5337404,33235",11.553055947,48.161514335,0,2,#fc8d62,car
196448,"9,21E+18",9,7,61,0,2021,6,18,5,3,5,1,0,1,1,0,0,0,0,"639268,293675","5355386,79605",10.879264683,48.336305256,0,1,#66c2a5,bicycle
196450,"9,21E+18",9,1,87,150,2021,6,5,2,3,0,7,0,1,0,0,0,0,0,"729724,992222","5304356,04811",12.070948517,47.851448394,0,1,#66c2a5,bicycle
196452,"9,21E+18",9,1,82,120,2021,6,14,4,3,5,2,0,1,1,0,0,0,0,"701659,84409","5306830,03751",11.697389297,47.883102146,0,1,#66c2a5,bicycle
196453,"9,21E+18",9,2,61,0,2021,6,20,7,3,2,6,1,0,1,0,0,0,0,"731684,827007","5381953,00674",12.139455195,48.547840104,0,2,#fc8d62,car
196454,"9,21E+18",9,2,61,0,2021,6,15,4,3,5,3,0,0,1,0,0,1,0,"731863,402026","5380748,94911",12.141201197,48.536958329,0,2,#fc8d62,car
196456,"9,21E+18",9,1,79,123,2021,6,11,3,2,8,1,0,0,1,0,0,0,0,"677360,967159","5333852,70143",11.383852918,48.133193253,0,2,#fc8d62,car
196459,"9,21E+18",9,1,62,0,2021,6,7,2,3,5,2,0,1,1,0,0,0,0,"689578,045001","5333522,032",11.547748743,48.126699508,0,1,#66c2a5,bicycle
196460,"9,21E+18",9,7,62,0,2021,6,7,5,3,0,1,0,1,0,0,0,0,0,"620171,034569","5304792,08197",10.607427115,47.885205978,0,1,#66c2a5,bicycle
196462,"9,21E+18",9,2,74,126,2021,6,14,2,2,5,3,0,1,0,0,1,0,0,"733244,183002","5383814,60399",12.16159474,48.563984331,0,1,#66c2a5,bicycle
196463,"9,21E+18",9,1,84,122,2021,6,11,6,3,5,3,0,1,1,0,0,0,0,"687897,629081","5323964,72412",11.520984537,48.041293573,0,1,#66c2a5,bicycle
196464,"9,21E+18",9,1,79,121,2021,6,10,4,3,6,7,0,0,0,1,0,0,1,"667670,690081","5338181,28218",11.255422166,48.174733951,0,3,#8da0cb,toilet
196466,"9,21E+18",9,1,62,0,2021,6,0,7,3,3,6,2,1,0,0,0,1,0,"690179,931846","5333727,73813",11.555920992,48.128368874,0,1,#66c2a5,bicycle
196469,"9,21E+18",9,1,87,150,2021,6,10,4,3,0,1,0,1,0,0,0,0,0,"728814,60513","5304212,58329",12.058720621,47.850484125,0,1,#66c2a5,bicycle
196470,"9,21E+18",9,1,84,135,2021,6,16,1,3,1,6,0,1,1,0,0,0,0,"689521,563917","5346959,40494",11.552985568,48.247491061,0,1,#66c2a5,bicycle
196472,"9,21E+18",9,1,62,0,2021,6,11,3,3,5,3,0,1,1,0,0,0,0,"690221,956782","5342651,88235",11.560477361,48.208566008,0,1,#66c2a5,bicycle
196473,"9,21E+18",9,1,62,0,2021,6,21,1,3,0,1,2,1,0,0,0,0,0,"691776,422026","5334663,12995",11.577775607,48.136297081,0,1,#66c2a5,bicycle
196474,"9,21E+18",9,1,62,0,2021,6,8,2,3,5,2,0,0,0,1,1,0,0,"693003,740001","5333862,199",11.593892387,48.128727481,0,3,#8da0cb,toilet
196477,"9,21E+18",9,1,62,0,2021,6,0,4,3,3,2,2,0,1,0,0,0,1,"692196,84994","5339169,05367",11.585456138,48.176668487,0,2,#fc8d62,car
196484,"9,21E+18",9,7,71,113,2021,6,20,4,2,4,1,0,0,0,0,1,0,1,"654853,489831","5365442,09367",11.093135126,48.423081358,0,4,#e78ac3,marker
196486,"9,21E+18",9,1,62,0,2021,6,15,6,3,0,1,0,1,0,0,0,0,0,"690441,512148","5330220,09389",11.557866712,48.096763864,0,1,#66c2a5,bicycle
196487,"9,21E+18",9,1,81,130,2021,6,17,4,3,2,6,0,0,1,0,1,0,0,"639539,391526","5324323,80624",10.872710201,48.056925795,0,2,#fc8d62,car
196492,"9,21E+18",9,1,62,0,2021,6,11,5,3,5,3,0,1,1,0,0,0,0,"694140,896675","5332694,66876",11.608627202,48.117888323,0,1,#66c2a5,bicycle
196499,"9,21E+18",9,1,77,118,2021,6,17,3,3,8,7,0,0,1,0,0,0,0,"705179,904201","5347405,71423",11.7638853,48.246627536,0,2,#fc8d62,car
196501,"9,21E+18",9,7,61,0,2021,6,19,4,2,2,6,0,0,1,0,1,0,0,"640711,622684","5359975,34694",10.900263957,48.377244255,0,2,#fc8d62,car
196503,"9,21E+18",9,1,62,0,2021,6,12,3,3,5,2,0,1,1,0,0,0,0,"690139,820855","5336035,54007",11.556412742,48.149123396,0,1,#66c2a5,bicycle
196508,"9,21E+18",9,1,62,0,2021,6,19,1,3,0,7,0,1,0,0,0,0,0,"692325,908391","5337672,44882",11.586513463,48.163178347,0,1,#66c2a5,bicycle
196509,"9,21E+18",9,1,62,0,2021,6,18,2,3,5,3,0,1,1,0,0,0,0,"691765,485655","5332726,77274",11.576757461,48.118896642,0,1,#66c2a5,bicycle
196510,"9,21E+18",9,1,62,0,2021,6,19,6,3,0,7,0,0,0,0,0,0,1,"690094,47081","5334926,63012",11.555308569,48.139170067,0,6,#ffd92f,circle
196512,"9,21E+18",9,1,79,145,2021,6,18,5,3,0,1,0,1,0,0,0,0,0,"674425,511096","5335722,81795",11.345198982,48.15081582,0,1,#66c2a5,bicycle
196515,"9,21E+18",9,1,74,115,2021,6,18,6,3,0,7,0,1,0,0,0,0,0,"680969,375952","5347059,04313",11.437935178,48.250885962,0,1,#66c2a5,bicycle
196516,"9,21E+18",9,7,61,0,2021,6,18,4,3,0,7,0,1,0,0,0,0,0,"640696,249597","5358560,36476",10.899583021,48.364524655,0,1,#66c2a5,bicycle
196518,"9,21E+18",9,1,84,119,2021,6,13,3,3,0,3,0,1,0,0,0,0,0,"696725,94422","5348074,76419",11.650446005,48.255320257,0,1,#66c2a5,bicycle
196519,"9,21E+18",9,7,61,0,2021,6,15,1,3,0,1,0,1,0,0,0,0,0,"644082,516799","5357392,33885",10.944875022,48.353258611,0,1,#66c2a5,bicycle
196521,"9,21E+18",9,1,62,0,2021,6,9,3,2,5,3,0,1,1,0,0,0,0,"690232,652001","5339011,287",11.558990379,48.175841513,0,1,#66c2a5,bicycle
196523,"9,21E+18",9,1,62,0,2021,6,13,2,3,5,2,0,1,1,0,0,0,0,"691564,177175","5332854,84447",11.574112848,48.120108332,0,1,#66c2a5,bicycle
196524,"9,21E+18",9,1,88,139,2021,6,0,7,3,4,6,2,1,0,0,0,0,0,"674820,151197","5318574,85834",11.343486454,47.996555647,0,1,#66c2a5,bicycle
196526,"9,21E+18",9,1,77,117,2021,6,9,5,3,2,6,0,1,0,0,0,0,1,"715079,393001","5351867,926",11.899332385,48.283440672,0,1,#66c2a5,bicycle
196529,"9,21E+18",9,7,71,130,2021,6,10,4,3,6,4,0,0,1,1,0,0,0,"646286,693845","5361654,36755",10.976092304,48.391072831,0,2,#fc8d62,car
196533,"9,21E+18",9,7,61,0,2021,6,16,4,3,5,1,0,1,1,0,0,0,0,"640717,916655","5355448,23726",10.898835083,48.33653655,0,1,#66c2a5,bicycle
196535,"9,21E+18",9,1,62,0,2021,6,23,6,3,0,1,2,1,0,0,0,0,0,"689690,958087","5333305,90467",11.549168441,48.124723304,0,1,#66c2a5,bicycle
196536,"9,21E+18",9,1,62,0,2021,6,19,3,3,3,6,0,1,0,0,0,0,0,"691746,735067","5337056,50943",11.578454967,48.157817336,0,1,#66c2a5,bicycle
196539,"9,21E+18",9,1,84,144,2021,6,7,7,2,0,7,0,1,0,0,0,0,0,"688528,017074","5315826,77367",11.525857794,47.967960477,0,1,#66c2a5,bicycle
196540,"9,21E+18",9,1,87,124,2021,6,8,2,3,5,3,0,0,1,0,0,0,0,"735453,068027","5327479,73187",12.160055965,48.057110234,0,2,#fc8d62,car
196541,"9,21E+18",9,7,61,0,2021,6,22,5,3,4,1,0,1,0,0,0,0,0,"641547,025622","5358539,28313",10.91105589,48.3641449,0,1,#66c2a5,bicycle
196543,"9,21E+18",9,2,61,0,2021,6,12,2,2,3,7,0,1,0,1,0,0,0,"733117,239055","5381670,79677",12.158676601,48.544774521,0,1,#66c2a5,bicycle
196545,"9,21E+18",9,7,72,125,2021,6,10,3,3,5,3,0,1,1,0,0,0,0,"636583,292879","5347265,45144",10.84042557,48.263863723,0,1,#66c2a5,bicycle
196546,"9,21E+18",9,1,62,0,2021,6,19,2,3,3,1,0,1,0,0,0,0,1,"691975,911033","5332311,55016",11.579395048,48.115101268,0,1,#66c2a5,bicycle
196548,"9,21E+18",9,1,88,120,2021,6,10,6,3,1,7,0,0,1,0,1,0,0,"677124,072917","5326939,02369",11.377802184,48.07111038,0,2,#fc8d62,car
196549,"9,21E+18",9,1,62,0,2021,6,14,4,3,5,3,0,0,1,0,0,0,1,"691796,000878","5332400,1469",11.577020151,48.115951774,0,2,#fc8d62,car
196550,"9,21E+18",9,2,61,0,2021,6,7,5,3,5,6,0,1,1,0,0,0,0,"732579,593182","5378820,09698",12.149812858,48.519366958,0,1,#66c2a5,bicycle
196551,"9,21E+18",9,1,62,0,2021,6,17,3,3,1,7,0,0,1,0,1,0,0,"687635,221048","5334651,33279",11.522162736,48.137425566,0,2,#fc8d62,car
196554,"9,21E+18",9,7,72,160,2021,6,11,4,3,5,3,0,0,1,0,0,0,0,"636921,694684","5342125,13322",10.84332106,48.217568195,0,2,#fc8d62,car
196558,"9,21E+18",9,7,71,130,2021,6,9,2,3,1,5,0,1,1,0,0,0,0,"648600,4223","5356197,53764",11.005399317,48.341469074,0,1,#66c2a5,bicycle
196561,"9,21E+18",9,1,87,130,2021,6,12,5,3,4,6,0,0,1,0,1,0,0,"713987,821898","5309506,8185",11.863407661,47.903165948,0,2,#fc8d62,car
196563,"9,21E+18",9,1,86,143,2021,6,9,1,3,0,1,0,1,0,0,0,0,0,"684897,359001","5378103,179",11.50446251,48.528777541,0,1,#66c2a5,bicycle
196568,"9,21E+18",9,1,90,157,2021,6,19,4,2,4,2,0,0,1,0,0,0,0,"659991,451614","5298952,95103",11.13757555,47.824016761,0,2,#fc8d62,car
196569,"9,21E+18",9,1,88,121,2021,6,13,2,3,5,3,0,1,0,0,0,0,1,"671674,252154","5330567,20234",11.306161916,48.105217044,0,1,#66c2a5,bicycle
196570,"9,21E+18",9,1,62,0,2021,6,0,6,3,0,1,2,1,0,0,0,0,0,"691811,69408","5334783,42431",11.57830339,48.137367639,0,1,#66c2a5,bicycle
196571,"9,21E+18",9,1,79,130,2021,6,15,4,3,5,3,0,1,1,0,0,0,0,"658284,114073","5337137,375",11.128863103,48.16775591,0,1,#66c2a5,bicycle
196572,"9,21E+18",9,1,75,132,2021,6,10,3,3,2,6,0,0,1,0,0,0,0,"705669,630487","5334933,77174",11.764434921,48.134391225,0,2,#fc8d62,car
196573,"9,21E+18",9,1,62,0,2021,6,7,3,3,0,1,0,1,0,0,0,0,0,"688624,242001","5334969,542",11.535584457,48.139993288,0,1,#66c2a5,bicycle
196575,"9,21E+18",9,1,62,0,2021,6,8,2,3,5,2,0,0,1,0,0,0,0,"685895,687172","5329876,93627",11.496722029,48.095021715,0,2,#fc8d62,car
196577,"9,21E+18",9,7,61,0,2021,6,15,2,3,5,3,0,0,1,0,0,1,0,"643441,891262","5359800,95742",10.937054119,48.375061469,0,2,#fc8d62,car
196580,"9,21E+18",9,1,62,0,2021,6,10,6,3,0,1,0,1,0,0,0,0,0,"697778,701986","5332038,39719",11.65714922,48.110870781,0,1,#66c2a5,bicycle
196581,"9,21E+18",9,1,62,0,2021,6,18,5,2,0,7,0,0,0,0,1,0,0,"679977,27291","5338523,47915",11.420960945,48.174443977,0,4,#e78ac3,marker
196582,"9,21E+18",9,1,62,0,2021,6,18,3,3,5,3,0,0,1,0,0,0,0,"700884,433816","5334530,6062",11.700001271,48.132296375,1,2,#fc8d62,car
196583,"9,21E+18",9,1,77,117,2021,6,14,3,3,2,6,0,0,1,0,0,0,0,"715923,22106","5356149,4154",11.912882044,48.321623006,0,2,#fc8d62,car
196588,"9,21E+18",9,1,79,123,2021,6,19,2,3,5,3,0,0,1,0,1,0,0,"675604,214673","5333353,96023",11.360056287,48.129197056,0,2,#fc8d62,car
196589,"9,21E+18",9,7,61,0,2021,6,8,6,3,0,4,0,1,0,1,0,0,0,"636822,808199","5362129,48529",10.848477184,48.397469304,0,1,#66c2a5,bicycle
196591,"9,21E+18",9,1,62,0,2021,6,15,2,3,2,3,0,1,1,0,0,0,0,"686773,963518","5336995,2504",11.511625809,48.158746777,0,1,#66c2a5,bicycle
196592,"9,21E+18",9,7,72,163,2021,6,21,7,3,0,7,0,1,0,0,0,0,0,"640062,871266","5347643,4144",10.88741109,48.266502538,0,1,#66c2a5,bicycle
196593,"9,21E+18",9,1,79,121,2021,6,13,6,3,4,2,0,1,1,0,0,0,0,"665510,802524","5338307,60661",11.226440543,48.176435835,0,1,#66c2a5,bicycle
196596,"9,21E+18",9,1,62,0,2021,6,16,3,2,0,6,0,1,0,0,0,0,0,"688558,923284","5340807,91511",11.537295925,48.192488544,0,1,#66c2a5,bicycle
196599,"9,21E+18",9,1,62,0,2021,6,17,4,3,1,5,0,1,1,0,0,0,0,"692353,74298","5337001,33571",11.58658396,48.157138126,0,1,#66c2a5,bicycle
196601,"9,21E+18",9,7,78,203,2021,6,15,1,3,5,2,0,0,1,0,1,0,0,"622131,203768","5323790,43666",10.639034746,48.055698848,1,2,#fc8d62,car
196605,"9,21E+18",9,1,62,0,2021,6,16,5,3,4,2,0,0,1,0,1,0,0,"689662,819001","5332372,557",11.548375467,48.116342678,0,2,#fc8d62,car
196608,"9,21E+18",9,1,63,0,2021,6,7,3,3,5,3,0,0,1,0,1,0,0,"732475,225343","5305733,89647",12.108398382,47.862838494,0,2,#fc8d62,car
196610,"9,21E+18",9,7,61,0,2021,6,11,2,2,0,1,0,1,0,0,0,0,0,"641490,07764","5351833,73132",10.90803571,48.303863616,0,1,#66c2a5,bicycle
196611,"9,21E+18",9,7,61,0,2021,6,21,5,3,6,7,0,0,1,1,0,0,0,"642201,444073","5360014,18741",10.92038495,48.377259491,0,2,#fc8d62,car
196616,"9,21E+18",9,1,78,124,2021,6,21,3,3,0,1,0,1,0,0,0,0,0,"703087,102001","5364460,804",11.743942221,48.400564931,0,1,#66c2a5,bicycle
196617,"9,21E+18",9,1,79,126,2021,6,15,1,3,0,7,0,1,0,0,0,0,0,"676969,911478","5341182,53706",11.381651838,48.199191133,0,1,#66c2a5,bicycle
196618,"9,21E+18",9,1,88,144,2021,6,11,6,3,5,3,0,1,1,0,0,0,0,"667204,834257","5327209,49062",11.244856246,48.076219602,0,1,#66c2a5,bicycle
196621,"9,21E+18",9,1,77,117,2021,6,16,4,3,0,7,0,1,0,0,0,0,0,"715765,343714","5354506,89703",11.909915057,48.306918748,0,1,#66c2a5,bicycle
196622,"9,21E+18",9,1,62,0,2021,6,16,1,2,0,7,0,1,0,1,0,0,0,"682786,13335","5340288,28145",11.459467629,48.189505432,0,1,#66c2a5,bicycle
196623,"9,21E+18",9,7,72,177,2021,6,15,6,3,5,3,0,0,1,0,0,0,0,"636654,649219","5379795,22131",10.851981139,48.556351594,0,2,#fc8d62,car
196624,"9,21E+18",9,1,62,0,2021,6,20,3,3,0,1,0,1,0,0,0,0,0,"692140,267996","5332717,90673",11.581784128,48.118703979,1,1,#66c2a5,bicycle
196625,"9,21E+18",9,1,62,0,2021,6,3,1,3,0,1,2,1,0,0,0,0,0,"691438,63264","5340366,08796",11.57580653,48.187656055,0,1,#66c2a5,bicycle
196626,"9,21E+18",9,1,62,0,2021,6,9,2,2,5,3,0,1,1,0,0,0,0,"690164,528984","5333908,77433",11.555794987,48.130000634,0,1,#66c2a5,bicycle
196628,"9,21E+18",9,1,62,0,2021,6,15,5,3,0,7,0,1,0,0,0,0,0,"690537,049204","5336914,36966",11.562141366,48.156903404,0,1,#66c2a5,bicycle
196629,"9,21E+18",9,1,62,0,2021,6,11,4,3,5,3,0,1,1,0,0,0,0,"696589,165096","5329646,6509",11.640083862,48.089743297,0,1,#66c2a5,bicycle
196630,"9,21E+18",9,1,84,112,2021,6,20,4,3,2,6,0,0,1,0,1,0,0,"702977,397994","5339391,21156",11.730417173,48.175313314,0,2,#fc8d62,car
196634,"9,21E+18",9,1,62,0,2021,6,7,4,3,3,6,0,1,0,0,0,0,0,"684151,589853","5331562,83338",11.47404772,48.110681986,0,1,#66c2a5,bicycle
196637,"9,21E+18",9,1,84,130,2021,6,13,3,3,5,3,0,1,0,0,0,0,1,"702035,526497","5347098,6201",11.721432301,48.244877675,0,1,#66c2a5,bicycle
196639,"9,21E+18",9,7,61,0,2021,6,19,6,3,0,1,0,1,0,0,0,0,0,"641038,438351","5352693,57552",10.90223612,48.311695967,0,1,#66c2a5,bicycle
196640,"9,21E+18",9,1,62,0,2021,6,17,3,3,5,3,0,1,0,0,1,0,0,"690252,303254","5340220,30439",11.559795761,48.186702175,0,1,#66c2a5,bicycle
196641,"9,21E+18",9,1,62,0,2021,6,13,2,3,5,3,0,1,1,0,0,0,0,"688538,290714","5334407,08204",11.534181261,48.134963282,0,1,#66c2a5,bicycle
196642,"9,21E+18",9,7,61,0,2021,6,19,7,3,5,3,0,0,1,0,0,0,1,"644308,926511","5357685,38091",10.948029819,48.355841778,0,2,#fc8d62,car
196643,"9,21E+18",9,1,62,0,2021,6,15,5,3,5,2,0,0,1,0,1,0,0,"689077,654842","5334931,44533",11.54165634,48.139516301,0,2,#fc8d62,car
196644,"9,21E+18",9,7,61,0,2021,6,11,4,3,2,6,0,0,1,0,0,0,0,"640257,828081","5358577,75261",10.893672923,48.364778567,0,2,#fc8d62,car
196650,"9,21E+18",9,1,62,0,2021,6,7,1,3,0,7,0,1,0,0,0,0,0,"690439,744425","5335578,16451",11.560236415,48.144922799,0,1,#66c2a5,bicycle
196656,"9,21E+18",9,1,62,0,2021,6,15,2,3,5,3,0,1,1,0,0,0,0,"693008,582851","5335319,25416",11.594617555,48.141821647,0,1,#66c2a5,bicycle
196662,"9,21E+18",9,1,77,117,2021,6,9,2,3,5,3,0,0,1,0,1,0,0,"714368,649001","5354745,977",11.891225003,48.309541737,0,2,#fc8d62,car
196663,"9,21E+18",9,1,62,0,2021,6,14,6,3,5,2,0,1,1,0,0,0,0,"693440,378822","5340444,25116",11.602746925,48.18775216,0,1,#66c2a5,bicycle
196664,"9,21E+18",9,1,62,0,2021,6,15,3,3,0,1,0,0,0,0,1,0,0,"687523,400428","5334764,92664",11.520711182,48.138479538,1,4,#e78ac3,marker
196667,"9,21E+18",9,1,79,123,2021,6,9,6,3,5,3,0,1,0,0,0,0,1,"675531,565275","5332493,73182",11.358726483,48.121484196,0,1,#66c2a5,bicycle
196668,"9,21E+18",9,1,62,0,2021,6,14,4,3,2,6,0,1,1,0,0,0,0,"684256,02838","5329408,38945",11.474519339,48.091286295,0,1,#66c2a5,bicycle
196671,"9,21E+18",9,1,62,0,2021,6,17,1,3,2,6,0,1,1,0,0,0,0,"691987,346053","5335149,98238",11.580827226,48.140609232,0,1,#66c2a5,bicycle
196674,"9,21E+18",9,1,62,0,2021,6,16,1,3,1,7,0,1,1,0,0,0,0,"696452,933976","5332625,79864",11.639627807,48.116560301,0,1,#66c2a5,bicycle
196675,"9,21E+18",9,1,62,0,2021,6,17,2,3,3,6,0,0,1,0,0,0,0,"695096,130953","5334999,02862",11.622503477,48.138306946,0,2,#fc8d62,car
196676,"9,21E+18",9,1,90,139,2021,6,12,7,3,0,7,0,1,0,0,0,0,0,"654434,227537","5295317,25541",11.062083581,47.792684016,0,1,#66c2a5,bicycle
196678,"9,21E+18",9,1,90,157,2021,6,10,5,3,3,2,0,1,0,0,0,0,0,"659772,945913","5301589,80388",11.135631382,47.847779514,0,1,#66c2a5,bicycle
196680,"9,21E+18",9,1,82,123,2021,6,17,1,2,8,1,0,1,0,0,0,0,0,"719755,752288","5300537,12986",11.935927365,47.820618764,0,1,#66c2a5,bicycle
196681,"9,21E+18",9,7,72,184,2021,6,17,4,3,0,7,0,1,0,0,0,0,0,"634328,237628","5359183,50629",10.813851443,48.371515261,0,1,#66c2a5,bicycle
196684,"9,21E+18",9,1,62,0,2021,6,16,2,3,5,2,0,1,1,0,0,0,0,"690683,689526","5338155,11146",11.564667384,48.168011126,0,1,#66c2a5,bicycle
196687,"9,21E+18",9,1,62,0,2021,6,14,6,3,0,7,0,1,1,0,0,0,0,"691681,498144","5335539,21381",11.576895328,48.144199797,0,1,#66c2a5,bicycle
196688,"9,21E+18",9,1,77,115,2021,6,16,4,2,2,6,0,0,1,0,1,0,0,"731384,202328","5351466,36329",12.118579801,48.274085612,0,2,#fc8d62,car
196689,"9,21E+18",9,1,87,182,2021,6,6,3,3,0,7,0,0,0,0,1,0,0,"736640,427733","5325990,58057",12.175143159,48.043293651,0,4,#e78ac3,marker
196697,"9,21E+18",9,7,77,151,2021,6,19,2,3,0,1,0,1,0,0,0,0,0,"619877,931945","5292439,20254",10.60008858,47.774159794,0,1,#66c2a5,bicycle