OBJECTID,UIDENTSTLA,ULAND,UREGBEZ,UKREIS,UGEMEINDE,UJAHR,UMONAT,USTUNDE,UWOCHENTAG,UKATEGORIE,UART,UTYP1,ULICHTVERH,IstRad,IstPKW,IstFuss,IstKrad,IstGkfz,IstSonstig,LINREFX,LINREFY,XGCSWGS84,YGCSWGS84,STRZUSTAN,Teilnehmer,color,symbol
196698,"9,21E+18",9,7,71,146,2021,6,18,4,3,5,3,0,0,1,0,0,0,0,"646662,828323","5348568,40027",10.97661563,48.273325717,0,2,#fc8d62,car
196700,"9,21E+18",9,1,62,0,2021,6,13,6,2,3,2,0,1,1,0,0,0,0,"691149,838913","5335046,13195",11.569534031,48.139927984,0,1,#66c2a5,bicycle
196701,"9,21E+18",9,1,62,0,2021,6,22,5,3,3,6,2,0,1,0,0,0,0,"692234,227416","5338847,40361",11.58581295,48.173766275,0,2,#fc8d62,car
196703,"9,21E+18",9,1,62,0,2021,6,19,4,3,4,2,0,1,1,0,0,0,0,"691712,311595","5338079,65415",11.578453683,48.167023547,0,1,#66c2a5,bicycle
196705,"9,21E+18",9,1,62,0,2021,6,23,2,3,3,2,2,0,1,0,1,0,0,"679583,818494","5335400,71415",11.414354992,48.146484955,1,2,#fc8d62,car
196707,"9,21E+18",9,1,62,0,2021,6,15,7,3,0,6,0,1,0,0,0,0,0,"692967,568001","5338640,61853",11.59557304,48.171685526,0,1,#66c2a5,bicycle
196708,"9,21E+18",9,1,62,0,2021,6,18,4,3,4,6,0,1,1,0,0,0,0,"692487,663505","5337240,44059",11.58849106,48.159246618,0,1,#66c2a5,bicycle
196710,"9,21E+18",9,1,84,147,2021,6,7,5,3,0,1,0,1,0,0,0,0,0,"696373,505351","5340263,0882",11.642085278,48.185224067,0,1,#66c2a5,bicycle
196712,"9,21E+18",9,1,74,126,2021,6,14,2,3,0,1,0,1,0,0,0,0,0,"683186,714001","5343901,525",11.466412217,48.221867757,0,1,#66c2a5,bicycle
196713,"9,21E+18",9,1,62,0,2021,6,15,6,3,3,5,0,1,1,0,0,0,0,"687842,850127","5336782,98376",11.5258914,48.15652403,0,1,#66c2a5,bicycle
196714,"9,21E+18",9,1,86,152,2021,6,5,4,3,0,1,0,1,0,0,0,0,0,"692331,281279","5375656,13661",11.603921787,48.504552174,1,1,#66c2a5,bicycle
196715,"9,21E+18",9,1,63,0,2021,6,13,3,3,0,7,0,1,0,0,0,0,0,"732498,143878","5304629,06142",12.108110476,47.852904192,0,1,#66c2a5,bicycle
196717,"9,21E+18",9,1,78,116,2021,6,21,6,3,0,1,1,1,0,0,0,0,0,"696866,599465","5378630,31644",11.666659222,48.529875274,0,1,#66c2a5,bicycle
196718,"9,21E+18",9,7,72,125,2021,6,18,4,3,0,1,0,0,0,0,1,0,0,"635800,809426","5347743,57147",10.830040935,48.268331292,0,4,#e78ac3,marker
196720,"9,21E+18",9,1,62,0,2021,6,18,3,3,5,3,0,1,0,0,0,0,0,"687120,416294","5332477,02889",11.514295046,48.118033836,0,1,#66c2a5,bicycle
196722,"9,21E+18",9,7,61,0,2021,6,17,6,3,0,1,0,1,0,0,0,0,0,"644279,931088","5358744,60596",10.948001876,48.365372336,0,1,#66c2a5,bicycle
196723,"9,21E+18",9,1,62,0,2021,6,19,3,3,5,3,0,0,1,0,0,0,0,"687387,363169","5336849,62333",11.519802044,48.157257382,0,2,#fc8d62,car
196724,"9,21E+18",9,7,71,142,2021,6,15,1,3,0,7,0,1,0,0,0,0,0,"645345,150154","5351928,54487",10.960023969,48.30384214,0,1,#66c2a5,bicycle
196725,"9,21E+18",9,1,62,0,2021,6,12,2,3,1,5,0,1,1,0,0,0,0,"684744,365915","5334044,15905",11.483079151,48.132813824,0,1,#66c2a5,bicycle
196726,"9,21E+18",9,1,62,0,2021,6,10,6,3,3,7,0,0,1,0,1,0,0,"690429,704189","5334741,80482",11.559727585,48.137408625,0,2,#fc8d62,car
196728,"9,21E+18",9,1,63,0,2021,6,17,5,3,3,2,0,1,0,0,0,0,0,"734011,455882","5301756,46793",12.126757254,47.826547616,0,1,#66c2a5,bicycle
196729,"9,21E+18",9,7,61,0,2021,6,19,3,3,1,7,0,1,1,0,0,0,0,"641109,380517","5353157,38583",10.903347553,48.315850596,0,1,#66c2a5,bicycle
196731,"9,21E+18",9,7,61,0,2021,6,13,4,3,0,7,0,1,0,0,0,0,0,"637563,51642","5361208,8398",10.858177143,48.389029847,0,1,#66c2a5,bicycle
196732,"9,21E+18",9,1,79,142,2021,6,9,3,3,8,1,0,1,0,0,0,0,0,"674314,913545","5342959,87643",11.346682535,48.215902616,0,1,#66c2a5,bicycle
196735,"9,21E+18",9,7,61,0,2021,6,4,4,3,0,1,1,1,0,0,0,0,0,"640632,224","5358804,76",10.898800798,48.366736443,0,1,#66c2a5,bicycle
196737,"9,21E+18",9,1,62,0,2021,6,20,6,3,5,6,2,1,0,0,0,0,0,"685234,659849","5328414,41783",11.487218276,48.082068259,0,1,#66c2a5,bicycle
196738,"9,21E+18",9,1,62,0,2021,6,15,3,3,0,1,0,1,0,0,0,0,0,"691217,750999","5334045,87664",11.569996998,48.130917374,1,1,#66c2a5,bicycle
196739,"9,21E+18",9,1,79,142,2021,6,21,6,3,9,3,2,0,1,0,1,0,0,"676520,76411","5345123,13632",11.377252871,48.234738589,0,2,#fc8d62,car
196742,"9,21E+18",9,1,62,0,2021,6,15,5,3,6,4,0,1,0,1,0,0,0,"688054,486484","5337516,08545",11.529058425,48.163050717,0,1,#66c2a5,bicycle
196743,"9,21E+18",9,1,84,123,2021,6,15,4,3,6,4,0,0,1,1,0,0,0,"702831,169101","5332050,34665",11.724955991,48.109389383,0,2,#fc8d62,car
196745,"9,21E+18",9,7,61,0,2021,6,12,5,3,5,3,0,1,1,0,0,0,0,"641014,975791","5359300,31999",10.904131877,48.371106943,0,1,#66c2a5,bicycle
196750,"9,21E+18",9,1,84,127,2021,6,18,2,3,5,3,0,1,1,0,0,0,0,"701362,414013","5322735,85807",11.700860157,48.026145532,0,1,#66c2a5,bicycle
196752,"9,21E+18",9,1,62,0,2021,6,6,4,3,5,3,1,0,1,0,1,0,0,"689421,802968","5332588,75142",11.545236446,48.118357594,1,2,#fc8d62,car
196753,"9,21E+18",9,1,62,0,2021,6,10,4,2,3,3,0,1,1,0,0,0,0,"687082,628454","5329853,97443",11.512637659,48.094467996,0,1,#66c2a5,bicycle
196754,"9,21E+18",9,1,81,130,2021,6,14,4,3,8,7,0,1,0,0,0,0,0,"639637,621684","5323274,02878",10.873685183,48.047464404,0,1,#66c2a5,bicycle
196755,"9,21E+18",9,1,62,0,2021,6,18,1,3,4,2,0,1,1,0,0,0,0,"696785,572337","5335238,0529",11.645298572,48.139934948,0,1,#66c2a5,bicycle
196757,"9,21E+18",9,1,62,0,2021,6,0,4,3,0,7,2,1,0,0,0,0,0,"691528,045377","5336751,78554",11.575380127,48.15514443,0,1,#66c2a5,bicycle
196762,"9,21E+18",9,1,62,0,2021,6,17,3,3,0,1,0,0,0,0,0,0,1,"692017,104907","5334581,33876",11.580970491,48.13548938,0,6,#ffd92f,circle
196765,"9,21E+18",9,1,62,0,2021,6,11,4,3,1,3,0,1,1,0,0,0,0,"688424,635921","5335926,87129",11.533327623,48.148657054,0,1,#66c2a5,bicycle
196767,"9,21E+18",9,1,62,0,2021,6,18,3,3,5,2,0,1,1,0,0,0,0,"690304,188494","5333574,57426",11.557520819,48.1269551,0,1,#66c2a5,bicycle
196768,"9,21E+18",9,7,61,0,2021,6,18,1,3,6,7,0,1,0,1,0,0,0,"640322,019129","5358775,81095",10.894605172,48.36654518,0,1,#66c2a5,bicycle
196770,"9,21E+18",9,1,62,0,2021,6,14,4,3,2,6,0,0,1,0,0,0,0,"692388,793747","5333952,21665",11.58567714,48.129722698,0,2,#fc8d62,car
196776,"9,21E+18",9,1,62,0,2021,6,19,4,3,0,7,0,1,0,0,0,0,0,"691077,389001","5340001,372",11.570787036,48.184486813,0,1,#66c2a5,bicycle
196778,"9,21E+18",9,1,90,130,2021,6,13,1,3,0,7,0,1,0,0,0,0,0,"652268,61504","5296011,25915",11.033429743,47.799440082,0,1,#66c2a5,bicycle
196779,"9,21E+18",9,1,73,126,2021,6,18,6,3,3,6,0,1,1,0,0,0,0,"685140,141706","5304904,32264",11.475820463,47.870768636,0,1,#66c2a5,bicycle
196780,"9,21E+18",9,1,84,149,2021,6,9,2,3,2,6,0,1,1,0,0,0,0,"691305,253779","5350935,19058",11.578786063,48.282688276,0,1,#66c2a5,bicycle
196783,"9,21E+18",9,7,72,184,2021,6,9,5,3,5,3,0,0,1,0,0,0,0,"635776,116141","5361591,73102",10.834170063,48.39286011,0,2,#fc8d62,car
196786,"9,21E+18",9,1,62,0,2021,6,17,6,3,1,4,0,1,1,1,0,0,0,"686979,556483","5331446,58006",11.511952477,48.108813178,0,1,#66c2a5,bicycle
196787,"9,21E+18",9,1,81,130,2021,6,16,4,3,0,1,0,1,0,0,0,0,0,"639840,729","5323479,301",10.876476079,48.049265803,0,1,#66c2a5,bicycle
196789,"9,21E+18",9,1,62,0,2021,6,15,7,2,6,4,0,0,1,1,0,0,0,"688558,751506","5335679,43441",11.535019351,48.146393316,0,2,#fc8d62,car
196790,"9,21E+18",9,1,62,0,2021,6,13,4,2,1,5,0,1,1,0,0,0,0,"695768,45944","5332770,5324",11.630507422,48.118071879,0,1,#66c2a5,bicycle
196793,"9,21E+18",9,1,62,0,2021,6,8,3,3,5,3,0,0,1,0,0,0,0,"686257,992827","5331758,8323",11.502404671,48.111831231,0,2,#fc8d62,car
196794,"9,21E+18",9,1,62,0,2021,6,14,1,3,0,7,0,1,0,0,0,0,0,"698344,347231","5331702,08995",11.664583773,48.107672411,0,1,#66c2a5,bicycle
196797,"9,21E+18",9,1,62,0,2021,6,6,2,2,4,2,0,0,1,0,1,0,0,"691296,561805","5336620,88541",11.572211898,48.154037589,0,2,#fc8d62,car
196798,"9,21E+18",9,7,72,163,2021,6,21,7,3,0,1,2,1,0,0,0,0,0,"640702,155929","5350269,43035",10.896895103,48.289973505,0,1,#66c2a5,bicycle
196799,"9,21E+18",9,1,62,0,2021,6,23,4,3,5,3,2,0,1,0,0,0,1,"688411,058571","5341607,31192",11.53566298,48.199717451,1,2,#fc8d62,car
196800,"9,21E+18",9,1,81,130,2021,6,11,5,3,5,3,0,1,1,0,0,0,0,"639106,895377","5324756,73845",10.867049823,48.060913294,0,1,#66c2a5,bicycle
196801,"9,21E+18",9,7,71,130,2021,6,16,3,3,0,6,0,0,1,0,0,0,1,"646290,003857","5356939,31288",10.974496744,48.348677816,0,2,#fc8d62,car
196809,"9,21E+18",9,1,62,0,2021,6,18,6,3,4,7,0,0,1,0,0,0,0,"685753,200304","5333785,26113",11.496512329,48.130193103,0,2,#fc8d62,car
196812,"9,21E+18",9,1,88,144,2021,6,19,3,3,0,1,0,1,0,0,0,0,0,"668436,694","5326828,345",11.261231415,48.072468888,1,1,#66c2a5,bicycle
196815,"9,21E+18",9,1,62,0,2021,6,8,2,3,5,3,0,1,1,0,0,0,0,"694711,808513","5334131,713",11.616946563,48.130629591,0,1,#66c2a5,bicycle
196816,"9,21E+18",9,7,61,0,2021,6,18,5,3,5,2,0,1,0,0,0,0,1,"641506,069","5358207,778",10.910391738,48.361173317,0,1,#66c2a5,bicycle
196819,"9,21E+18",9,7,61,0,2021,6,14,1,3,6,1,0,0,1,1,0,0,0,"641762,833551","5352137,92008",10.911813963,48.306537722,0,2,#fc8d62,car
196822,"9,21E+18",9,1,62,0,2021,6,16,6,3,6,7,0,0,1,1,0,0,0,"688729,532858","5334158,67266",11.536639129,48.132673857,0,2,#fc8d62,car
196824,"9,21E+18",9,7,61,0,2021,6,14,3,3,5,3,0,1,1,0,0,0,0,"638622,177348","5358204,14669",10.871478606,48.361780487,0,1,#66c2a5,bicycle
196826,"9,21E+18",9,1,62,0,2021,6,9,2,3,3,2,0,1,1,0,0,0,0,"692743,450035","5330743,97555",11.588988637,48.100780361,0,1,#66c2a5,bicycle
196831,"9,21E+18",9,1,78,130,2021,6,14,2,3,5,3,0,0,1,0,0,0,0,"702772,12885","5356609,61479",11.735907425,48.330112918,0,2,#fc8d62,car
196832,"9,21E+18",9,1,62,0,2021,6,17,6,3,5,3,0,0,1,0,0,0,0,"682053,666376","5338488,06338",11.448850025,48.173534221,0,2,#fc8d62,car
196833,"9,21E+18",9,1,62,0,2021,6,0,3,3,7,1,2,1,0,0,0,0,0,"692366,570931","5333914,77019",11.58536188,48.129392853,1,1,#66c2a5,bicycle
196834,"9,21E+18",9,1,62,0,2021,6,17,2,3,5,3,0,0,1,0,0,0,0,"686656,955352","5337516,15334",11.510282486,48.163463161,0,2,#fc8d62,car
196835,"9,21E+18",9,1,88,132,2021,6,9,1,2,5,3,0,1,1,0,0,0,0,"663012,06111","5322002,80617",11.186624344,48.030494345,0,1,#66c2a5,bicycle
196838,"9,21E+18",9,1,62,0,2021,6,11,3,3,5,3,0,1,0,0,0,0,0,"695420,168453","5336437,38029",11.627514633,48.15113469,0,1,#66c2a5,bicycle
196841,"9,21E+18",9,1,62,0,2021,6,15,3,3,0,1,0,0,0,0,1,0,0,"691452,858508","5334202,34727",11.573223885,48.132253041,1,4,#e78ac3,marker
196842,"9,21E+18",9,1,63,0,2021,6,17,2,3,2,6,0,0,1,0,0,0,0,"733920,70953","5304175,58952",12.126853454,47.848314089,0,2,#fc8d62,car
196843,"9,21E+18",9,7,77,152,2021,6,7,2,3,5,3,0,0,1,0,0,0,0,"625037,321804","5305194,47483",10.672607769,47.887895408,0,2,#fc8d62,car
196846,"9,21E+18",9,1,88,120,2021,6,17,5,3,3,6,0,1,0,0,0,0,1,"676141,682608","5326817,2305",11.364575574,48.070287594,0,1,#66c2a5,bicycle
196855,"9,21E+18",9,1,62,0,2021,6,21,6,3,3,2,2,1,1,0,0,0,0,"693615,248871","5334676,33762",11.602472004,48.135859004,0,1,#66c2a5,bicycle
196856,"9,21E+18",9,1,62,0,2021,6,16,5,3,5,3,0,1,1,0,0,0,0,"694810,560573","5340414,02215",11.621148954,48.187061768,0,1,#66c2a5,bicycle
196859,"9,21E+18",9,1,84,135,2021,6,18,2,3,8,6,0,1,0,0,0,0,0,"690562,417772","5344801,32835",11.566021236,48.227782714,0,1,#66c2a5,bicycle
196861,"9,21E+18",9,1,62,0,2021,6,23,7,3,3,5,2,1,1,0,0,0,0,"686730,774001","5337304,887",11.511181512,48.161542564,0,1,#66c2a5,bicycle
196863,"9,21E+18",9,1,62,0,2021,6,7,5,3,4,4,0,1,0,1,0,0,0,"690358,794601","5343126,81401",11.562530452,48.212793601,0,1,#66c2a5,bicycle
196865,"9,21E+18",9,1,79,121,2021,6,21,2,2,3,6,2,1,0,0,0,0,0,"668038,609642","5339080,27374",11.260722724,48.182718611,0,1,#66c2a5,bicycle
196866,"9,21E+18",9,1,62,0,2021,6,21,6,2,5,3,2,1,1,0,0,0,0,"692551,988587","5335439,34125",11.588540357,48.143039305,0,1,#66c2a5,bicycle
196867,"9,21E+18",9,1,82,120,2021,6,13,4,3,0,7,0,1,0,0,0,0,0,"701488,421128","5306176,32547",11.694794054,47.877280786,0,1,#66c2a5,bicycle
196870,"9,21E+18",9,1,79,123,2021,6,10,6,3,5,3,0,1,1,0,0,0,0,"675398,435051","5333745,01043",11.357454093,48.132769084,0,1,#66c2a5,bicycle
196876,"9,21E+18",9,7,61,0,2021,6,9,3,3,4,6,0,1,1,1,0,0,0,"640564,333271","5359175,84965",10.8980087,48.370088279,0,1,#66c2a5,bicycle
196878,"9,21E+18",9,1,84,146,2021,6,16,6,2,0,7,0,1,0,0,0,0,0,"700161,878808","5328154,93522",11.68731033,48.075225186,0,1,#66c2a5,bicycle
196882,"9,21E+18",9,1,79,145,2021,6,9,6,3,5,3,0,1,1,0,0,0,0,"675653,668725","5338122,49527",11.362688318,48.172049193,0,1,#66c2a5,bicycle
196885,"9,21E+18",9,1,62,0,2021,6,15,3,3,0,5,0,1,1,0,0,0,0,"692761,754259","5334073,7737",11.590739354,48.130702391,0,1,#66c2a5,bicycle
196888,"9,21E+18",9,1,62,0,2021,6,15,3,3,0,3,0,0,0,0,0,0,1,"688591,554572","5342064,2266",11.538292663,48.203770632,0,6,#ffd92f,circle
196890,"9,21E+18",9,1,62,0,2021,6,13,2,3,5,3,0,1,1,0,0,0,0,"693731,925596","5332131,96519",11.602882213,48.112955458,0,1,#66c2a5,bicycle
196893,"9,21E+18",9,1,79,123,2021,6,16,5,3,5,2,0,1,1,0,0,0,0,"675039,478071","5331631,49993",11.351765824,48.113868714,0,1,#66c2a5,bicycle
196894,"9,21E+18",9,7,61,0,2021,6,13,3,2,4,7,0,0,1,0,1,0,0,"638483,078877","5359856,49367",10.870145862,48.376668604,0,2,#fc8d62,car
196895,"9,21E+18",9,1,73,123,2021,6,12,1,2,0,1,0,1,0,0,0,0,0,"682398,824744","5301288,48993",11.437671469,47.839049333,0,1,#66c2a5,bicycle
196897,"9,21E+18",9,1,90,159,2021,6,7,3,3,1,5,0,0,0,0,1,0,1,"662984,312822","5305072,61351",11.179837888,47.878286798,0,4,#e78ac3,marker
196908,"9,21E+18",9,1,84,131,2021,6,7,5,3,5,3,0,0,1,0,0,0,0,"704469,555303","5338262,85514",11.749922923,48.164694984,0,2,#fc8d62,car
196910,"9,21E+18",9,7,71,158,2021,6,9,5,3,0,1,0,1,0,0,0,0,0,"642740,388566","5371615,90477",10.931609812,48.481453527,0,1,#66c2a5,bicycle
196911,"9,21E+18",9,1,63,0,2021,6,18,4,3,1,7,0,1,1,0,0,0,0,"733606,168858","5306175,95432",12.123735748,47.866399795,0,1,#66c2a5,bicycle
196912,"9,21E+18",9,1,62,0,2021,6,14,1,3,1,6,0,1,0,0,1,0,0,"681413,17951","5339269,12707",11.440576187,48.180738146,0,1,#66c2a5,bicycle
196915,"9,21E+18",9,1,87,129,2021,6,14,3,3,0,6,0,1,0,0,0,0,0,"723498,145002","5298785,16199",11.984952955,47.803587987,0,1,#66c2a5,bicycle
196917,"9,21E+18",9,1,88,121,2021,6,11,6,3,0,1,0,1,0,0,0,0,0,"670899,57267","5331056,77609",11.295960171,48.109826504,0,1,#66c2a5,bicycle
196920,"9,21E+18",9,1,78,124,2021,6,11,4,3,0,1,0,1,0,0,0,0,0,"702797,655732","5364728,23564",11.740165295,48.403061297,0,1,#66c2a5,bicycle
196925,"9,21E+18",9,1,62,0,2021,6,16,1,3,4,5,0,1,1,0,0,0,0,"691915,156001","5333492,15",11.579111037,48.125730662,0,1,#66c2a5,bicycle
196927,"9,21E+18",9,1,87,117,2021,6,18,7,3,0,7,0,1,0,0,0,0,0,"724753,772002","5304831,83599",12.004836294,47.857480774,0,1,#66c2a5,bicycle
196928,"9,21E+18",9,1,62,0,2021,6,12,5,3,0,7,0,0,0,0,0,0,1,"690642,296773","5335216,91294",11.562794929,48.141615223,0,6,#ffd92f,circle
196933,"9,21E+18",9,1,62,0,2021,6,19,2,3,6,4,0,0,0,1,0,0,1,"686209,192969","5335299,75745",11.503296863,48.143672732,0,3,#8da0cb,toilet
196935,"9,21E+18",9,7,77,152,2021,6,22,2,3,7,7,2,0,0,0,1,0,0,"624530,592586","5306818,36583",10.666300922,47.902598463,1,4,#e78ac3,marker
196936,"9,21E+18",9,1,84,130,2021,6,10,5,3,5,3,0,1,1,0,0,0,0,"699380,014001","5344767,521",11.684606485,48.22476894,0,1,#66c2a5,bicycle
196938,"9,21E+18",9,1,62,0,2021,6,9,6,3,3,6,0,1,0,0,0,0,0,"688591,441826","5333645,81952",11.534558002,48.12810518,0,1,#66c2a5,bicycle
196939,"9,21E+18",9,1,62,0,2021,6,15,3,3,5,3,0,1,0,0,0,0,0,"686771,643072","5341813,46339",11.513712336,48.202054723,0,1,#66c2a5,bicycle
196940,"9,21E+18",9,1,62,0,2021,6,10,2,3,2,6,0,0,1,0,1,0,0,"691218,094001","5334768,718",11.570326047,48.137414106,0,2,#fc8d62,car
196941,"9,21E+18",9,1,84,145,2021,6,16,6,3,0,4,0,0,1,1,0,0,0,"694905,598362","5324745,21598",11.615264707,48.046207737,0,2,#fc8d62,car
196949,"9,21E+18",9,1,62,0,2021,6,17,2,3,5,2,0,0,1,0,1,0,0,"686250,940597","5333334,01327",11.502998101,48.125991662,0,2,#fc8d62,car
196952,"9,21E+18",9,1,62,0,2021,6,12,6,3,9,2,0,0,1,0,0,0,0,"692932,302343","5338568,47605",11.595066455,48.171047838,0,2,#fc8d62,car
196953,"9,21E+18",9,1,62,0,2021,6,12,3,3,0,1,0,0,0,0,0,0,1,"691891,561666","5331434,84581",11.577868522,48.107246964,0,6,#ffd92f,circle
196956,"9,21E+18",9,1,62,0,2021,6,8,7,3,3,2,0,0,1,0,1,0,0,"686628,344377","5336468,24083",11.509438408,48.154052612,0,2,#fc8d62,car
196963,"9,21E+18",9,1,87,167,2021,6,20,3,3,0,1,0,1,0,0,0,0,0,"743967,869366","5302160,54053",12.259799952,47.826479316,0,1,#66c2a5,bicycle
196965,"9,21E+18",9,1,62,0,2021,6,7,4,3,2,6,0,0,1,0,0,0,0,"686215,718011","5333937,87789",11.502789095,48.131429738,0,2,#fc8d62,car
196967,"9,21E+18",9,1,62,0,2021,6,9,3,2,3,6,0,1,1,0,0,0,0,"688671,415068","5337885,633",11.537510719,48.16618947,0,1,#66c2a5,bicycle
196973,"9,21E+18",9,7,71,146,2021,6,4,2,3,5,3,1,0,1,0,0,0,0,"646248,263","5349327,002",10.971294342,48.2802425,0,2,#fc8d62,car
196974,"9,21E+18",9,1,81,130,2021,6,23,7,3,4,2,2,0,1,0,0,0,0,"639220,581869","5324315,2872",10.868431154,48.056918831,0,2,#fc8d62,car
196978,"9,21E+18",9,1,62,0,2021,6,17,2,3,2,6,0,0,1,0,0,0,0,"691118,968388","5340338,73845",11.571497642,48.187506496,0,2,#fc8d62,car
196982,"9,21E+18",9,2,74,124,2021,6,16,4,3,5,3,0,0,1,0,1,0,0,"724574,020872","5375649,56927",12.039850164,48.493797799,0,2,#fc8d62,car
196984,"9,21E+18",9,1,62,0,2021,6,16,6,3,4,2,0,0,1,0,1,0,0,"686257,445156","5343346,64972",11.507471825,48.215986414,0,2,#fc8d62,car
196985,"9,21E+18",9,1,62,0,2021,6,23,5,3,0,1,2,1,1,0,0,0,0,"692053,02194","5333356,57954",11.580900757,48.124470599,0,1,#66c2a5,bicycle
196986,"9,21E+18",9,1,75,139,2021,6,7,4,2,4,3,0,1,1,0,0,0,0,"710517,605001","5329826,337",11.826995453,48.08691059,0,1,#66c2a5,bicycle
196987,"9,21E+18",9,1,62,0,2021,6,19,4,3,9,6,0,0,1,0,0,0,0,"691182,863914","5342091,82375",11.573145801,48.203243649,0,2,#fc8d62,car
196988,"9,21E+18",9,1,87,117,2021,6,7,3,3,9,1,0,1,0,0,0,0,0,"725828,498058","5304371,90178",12.018944117,47.852971561,0,1,#66c2a5,bicycle
196990,"9,21E+18",9,1,73,120,2021,6,7,2,2,9,7,0,0,1,0,0,0,0,"686501,80505","5310970,96516",11.496633699,47.924906567,0,2,#fc8d62,car
196992,"9,21E+18",9,1,62,0,2021,6,13,3,2,0,1,0,0,0,0,1,0,0,"687560,731661","5331584,21625",11.519812896,48.109879433,0,4,#e78ac3,marker
196994,"9,21E+18",9,7,61,0,2021,6,18,6,3,5,3,0,0,1,0,0,0,0,"639658,478","5357471,483",10.885218239,48.354964161,0,2,#fc8d62,car
196995,"9,21E+18",9,1,84,149,2021,6,13,3,3,5,3,0,1,1,0,0,0,0,"691717,218492","5349588,68278",11.583722794,48.270461803,0,1,#66c2a5,bicycle
196996,"9,21E+18",9,1,62,0,2021,6,14,2,3,0,7,0,0,1,0,1,0,0,"680312,810608","5338490,17151",11.425456103,48.174049468,0,2,#fc8d62,car
196997,"9,21E+18",9,1,82,123,2021,6,13,3,3,0,7,0,1,0,0,0,0,0,"718202,122766","5296145,83418",11.912990158,47.781687949,0,1,#66c2a5,bicycle
197003,"9,21E+18",9,7,61,0,2021,6,18,6,3,5,3,0,1,1,0,0,0,0,"639114,610754","5359145,19424",10.878434278,48.370133852,0,1,#66c2a5,bicycle
197005,"9,21E+18",9,1,62,0,2021,6,15,2,3,3,6,0,0,1,0,1,0,0,"692465,519913","5340964,11314",11.589879684,48.192720626,0,2,#fc8d62,car
197008,"9,21E+18",9,1,87,150,2021,6,13,5,3,0,1,0,1,0,0,0,0,0,"728685,586339","5304152,91431",12.056966943,47.849993933,0,1,#66c2a5,bicycle
197009,"9,21E+18",9,1,79,121,2021,6,9,4,3,0,1,0,0,0,0,1,0,0,"665744,974461","5337210,11936",11.229160256,48.166508279,0,4,#e78ac3,marker
197010,"9,21E+18",9,7,71,169,2021,6,13,1,2,0,7,2,1,0,0,0,0,0,"642118,393588","5375676,98917",10.92457999,48.518108965,0,1,#66c2a5,bicycle
197012,"9,21E+18",9,7,77,151,2021,6,18,4,3,2,6,0,0,1,0,0,0,0,"621158,934197","5293495,94279",10.617474785,47.783424465,0,2,#fc8d62,car
197014,"9,21E+18",9,1,62,0,2021,6,17,1,3,5,3,0,1,0,0,0,0,0,"692795,55459","5336777,30305",11.5924172,48.154990791,0,1,#66c2a5,bicycle
197017,"9,21E+18",9,1,62,0,2021,6,19,6,3,4,2,0,0,1,0,1,0,0,"688063,974308","5334653,15821",11.527920964,48.137315407,0,2,#fc8d62,car
197021,"9,21E+18",9,1,62,0,2021,6,6,2,3,4,2,0,1,1,0,0,0,0,"686246,338804","5331799,45416",11.50226599,48.112199765,0,1,#66c2a5,bicycle
197023,"9,21E+18",9,7,61,0,2021,6,18,2,3,3,3,0,1,1,0,0,0,0,"641459,000663","5358559,08926",10.909874794,48.364342721,0,1,#66c2a5,bicycle
197027,"9,21E+18",9,1,62,0,2021,6,19,6,2,0,1,0,1,0,0,0,0,0,"689243,401175","5329935,09261",11.541664721,48.094559147,0,1,#66c2a5,bicycle
197029,"9,21E+18",9,1,82,119,2021,6,18,6,3,6,7,0,0,1,1,0,0,0,"711902,793583","5293615,05734",11.827767606,47.761047424,0,2,#fc8d62,car
197030,"9,21E+18",9,1,77,118,2021,6,17,3,2,0,1,0,1,0,0,0,0,0,"709832,708001","5344432,969",11.825010875,48.218391965,0,1,#66c2a5,bicycle
197034,"9,21E+18",9,1,88,124,2021,6,13,4,2,8,1,0,1,0,0,0,0,0,"661975,927368","5317713,21525",11.17111595,47.992191546,0,1,#66c2a5,bicycle
197038,"9,21E+18",9,1,86,143,2021,6,17,2,3,9,7,0,0,1,0,0,0,0,"678125,325515","5382127,61268",11.414541935,48.566908798,0,2,#fc8d62,car
197041,"9,21E+18",9,7,61,0,2021,6,17,4,2,3,6,0,1,0,0,0,0,0,"641048,68315","5358309,82328",10.904254599,48.362193226,0,1,#66c2a5,bicycle
197042,"9,21E+18",9,1,79,121,2021,6,16,5,3,5,3,0,1,1,0,0,0,0,"665221,588","5336835,395",11.221980974,48.163275703,0,1,#66c2a5,bicycle
197049,"9,21E+18",9,1,84,120,2021,6,11,6,3,0,1,0,1,0,0,0,0,0,"680369,210688","5332256,65619",11.423573123,48.118001078,0,1,#66c2a5,bicycle
197051,"9,21E+18",9,1,87,128,2021,6,17,6,3,5,3,0,0,1,0,0,0,0,"746635,119685","5310749,64286",12.300277064,47.902613906,0,2,#fc8d62,car
197055,"9,21E+18",9,1,79,142,2021,6,19,5,3,5,3,0,1,0,0,1,0,0,"672754,584","5342067,765",11.32533161,48.208309731,0,1,#66c2a5,bicycle
197057,"9,21E+18",9,1,87,122,2021,6,13,1,3,8,1,0,1,0,0,0,0,0,"721579,74665","5306464,77547",11.963297292,47.873255512,0,1,#66c2a5,bicycle