OBJECTID,UIDENTSTLA,ULAND,UREGBEZ,UKREIS,UGEMEINDE,UJAHR,UMONAT,USTUNDE,UWOCHENTAG,UKATEGORIE,UART,UTYP1,ULICHTVERH,IstRad,IstPKW,IstFuss,IstKrad,IstGkfz,IstSonstig,LINREFX,LINREFY,XGCSWGS84,YGCSWGS84,STRZUSTAN,Teilnehmer,color,symbol
197059,"9,21E+18",9,7,71,114,2021,6,19,4,3,8,1,0,0,0,0,1,0,0,"643524,665855","5377485,70286",10.944235107,48.534051549,0,4,#e78ac3,marker
197061,"9,21E+18",9,1,62,0,2021,6,20,1,3,0,2,0,1,1,0,0,0,0,"694033,951196","5330846,73371",11.606351225,48.101312247,0,1,#66c2a5,bicycle
197064,"9,21E+18",9,2,61,0,2021,6,10,7,3,0,1,0,1,0,0,0,0,0,"731685,207919","5381948,58795",12.139457891,48.54780027,0,1,#66c2a5,bicycle
197067,"9,21E+18",9,1,62,0,2021,6,7,2,3,4,2,0,0,0,0,1,0,1,"683302,117192","5338974,03786",11.465836746,48.177543589,0,4,#e78ac3,marker
197068,"9,21E+18",9,1,62,0,2021,6,9,4,3,0,6,0,0,1,0,0,0,0,"693649,795583","5335147,16219",11.603149922,48.14008011,0,2,#fc8d62,car
197071,"9,21E+18",9,1,62,0,2021,6,19,2,3,1,6,0,0,1,0,0,0,0,"692441,341087","5334848,48008",11.586787468,48.137762249,0,2,#fc8d62,car
197072,"9,21E+18",9,7,78,203,2021,6,17,5,3,1,5,0,1,1,0,0,0,0,"622377,267662","5323476,30957",10.642245728,48.052826631,0,1,#66c2a5,bicycle
197073,"9,21E+18",9,1,73,118,2021,6,16,4,3,0,1,0,1,0,0,0,0,0,"694660,509163","5302922,3906",11.602108628,47.850140185,0,1,#66c2a5,bicycle
197074,"9,21E+18",9,1,79,142,2021,6,7,2,3,5,7,0,1,1,0,0,0,0,"673074,020086","5343551,85824",11.330233248,48.221563824,0,1,#66c2a5,bicycle
197075,"9,21E+18",9,1,62,0,2021,6,13,6,3,0,6,0,1,0,0,0,0,1,"698022,89312","5332995,57379",11.660870695,48.11939734,0,1,#66c2a5,bicycle
197076,"9,21E+18",9,1,62,0,2021,6,7,3,3,0,6,0,1,0,0,0,0,0,"693414,622233","5333046,88561",11.599038627,48.121274959,0,1,#66c2a5,bicycle
197079,"9,21E+18",9,1,62,0,2021,6,12,7,3,1,7,0,0,1,0,0,0,0,"682875,745367","5335870,4644",11.458772123,48.14976956,0,2,#fc8d62,car
197080,"9,21E+18",9,1,62,0,2021,6,21,4,3,2,6,2,0,1,0,0,0,0,"689668,518798","5334618,54238",11.549451486,48.136528065,1,2,#fc8d62,car
197083,"9,21E+18",9,1,62,0,2021,6,17,3,2,0,6,0,1,0,0,0,0,0,"682687,091128","5342512,36425",11.459093405,48.209525273,0,1,#66c2a5,bicycle
197086,"9,21E+18",9,1,62,0,2021,6,8,3,3,5,3,0,0,1,0,0,0,0,"686330,238001","5330286,781",11.502731507,48.098578676,0,2,#fc8d62,car
197087,"9,21E+18",9,1,62,0,2021,6,15,1,3,5,2,0,1,1,0,0,0,0,"686396,117053","5329058,19641",11.503079156,48.087516345,0,1,#66c2a5,bicycle
197089,"9,21E+18",9,1,62,0,2021,6,18,6,3,3,6,0,1,0,0,0,0,0,"689671,383316","5332274,56574",11.548446838,48.115459373,0,1,#66c2a5,bicycle
197091,"9,21E+18",9,1,73,120,2021,6,16,5,3,5,3,0,0,1,0,0,0,0,"687027,531318","5311128,98574",11.503733058,47.92617381,0,2,#fc8d62,car
197099,"9,21E+18",9,1,62,0,2021,6,17,6,3,5,2,0,1,1,0,0,0,0,"694492,429789","5334180,82781",11.614023694,48.131138086,0,1,#66c2a5,bicycle
197100,"9,21E+18",9,1,62,0,2021,6,18,3,2,6,7,0,0,0,1,0,0,1,"695174,189016","5333044,35988",11.622656346,48.120715339,0,3,#8da0cb,toilet
197101,"9,21E+18",9,1,87,132,2021,6,15,6,2,6,7,0,0,1,1,0,0,0,"745497,665789","5299249,0337",12.278557551,47.799744169,0,2,#fc8d62,car
197103,"9,21E+18",9,1,77,116,2021,6,5,3,3,2,3,0,0,1,0,0,1,0,"712727,190341","5363389,61384",11.873481959,48.387761777,0,2,#fc8d62,car
197106,"9,21E+18",9,1,62,0,2021,6,14,7,3,5,3,0,1,0,0,1,0,0,"692327,733196","5337517,46919",11.586467904,48.161784877,0,1,#66c2a5,bicycle
197107,"9,21E+18",9,1,62,0,2021,6,21,4,3,0,1,2,1,0,0,0,0,1,"692346,904038","5334217,59607",11.585234539,48.132120538,1,1,#66c2a5,bicycle
197113,"9,21E+18",9,1,62,0,2021,6,18,3,3,5,3,0,1,1,0,0,0,0,"686762,80119","5333921,07546",11.510127367,48.131118417,0,1,#66c2a5,bicycle
197114,"9,21E+18",9,1,62,0,2021,6,18,4,3,2,6,0,0,1,0,0,0,0,"694634,260154","5341605,2521",11.619325385,48.197821956,0,2,#fc8d62,car
197117,"9,21E+18",9,1,77,117,2021,6,6,6,2,4,2,0,0,1,0,1,0,0,"714761,920415","5355041,06272",11.896672265,48.312059748,0,2,#fc8d62,car
197118,"9,21E+18",9,1,62,0,2021,6,11,4,2,5,2,0,0,1,0,1,0,0,"692917,185334","5337837,79686",11.594531857,48.16448531,0,2,#fc8d62,car
197119,"9,21E+18",9,2,61,0,2021,6,8,5,3,1,3,0,1,1,0,0,0,0,"732498,317414","5380285,21985",12.14953064,48.532557896,0,1,#66c2a5,bicycle
197120,"9,21E+18",9,1,62,0,2021,6,15,2,3,4,6,0,1,0,0,0,0,0,"690661,840743","5338382,81257",11.564475925,48.170064234,0,1,#66c2a5,bicycle
197122,"9,21E+18",9,1,62,0,2021,6,11,7,3,1,7,0,1,1,0,0,0,0,"696394,924939","5336331,99034",11.640557656,48.149887288,0,1,#66c2a5,bicycle
197123,"9,21E+18",9,1,62,0,2021,6,17,4,3,3,2,0,1,0,0,0,0,1,"691679,265001","5334120,704",11.576226986,48.131451098,0,1,#66c2a5,bicycle
197127,"9,21E+18",9,1,77,118,2021,6,11,2,3,8,1,0,0,1,0,0,0,0,"705176,759167","5347222,53717",11.763754231,48.244982466,0,2,#fc8d62,car
197128,"9,21E+18",9,1,62,0,2021,6,12,6,3,3,5,0,1,1,0,0,0,0,"691420,090424","5336374,59152",11.573760373,48.151786767,0,1,#66c2a5,bicycle
197129,"9,21E+18",9,1,88,120,2021,6,11,4,3,0,7,0,1,0,0,0,0,0,"677397,937133","5326931,0528",11.381472078,48.070962614,0,1,#66c2a5,bicycle
197130,"9,21E+18",9,1,63,0,2021,6,17,3,3,2,6,0,0,0,0,1,1,0,"731379,318092","5304086,87749",12.092886312,47.848436758,0,4,#e78ac3,marker
197132,"9,21E+18",9,1,84,112,2021,6,11,4,2,8,1,0,0,0,0,0,0,1,"701823,009031","5338831,62083",11.714641017,48.170652021,0,6,#ffd92f,circle
197134,"9,21E+18",9,1,62,0,2021,6,11,3,3,1,5,0,1,1,0,0,0,0,"686730,119132","5336991,58176",11.511035193,48.158726679,0,1,#66c2a5,bicycle
197138,"9,21E+18",9,1,77,138,2021,6,8,2,3,0,1,0,1,0,0,0,0,0,"726920,090002","5362317,49199",12.064342171,48.373185243,0,1,#66c2a5,bicycle
197139,"9,21E+18",9,1,62,0,2021,6,14,2,2,5,3,0,1,1,0,0,0,0,"694288,712889","5335843,97737",11.612047304,48.146148044,0,1,#66c2a5,bicycle
197140,"9,21E+18",9,1,77,117,2021,6,7,7,3,5,3,0,1,1,0,0,0,0,"715638,623422","5354763,81558",11.908339607,48.309270391,0,1,#66c2a5,bicycle
197141,"9,21E+18",9,1,77,117,2021,6,12,6,3,0,1,0,0,0,0,1,0,0,"715863,643337","5353050,84165",11.910494562,48.293802425,0,4,#e78ac3,marker
197149,"9,21E+18",9,7,61,0,2021,6,18,4,3,5,1,0,1,1,0,0,0,0,"639730,245916","5356588,0357",10.885893224,48.347004542,0,1,#66c2a5,bicycle
197151,"9,21E+18",9,1,62,0,2021,6,17,6,3,5,3,0,1,1,0,0,0,0,"684938,963748","5335321,01824",11.486246549,48.144234345,0,1,#66c2a5,bicycle
197152,"9,21E+18",9,1,62,0,2021,6,8,3,3,4,6,0,1,0,0,0,0,0,"699869,267992","5333225,17624",11.685760277,48.120883949,0,1,#66c2a5,bicycle
197155,"9,21E+18",9,1,62,0,2021,6,17,7,3,1,5,0,1,1,0,0,0,0,"692085,405668","5337039,88367",11.582996833,48.157565697,0,1,#66c2a5,bicycle
197156,"9,21E+18",9,1,62,0,2021,6,17,4,3,3,2,0,1,0,0,0,0,0,"689477,447141","5333950,7834",11.546588823,48.130583114,0,1,#66c2a5,bicycle
197160,"9,21E+18",9,1,63,0,2021,6,14,2,3,1,5,0,1,1,0,0,0,0,"734322,790744","5304905,30714",12.132615021,47.85472342,0,1,#66c2a5,bicycle
197162,"9,21E+18",9,1,62,0,2021,6,19,3,3,2,6,0,0,1,0,0,0,0,"681987,212262","5335829,03625",11.446819373,48.149652015,0,2,#fc8d62,car
197163,"9,21E+18",9,1,62,0,2021,6,14,2,3,5,3,0,1,1,0,0,0,0,"697466,635971","5333974,09437",11.653857782,48.128364371,0,1,#66c2a5,bicycle
197167,"9,21E+18",9,1,62,0,2021,6,23,3,2,2,6,2,1,1,0,0,0,0,"688626,660669","5332726,11855",11.534623856,48.11982831,0,1,#66c2a5,bicycle
197170,"9,21E+18",9,1,62,0,2021,6,17,4,3,5,3,0,1,0,0,0,0,0,"689854,85824","5334907,09393",11.552082231,48.139066012,0,1,#66c2a5,bicycle
197172,"9,21E+18",9,7,71,130,2021,6,14,1,3,5,3,0,1,1,0,0,0,0,"644415,230822","5363342,26263",10.951407841,48.406680584,0,1,#66c2a5,bicycle
197174,"9,21E+18",9,7,61,0,2021,6,18,2,3,0,1,0,0,0,0,1,0,0,"637338,139063","5357144,09604",10.853806871,48.352529252,0,4,#e78ac3,marker
197175,"9,21E+18",9,1,63,0,2021,6,12,7,3,5,3,0,1,0,0,0,0,0,"733087,203836","5304718,63323",12.116021452,47.853495583,0,1,#66c2a5,bicycle
197176,"9,21E+18",9,1,73,126,2021,6,17,4,3,2,6,0,0,1,0,0,0,0,"686208,093381","5302734,28208",11.489153425,47.850953631,0,2,#fc8d62,car
197179,"9,21E+18",9,1,62,0,2021,6,20,2,3,6,4,0,0,1,1,0,0,0,"679917,704162","5336150,40876",11.419156552,48.153129558,0,2,#fc8d62,car
197180,"9,21E+18",9,1,62,0,2021,6,15,3,2,1,5,0,1,1,0,0,0,0,"678961,975471","5338842,98925",11.407450766,48.177602762,0,1,#66c2a5,bicycle
197185,"9,21E+18",9,1,62,0,2021,6,0,1,3,2,6,2,0,1,0,0,0,0,"692005,941537","5336341,1157",11.581614116,48.151309308,0,2,#fc8d62,car
197186,"9,21E+18",9,1,62,0,2021,6,20,2,3,3,2,0,0,0,0,1,0,1,"690534,365001","5341765,7796",11.564280331,48.200508161,0,4,#e78ac3,marker
197187,"9,21E+18",9,1,88,137,2021,6,10,7,3,0,1,0,1,0,0,0,0,0,"672329,149","5314504,573",11.308489861,47.960640338,0,1,#66c2a5,bicycle
197189,"9,21E+18",9,1,62,0,2021,6,13,4,2,0,6,0,0,1,0,0,0,1,"690879,194267","5334450,26942",11.565632652,48.134653654,0,2,#fc8d62,car
197192,"9,21E+18",9,1,62,0,2021,6,18,2,3,3,2,0,1,1,0,0,0,0,"693166,523661","5334676,87488",11.596447156,48.136000193,0,1,#66c2a5,bicycle
197198,"9,21E+18",9,1,62,0,2021,6,11,6,3,6,4,0,0,1,1,0,0,0,"691285,323616","5331974,3727",11.569974763,48.112278534,0,2,#fc8d62,car
197199,"9,21E+18",9,1,62,0,2021,6,7,3,3,3,3,0,1,1,0,0,0,0,"692634,355165","5334757,55197",11.589338086,48.136886608,1,1,#66c2a5,bicycle
197200,"9,21E+18",9,1,88,139,2021,6,12,6,3,0,1,0,1,0,0,0,0,0,"675234,098766","5319532,04949",11.349421537,48.005047125,0,1,#66c2a5,bicycle
197201,"9,21E+18",9,1,62,0,2021,6,18,2,3,0,5,0,1,1,0,0,0,0,"690504,997798","5336754,44796",11.561639221,48.15547564,0,1,#66c2a5,bicycle
197202,"9,21E+18",9,1,62,0,2021,6,2,7,3,0,1,2,0,0,0,0,0,1,"689141,737078","5333753,82355",11.541994045,48.128912662,0,6,#ffd92f,circle
197203,"9,21E+18",9,1,84,119,2021,6,8,4,3,4,3,0,1,1,0,0,0,0,"694774,155554","5347419,39412",11.623877193,48.250033081,0,1,#66c2a5,bicycle
197207,"9,21E+18",9,1,73,111,2021,6,8,2,3,0,1,0,1,0,0,0,0,0,"685031,042001","5292743,107",11.469171429,47.761481764,1,1,#66c2a5,bicycle
197209,"9,21E+18",9,7,61,0,2021,6,17,3,3,0,7,0,1,0,0,0,0,0,"640265,99537","5357416,01967",10.893395849,48.354330795,0,1,#66c2a5,bicycle
197210,"9,21E+18",9,7,77,151,2021,6,14,2,3,0,1,0,1,0,0,0,0,0,"621280,133826","5293690,93983",10.619146612,47.785155447,0,1,#66c2a5,bicycle
197212,"9,21E+18",9,7,61,0,2021,6,9,4,3,4,2,0,1,1,0,0,0,0,"638488,020915","5359425,13391",10.870070468,48.372788819,0,1,#66c2a5,bicycle
197213,"9,21E+18",9,1,62,0,2021,6,0,4,3,1,5,2,0,1,0,0,0,1,"691946,163678","5336691,79501",11.580969381,48.154479189,0,2,#fc8d62,car
197214,"9,21E+18",9,7,72,147,2021,6,17,3,3,0,7,0,1,1,0,0,0,0,"639027,077486","5364932,9201",10.879169221,48.422194776,0,1,#66c2a5,bicycle
197217,"9,21E+18",9,1,62,0,2021,6,15,4,3,0,1,0,1,0,0,0,0,0,"691086,165883","5334096,17075",11.568252872,48.131408931,0,1,#66c2a5,bicycle
197227,"9,21E+18",9,1,62,0,2021,6,7,2,3,3,2,0,1,1,0,0,0,0,"696603,584789","5330559,38569",11.640697581,48.09794203,0,1,#66c2a5,bicycle
197228,"9,21E+18",9,7,77,151,2021,6,18,5,3,0,7,0,0,1,0,0,0,1,"625327,191448","5292572,08043",10.672830393,47.77431804,0,2,#fc8d62,car
197231,"9,21E+18",9,1,62,0,2021,6,23,6,3,5,3,2,1,1,0,0,0,0,"691862,837589","5335837,3851",11.579464994,48.146825049,0,1,#66c2a5,bicycle
197233,"9,21E+18",9,1,78,143,2021,6,7,3,3,5,3,0,1,1,0,0,0,0,"717197,963002","5372246,047",11.938378267,48.465810782,0,1,#66c2a5,bicycle
197234,"9,21E+18",9,1,62,0,2021,6,1,7,3,2,6,2,0,1,0,0,0,0,"692082,344504","5336605,03536",11.582759422,48.153658296,0,2,#fc8d62,car
197237,"9,21E+18",9,1,62,0,2021,6,20,3,3,4,2,0,0,1,0,1,0,0,"689998,418001","5335936,432",11.554469319,48.148274865,0,2,#fc8d62,car
197238,"9,21E+18",9,7,71,169,2021,6,17,1,3,0,7,0,1,0,0,0,0,0,"639869,244587","5375878,99635",10.894207032,48.520430371,0,1,#66c2a5,bicycle
197241,"9,21E+18",9,7,77,151,2021,6,17,5,3,4,2,0,0,1,0,1,0,0,"621377,349984","5294372,52822",10.620634565,47.791267284,0,2,#fc8d62,car
197243,"9,21E+18",9,1,79,121,2021,6,15,2,2,1,6,0,0,1,0,1,0,0,"667707,945263","5338350,93318",11.255989841,48.176249271,0,2,#fc8d62,car
197244,"9,21E+18",9,1,62,0,2021,6,9,6,3,4,2,0,0,1,0,1,0,0,"690201,892694","5332824,54717",11.555812808,48.120244407,0,2,#fc8d62,car
197245,"9,21E+18",9,1,62,0,2021,6,16,3,3,3,2,0,1,1,0,0,0,0,"686237,722934","5332243,37539",11.502344202,48.116192434,0,1,#66c2a5,bicycle
197246,"9,21E+18",9,1,78,138,2021,6,9,3,3,0,6,0,1,0,0,0,0,0,"710892,94766","5369454,51936",11.851785904,48.442873159,0,1,#66c2a5,bicycle
197247,"9,21E+18",9,1,88,124,2021,6,12,1,3,0,1,0,1,0,0,0,0,0,"662777,034059","5317644,5092",11.181819844,47.991370436,0,1,#66c2a5,bicycle
197250,"9,21E+18",9,1,62,0,2021,6,13,3,3,0,5,0,1,1,0,0,0,0,"681933,053345","5336582,4594",11.446413985,48.156439831,0,1,#66c2a5,bicycle
197251,"9,21E+18",9,7,77,164,2021,6,14,1,3,0,1,0,1,0,0,0,0,0,"623816,931621","5312861,8352",10.658493149,47.957088717,0,1,#66c2a5,bicycle
197253,"9,21E+18",9,1,62,0,2021,6,10,3,3,6,2,0,0,1,1,0,0,0,"687501,891467","5336040,29141",11.520983976,48.149949165,0,2,#fc8d62,car
197254,"9,21E+18",9,1,87,169,2021,6,19,2,3,0,7,0,1,0,0,0,0,0,"736162,471379","5301458,5652",12.155290965,47.823085375,0,1,#66c2a5,bicycle
197256,"9,21E+18",9,7,61,0,2021,6,16,7,3,3,6,0,1,1,0,0,0,0,"641721,251511","5362355,80329",10.914693806,48.398422285,0,1,#66c2a5,bicycle
197257,"9,21E+18",9,1,62,0,2021,6,17,4,3,0,7,0,1,0,0,0,0,1,"690265,310681","5335402,74019",11.557815397,48.14339828,0,1,#66c2a5,bicycle
197258,"9,21E+18",9,1,79,126,2021,6,14,5,3,0,1,0,1,0,0,0,0,0,"676215,111537","5340284,53257",11.371130133,48.191328744,0,1,#66c2a5,bicycle
197263,"9,21E+18",9,1,73,126,2021,6,20,3,2,5,3,0,1,1,0,0,0,0,"685629,762289","5303600,45177",11.481801776,47.85890689,1,1,#66c2a5,bicycle
197265,"9,21E+18",9,1,90,115,2021,6,12,6,3,0,1,0,1,0,0,0,0,0,"671884,044","5303894,027",11.298302274,47.865370505,0,1,#66c2a5,bicycle
197267,"9,21E+18",9,1,62,0,2021,6,13,6,3,0,7,0,1,0,0,0,0,0,"689477,939198","5338431,65578",11.548590152,48.170857255,0,1,#66c2a5,bicycle
197269,"9,21E+18",9,1,87,163,2021,6,15,6,3,2,6,0,1,1,0,0,0,0,"737348,248922","5309862,78107",12.175721038,47.898149132,0,1,#66c2a5,bicycle
197270,"9,21E+18",9,1,73,126,2021,6,16,3,2,2,6,0,0,1,0,1,0,0,"686984,042281","5302794,15447",11.499541685,47.851266547,0,2,#fc8d62,car
197271,"9,21E+18",9,1,79,142,2021,6,14,6,3,0,1,0,1,0,0,0,0,0,"672952,71114","5343140,76625",11.328433689,48.217901432,0,1,#66c2a5,bicycle
197272,"9,21E+18",9,1,74,126,2021,6,15,3,3,3,2,0,1,1,0,0,0,0,"683063,059845","5343781,11046",11.464696956,48.2208211,0,1,#66c2a5,bicycle
197274,"9,21E+18",9,7,77,112,2021,6,12,7,2,0,1,0,0,0,0,0,0,1,"622692,591471","5296438,0292",10.6387726,47.809594782,0,6,#ffd92f,circle
197276,"9,21E+18",9,1,62,0,2021,6,9,5,3,2,6,0,0,1,0,0,0,0,"693922,39963","5340267,5263",11.609144887,48.186016873,0,2,#fc8d62,car
197278,"9,21E+18",9,1,79,142,2021,6,12,2,3,2,6,0,0,1,0,0,0,0,"672879,587519","5341890,86793",11.326940681,48.206685494,0,2,#fc8d62,car
197279,"9,21E+18",9,1,62,0,2021,6,12,6,3,0,7,0,0,0,0,0,0,1,"682790,23082","5334787,6517",11.457158596,48.14006109,0,6,#ffd92f,circle
197280,"9,21E+18",9,1,62,0,2021,6,10,3,3,1,6,0,1,1,0,0,0,0,"695768,801552","5332736,25643",11.630496278,48.117763718,0,1,#66c2a5,bicycle
197283,"9,21E+18",9,1,88,121,2021,6,15,6,3,1,1,0,0,1,0,0,0,0,"671512,866008","5330716,69696",11.304055872,48.106604433,0,2,#fc8d62,car
197284,"9,21E+18",9,7,71,122,2021,6,7,4,3,8,3,0,0,1,0,0,0,0,"654296,153248","5362508,83888",11.084528288,48.396846453,0,2,#fc8d62,car
197287,"9,21E+18",9,1,62,0,2021,6,1,1,3,0,1,2,1,0,0,0,0,0,"691966,993688","5334403,00287",11.580217276,48.133901643,0,1,#66c2a5,bicycle
197291,"9,21E+18",9,1,62,0,2021,6,10,2,3,3,2,0,1,1,0,0,0,0,"693577,582603","5334667,89436",11.601962419,48.135794577,0,1,#66c2a5,bicycle
197296,"9,21E+18",9,7,61,0,2021,6,9,4,3,5,3,0,0,1,0,0,0,0,"637998,577022","5360706,57053",10.863885636,48.384418495,0,2,#fc8d62,car
197299,"9,21E+18",9,1,62,0,2021,6,14,2,3,4,6,0,1,0,0,0,0,0,"686247,386001","5336147,19",11.504180554,48.151278575,0,1,#66c2a5,bicycle
197301,"9,21E+18",9,7,61,0,2021,6,16,6,3,2,6,0,0,1,0,1,0,0,"640575,216339","5358037,45493",10.897775117,48.359849784,0,2,#fc8d62,car
197304,"9,21E+18",9,1,62,0,2021,6,17,2,3,3,6,0,0,1,0,1,0,0,"687466,155097","5335723,08978",11.520364287,48.147108615,0,2,#fc8d62,car
197306,"9,21E+18",9,1,62,0,2021,6,16,5,3,5,3,0,1,0,0,0,0,0,"688838,154073","5331537,18577",11.536936416,48.109079286,0,1,#66c2a5,bicycle
197307,"9,21E+18",9,1,62,0,2021,6,15,4,3,6,4,0,0,1,1,0,0,0,"693418,314516","5336113,23209",11.600480397,48.148833247,0,2,#fc8d62,car
197308,"9,21E+18",9,1,62,0,2021,6,15,4,3,3,6,0,1,0,0,0,0,0,"689403,249438","5339034,9889",11.547855373,48.17630228,0,1,#66c2a5,bicycle
197309,"9,21E+18",9,7,61,0,2021,6,15,3,3,6,4,0,0,1,1,0,0,0,"640053,508558","5358614,10962",10.890927998,48.365150844,0,2,#fc8d62,car
197313,"9,21E+18",9,7,72,163,2021,6,15,2,3,0,7,0,1,0,0,0,0,0,"640112,53082","5348026,73653",10.888206909,48.26993834,0,1,#66c2a5,bicycle
197314,"9,21E+18",9,7,71,130,2021,6,20,4,3,0,1,0,0,0,0,1,0,0,"645789,685533","5358498,55135",10.968288173,48.362813103,0,4,#e78ac3,marker
197316,"9,21E+18",9,1,62,0,2021,6,21,6,3,2,6,2,0,1,0,1,0,0,"696468,25077","5337134,23701",11.641912799,48.157074733,0,2,#fc8d62,car
197318,"9,21E+18",9,1,62,0,2021,6,16,4,3,1,6,0,1,1,0,0,0,0,"695768,771042","5332739,31324",11.630497272,48.117791201,0,1,#66c2a5,bicycle
197320,"9,21E+18",9,1,62,0,2021,6,9,2,3,5,2,0,1,1,0,0,0,0,"692161,121656","5339233,9809",11.585005378,48.177262841,0,1,#66c2a5,bicycle
197321,"9,21E+18",9,1,62,0,2021,6,7,4,3,3,2,0,1,1,0,0,0,0,"693640,474581","5333351,69742",11.602208766,48.123945872,0,1,#66c2a5,bicycle
197323,"9,21E+18",9,7,77,140,2021,6,10,7,2,5,2,0,1,1,0,0,0,0,"628459,807246","5318096,72207",10.722220198,48.003252183,0,1,#66c2a5,bicycle
197324,"9,21E+18",9,1,62,0,2021,6,16,4,3,5,3,0,0,1,0,0,0,0,"693987,881495","5336090,07125",11.608119368,48.148451647,0,2,#fc8d62,car
197328,"9,21E+18",9,1,88,139,2021,6,16,2,3,5,3,0,0,1,0,0,0,0,"674624,263001","5320355,535",11.341587615,48.012616848,0,2,#fc8d62,car
197329,"9,21E+18",9,1,62,0,2021,6,18,6,3,0,1,0,0,0,0,0,0,1,"691240,518001","5332957,319",11.569814237,48.121126657,0,6,#ffd92f,circle
197331,"9,21E+18",9,1,63,0,2021,6,11,3,2,6,4,0,0,1,1,0,0,0,"733806,124002","5305079,59499",12.125812644,47.856477372,0,2,#fc8d62,car
197333,"9,21E+18",9,7,78,116,2021,6,16,4,3,9,3,0,0,1,0,0,0,0,"619411,407743","5320175,71138",10.601541106,48.023704247,0,2,#fc8d62,car
197335,"9,21E+18",9,1,62,0,2021,6,18,3,3,3,2,0,1,0,0,0,0,0,"681629,206108","5335768,52649",11.441984698,48.149210436,0,1,#66c2a5,bicycle
197340,"9,21E+18",9,7,61,0,2021,6,14,1,3,5,3,0,1,1,0,0,0,0,"637955,436108","5355770,37577",10.861684575,48.340042366,0,1,#66c2a5,bicycle
197341,"9,21E+18",9,1,62,0,2021,6,9,2,3,2,7,0,0,1,0,0,0,1,"691037,809288","5339659,21637",11.570101241,48.181423477,0,2,#fc8d62,car
197342,"9,21E+18",9,1,77,139,2021,6,9,7,3,0,7,0,0,0,0,0,0,1,"731327,12056","5359458,09796",12.122192312,48.345898983,0,6,#ffd92f,circle
197344,"9,21E+18",9,1,63,0,2021,6,12,5,3,4,6,0,1,0,0,0,0,0,"734516,391411","5304878,77787",12.135184844,47.854414475,0,1,#66c2a5,bicycle
197345,"9,21E+18",9,1,62,0,2021,6,8,3,3,0,7,0,0,0,0,0,0,1,"689713,903963","5331909,6995",11.548855263,48.112167255,0,6,#ffd92f,circle
197348,"9,21E+18",9,1,62,0,2021,6,20,2,3,5,3,1,0,1,0,0,0,0,"690019,84101","5335746,01078",11.554672052,48.146556959,0,2,#fc8d62,car
197349,"9,21E+18",9,1,62,0,2021,6,14,4,3,5,2,0,0,1,1,0,0,0,"692245,716962","5330456,3422",11.582180432,48.098345515,0,2,#fc8d62,car
197352,"9,21E+18",9,7,61,0,2021,6,8,4,3,0,7,0,1,0,0,0,0,0,"639788,829","5359634,681",10.88769571,48.374386203,0,1,#66c2a5,bicycle
197354,"9,21E+18",9,1,62,0,2021,6,13,6,3,6,4,0,0,1,1,0,0,0,"691920,135776","5333896,70359",11.579360072,48.129365232,0,2,#fc8d62,car
197355,"9,21E+18",9,1,62,0,2021,6,16,5,3,3,6,0,0,1,0,1,0,0,"692327,571731","5337756,27632",11.586573713,48.163931265,0,2,#fc8d62,car
197356,"9,21E+18",9,1,79,123,2021,6,14,4,3,0,7,0,0,0,0,1,0,1,"676035,158977","5333259,10499",11.365803721,48.128225337,0,4,#e78ac3,marker
197357,"9,21E+18",9,1,63,0,2021,6,13,3,3,5,2,0,1,1,0,0,0,0,"733485,444724","5306004,07275",12.122031105,47.86489949,0,1,#66c2a5,bicycle
197359,"9,21E+18",9,1,62,0,2021,6,0,5,2,6,7,2,0,0,1,0,0,1,"683830,293017","5335893,23878",11.471603537,48.149699114,0,3,#8da0cb,toilet
197360,"9,21E+18",9,1,62,0,2021,6,16,4,3,5,3,0,1,0,0,0,0,0,"695539,604497","5338062,87956",11.629865814,48.165707082,0,1,#66c2a5,bicycle
197363,"9,21E+18",9,1,63,0,2021,6,10,4,3,5,2,0,1,1,0,0,0,0,"733859,279002","5304620,67499",12.126274114,47.852335092,0,1,#66c2a5,bicycle
197366,"9,21E+18",9,1,62,0,2021,6,16,3,3,1,7,0,1,1,0,0,0,0,"688833,811485","5331759,19852",11.536976413,48.111076065,1,1,#66c2a5,bicycle
197368,"9,21E+18",9,1,62,0,2021,6,3,6,3,1,1,2,1,1,0,0,0,0,"692209,577773","5337061,58078",11.584674631,48.157723186,0,1,#66c2a5,bicycle
197370,"9,21E+18",9,1,62,0,2021,6,23,4,3,0,1,2,1,0,0,0,0,0,"692258,945534","5330479,86326",11.582368521,48.098552928,0,1,#66c2a5,bicycle
197373,"9,21E+18",9,1,62,0,2021,6,9,7,3,4,1,0,0,0,0,1,0,0,"692172,698237","5334405,16429",11.582980202,48.13385899,0,4,#e78ac3,marker
197374,"9,21E+18",9,1,62,0,2021,6,17,5,3,4,7,0,1,0,0,0,0,1,"689634,89567","5334579,3635",11.548982559,48.136185943,0,1,#66c2a5,bicycle
197376,"9,21E+18",9,1,84,148,2021,6,19,5,3,5,2,0,1,1,0,0,0,0,"694131,066268","5325845,29924",11.605382132,48.05633106,0,1,#66c2a5,bicycle
197383,"9,21E+18",9,1,62,0,2021,6,18,4,3,1,1,0,1,1,0,0,0,0,"692389,276631","5338383,059",11.587686244,48.169545955,0,1,#66c2a5,bicycle