OBJECTID,UIDENTSTLA,ULAND,UREGBEZ,UKREIS,UGEMEINDE,UJAHR,UMONAT,USTUNDE,UWOCHENTAG,UKATEGORIE,UART,UTYP1,ULICHTVERH,IstRad,IstPKW,IstFuss,IstKrad,IstGkfz,IstSonstig,LINREFX,LINREFY,XGCSWGS84,YGCSWGS84,STRZUSTAN,Teilnehmer,color,symbol
197385,"9,21E+18",9,1,62,0,2021,6,2,3,3,1,1,2,1,1,0,0,0,0,"691329,282271","5336143,78273",11.572436928,48.14973961,0,1,#66c2a5,bicycle
197387,"9,21E+18",9,1,90,130,2021,6,20,6,3,1,7,0,0,1,0,1,0,0,"649527,557653","5296637,80379",10.997064232,47.805716431,0,2,#fc8d62,car
197388,"9,21E+18",9,1,62,0,2021,6,10,4,3,0,7,0,1,0,1,0,0,0,"691621,361884","5333753,63345",11.5752845,48.128169346,0,1,#66c2a5,bicycle
197390,"9,21E+18",9,1,84,141,2021,6,18,4,3,3,6,0,0,1,0,0,0,1,"698877,222461","5316186,93916",11.664529654,47.968066012,0,2,#fc8d62,car
197392,"9,21E+18",9,1,62,0,2021,6,20,2,2,5,3,0,1,1,0,0,0,0,"686687,178326","5341242,1419",11.512325426,48.196944405,0,1,#66c2a5,bicycle
197395,"9,21E+18",9,1,81,130,2021,6,16,5,3,2,6,0,0,1,0,1,0,0,"639510,008409","5323405,01378",10.872016489,48.048670167,0,2,#fc8d62,car
197398,"9,21E+18",9,1,62,0,2021,6,7,2,3,0,7,0,0,1,0,1,0,0,"689254,763007","5341633,88116",11.547017901,48.199705349,0,2,#fc8d62,car
197399,"9,21E+18",9,2,74,111,2021,6,20,1,2,0,1,1,0,0,0,1,0,0,"740288,920045","5384056,09888",12.25706624,48.563493505,0,4,#e78ac3,marker
197402,"9,21E+18",9,2,74,184,2021,6,18,4,3,5,3,0,0,1,0,1,0,0,"748144,029525","5372149,67154",12.356276116,48.453503987,0,2,#fc8d62,car
197403,"9,21E+18",9,1,87,174,2021,6,16,2,3,5,3,0,1,1,0,0,0,0,"741010,753729","5310307,10963",12.224893828,47.900775697,0,1,#66c2a5,bicycle
197404,"9,21E+18",9,1,62,0,2021,6,17,6,3,6,2,0,0,1,1,0,0,0,"692067,177075","5337045,59069",11.582754545,48.157622496,0,2,#fc8d62,car
197405,"9,21E+18",9,1,84,144,2021,6,6,3,3,5,3,0,1,1,0,0,0,0,"688172,922761","5317207,31274",11.521709593,47.980473943,0,1,#66c2a5,bicycle
197406,"9,21E+18",9,1,87,150,2021,6,8,3,3,5,3,0,0,1,0,1,0,0,"729319,941446","5303489,69801",12.065082771,47.843809266,0,2,#fc8d62,car
197408,"9,21E+18",9,1,62,0,2021,6,8,4,3,3,6,0,1,1,0,0,0,0,"689846,167687","5334493,60633",11.551781239,48.135352163,0,1,#66c2a5,bicycle
197411,"9,21E+18",9,1,62,0,2021,6,11,3,3,1,5,0,1,1,0,0,0,0,"691160,687194","5337608,17402",11.570830403,48.162952067,0,1,#66c2a5,bicycle
197412,"9,21E+18",9,1,62,0,2021,6,10,1,3,0,1,0,0,0,0,1,0,0,"691409,449088","5335425,64559",11.573190778,48.143260967,0,4,#e78ac3,marker
197414,"9,21E+18",9,1,62,0,2021,6,19,3,3,5,2,0,1,1,0,0,0,0,"694273,431346","5340585,04526",11.614007989,48.188763331,0,1,#66c2a5,bicycle
197415,"9,21E+18",9,1,62,0,2021,6,18,2,3,5,2,0,1,1,0,0,0,0,"691109,339334","5339235,4702",11.570871997,48.177593405,0,1,#66c2a5,bicycle
197416,"9,21E+18",9,7,72,163,2021,6,18,7,2,0,1,0,1,0,0,0,0,0,"639870,949","5346774,772",10.884539069,48.258734201,0,1,#66c2a5,bicycle
197417,"9,21E+18",9,1,62,0,2021,6,19,4,3,0,1,0,1,0,0,0,0,0,"689592,033442","5330707,36057",11.5466853,48.101396778,1,1,#66c2a5,bicycle
197418,"9,21E+18",9,7,61,0,2021,6,14,3,3,0,2,0,0,0,0,1,0,0,"642932,721257","5359447,543",10.930062153,48.371999285,0,4,#e78ac3,marker
197420,"9,21E+18",9,2,61,0,2021,6,10,6,3,0,1,0,1,0,0,0,0,0,"732675,561412","5381944,09685",12.152854076,48.547393431,0,1,#66c2a5,bicycle
197421,"9,21E+18",9,7,61,0,2021,6,6,4,3,5,3,0,1,1,0,0,0,0,"639384,594","5359581,924",10.882222534,48.374001245,0,1,#66c2a5,bicycle
197427,"9,21E+18",9,1,62,0,2021,7,7,4,3,5,3,0,1,1,0,0,0,0,"690476,114717","5333944,38872",11.559994261,48.130227571,1,1,#66c2a5,bicycle
197430,"9,21E+18",9,1,78,145,2021,6,16,3,3,9,1,0,0,0,0,1,0,0,"698200,661058","5355587,13585",11.673816725,48.322373999,0,4,#e78ac3,marker
197431,"9,21E+18",9,1,77,117,2021,7,15,3,3,5,3,0,0,1,0,0,0,0,"714761,920415","5355041,06272",11.896672265,48.312059748,0,2,#fc8d62,car
197433,"9,21E+18",9,1,62,0,2021,6,18,2,3,6,7,0,0,1,1,0,0,0,"690635,018735","5334969,85518",11.562586601,48.13939686,0,2,#fc8d62,car
197434,"9,21E+18",9,1,78,144,2021,7,21,5,2,0,7,2,0,0,0,1,0,0,"708834,905676","5380540,3305",11.829533115,48.543170126,1,4,#e78ac3,marker
197436,"9,21E+18",9,1,63,0,2021,6,6,6,3,0,1,1,0,0,0,1,0,0,"732656,393165","5304755,56",12.110290809,47.853983416,1,4,#e78ac3,marker
197438,"9,21E+18",9,1,88,121,2021,7,16,4,3,3,3,0,1,1,0,0,0,0,"670281,268872","5329597,06866",11.287077906,48.09686956,1,1,#66c2a5,bicycle
197443,"9,21E+18",9,1,90,139,2021,7,12,2,3,1,6,0,0,1,0,0,0,0,"654914,778982","5296150,94717",11.068793504,47.800064849,0,2,#fc8d62,car
197445,"9,21E+18",9,1,81,130,2021,6,13,6,3,3,6,0,0,1,0,1,0,0,"639284,392","5324337,229",10.8692942,48.057102212,0,2,#fc8d62,car
197446,"9,21E+18",9,1,77,120,2021,6,6,4,2,0,7,0,0,0,0,0,0,1,"718430,885633","5360213,52727",11.948772098,48.357276725,1,6,#ffd92f,circle
197447,"9,21E+18",9,1,62,0,2021,7,9,5,3,4,2,0,0,1,0,0,0,0,"690519,15098","5341842,87998",11.564110393,48.201205693,0,2,#fc8d62,car
197448,"9,21E+18",9,7,78,116,2021,7,15,3,2,0,7,0,1,0,0,0,0,0,"619134,222737","5318181,87216",10.597270958,48.005824087,0,1,#66c2a5,bicycle
197452,"9,21E+18",9,1,87,179,2021,7,16,5,2,5,3,0,0,1,0,1,0,0,"727339,679002","5314721,43399",12.044568746,47.945425814,1,2,#fc8d62,car
197457,"9,21E+18",9,1,62,0,2021,6,20,6,2,0,3,0,0,0,0,1,0,1,"700072,341721","5334412,74418",11.68904344,48.131492931,0,4,#e78ac3,marker
197458,"9,21E+18",9,7,77,130,2021,6,18,4,2,5,3,0,1,1,0,0,0,0,"626988,29073","5313968,40447",10.701280295,47.966419265,0,1,#66c2a5,bicycle
197459,"9,21E+18",9,1,90,133,2021,6,12,5,3,0,1,0,1,0,0,0,0,0,"634604,163605","5297598,13055",10.798155206,47.817646627,0,1,#66c2a5,bicycle
197463,"9,21E+18",9,1,84,139,2021,7,15,2,3,5,3,0,0,1,0,0,0,0,"686880,040184","5324467,25692",11.507564698,48.046109237,0,2,#fc8d62,car
197468,"9,21E+18",9,1,88,139,2021,6,19,6,3,0,3,0,0,1,0,0,0,1,"674819,39973","5318565,83526",11.343472714,47.996474738,0,2,#fc8d62,car
197469,"9,21E+18",9,1,62,0,2021,7,15,5,3,6,4,0,0,1,1,0,0,0,"687725,48367","5327818,2706",11.520368315,48.075981372,0,2,#fc8d62,car
197470,"9,21E+18",9,1,74,126,2021,7,7,4,3,5,3,0,1,1,0,0,0,0,"684237,268001","5344737,352",11.480906343,48.22907631,1,1,#66c2a5,bicycle
197474,"9,21E+18",9,1,81,132,2021,7,10,7,2,0,7,0,0,0,0,0,0,1,"646543,60374","5328038,2405",10.967928846,48.08875495,0,6,#ffd92f,circle
197476,"9,21E+18",9,7,72,148,2021,6,14,1,3,0,1,0,1,0,0,0,0,0,"626126,234769","5348257,99876",10.699882492,48.274957969,1,1,#66c2a5,bicycle
197481,"9,21E+18",9,7,72,184,2021,7,7,3,3,0,7,0,1,0,0,0,0,0,"635646,473166","5361861,81596",10.832506914,48.395316602,0,1,#66c2a5,bicycle
197482,"9,21E+18",9,1,87,126,2021,6,12,7,1,5,1,0,1,1,0,0,0,0,"744446,811512","5325616,81417",12.279497713,48.036995869,0,1,#66c2a5,bicycle
197486,"9,21E+18",9,1,78,143,2021,7,23,7,3,0,1,2,1,0,0,0,0,0,"716990,83598","5372569,59116",11.935747771,48.468789177,0,1,#66c2a5,bicycle
197489,"9,21E+18",9,1,84,148,2021,6,17,5,3,0,1,0,1,0,0,0,0,0,"695412,79984","5326479,25742",11.622854926,48.061637672,1,1,#66c2a5,bicycle
197490,"9,21E+18",9,1,78,124,2021,6,11,4,3,0,1,0,1,0,0,0,0,0,"703432,598662","5364579,51989",11.748662217,48.401520366,0,1,#66c2a5,bicycle
197491,"9,21E+18",9,1,88,113,2021,7,18,6,3,0,1,0,1,0,0,0,0,0,"675023,705897","5314148,62835",11.344409762,47.956709586,0,1,#66c2a5,bicycle
197492,"9,21E+18",9,7,61,0,2021,7,19,3,2,4,2,0,1,1,0,0,0,0,"641019,466487","5358705,97237",10.903993184,48.365761784,1,1,#66c2a5,bicycle
197496,"9,21E+18",9,1,62,0,2021,7,3,7,3,0,1,2,1,0,0,0,0,0,"693630,628691","5332900,61367",11.601871712,48.119894658,0,1,#66c2a5,bicycle
197497,"9,21E+18",9,1,79,119,2021,7,16,5,3,4,6,0,1,1,0,0,0,0,"669047,53686","5339242,18939",11.274349779,48.183906542,1,1,#66c2a5,bicycle
197504,"9,21E+18",9,1,74,115,2021,6,9,5,3,0,1,0,1,0,0,0,0,0,"680165,97627","5347572,03301",11.427340626,48.255725955,0,1,#66c2a5,bicycle
197507,"9,21E+18",9,1,81,115,2021,6,15,1,2,3,1,0,1,0,0,0,0,0,"657521,381783","5328297,55681",11.115344162,48.088468026,0,1,#66c2a5,bicycle
197508,"9,21E+18",9,1,62,0,2021,6,19,2,3,4,5,0,1,1,0,0,0,1,"690725,578487","5337367,18528",11.564876869,48.160916756,0,1,#66c2a5,bicycle
197509,"9,21E+18",9,1,81,138,2021,7,15,3,3,8,1,0,0,1,0,0,0,0,"640029,449214","5335891,37701",10.88308087,48.160835889,0,2,#fc8d62,car
197512,"9,21E+18",9,1,62,0,2021,7,2,1,3,5,3,2,0,1,0,0,0,0,"692496,801448","5340985,68917",11.590309952,48.192905065,1,2,#fc8d62,car
197514,"9,21E+18",9,1,84,131,2021,6,9,5,2,0,7,0,0,0,0,0,0,1,"704878,109818","5338904,56516",11.755720161,48.170330192,0,6,#ffd92f,circle
197518,"9,21E+18",9,1,81,144,2021,6,12,7,3,0,1,0,1,0,0,0,0,0,"656104,342505","5320996,89908",11.093664069,48.023175877,0,1,#66c2a5,bicycle
197524,"9,21E+18",9,1,73,126,2021,6,13,4,3,0,7,0,1,0,0,0,0,0,"683063,709001","5306971,364",11.448955426,47.889944761,0,1,#66c2a5,bicycle
197529,"9,21E+18",9,7,61,0,2021,6,19,6,3,2,6,0,0,1,0,0,0,0,"641731,705815","5360015,66521",10.914045471,48.377378469,0,2,#fc8d62,car
197532,"9,21E+18",9,1,82,120,2021,7,11,1,2,0,1,0,1,0,0,0,0,0,"701800,537806","5306747,06644",11.699230281,47.882312248,0,1,#66c2a5,bicycle
197534,"9,21E+18",9,7,61,0,2021,6,22,7,3,0,1,2,0,0,0,0,0,1,"641069,008541","5357899,30671",10.904391207,48.358497465,0,6,#ffd92f,circle
197540,"9,21E+18",9,2,74,126,2021,6,20,5,3,0,1,0,1,0,0,0,0,0,"733194,251629","5383909,78629",12.160972332,48.564857886,1,1,#66c2a5,bicycle
197544,"9,21E+18",9,1,87,150,2021,6,7,3,3,0,6,0,1,1,0,0,0,0,"728841,437546","5303361,62354",12.058628826,47.842829047,0,1,#66c2a5,bicycle
197546,"9,21E+18",9,1,62,0,2021,7,12,7,3,5,2,0,1,1,0,0,0,0,"692388,286519","5338834,23031",11.587877101,48.173601261,0,1,#66c2a5,bicycle
197547,"9,21E+18",9,1,78,120,2021,7,7,5,2,5,1,0,1,1,0,0,0,0,"695673,563339","5353862,32708",11.638962811,48.307660043,0,1,#66c2a5,bicycle
197548,"9,21E+18",9,1,77,126,2021,6,9,1,3,2,6,0,1,0,0,0,0,0,"716900,479002","5366470,287",11.931369367,48.41401996,0,1,#66c2a5,bicycle
197553,"9,21E+18",9,1,85,158,2021,7,6,5,3,3,6,0,0,1,0,1,0,0,"666542,688349","5382161,96964",11.257681032,48.570402106,1,2,#fc8d62,car
197554,"9,21E+18",9,1,81,144,2021,6,12,5,2,3,6,0,1,0,0,0,0,0,"656358,592236","5319726,83012",11.096608457,48.011694347,0,1,#66c2a5,bicycle
197555,"9,21E+18",9,1,87,134,2021,7,13,6,2,2,2,0,0,1,0,1,0,0,"737173,033372","5320045,0443",12.178989742,47.989685616,0,2,#fc8d62,car
197556,"9,21E+18",9,1,62,0,2021,7,13,4,3,0,1,0,1,0,0,0,0,0,"690646,591113","5337361,78582",11.563813331,48.160891914,0,1,#66c2a5,bicycle
197558,"9,21E+18",9,1,62,0,2021,6,22,2,3,0,1,2,1,0,0,0,0,0,"692037,113098","5334956,47414",11.581408271,48.138854996,1,1,#66c2a5,bicycle
197559,"9,21E+18",9,1,62,0,2021,7,8,2,3,2,6,0,0,1,0,1,0,0,"691150,012409","5340796,24112",11.572120796,48.191609105,0,2,#fc8d62,car
197563,"9,21E+18",9,1,62,0,2021,6,16,1,3,5,2,0,1,1,0,0,0,0,"691292,038028","5342915,50663",11.574984963,48.210613834,0,1,#66c2a5,bicycle
197564,"9,21E+18",9,1,62,0,2021,6,20,5,3,3,6,1,1,1,0,0,0,0,"696054,073595","5335092,48438",11.63540917,48.138852462,1,1,#66c2a5,bicycle
197569,"9,21E+18",9,1,78,157,2021,6,21,7,2,0,6,1,0,0,0,0,0,1,"705347,529452","5370147,7995",11.777231173,48.450935923,0,6,#ffd92f,circle
197571,"9,21E+18",9,1,73,126,2021,7,14,7,3,0,7,0,1,0,0,0,0,0,"684789,935943","5305119,42973",11.471233766,47.872803087,0,1,#66c2a5,bicycle
197573,"9,21E+18",9,1,79,123,2021,7,18,5,3,5,3,0,1,1,0,0,0,0,"677727,179001","5334151,16",11.38889514,48.135773979,1,1,#66c2a5,bicycle
197576,"9,21E+18",9,1,62,0,2021,6,20,3,3,0,3,0,0,1,0,1,0,0,"689864,525524","5332501,91083",11.551140476,48.117445215,1,2,#fc8d62,car
197578,"9,21E+18",9,7,61,0,2021,6,8,6,3,3,1,0,0,1,0,1,0,0,"641139,087361","5358182,19845",10.905431602,48.361025465,1,2,#fc8d62,car
197579,"9,21E+18",9,1,87,169,2021,7,7,5,3,0,1,0,0,0,0,1,0,0,"741850,097507","5299174,1139",12.229884044,47.800451301,1,4,#e78ac3,marker
197581,"9,21E+18",9,1,62,0,2021,7,19,7,3,3,5,0,1,1,0,0,0,0,"690190,566315","5333685,4431",11.556044891,48.127985548,0,1,#66c2a5,bicycle
197588,"9,21E+18",9,7,61,0,2021,6,16,2,3,5,3,0,1,1,0,0,0,0,"641801,197","5360284,687",10.915074142,48.379781781,0,1,#66c2a5,bicycle
197589,"9,21E+18",9,1,79,121,2021,7,18,5,3,5,3,0,1,1,0,0,0,0,"668194,062","5339132,371",11.262833049,48.183145823,0,1,#66c2a5,bicycle
197593,"9,21E+18",9,1,62,0,2021,7,13,3,3,5,3,0,0,1,0,0,0,0,"693975,843709","5336089,17802",11.607957289,48.14844729,0,2,#fc8d62,car
197595,"9,21E+18",9,1,78,143,2021,6,15,3,3,3,6,0,1,0,0,0,0,0,"717756,948325","5372306,19693",11.945961453,48.466157983,0,1,#66c2a5,bicycle
197598,"9,21E+18",9,1,90,139,2021,7,15,2,3,0,7,0,1,0,0,0,0,0,"655741,357","5296849,323",11.080075237,47.80614492,0,1,#66c2a5,bicycle
197599,"9,21E+18",9,1,84,120,2021,6,12,1,3,0,1,0,1,0,0,0,0,0,"680471,508527","5333808,57013",11.425603508,48.131922125,0,1,#66c2a5,bicycle
197600,"9,21E+18",9,1,62,0,2021,6,15,5,3,3,5,0,1,1,0,0,0,0,"691841,985427","5332107,77784",11.577505847,48.113310142,0,1,#66c2a5,bicycle
197601,"9,21E+18",9,1,63,0,2021,6,15,4,3,2,6,0,0,1,0,0,0,0,"733401,326543","5306339,7258",12.12108926,47.86794557,1,2,#fc8d62,car
197603,"9,21E+18",9,1,62,0,2021,7,20,3,3,0,7,0,0,0,0,0,0,1,"684203,609539","5333557,9574",11.475607908,48.128600304,0,6,#ffd92f,circle
197604,"9,21E+18",9,1,62,0,2021,6,17,6,3,2,6,0,1,1,0,0,0,0,"696641,857748","5333198,83713",11.642427751,48.121652131,0,1,#66c2a5,bicycle
197605,"9,21E+18",9,1,62,0,2021,7,18,6,3,3,6,0,0,1,0,1,0,0,"692169,175598","5336916,69439",11.584066473,48.15643319,0,2,#fc8d62,car
197607,"9,21E+18",9,1,62,0,2021,7,14,4,3,0,7,0,0,1,0,0,0,1,"689616,809151","5342147,86411",11.552114973,48.204216984,0,2,#fc8d62,car
197608,"9,21E+18",9,1,81,130,2021,7,11,3,3,5,3,0,0,1,0,0,0,0,"638880,259764","5323612,82463",10.863638287,48.050676216,0,2,#fc8d62,car
197609,"9,21E+18",9,2,61,0,2021,7,8,7,3,0,1,0,1,0,0,0,0,0,"730352,345684","5382150,24932",12.12153643,48.550102577,0,1,#66c2a5,bicycle
197611,"9,21E+18",9,1,88,120,2021,6,17,1,3,0,5,0,1,1,0,0,0,0,"678898,402363","5329166,66434",11.402532848,48.090639755,0,1,#66c2a5,bicycle
197612,"9,21E+18",9,1,62,0,2021,6,12,5,3,5,3,0,0,1,0,0,0,0,"687088,635093","5329854,30896",11.512718398,48.094469239,0,2,#fc8d62,car
197613,"9,21E+18",9,1,62,0,2021,6,14,3,3,6,7,0,0,0,1,0,0,1,"691136,003336","5335150,28745",11.569394985,48.140868281,0,3,#8da0cb,toilet
197614,"9,21E+18",9,1,75,124,2021,7,15,6,3,0,7,0,1,0,0,0,0,0,"715203,039052","5328249,7396",11.88903915,48.07117955,0,1,#66c2a5,bicycle
197616,"9,21E+18",9,1,62,0,2021,6,20,6,3,1,5,0,0,1,0,0,0,1,"692123,558387","5336753,17578",11.583379884,48.154977302,0,2,#fc8d62,car
197618,"9,21E+18",9,7,61,0,2021,7,9,2,3,5,3,0,0,1,0,0,0,1,"641304,291757","5355852,06396",10.906878491,48.340036767,0,2,#fc8d62,car
197619,"9,21E+18",9,1,63,0,2021,7,15,7,3,2,6,0,0,1,0,0,0,0,"731314,832905","5304009,13815",12.091984073,47.847761529,0,2,#fc8d62,car
197621,"9,21E+18",9,1,62,0,2021,7,7,4,2,0,7,0,1,0,1,0,0,0,"684359,969001","5333840,886",11.477829677,48.131098158,0,1,#66c2a5,bicycle
197623,"9,21E+18",9,7,61,0,2021,6,11,5,1,3,6,0,1,0,0,0,1,0,"643446,607146","5358686,86908",10.93673773,48.365043118,0,1,#66c2a5,bicycle
197627,"9,21E+18",9,7,61,0,2021,7,16,5,3,5,3,0,1,1,0,0,0,0,"638850,558524","5359234,0355",10.874900161,48.370990841,0,1,#66c2a5,bicycle
197630,"9,21E+18",9,1,62,0,2021,7,11,4,3,5,2,0,1,1,0,0,0,0,"691772,971884","5332220,03822",11.576630061,48.114339911,0,1,#66c2a5,bicycle
197631,"9,21E+18",9,1,62,0,2021,6,9,7,3,1,3,0,0,1,0,1,0,0,"688519,248091","5336346,34295",11.53478416,48.15239929,0,2,#fc8d62,car
197633,"9,21E+18",9,1,62,0,2021,6,16,2,3,6,6,0,1,0,1,0,0,0,"694287,794399","5332807,62405",11.610650378,48.118858724,0,1,#66c2a5,bicycle
197634,"9,21E+18",9,1,62,0,2021,7,19,2,3,4,3,0,0,1,0,1,0,0,"701657,745738","5332233,89093",11.709296608,48.111411441,0,2,#fc8d62,car
197638,"9,21E+18",9,1,62,0,2021,6,6,4,2,0,1,0,1,0,0,0,0,0,"694763,705957","5338288,12903",11.619545039,48.16796969,1,1,#66c2a5,bicycle
197640,"9,21E+18",9,2,61,0,2021,6,23,6,3,0,1,1,1,0,0,0,0,0,"730526,589667","5382430,81086",12.124049274,48.552558838,0,1,#66c2a5,bicycle
197642,"9,21E+18",9,1,84,149,2021,7,11,3,3,6,7,0,0,0,1,0,0,1,"690698,464217","5349896,33261",11.570146447,48.273534399,0,3,#8da0cb,toilet
197643,"9,21E+18",9,1,90,139,2021,6,11,7,3,5,3,0,0,1,0,0,0,0,"654280,275579","5294988,24568",11.05991235,47.789762562,0,2,#fc8d62,car
197646,"9,21E+18",9,1,79,118,2021,7,10,7,3,1,7,0,1,1,0,0,0,0,"673210,719396","5338081,76385",11.329840405,48.172353525,0,1,#66c2a5,bicycle
197649,"9,21E+18",9,1,62,0,2021,6,0,5,2,1,5,2,1,1,0,0,0,0,"692227,445224","5337125,17602",11.584943376,48.158289365,0,1,#66c2a5,bicycle
197650,"9,21E+18",9,1,87,122,2021,6,1,4,3,0,1,2,1,0,0,0,0,0,"717909,839706","5308629,15783",11.915376029,47.893959594,0,1,#66c2a5,bicycle
197651,"9,21E+18",9,1,84,144,2021,7,10,5,3,1,5,0,0,1,0,1,0,0,"687527,677395","5320038,19035",11.514307879,48.006108803,1,2,#fc8d62,car
197653,"9,21E+18",9,1,81,132,2021,6,12,7,2,8,1,0,0,1,0,0,0,0,"644192,181185","5328718,00765",10.936600104,48.095403658,0,2,#fc8d62,car
197659,"9,21E+18",9,7,61,0,2021,6,10,5,3,0,1,0,1,0,0,0,0,0,"644034,57971","5357615,06471",10.944304559,48.355272173,0,1,#66c2a5,bicycle
197662,"9,21E+18",9,1,62,0,2021,6,14,6,3,6,7,0,1,0,1,0,0,0,"692413,681736","5334181,39954",11.586114769,48.131775027,0,1,#66c2a5,bicycle
197667,"9,21E+18",9,1,87,132,2021,6,19,1,3,3,6,0,1,0,0,0,0,0,"745925,024048","5298632,37917",12.283905695,47.794041891,0,1,#66c2a5,bicycle
197669,"9,21E+18",9,1,88,121,2021,6,15,3,3,5,6,0,1,1,0,0,0,0,"671326,014959","5330881,01656",11.301613858,48.108131907,0,1,#66c2a5,bicycle
197670,"9,21E+18",9,1,84,130,2021,7,10,2,2,5,3,0,0,1,0,1,0,0,"699672,311001","5344151,548",11.688247626,48.219141313,0,2,#fc8d62,car
197671,"9,21E+18",9,1,62,0,2021,6,10,1,3,3,6,0,1,1,0,0,0,0,"693689,753666","5334667,68146",11.603468449,48.135758534,0,1,#66c2a5,bicycle
197675,"9,21E+18",9,1,62,0,2021,6,22,6,3,5,3,2,1,1,0,0,0,0,"690158,235368","5334618,84801",11.556027419,48.136384667,0,1,#66c2a5,bicycle
197676,"9,21E+18",9,1,62,0,2021,6,18,4,3,2,6,0,0,1,0,0,0,0,"686251,514296","5333326,55025",11.503002542,48.125924413,0,2,#fc8d62,car
197677,"9,21E+18",9,1,62,0,2021,7,18,6,3,0,7,0,1,0,0,0,0,0,"691298,878226","5334072,07589",11.571097985,48.131128473,0,1,#66c2a5,bicycle
197680,"9,21E+18",9,1,62,0,2021,6,14,7,3,5,2,0,1,1,0,0,0,0,"692302,133361","5337525,10893",11.586127449,48.161861284,0,1,#66c2a5,bicycle
197682,"9,21E+18",9,1,81,144,2021,7,9,3,2,0,7,0,1,0,0,0,0,0,"655943,021425","5321064,36435",11.091526482,48.023821867,0,1,#66c2a5,bicycle
197693,"9,21E+18",9,1,62,0,2021,7,16,6,3,3,2,0,1,0,0,1,0,0,"690375,834142","5336136,11122",11.559627616,48.149956734,0,1,#66c2a5,bicycle
197695,"9,21E+18",9,1,62,0,2021,6,17,1,3,0,1,0,1,0,0,0,0,0,"687802,157877","5334479,39784",11.524328612,48.13583093,0,1,#66c2a5,bicycle
197697,"9,21E+18",9,1,62,0,2021,6,8,3,3,0,5,0,1,1,0,0,0,0,"687662,045993","5336875,16652",11.523503262,48.157405968,0,1,#66c2a5,bicycle
197698,"9,21E+18",9,1,62,0,2021,7,7,5,3,6,4,0,1,0,1,0,0,0,"690780,023855","5339820,49902",11.566709188,48.182950518,1,1,#66c2a5,bicycle
197699,"9,21E+18",9,7,61,0,2021,7,7,3,3,5,3,0,0,1,0,0,0,0,"638038,946605","5359387,41292",10.86399736,48.372548029,0,2,#fc8d62,car
197700,"9,21E+18",9,1,77,120,2021,6,19,7,3,9,1,0,1,0,0,0,0,0,"723832,544002","5359108,35299",12.021001732,48.345456461,0,1,#66c2a5,bicycle
197702,"9,21E+18",9,7,71,113,2021,7,14,6,3,2,2,0,0,1,0,0,0,0,"657034,641461","5369909,61526",11.124271462,48.462705833,0,2,#fc8d62,car
197704,"9,21E+18",9,1,62,0,2021,7,18,4,2,5,3,0,0,1,0,0,0,1,"684439,425311","5332582,25357",11.478351892,48.119761843,0,2,#fc8d62,car
197710,"9,21E+18",9,1,78,133,2021,7,18,5,3,0,1,0,0,0,0,1,0,0,"686706,024512","5366648,05617",11.523821267,48.425287185,0,4,#e78ac3,marker
197716,"9,21E+18",9,1,78,120,2021,7,16,3,3,5,3,0,1,1,0,0,0,0,"694361,919029","5353155,10274",11.620966879,48.301708375,0,1,#66c2a5,bicycle
197719,"9,21E+18",9,1,62,0,2021,7,12,1,3,1,6,0,1,0,0,0,0,0,"700603,619279","5331302,42491",11.694712623,48.103373166,0,1,#66c2a5,bicycle
197720,"9,21E+18",9,1,62,0,2021,6,4,1,2,0,7,1,0,0,0,1,0,0,"692622,252001","5331390,304",11.587654136,48.106626107,1,4,#e78ac3,marker
197721,"9,21E+18",9,1,62,0,2021,6,8,5,3,2,6,0,1,0,0,0,0,0,"693651,370606","5333327,74316",11.602344152,48.123727264,0,1,#66c2a5,bicycle
197722,"9,21E+18",9,7,61,0,2021,6,14,2,3,5,3,0,0,1,0,1,0,0,"639843,356892","5359057,69521",10.888239738,48.369186033,0,2,#fc8d62,car
197723,"9,21E+18",9,1,62,0,2021,7,12,5,3,6,7,0,0,0,1,0,0,1,"692310,727813","5337575,80218",11.586265826,48.162314303,1,3,#8da0cb,toilet
197724,"9,21E+18",9,1,86,143,2021,7,18,4,3,0,3,0,1,1,0,0,0,0,"684922,185766","5378156,58835",11.504822147,48.529250258,0,1,#66c2a5,bicycle
197725,"9,21E+18",9,1,81,144,2021,6,17,7,3,0,1,0,1,0,0,0,0,0,"653865,417942","5321415,57426",11.063806379,48.027483493,0,1,#66c2a5,bicycle
197726,"9,21E+18",9,7,72,177,2021,7,17,2,3,5,3,0,1,1,0,0,0,0,"636581,784227","5378662,13965",10.850622498,48.546179229,1,1,#66c2a5,bicycle
197727,"9,21E+18",9,1,88,121,2021,7,20,7,3,5,3,0,1,0,0,0,0,0,"672366,096585","5329944,63908",11.315196396,48.099433586,0,1,#66c2a5,bicycle
197729,"9,21E+18",9,1,79,121,2021,7,17,5,3,0,1,0,1,0,0,0,0,0,"666496,679405","5337654,45634",11.239436187,48.170306444,1,1,#66c2a5,bicycle
197732,"9,21E+18",9,7,61,0,2021,6,16,3,3,6,4,0,0,1,1,0,0,0,"638920,864","5355534,066",10.874627697,48.337705963,1,2,#fc8d62,car
197735,"9,21E+18",9,1,74,115,2021,7,14,2,3,4,6,0,1,0,1,0,0,0,"682792,885353","5348470,27455",11.463086793,48.263047499,0,1,#66c2a5,bicycle