OBJECTID,UIDENTSTLA,ULAND,UREGBEZ,UKREIS,UGEMEINDE,UJAHR,UMONAT,USTUNDE,UWOCHENTAG,UKATEGORIE,UART,UTYP1,ULICHTVERH,IstRad,IstPKW,IstFuss,IstKrad,IstGkfz,IstSonstig,LINREFX,LINREFY,XGCSWGS84,YGCSWGS84,STRZUSTAN,Teilnehmer,color,symbol
197736,"9,21E+18",9,1,62,0,2021,6,2,1,3,6,5,2,1,0,1,0,0,0,"691833,257753","5335711,56217",11.579011038,48.145703095,0,1,#66c2a5,bicycle
197737,"9,21E+18",9,1,84,120,2021,6,17,5,3,4,3,0,0,1,0,0,0,1,"682235,755634","5332598,74245",11.448775976,48.120544574,1,2,#fc8d62,car
197740,"9,21E+18",9,1,62,0,2021,7,17,3,3,5,3,0,1,1,0,0,0,0,"688482,985037","5338102,58",11.535075187,48.168195309,0,1,#66c2a5,bicycle
197743,"9,21E+18",9,1,62,0,2021,6,17,2,3,0,6,0,0,0,0,0,0,1,"692327,454224","5337768,27105",11.586577558,48.164039106,0,6,#ffd92f,circle
197745,"9,21E+18",9,1,77,135,2021,7,18,7,2,0,1,0,1,0,0,0,0,0,"719265,608067","5341221,90307",11.950177765,48.186351899,0,1,#66c2a5,bicycle
197746,"9,21E+18",9,7,61,0,2021,7,20,1,3,5,3,0,0,1,0,0,0,0,"642021,221049","5361650,17177",10.918505476,48.392010091,1,2,#fc8d62,car
197749,"9,21E+18",9,1,81,130,2021,6,11,4,3,6,3,0,0,1,1,0,0,0,"639269,400513","5323901,03661",10.868951113,48.053183108,1,2,#fc8d62,car
197754,"9,21E+18",9,1,62,0,2021,7,13,6,3,0,7,0,1,0,0,0,0,0,"690465,798062","5340144,15354",11.562631156,48.185953766,0,1,#66c2a5,bicycle
197755,"9,21E+18",9,7,61,0,2021,7,9,7,3,5,3,0,1,1,0,0,0,0,"641775,334711","5361962,14588",10.915291147,48.394870543,0,1,#66c2a5,bicycle
197757,"9,21E+18",9,1,62,0,2021,6,13,7,3,0,3,0,0,1,0,0,0,1,"689595,311934","5335397,35193",11.548815188,48.143549863,0,2,#fc8d62,car
197763,"9,21E+18",9,1,79,123,2021,6,18,5,3,0,2,0,0,1,0,1,0,0,"676568,399126","5334577,40108",11.373510171,48.139928138,1,2,#fc8d62,car
197765,"9,21E+18",9,1,62,0,2021,7,16,4,3,0,1,0,0,0,0,1,0,0,"694436,67123","5332602,2662",11.612555043,48.116967601,1,4,#e78ac3,marker
197768,"9,21E+18",9,1,88,139,2021,7,12,3,3,0,1,0,1,0,0,0,0,0,"673050,350412","5322007,60148",11.321167538,48.027896648,0,1,#66c2a5,bicycle
197772,"9,21E+18",9,1,87,142,2021,6,15,2,3,8,7,0,1,0,0,0,0,0,"733517,184394","5311088,49098",12.125204298,47.91056625,0,1,#66c2a5,bicycle
197773,"9,21E+18",9,1,62,0,2021,6,9,5,3,4,6,0,0,0,0,0,1,1,"686094,225313","5328391,25075",11.498738555,48.081609716,0,5,#a6d854,bus
197780,"9,21E+18",9,1,73,126,2021,7,11,7,3,0,7,0,1,0,0,0,0,1,"687457,880123","5302884,46543",11.505908672,47.851940312,0,1,#66c2a5,bicycle
197782,"9,21E+18",9,1,62,0,2021,7,17,4,3,6,6,0,0,0,1,0,0,1,"690803,748504","5334826,01841",11.564787937,48.13805349,0,3,#8da0cb,toilet
197785,"9,21E+18",9,7,72,200,2021,6,17,5,3,4,6,0,1,0,0,0,0,0,"629882,160733","5337797,60856",10.747273477,48.180132257,0,1,#66c2a5,bicycle
197786,"9,21E+18",9,1,62,0,2021,6,17,3,3,6,4,0,0,0,1,0,0,1,"691833,098268","5337546,32456",11.579835957,48.162193652,0,3,#8da0cb,toilet
197788,"9,21E+18",9,1,84,149,2021,6,20,6,3,5,3,0,0,1,0,0,0,0,"691103,606038","5350456,31403",11.575854182,48.278445201,0,2,#fc8d62,car
197790,"9,21E+18",9,7,61,0,2021,7,22,6,3,1,5,2,1,1,0,0,0,0,"640455,930798","5359187,67788",10.896549751,48.370218769,0,1,#66c2a5,bicycle
197791,"9,21E+18",9,1,62,0,2021,7,15,7,3,5,2,0,1,1,0,0,0,0,"688559,164545","5334671,28341",11.534578496,48.137331782,0,1,#66c2a5,bicycle
197793,"9,21E+18",9,1,87,117,2021,6,16,1,3,0,7,0,1,0,0,0,0,0,"725620,2509","5304625,14859",12.016296273,47.855320098,0,1,#66c2a5,bicycle
197795,"9,21E+18",9,1,62,0,2021,7,17,2,3,0,1,0,0,0,0,0,0,1,"692194,023646","5332880,53873",11.58257899,48.120149468,0,6,#ffd92f,circle
197797,"9,21E+18",9,7,72,163,2021,6,11,2,3,5,3,0,1,1,0,0,0,0,"640354,04536","5346869,03229",10.891075621,48.259474945,0,1,#66c2a5,bicycle
197798,"9,21E+18",9,7,61,0,2021,6,18,4,3,5,3,0,1,1,0,0,0,0,"639149,905859","5359223,86236",10.878936626,48.370833436,0,1,#66c2a5,bicycle
197799,"9,21E+18",9,7,61,0,2021,7,9,3,3,0,1,0,1,0,0,0,0,0,"640707,076405","5359974,46688",10.900202301,48.377237355,0,1,#66c2a5,bicycle
197800,"9,21E+18",9,1,62,0,2021,6,18,6,3,0,2,0,0,1,0,0,0,1,"690575,431348","5335930,4769",11.562216382,48.148048734,0,2,#fc8d62,car
197802,"9,21E+18",9,1,62,0,2021,7,19,6,3,1,7,0,0,1,0,1,0,0,"692110,492729","5336230,50845",11.582968455,48.150283623,0,2,#fc8d62,car
197803,"9,21E+18",9,1,79,123,2021,7,16,1,3,0,3,0,1,1,0,0,0,0,"676078,637036","5332915,99892",11.366245765,48.125129026,1,1,#66c2a5,bicycle
197805,"9,21E+18",9,1,62,0,2021,6,19,7,3,0,3,0,1,0,0,0,0,1,"689964,375646","5343891,35624",11.557568887,48.219783385,0,1,#66c2a5,bicycle
197809,"9,21E+18",9,7,73,182,2021,6,18,2,3,6,4,0,0,1,1,0,0,0,"624142,566166","5380107,11933",10.682587041,48.561758512,0,2,#fc8d62,car
197810,"9,21E+18",9,1,62,0,2021,6,12,4,3,0,3,0,0,1,0,0,0,0,"692354,384088","5338379,54622",11.587215838,48.169524943,0,2,#fc8d62,car
197813,"9,21E+18",9,2,61,0,2021,7,7,4,3,0,1,0,1,0,0,0,0,0,"732629,973795","5381951,75533",12.152241595,48.547479129,1,1,#66c2a5,bicycle
197815,"9,21E+18",9,1,87,117,2021,6,10,3,3,4,3,0,0,1,0,0,0,1,"725178,971908","5305598,07261",12.010911862,47.864216548,0,2,#fc8d62,car
197816,"9,21E+18",9,1,84,130,2021,7,12,2,3,1,6,0,1,1,0,0,0,0,"698992,324566","5344971,58577",11.679488059,48.226724584,0,1,#66c2a5,bicycle
197817,"9,21E+18",9,7,61,0,2021,6,8,4,3,6,7,0,1,0,1,0,0,0,"638928,292941","5360827,5678",10.876475923,48.385302399,0,1,#66c2a5,bicycle
197820,"9,21E+18",9,1,62,0,2021,6,19,1,3,5,3,0,1,0,0,0,0,1,"684877,926158","5334497,34431",11.48506921,48.136848499,0,1,#66c2a5,bicycle
197821,"9,21E+18",9,7,78,116,2021,6,7,5,3,0,2,0,0,1,0,1,0,0,"619934,938131","5317929,02796",10.60793135,48.003400354,0,2,#fc8d62,car
197822,"9,21E+18",9,1,62,0,2021,6,16,3,3,5,3,0,1,1,0,0,0,0,"683562,588007","5338956,56442",11.469329758,48.177311341,1,1,#66c2a5,bicycle
197823,"9,21E+18",9,1,62,0,2021,7,17,5,3,3,6,0,1,1,0,1,0,0,"689679,083548","5333388,64818",11.549045851,48.125470547,1,1,#66c2a5,bicycle
197824,"9,21E+18",9,7,72,200,2021,7,18,3,3,0,1,0,1,0,0,0,0,0,"631057,580039","5337090,82964",10.76286041,48.173535058,1,1,#66c2a5,bicycle
197825,"9,21E+18",9,1,79,123,2021,6,10,7,3,1,1,0,1,1,0,0,0,0,"674835,854001","5332924,41",11.349562599,48.125547168,0,1,#66c2a5,bicycle
197830,"9,21E+18",9,1,62,0,2021,6,16,1,3,5,2,0,1,0,0,1,0,0,"688462,858532","5336362,31413",11.534033801,48.152559553,0,1,#66c2a5,bicycle
197834,"9,21E+18",9,1,62,0,2021,6,10,6,3,0,3,0,0,1,0,1,0,0,"687406,938344","5333978,6219",11.518801342,48.131446329,0,2,#fc8d62,car
197835,"9,21E+18",9,1,62,0,2021,6,19,4,3,5,2,0,1,1,0,0,0,0,"689698,80777","5331914,05178",11.548654586,48.11221087,0,1,#66c2a5,bicycle
197836,"9,21E+18",9,1,62,0,2021,7,0,6,3,0,1,2,0,0,0,0,0,1,"692984,884591","5332475,64587",11.593011552,48.11627118,0,6,#ffd92f,circle
197837,"9,21E+18",9,1,84,134,2021,7,8,7,3,3,2,0,0,1,0,0,0,0,"693712,531742","5322436,63681",11.598229011,48.025821677,0,2,#fc8d62,car
197839,"9,21E+18",9,1,62,0,2021,6,16,7,3,5,3,0,0,1,0,1,0,0,"691464,831963","5332771,98527",11.572742099,48.11939348,0,2,#fc8d62,car
197840,"9,21E+18",9,1,62,0,2021,6,18,2,3,5,3,0,1,1,0,0,0,0,"694055,696314","5342020,91534",11.61173768,48.201734801,0,1,#66c2a5,bicycle
197841,"9,21E+18",9,1,62,0,2021,7,13,2,2,0,1,0,0,0,0,0,0,1,"692147,134339","5332562,43281",11.581806233,48.11730453,0,6,#ffd92f,circle
197845,"9,21E+18",9,1,79,123,2021,7,19,2,2,5,3,0,1,1,0,0,0,0,"676466,888092","5333567,06606",11.371728281,48.130874139,0,1,#66c2a5,bicycle
197846,"9,21E+18",9,1,75,132,2021,6,15,5,3,1,1,0,1,0,0,0,0,1,"707999,976517","5330732,53471",11.793670059,48.095880383,0,1,#66c2a5,bicycle
197849,"9,21E+18",9,1,62,0,2021,7,7,3,3,0,7,0,1,0,0,0,0,0,"694134,509788","5336279,86344",11.610175185,48.150112693,0,1,#66c2a5,bicycle
197852,"9,21E+18",9,1,82,116,2021,7,12,7,3,7,1,0,1,0,0,0,0,0,"705812,227001","5293481,136",11.746525637,47.761816707,0,1,#66c2a5,bicycle
197854,"9,21E+18",9,1,90,140,2021,6,7,2,3,5,3,0,1,1,0,0,0,0,"644109,425294","5295878,12045",10.92449115,47.8001209,0,1,#66c2a5,bicycle
197855,"9,21E+18",9,1,62,0,2021,6,14,5,3,6,7,0,0,1,1,0,0,0,"689103,009347","5332992,33625",11.541136238,48.122079822,0,2,#fc8d62,car
197856,"9,21E+18",9,1,79,134,2021,6,7,4,2,5,2,0,1,1,0,0,0,0,"670936,987541","5342738,92388",11.301157225,48.214835255,1,1,#66c2a5,bicycle
197857,"9,21E+18",9,1,86,143,2021,7,10,6,3,1,2,0,0,0,1,0,1,0,"685274,632324","5378059,78109",11.509548348,48.528276252,0,3,#8da0cb,toilet
197858,"9,21E+18",9,1,84,135,2021,7,17,3,3,0,7,0,1,0,0,0,0,0,"689819,024411","5347719,18797",11.557329115,48.254230854,0,1,#66c2a5,bicycle
197859,"9,21E+18",9,1,88,139,2021,6,14,5,2,5,3,0,1,1,0,0,0,0,"678842,925003","5322589,29346",11.39903819,48.031530114,0,1,#66c2a5,bicycle
197860,"9,21E+18",9,1,87,117,2021,6,22,6,3,6,4,2,0,1,1,0,0,0,"724823,837105","5304739,12585",12.005723505,47.856623265,0,2,#fc8d62,car
197867,"9,21E+18",9,2,74,154,2021,7,20,2,3,7,6,0,1,0,0,0,0,1,"740062,908498","5365348,6693",12.243267293,48.395550736,0,1,#66c2a5,bicycle
197868,"9,21E+18",9,1,62,0,2021,6,15,1,3,6,6,0,0,0,1,0,0,1,"692120,250277","5332267,74749",11.581312622,48.11466405,0,3,#8da0cb,toilet
197869,"9,21E+18",9,1,62,0,2021,6,15,5,3,0,7,0,1,0,0,0,0,0,"695704,408001","5338975,946",11.632500125,48.173862477,0,1,#66c2a5,bicycle
197870,"9,21E+18",9,1,62,0,2021,6,7,3,3,6,7,0,1,0,1,0,0,0,"686350,430061","5332697,22913",11.504055423,48.120238882,1,1,#66c2a5,bicycle
197871,"9,21E+18",9,1,62,0,2021,7,1,5,3,9,7,2,0,1,0,0,0,0,"690069,175926","5338178,5964",11.556421314,48.168406246,1,2,#fc8d62,car
197872,"9,21E+18",9,1,62,0,2021,7,8,3,3,3,6,0,0,1,0,0,0,0,"690487,029421","5340258,14254",11.562967632,48.18697192,0,2,#fc8d62,car
197874,"9,21E+18",9,1,87,182,2021,7,20,7,3,0,1,0,1,0,0,0,0,0,"737427,206477","5327685,64482",12.18662319,48.058228668,0,1,#66c2a5,bicycle
197876,"9,21E+18",9,1,88,141,2021,7,10,5,3,0,6,0,0,1,0,0,0,1,"669979,071986","5308340,62626",11.274601752,47.905853544,0,2,#fc8d62,car
197878,"9,21E+18",9,7,61,0,2021,6,13,5,3,2,6,0,0,1,0,0,0,0,"639959,315623","5359190,65031",10.88984884,48.370355822,0,2,#fc8d62,car
197881,"9,21E+18",9,7,61,0,2021,6,18,6,3,9,3,0,0,1,0,0,0,0,"643138,162941","5359207,75043",10.932753026,48.369796632,1,2,#fc8d62,car
197884,"9,21E+18",9,7,72,163,2021,7,21,6,3,0,7,2,1,0,0,0,0,0,"640573,349589","5349785,69641",10.894998589,48.285652485,0,1,#66c2a5,bicycle
197887,"9,21E+18",9,1,88,139,2021,6,18,1,3,6,4,0,0,1,1,0,0,0,"674355,702682","5319804,50967",11.33776551,48.007736634,0,2,#fc8d62,car
197888,"9,21E+18",9,1,62,0,2021,6,15,2,3,5,2,0,0,1,0,0,0,0,"694690,404308","5341554,43407",11.620056831,48.197348021,0,2,#fc8d62,car
197889,"9,21E+18",9,1,88,120,2021,7,7,3,3,5,3,0,0,1,0,0,0,0,"676969,243807","5327036,39279",11.375765845,48.072028641,0,2,#fc8d62,car
197892,"9,21E+18",9,2,61,0,2021,7,10,7,3,8,1,0,0,0,0,1,0,0,"734141,486846","5379376,47034",12.171244144,48.523784261,0,4,#e78ac3,marker
197895,"9,21E+18",9,1,62,0,2021,6,16,5,3,6,4,0,1,0,1,0,0,0,"691038,020094","5333221,14672",11.567214215,48.123558716,0,1,#66c2a5,bicycle
197896,"9,21E+18",9,1,62,0,2021,7,9,5,3,2,6,0,1,0,0,0,0,0,"688811,357014","5336247,56641",11.538663969,48.151424827,0,1,#66c2a5,bicycle
197897,"9,21E+18",9,1,62,0,2021,7,10,3,3,4,2,0,1,1,0,0,0,0,"691635,272001","5332662,792",11.574980854,48.11836079,0,1,#66c2a5,bicycle
197908,"9,21E+18",9,7,61,0,2021,7,16,3,3,5,3,0,1,1,0,0,0,0,"638914,470534","5360432,72844",10.876158802,48.381755144,0,1,#66c2a5,bicycle
197909,"9,21E+18",9,1,87,182,2021,6,16,7,1,0,7,0,1,0,0,0,0,0,"736584,568665","5326914,80997",12.174905615,48.051616967,0,1,#66c2a5,bicycle
197911,"9,21E+18",9,1,62,0,2021,7,7,6,2,6,4,0,0,1,1,0,0,0,"699386,140419","5335383,65444",11.68028557,48.14043394,0,2,#fc8d62,car
197918,"9,21E+18",9,1,62,0,2021,6,7,6,3,5,3,0,1,1,0,0,0,0,"686349,137001","5340328,543",11.507379882,48.188832031,0,1,#66c2a5,bicycle
197919,"9,21E+18",9,1,62,0,2021,6,8,4,3,5,3,0,1,1,0,0,0,0,"691628,501499","5338043,31687",11.577311281,48.166722224,0,1,#66c2a5,bicycle
197920,"9,21E+18",9,1,79,142,2021,6,6,5,3,0,6,0,0,1,0,0,0,1,"672787,127643","5343038,48483",11.3261647,48.217027092,0,2,#fc8d62,car
197921,"9,21E+18",9,1,77,133,2021,6,19,7,3,0,1,0,1,0,0,0,0,0,"711333,861123","5353735,45115",11.849841362,48.301482737,0,1,#66c2a5,bicycle
197923,"9,21E+18",9,1,62,0,2021,7,17,6,3,3,2,0,1,1,0,0,0,0,"687344,289008","5329867,38792",11.5161543,48.094511696,0,1,#66c2a5,bicycle
197924,"9,21E+18",9,7,61,0,2021,7,11,7,3,0,7,0,0,0,0,0,0,1,"640810,589605","5358545,50294",10.901120902,48.364365528,0,6,#ffd92f,circle
197933,"9,21E+18",9,1,81,130,2021,6,21,5,3,9,1,2,0,0,0,0,0,1,"638865,289564","5323622,53192",10.863440662,48.050766765,1,6,#ffd92f,circle
197936,"9,21E+18",9,1,84,145,2021,6,12,7,3,0,1,0,0,0,0,1,0,1,"694475,32171","5325282,55521",11.609741569,48.051168438,1,4,#e78ac3,marker
197937,"9,21E+18",9,1,62,0,2021,6,6,2,3,2,2,0,1,1,0,0,0,0,"688874,380001","5340137,501",11.541238337,48.186369112,0,1,#66c2a5,bicycle
197941,"9,21E+18",9,1,62,0,2021,7,19,1,3,2,6,0,0,1,0,1,0,0,"691775,906827","5332091,48653",11.576611649,48.113183617,1,2,#fc8d62,car
197942,"9,21E+18",9,1,62,0,2021,6,20,1,3,5,3,0,1,0,0,0,0,0,"687842,111687","5343465,41488",11.528836357,48.216586812,0,1,#66c2a5,bicycle
197943,"9,21E+18",9,1,74,115,2021,6,8,6,3,5,2,0,1,0,0,0,0,0,"681309,653531","5347834,06105",11.442846932,48.257755042,0,1,#66c2a5,bicycle
197944,"9,21E+18",9,7,61,0,2021,6,15,2,3,2,1,0,0,1,0,0,0,0,"639680,286069","5357511,97217",10.885525894,48.355323406,0,2,#fc8d62,car
197945,"9,21E+18",9,1,84,129,2021,7,8,5,3,5,3,0,1,0,0,0,0,0,"699768,395656","5326338,79528",11.681185062,48.059026518,1,1,#66c2a5,bicycle
197952,"9,21E+18",9,1,63,0,2021,6,12,4,3,5,3,0,1,1,0,0,0,0,"734037,738552","5303191,73767",12.127883446,47.839432564,0,1,#66c2a5,bicycle
197954,"9,21E+18",9,1,79,121,2021,6,16,4,2,0,7,0,1,0,0,0,0,0,"665512,488722","5337301,20771",11.226071381,48.167387752,0,1,#66c2a5,bicycle
197960,"9,21E+18",9,1,88,127,2021,7,15,1,3,5,3,0,0,1,0,0,0,0,"676728,937811","5331472,31003",11.374378702,48.111971127,0,2,#fc8d62,car
197961,"9,21E+18",9,1,63,0,2021,7,6,5,3,0,1,0,1,0,0,0,0,0,"733634,35834","5305778,80741",12.123897515,47.862821573,1,1,#66c2a5,bicycle
197962,"9,21E+18",9,1,84,147,2021,6,22,7,3,5,3,2,1,1,0,0,0,0,"696978,050099","5340947,04053",11.650527203,48.19118377,0,1,#66c2a5,bicycle
197976,"9,21E+18",9,1,62,0,2021,7,12,2,3,0,1,0,0,0,0,1,0,0,"692210,445095","5334430,72711",11.583498553,48.134077346,0,4,#e78ac3,marker
197979,"9,21E+18",9,1,77,133,2021,6,10,2,3,9,1,0,0,0,0,0,0,1,"707802,286272","5358975,97998",11.804860661,48.349743223,0,6,#ffd92f,circle
197982,"9,21E+18",9,1,78,124,2021,7,12,6,3,8,1,0,1,0,0,0,0,0,"702781,273822","5364740,31556",11.739950044,48.403175119,0,1,#66c2a5,bicycle
197983,"9,21E+18",9,1,62,0,2021,7,8,3,3,0,6,0,1,0,0,0,0,0,"695232,65577","5336719,44527",11.625125573,48.15372733,0,1,#66c2a5,bicycle
197985,"9,21E+18",9,1,73,126,2021,7,16,6,3,2,6,0,0,1,0,0,0,0,"685355,14031","5304192,17271",11.478387401,47.864305135,0,2,#fc8d62,car
197988,"9,21E+18",9,1,62,0,2021,6,16,2,3,5,4,0,1,0,1,0,0,0,"688830,42091","5336230,28852",11.538912366,48.151263872,0,1,#66c2a5,bicycle
197989,"9,21E+18",9,1,62,0,2021,7,16,2,3,5,7,0,1,0,0,0,0,1,"690654,855454","5338382,57807",11.564381963,48.170064222,0,1,#66c2a5,bicycle
197996,"9,21E+18",9,1,63,0,2021,7,14,6,3,2,6,0,0,1,0,0,0,0,"733694,19584","5303563,74906",12.123499914,47.842899665,0,2,#fc8d62,car
197998,"9,21E+18",9,1,74,115,2021,6,18,7,3,5,3,0,1,1,0,0,0,0,"680943,383182","5347190,20408",11.437641411,48.252072341,0,1,#66c2a5,bicycle
198000,"9,21E+18",9,1,79,142,2021,7,22,7,3,0,7,2,1,0,0,0,0,0,"673461,355001","5341763,796",11.334712527,48.20538449,0,1,#66c2a5,bicycle
198010,"9,21E+18",9,7,71,156,2021,7,20,7,3,9,1,0,0,1,0,0,0,0,"653839,495","5384033,934",11.086290997,48.590478591,0,2,#fc8d62,car
198012,"9,21E+18",9,1,82,120,2021,6,12,1,2,0,1,0,1,0,0,0,0,0,"697801,486947","5300630,92265",11.643002576,47.828585925,0,1,#66c2a5,bicycle
198018,"9,21E+18",9,1,79,136,2021,6,15,5,3,5,3,0,1,1,0,0,0,0,"660828,076","5341816,167",11.164825007,48.209181855,0,1,#66c2a5,bicycle
198020,"9,21E+18",9,1,84,139,2021,7,14,3,3,6,4,0,0,1,1,0,0,0,"687032,597536","5325520,79571",11.510070122,48.055534255,0,2,#fc8d62,car
198021,"9,21E+18",9,1,90,157,2021,6,11,7,2,0,1,0,1,0,0,0,0,0,"663789,745404","5301750,34355",11.189343338,47.848211907,0,1,#66c2a5,bicycle
198022,"9,21E+18",9,1,78,132,2021,7,19,3,3,8,1,0,1,0,0,0,0,0,"711683,587932","5382547,76686",11.869100651,48.560252425,1,1,#66c2a5,bicycle
198024,"9,21E+18",9,2,74,124,2021,7,17,2,3,5,3,0,0,1,0,0,0,0,"722990,264002","5374788,88399",12.017984095,48.48662933,0,2,#fc8d62,car
198025,"9,21E+18",9,1,63,0,2021,6,8,2,2,3,6,0,1,1,0,0,0,0,"733932,435509","5302931,35284",12.126337574,47.837131572,0,1,#66c2a5,bicycle
198026,"9,21E+18",9,1,62,0,2021,6,12,5,3,3,7,0,1,0,0,0,0,1,"683370,663457","5340351,19818",11.467352345,48.189902485,0,1,#66c2a5,bicycle
198027,"9,21E+18",9,1,62,0,2021,6,8,3,3,5,6,0,1,0,0,0,0,0,"693398,45549","5333081,34522",11.598837248,48.121589584,1,1,#66c2a5,bicycle
198029,"9,21E+18",9,1,62,0,2021,7,7,3,2,0,7,0,1,0,0,0,0,0,"689550,771633","5338288,65449",11.549505034,48.169550244,0,1,#66c2a5,bicycle
198030,"9,21E+18",9,1,62,0,2021,6,19,6,3,6,4,0,0,1,1,0,0,0,"690115,989975","5343369,40029",11.559374033,48.215046711,0,2,#fc8d62,car
198032,"9,21E+18",9,1,62,0,2021,6,17,2,3,2,6,0,0,1,0,0,0,0,"690851,232001","5335025,498",11.565514934,48.139832161,0,2,#fc8d62,car
198033,"9,21E+18",9,1,84,148,2021,7,14,6,3,5,3,0,1,1,0,0,0,0,"695582,799681","5326713,69444",11.625241412,48.063692619,0,1,#66c2a5,bicycle
198035,"9,21E+18",9,1,62,0,2021,7,9,4,3,5,3,0,0,1,0,1,0,0,"690207,137001","5336183,505",11.557382985,48.150433177,0,2,#fc8d62,car
198036,"9,21E+18",9,1,62,0,2021,6,19,1,3,5,3,0,0,1,0,0,0,0,"694496,252273","5332878,77358",11.613480868,48.119434553,0,2,#fc8d62,car
198040,"9,21E+18",9,7,61,0,2021,6,9,6,3,5,3,0,0,1,0,0,0,1,"636793,403198","5360766,93343",10.847636381,48.385223772,0,2,#fc8d62,car
198041,"9,21E+18",9,1,62,0,2021,6,9,4,3,3,2,0,1,1,0,0,0,0,"691073,658519","5334208,74611",11.568135429,48.132424505,0,1,#66c2a5,bicycle
198043,"9,21E+18",9,7,71,113,2021,7,19,7,3,0,7,0,1,0,0,0,0,0,"658821,052384","5365376,44274",11.146700626,48.421503421,0,1,#66c2a5,bicycle
198044,"9,21E+18",9,1,62,0,2021,7,10,4,3,0,1,0,1,0,0,0,0,0,"691746,728996","5331064,35818",11.575758389,48.103960662,1,1,#66c2a5,bicycle
198046,"9,21E+18",9,1,63,0,2021,7,16,7,3,5,3,0,1,1,0,0,0,0,"733691,761549","5304479,96829",12.123962156,47.851131901,0,1,#66c2a5,bicycle
198048,"9,21E+18",9,1,62,0,2021,7,13,4,3,1,7,0,1,1,0,0,0,0,"691284,730479","5332904,87411",11.570384196,48.120642005,0,1,#66c2a5,bicycle
198056,"9,21E+18",9,1,62,0,2021,7,18,7,3,5,3,0,0,1,0,0,0,0,"688505,230973","5335847,41836",11.534374923,48.147919042,0,2,#fc8d62,car
198059,"9,21E+18",9,1,62,0,2021,6,17,2,3,6,4,0,0,1,1,0,0,0,"684794,272001","5328267,303",11.481247139,48.080873695,0,2,#fc8d62,car
198060,"9,21E+18",9,1,62,0,2021,7,12,2,3,1,6,0,1,1,0,0,0,0,"688159,993068","5327932,48123",11.526246374,48.076879879,0,1,#66c2a5,bicycle
198062,"9,21E+18",9,7,62,0,2021,6,10,2,3,5,3,0,1,1,0,0,0,0,"621581,23071","5308182,89873",10.62723794,47.915436445,0,1,#66c2a5,bicycle
198063,"9,21E+18",9,1,62,0,2021,6,17,4,3,6,4,0,0,1,1,0,0,0,"694133,804001","5333877,484",11.609070671,48.128521222,0,2,#fc8d62,car
198067,"9,21E+18",9,1,62,0,2021,7,13,3,2,0,3,0,1,1,0,0,0,0,"694834,632964","5333473,55338",11.618294661,48.124676745,0,1,#66c2a5,bicycle
198073,"9,21E+18",9,1,62,0,2021,6,23,5,3,5,3,2,0,1,0,0,0,0,"688051,977977","5343562,70236",11.531701972,48.217399081,1,2,#fc8d62,car
198074,"9,21E+18",9,1,82,116,2021,6,15,4,3,0,1,0,1,0,0,0,0,0,"706427,594001","5293707,425",11.754835256,47.763653683,1,1,#66c2a5,bicycle
198075,"9,21E+18",9,7,78,116,2021,7,8,5,3,8,1,0,0,1,0,0,0,0,"619642,983819","5313785,77688",10.602864427,47.966191977,1,2,#fc8d62,car
198081,"9,21E+18",9,1,74,115,2021,7,7,5,3,3,6,0,1,0,0,0,0,0,"681190,859414","5347129,50072",11.440946249,48.251456002,0,1,#66c2a5,bicycle
198083,"9,21E+18",9,7,61,0,2021,6,14,5,3,0,1,0,1,0,0,0,0,0,"639651,460399","5358875,42259",10.885589583,48.367589576,0,1,#66c2a5,bicycle
198086,"9,21E+18",9,1,62,0,2021,6,13,6,3,5,3,0,1,1,0,0,0,0,"683281,972432","5334839,94902",11.463785011,48.140389716,0,1,#66c2a5,bicycle
198087,"9,21E+18",9,1,62,0,2021,6,14,4,2,6,4,0,0,1,1,0,0,0,"700863,379142","5335353,95453",11.700106833,48.139702429,1,2,#fc8d62,car
198088,"9,21E+18",9,1,87,117,2021,6,13,5,3,5,3,0,1,1,0,0,0,0,"724477,226766","5306091,22315",12.001798093,47.868893075,0,1,#66c2a5,bicycle
198093,"9,21E+18",9,1,87,128,2021,7,7,3,3,4,6,0,0,1,0,0,0,0,"746971,002003","5309609,74299",12.304111618,47.892245726,0,2,#fc8d62,car
198095,"9,21E+18",9,1,62,0,2021,7,5,1,3,0,1,0,0,0,0,0,0,1,"692420,070749","5333372,89299",11.585835495,48.124506391,1,6,#ffd92f,circle
198096,"9,21E+18",9,1,78,120,2021,6,18,2,3,0,1,0,1,0,0,0,0,0,"693713,564633","5353522,48641",11.612401889,48.30520901,0,1,#66c2a5,bicycle
198097,"9,21E+18",9,1,79,118,2021,6,12,6,3,0,1,0,1,0,0,0,0,0,"672965,046368","5337939,09676",11.326480665,48.171137928,0,1,#66c2a5,bicycle
198098,"9,21E+18",9,1,62,0,2021,7,16,5,3,2,6,0,0,1,0,0,0,0,"692228,366778","5335513,53028",11.584227888,48.14380396,1,2,#fc8d62,car
198099,"9,21E+18",9,1,62,0,2021,7,16,3,3,5,2,0,1,1,0,0,0,0,"700675,910493","5334436,38974",11.697157448,48.13151543,0,1,#66c2a5,bicycle
198103,"9,21E+18",9,7,61,0,2021,6,20,7,3,0,1,0,1,0,0,0,0,0,"642609,269757","5358812,4212",10.925481684,48.366361749,0,1,#66c2a5,bicycle