OBJECTID,UIDENTSTLA,ULAND,UREGBEZ,UKREIS,UGEMEINDE,UJAHR,UMONAT,USTUNDE,UWOCHENTAG,UKATEGORIE,UART,UTYP1,ULICHTVERH,IstRad,IstPKW,IstFuss,IstKrad,IstGkfz,IstSonstig,LINREFX,LINREFY,XGCSWGS84,YGCSWGS84,STRZUSTAN,Teilnehmer,color,symbol
198446,"9,21E+18",9,1,86,143,2021,6,19,5,3,5,3,1,0,1,0,0,0,0,"685255,677001","5380077,989",11.510189036,48.546420897,1,2,#fc8d62,car
198448,"9,21E+18",9,1,87,128,2021,7,20,4,3,5,3,0,1,1,0,0,0,0,"747391,018517","5310768,25778",12.310385142,47.902490149,0,1,#66c2a5,bicycle
198450,"9,21E+18",9,1,77,116,2021,6,6,3,3,9,1,0,0,0,0,1,0,0,"714154,183167","5357333,91379",11.889650443,48.332867591,1,4,#e78ac3,marker
198451,"9,21E+18",9,1,81,144,2021,7,12,3,3,0,7,0,1,0,0,0,0,0,"656397,852562","5321494,40159",11.09777946,48.027577188,0,1,#66c2a5,bicycle
198455,"9,21E+18",9,1,84,136,2021,6,8,5,3,5,3,0,1,1,0,0,0,0,"698937,036958","5327288,1955",11.670481213,48.06781879,0,1,#66c2a5,bicycle
198458,"9,21E+18",9,1,62,0,2021,7,18,3,3,5,3,0,1,0,0,0,0,1,"692923,49042","5337848,35135",11.594621351,48.164578258,0,1,#66c2a5,bicycle
198459,"9,21E+18",9,1,82,123,2021,6,19,7,3,0,1,0,1,0,0,0,0,0,"721120,118037","5297257,7768",11.952458479,47.790684666,0,1,#66c2a5,bicycle
198461,"9,21E+18",9,1,62,0,2021,7,11,6,3,3,7,0,0,1,0,0,0,0,"699868,134925","5335512,71211",11.686818059,48.141442576,0,2,#fc8d62,car
198463,"9,21E+18",9,1,85,131,2021,7,14,5,2,5,3,0,0,1,0,0,0,0,"665933,23","5374365,181",11.246321393,48.500475196,1,2,#fc8d62,car
198464,"9,21E+18",9,1,62,0,2021,6,20,1,3,6,7,0,0,0,1,0,0,1,"685974,323754","5335113,34958",11.500061113,48.142065925,0,3,#8da0cb,toilet
198469,"9,21E+18",9,1,62,0,2021,6,14,4,3,2,6,0,0,1,0,0,0,0,"689081,883679","5337482,02272",11.542846196,48.162439845,1,2,#fc8d62,car
198472,"9,21E+18",9,1,62,0,2021,7,16,4,3,5,3,0,1,1,0,0,0,0,"686141,425786","5332815,11929",11.50130121,48.121359662,0,1,#66c2a5,bicycle
198473,"9,21E+18",9,7,61,0,2021,6,2,7,3,0,7,2,1,0,0,0,0,0,"639584,723842","5358828,40336",10.8846734,48.367181554,0,1,#66c2a5,bicycle
198474,"9,21E+18",9,1,88,139,2021,7,13,3,3,2,2,0,0,1,0,1,0,0,"676804,035075","5321885,27814",11.371421972,48.025769094,0,2,#fc8d62,car
198478,"9,21E+18",9,1,74,135,2021,7,13,2,2,0,7,0,0,1,0,0,0,0,"665523,644175","5355137,98711",11.233194993,48.327737086,0,2,#fc8d62,car
198481,"9,21E+18",9,1,62,0,2021,7,11,3,3,5,7,0,1,0,0,0,0,1,"687015,690398","5339352,33576",11.515909872,48.179861781,0,1,#66c2a5,bicycle
198483,"9,21E+18",9,1,62,0,2021,7,12,7,3,1,5,0,0,1,0,1,0,0,"691245,829841","5329961,7345",11.568542733,48.094200862,0,2,#fc8d62,car
198485,"9,21E+18",9,2,74,126,2021,7,19,6,3,3,2,0,1,0,0,0,0,0,"733086,036124","5384116,08667",12.159623333,48.566751238,0,1,#66c2a5,bicycle
198488,"9,21E+18",9,1,78,157,2021,7,15,5,3,0,6,0,1,0,0,0,0,0,"706162,391587","5369085,98327",11.78771562,48.441128274,0,1,#66c2a5,bicycle
198490,"9,21E+18",9,1,62,0,2021,7,13,1,3,1,1,0,0,1,0,0,0,0,"692490,225843","5331436,65538",11.585903304,48.107082613,1,2,#fc8d62,car
198495,"9,21E+18",9,1,73,147,2021,7,13,7,3,5,3,0,0,1,0,0,0,0,"681214,02597","5308065,51062",11.424693528,47.900305246,1,2,#fc8d62,car
198501,"9,21E+18",9,1,63,0,2021,7,15,3,3,0,5,0,1,1,0,0,0,0,"732594,727199","5305233,2651",12.109724539,47.858297507,0,1,#66c2a5,bicycle
198507,"9,21E+18",9,1,62,0,2021,7,6,2,3,5,3,0,0,1,0,1,0,0,"688645,957197","5332895,98284",11.534958048,48.121349364,0,2,#fc8d62,car
198510,"9,21E+18",9,1,62,0,2021,7,13,2,3,5,3,0,1,1,0,0,0,0,"694300,362685","5335357,6049",11.611981816,48.141773165,0,1,#66c2a5,bicycle
198515,"9,21E+18",9,7,61,0,2021,7,13,6,3,1,3,0,1,1,0,0,0,0,"641903,045047","5360771,5542",10.916613235,48.384136572,0,1,#66c2a5,bicycle
198517,"9,21E+18",9,1,62,0,2021,7,8,3,3,0,7,0,0,0,1,0,0,1,"690870,303001","5334246,897",11.565422153,48.13282842,0,3,#8da0cb,toilet
198523,"9,21E+18",9,1,62,0,2021,7,14,4,3,4,2,0,1,1,0,0,0,0,"692309,704243","5341904,24889",11.588211035,48.201217472,0,1,#66c2a5,bicycle
198524,"9,21E+18",9,1,77,126,2021,7,17,2,3,0,1,0,1,0,0,0,0,0,"719869,078137","5367644,35666",11.972049022,48.423539761,0,1,#66c2a5,bicycle
198531,"9,21E+18",9,7,72,163,2021,7,5,5,3,5,3,1,0,1,0,0,0,0,"639366,555706","5349517,9403",10.878651208,48.283511704,0,2,#fc8d62,car
198538,"9,21E+18",9,1,63,0,2021,7,18,5,3,5,3,0,1,1,0,0,0,0,"731961,686132","5305702,40846",12.101525433,47.862741187,0,1,#66c2a5,bicycle
198539,"9,21E+18",9,1,83,126,2021,7,17,5,3,2,1,0,0,1,0,0,0,0,"734187,971011","5338026,79274",12.148891155,48.152324629,0,2,#fc8d62,car
198540,"9,21E+18",9,1,62,0,2021,7,17,6,3,5,3,0,0,1,0,0,0,0,"692196,831556","5337006,78259",11.584478658,48.157234525,0,2,#fc8d62,car
198541,"9,21E+18",9,1,62,0,2021,7,9,2,2,6,1,0,0,1,1,0,0,0,"687866,04662","5329739,92659",11.523098721,48.093212444,0,2,#fc8d62,car
198543,"9,21E+18",9,1,62,0,2021,7,13,7,3,2,6,0,0,1,0,0,0,0,"687728,216238","5334555,7616",11.523369385,48.136539122,0,2,#fc8d62,car
198545,"9,21E+18",9,7,61,0,2021,7,3,1,3,0,1,2,0,0,0,0,0,1,"640676,65","5358665,696",10.899353779,48.365476127,1,6,#ffd92f,circle
198547,"9,21E+18",9,1,87,169,2021,7,19,2,2,0,2,0,1,1,0,0,0,0,"737263,16495","5298750,59221",12.16849216,47.798352836,0,1,#66c2a5,bicycle
198551,"9,21E+18",9,1,62,0,2021,7,12,6,3,0,7,0,0,0,0,0,0,1,"686385,899966","5339238,88979",11.507396019,48.179027147,0,6,#ffd92f,circle
198552,"9,21E+18",9,1,62,0,2021,7,12,2,3,1,6,0,0,1,0,1,0,0,"690895,200524","5334264,4763",11.56576432,48.132978955,0,2,#fc8d62,car
198554,"9,21E+18",9,7,72,147,2021,7,13,7,3,5,2,0,0,0,0,1,0,1,"638800,849369","5365270,2059",10.876224756,48.425277431,0,4,#e78ac3,marker
198555,"9,21E+18",9,1,84,149,2021,7,11,2,3,5,3,0,1,1,0,0,0,0,"690352,255472","5350796,36694",11.565890575,48.281727804,0,1,#66c2a5,bicycle
198558,"9,21E+18",9,1,73,120,2021,7,12,5,3,6,6,0,1,0,1,0,0,0,"684230,732457","5314143,78916",11.467618645,47.954083546,0,1,#66c2a5,bicycle
198560,"9,21E+18",9,1,79,123,2021,7,22,3,3,0,1,2,0,0,0,1,0,0,"677029,872646","5334032,7281",11.379481576,48.134903735,0,4,#e78ac3,marker
198561,"9,21E+18",9,7,77,151,2021,7,15,6,3,8,1,0,1,0,0,0,0,0,"621371,896308","5293099,53552",10.620205849,47.779819115,0,1,#66c2a5,bicycle
198565,"9,21E+18",9,1,63,0,2021,7,0,1,3,0,7,2,0,1,1,0,0,0,"733018,036002","5304273,83199",12.114858652,47.849524518,1,2,#fc8d62,car
198568,"9,21E+18",9,1,62,0,2021,7,9,4,2,2,6,0,0,1,0,1,0,0,"692895,780137","5335566,18706",11.593214618,48.144075223,0,2,#fc8d62,car
198569,"9,21E+18",9,1,62,0,2021,7,13,3,3,1,6,0,0,0,0,1,1,0,"691382,503039","5336278,75169",11.573212422,48.150936682,0,4,#e78ac3,marker
198573,"9,21E+18",9,1,77,117,2021,7,12,2,3,0,6,0,1,0,0,0,0,0,"714466,245882","5354102,25339",11.892212467,48.303724653,0,1,#66c2a5,bicycle
198578,"9,21E+18",9,1,62,0,2021,7,13,5,2,0,1,0,1,0,0,0,0,0,"692637,92765","5338118,5432",11.59090729,48.167093256,0,1,#66c2a5,bicycle
198581,"9,21E+18",9,7,71,113,2021,7,18,1,3,0,7,0,1,0,0,0,0,0,"656115,124436","5368135,98608",11.111180109,48.446989128,0,1,#66c2a5,bicycle
198584,"9,21E+18",9,1,62,0,2021,7,15,6,3,2,6,0,0,1,0,0,0,0,"686243,133533","5332652,98894",11.502595744,48.119872626,1,2,#fc8d62,car
198588,"9,21E+18",9,7,61,0,2021,7,17,6,3,6,4,0,0,1,1,0,0,0,"639976,695494","5360249,60622",10.890435976,48.379873776,0,2,#fc8d62,car
198589,"9,21E+18",9,1,62,0,2021,7,11,2,3,0,7,0,1,0,0,0,0,0,"690144,141717","5334830,96023",11.555932861,48.138295345,0,1,#66c2a5,bicycle
198590,"9,21E+18",9,1,62,0,2021,7,14,3,3,1,5,0,1,1,0,0,0,0,"687339,605286","5341072,97284",11.521021953,48.195231751,0,1,#66c2a5,bicycle
198591,"9,21E+18",9,7,61,0,2021,7,17,7,3,0,1,0,1,0,0,0,0,0,"636989,581797","5353279,64985",10.847848035,48.317855966,0,1,#66c2a5,bicycle
198592,"9,21E+18",9,1,74,136,2021,7,18,1,3,5,5,0,1,1,0,0,0,0,"682752,998444","5364781,94196",11.469624962,48.409673414,0,1,#66c2a5,bicycle
198594,"9,21E+18",9,1,62,0,2021,7,13,4,3,0,7,0,0,0,0,0,0,1,"678932,413542","5340783,32323",11.407870758,48.195052637,0,6,#ffd92f,circle
198598,"9,21E+18",9,7,61,0,2021,7,19,3,3,1,5,0,0,1,0,0,0,0,"641427,840475","5362806,2993",10.910883799,48.402538825,0,2,#fc8d62,car
198599,"9,21E+18",9,7,61,0,2021,7,19,3,3,5,3,0,0,1,0,0,0,1,"641052,170715","5359200,57213",10.904600374,48.370201735,0,2,#fc8d62,car
198603,"9,21E+18",9,7,61,0,2021,7,18,5,3,3,7,0,1,1,0,0,0,0,"640388,427977","5358526,87027",10.895418216,48.364292017,1,1,#66c2a5,bicycle
198604,"9,21E+18",9,1,77,117,2021,7,0,7,3,0,1,2,1,0,0,0,0,0,"715591,98195","5354123,20239",11.90738417,48.303530309,0,1,#66c2a5,bicycle
198606,"9,21E+18",9,1,74,113,2021,7,12,4,3,6,6,0,1,0,1,0,0,0,"678265,118696","5345363,15739",11.400824252,48.236408187,0,1,#66c2a5,bicycle
198608,"9,21E+18",9,1,62,0,2021,7,19,7,3,5,3,0,0,1,0,0,0,0,"690463,502421","5342689,17129",11.563742042,48.208828726,1,2,#fc8d62,car
198609,"9,21E+18",9,7,61,0,2021,7,21,6,3,0,1,2,1,0,0,0,0,0,"639178,20148","5359299,46581",10.879343511,48.371507004,1,1,#66c2a5,bicycle
198610,"9,21E+18",9,1,62,0,2021,7,8,5,3,3,6,0,0,1,0,0,1,0,"694661,345031","5334962,51623",11.616648679,48.13811194,1,2,#fc8d62,car
198613,"9,21E+18",9,7,61,0,2021,7,14,6,3,4,2,0,0,1,0,0,0,0,"640915,365995","5357749,98002",10.90226826,48.35718908,0,2,#fc8d62,car
198615,"9,21E+18",9,1,74,115,2021,7,17,4,3,0,1,0,1,0,0,0,0,0,"681283,452892","5348902,74031",11.442952214,48.267368456,0,1,#66c2a5,bicycle
198623,"9,21E+18",9,1,62,0,2021,7,15,1,3,5,3,0,1,1,0,0,0,0,"687132,37788","5333643,73111",11.514967792,48.128517011,1,1,#66c2a5,bicycle
198626,"9,21E+18",9,1,62,0,2021,7,20,1,3,0,1,0,1,0,0,0,0,0,"690621,045642","5332736,65662",11.561399994,48.119329103,0,1,#66c2a5,bicycle
198630,"9,21E+18",9,1,62,0,2021,7,13,6,3,2,6,0,0,1,0,0,0,0,"693620,974741","5340316,71899",11.605116115,48.186550935,0,2,#fc8d62,car
198631,"9,21E+18",9,1,62,0,2021,7,16,5,3,0,1,0,1,0,0,0,0,0,"683080,3328","5335516,2311",11.461367829,48.14652663,1,1,#66c2a5,bicycle
198634,"9,21E+18",9,1,62,0,2021,7,15,1,3,0,1,0,0,0,0,1,0,0,"690901,978123","5336189,36596",11.566718221,48.150277694,0,4,#e78ac3,marker
198639,"9,21E+18",9,1,62,0,2021,7,14,4,3,2,6,0,0,1,0,0,0,0,"692329,038981","5338136,18262",11.586765228,48.167345323,0,2,#fc8d62,car
198640,"9,21E+18",9,7,61,0,2021,7,12,6,2,0,7,0,0,1,0,0,0,1,"640130,609549","5352579,78747",10.889961056,48.310874617,0,2,#fc8d62,car
198642,"9,21E+18",9,1,62,0,2021,7,16,3,3,1,5,0,1,1,0,0,0,0,"683402,804723","5337594,53925",11.466594831,48.165114819,0,1,#66c2a5,bicycle
198646,"9,21E+18",9,1,73,126,2021,7,18,6,3,1,7,0,0,1,0,0,0,0,"686901,930566","5302663,89695",11.498388849,47.850119564,0,2,#fc8d62,car
198647,"9,21E+18",9,7,61,0,2021,7,10,5,3,5,2,0,0,1,0,0,0,0,"640878,612973","5357204,88481",10.901589941,48.352295966,1,2,#fc8d62,car
198650,"9,21E+18",9,1,77,117,2021,7,13,6,2,5,2,0,1,0,0,1,0,0,"714468,594161","5354164,3339",11.892275634,48.304281665,0,1,#66c2a5,bicycle
198653,"9,21E+18",9,7,61,0,2021,7,17,3,2,5,3,0,0,1,0,1,0,0,"639287,684401","5359506,54525",10.880889647,48.373344856,0,2,#fc8d62,car
198660,"9,21E+18",9,1,74,115,2021,7,14,4,3,0,1,0,1,0,0,0,0,0,"681259,963159","5348407,68816",11.442423822,48.26292536,0,1,#66c2a5,bicycle
198663,"9,21E+18",9,1,62,0,2021,7,10,1,3,5,3,0,1,1,0,0,0,0,"694588,854133","5335774,83312",11.616046488,48.145434871,1,1,#66c2a5,bicycle
198666,"9,21E+18",9,1,62,0,2021,7,15,4,3,5,3,0,0,1,0,0,0,0,"696954,13371","5332731,77827",11.646403656,48.117357973,1,2,#fc8d62,car
198667,"9,21E+18",9,1,62,0,2021,7,22,6,2,1,5,2,0,1,0,0,0,1,"687214,699558","5334820,17349",11.516590029,48.13906701,0,2,#fc8d62,car
198668,"9,21E+18",9,1,62,0,2021,7,13,2,2,5,1,0,0,1,0,1,0,0,"692275,302814","5332759,38886",11.583615382,48.119036054,0,2,#fc8d62,car
198669,"9,21E+18",9,1,73,130,2021,7,13,4,3,0,7,0,1,0,0,0,0,0,"680831,196336","5313128,18877",11.421700363,47.94592303,0,1,#66c2a5,bicycle
198670,"9,21E+18",9,1,84,148,2021,7,17,7,3,2,6,0,0,1,0,0,0,0,"693955,084236","5325844,49025",11.603022484,48.056377299,0,2,#fc8d62,car
198673,"9,21E+18",9,1,62,0,2021,7,19,6,2,4,2,0,0,1,0,0,0,1,"691524,864226","5334277,63887",11.574224511,48.13290809,0,2,#fc8d62,car
198676,"9,21E+18",9,7,61,0,2021,7,17,1,3,0,7,0,1,1,0,0,0,0,"638101,66585","5358323,44558",10.864494443,48.362967284,0,1,#66c2a5,bicycle
198679,"9,21E+18",9,1,62,0,2021,7,0,4,3,0,7,2,0,0,0,0,0,1,"690876,102779","5336682,12859",11.566591683,48.154714366,1,6,#ffd92f,circle
198680,"9,21E+18",9,1,62,0,2021,7,0,6,3,0,1,2,0,0,0,0,0,1,"691969,700586","5334602,45923",11.580343501,48.135693509,0,6,#ffd92f,circle
198681,"9,21E+18",9,1,77,117,2021,7,21,3,3,0,1,2,1,0,0,0,0,0,"715458,346637","5354371,4649",11.905711149,48.305806499,1,1,#66c2a5,bicycle
198683,"9,21E+18",9,1,88,121,2021,7,11,4,3,6,3,0,0,1,1,0,0,0,"670868,654662","5331299,77028",11.295642489,48.112019264,0,2,#fc8d62,car
198685,"9,21E+18",9,1,62,0,2021,7,22,2,2,4,6,2,0,1,0,1,0,0,"691023,996872","5334225,97011",11.567476366,48.13259422,0,2,#fc8d62,car
198687,"9,21E+18",9,7,61,0,2021,7,18,6,3,5,1,0,1,1,0,0,0,0,"639520,026803","5357673,32634",10.883417285,48.356809694,0,1,#66c2a5,bicycle
198688,"9,21E+18",9,1,79,123,2021,7,8,5,3,0,1,0,1,0,0,0,0,0,"676085,621669","5332661,26004",11.36623431,48.122837167,0,1,#66c2a5,bicycle
198691,"9,21E+18",9,7,71,176,2021,7,12,2,3,5,2,0,1,1,0,0,0,0,"644704,343428","5383578,07013",10.962324211,48.588557278,0,1,#66c2a5,bicycle
198692,"9,21E+18",9,1,62,0,2021,7,7,3,3,0,1,0,1,0,0,0,0,0,"692305,87123","5337480,20387",11.586157364,48.161456558,0,1,#66c2a5,bicycle
198694,"9,21E+18",9,1,62,0,2021,7,8,7,3,5,3,0,0,1,0,1,0,0,"690104,414388","5343133,69314",11.559112723,48.212931674,0,2,#fc8d62,car
198695,"9,21E+18",9,1,62,0,2021,7,0,7,3,5,3,2,0,1,0,1,0,0,"690198,019028","5333289,49359",11.555968252,48.124424518,1,2,#fc8d62,car
198698,"9,21E+18",9,7,77,151,2021,7,18,5,3,5,3,0,0,1,0,0,0,0,"621150,679176","5293219,44488",10.617287472,47.780939212,1,2,#fc8d62,car
198699,"9,21E+18",9,1,62,0,2021,7,17,4,3,5,3,0,0,1,0,0,0,1,"686273,954501","5337589,53014",11.505168894,48.164235026,0,2,#fc8d62,car
198706,"9,21E+18",9,7,61,0,2021,7,3,7,3,6,1,2,0,1,1,0,0,0,"639737,654364","5356436,24928",10.885942783,48.345638076,0,2,#fc8d62,car
198713,"9,21E+18",9,1,62,0,2021,7,15,1,3,0,1,0,0,0,0,1,0,0,"684641,179847","5329133,14213",11.479567815,48.088700745,0,4,#e78ac3,marker
198716,"9,21E+18",9,1,63,0,2021,7,14,5,3,3,2,0,1,1,0,0,0,0,"733458,558402","5306107,13856",12.121727801,47.865835205,1,1,#66c2a5,bicycle
198717,"9,21E+18",9,1,81,128,2021,7,18,7,3,0,1,0,1,0,0,0,0,0,"638622,807482","5327397,31994",10.861412574,48.08476362,0,1,#66c2a5,bicycle
198718,"9,21E+18",9,1,62,0,2021,7,17,2,3,2,6,0,0,1,0,0,0,0,"693751,222821","5332942,146",11.603509311,48.120231255,0,2,#fc8d62,car
198720,"9,21E+18",9,7,71,130,2021,7,11,7,3,0,1,0,1,0,0,0,0,0,"646281,058","5357716,957",10.974646319,48.355671908,0,1,#66c2a5,bicycle
198721,"9,21E+18",9,1,81,130,2021,7,18,3,3,5,3,0,1,1,0,0,0,0,"639582,985321","5325025,18529",10.873523843,48.063223254,0,1,#66c2a5,bicycle
198725,"9,21E+18",9,1,90,157,2021,7,14,5,2,5,3,0,1,1,0,0,0,0,"661007,306335","5302139,93909",11.15232342,47.852417805,0,1,#66c2a5,bicycle
198726,"9,21E+18",9,1,62,0,2021,7,12,4,3,0,1,0,1,0,0,0,0,0,"691399,010538","5337340,16259",11.573911559,48.160471522,0,1,#66c2a5,bicycle
198727,"9,21E+18",9,1,62,0,2021,7,15,2,2,3,2,0,1,1,0,0,0,0,"691984,923205","5332316,14431",11.579518077,48.115139843,0,1,#66c2a5,bicycle
198730,"9,21E+18",9,1,62,0,2021,7,12,3,3,0,5,0,1,0,0,0,0,0,"690268,039155","5338208,87209",11.559106795,48.16861887,0,1,#66c2a5,bicycle
198736,"9,21E+18",9,1,62,0,2021,7,12,4,3,3,5,0,0,1,0,1,0,0,"690353,825471","5334361,80022",11.558538882,48.134015849,0,2,#fc8d62,car
198738,"9,21E+18",9,1,62,0,2021,7,1,1,3,8,1,2,0,1,0,0,0,0,"688284,665363","5333765,55252",11.530492182,48.129272178,1,2,#fc8d62,car
198741,"9,21E+18",9,7,72,163,2021,7,15,6,3,3,6,0,1,0,0,0,0,0,"640447,389557","5350423,31907",10.893513561,48.291413831,0,1,#66c2a5,bicycle
198743,"9,21E+18",9,1,62,0,2021,7,14,3,2,5,2,0,1,1,0,0,0,0,"693064,65388","5332676,84551",11.594173316,48.118055338,0,1,#66c2a5,bicycle
198750,"9,21E+18",9,1,77,115,2021,7,14,5,3,0,1,0,1,0,0,0,0,0,"729296,534025","5350662,38398",12.090049155,48.267622118,0,1,#66c2a5,bicycle
198755,"9,21E+18",9,1,78,130,2021,7,12,6,3,1,1,0,0,1,0,0,0,1,"703899,754613","5356614,83904",11.751106288,48.32979714,0,2,#fc8d62,car
198757,"9,21E+18",9,1,62,0,2021,7,15,5,3,2,6,0,0,1,0,0,0,0,"688294,149756","5333984,57599",11.530716305,48.131237998,0,2,#fc8d62,car
198758,"9,21E+18",9,1,62,0,2021,7,21,6,3,0,3,2,0,0,0,1,0,0,"696622,2324","5329690,00205",11.640547408,48.090122715,1,4,#e78ac3,marker
198760,"9,21E+18",9,7,72,163,2021,7,2,1,3,8,1,2,1,0,0,0,0,0,"639145,59186","5346775,64502",10.874771768,48.258901768,1,1,#66c2a5,bicycle
198762,"9,21E+18",9,7,61,0,2021,7,19,1,3,0,3,0,1,0,0,0,0,0,"639456,324635","5358373,00784",10.882789744,48.363115133,0,1,#66c2a5,bicycle
198765,"9,21E+18",9,1,62,0,2021,7,5,4,3,5,3,0,1,1,0,0,0,0,"688021,496966","5339139,33471",11.529333041,48.177650474,1,1,#66c2a5,bicycle
198766,"9,21E+18",9,1,62,0,2021,7,11,6,3,0,7,0,1,1,0,0,0,0,"691364,723712","5336233,57198",11.57295331,48.150535962,0,1,#66c2a5,bicycle
198769,"9,21E+18",9,1,62,0,2021,7,22,7,3,0,7,2,0,0,0,0,0,1,"693526,7065","5338464,47858",11.603005699,48.169932448,0,6,#ffd92f,circle
198770,"9,21E+18",9,1,62,0,2021,7,21,2,3,2,6,2,0,1,0,1,0,0,"691821,42171","5335668,82105",11.578832824,48.145322513,0,2,#fc8d62,car
198774,"9,21E+18",9,1,62,0,2021,7,17,4,3,5,2,0,1,0,0,0,0,0,"687985,50975","5343318,89364",11.530699966,48.215227408,0,1,#66c2a5,bicycle
198777,"9,21E+18",9,7,61,0,2021,7,19,2,3,0,7,0,0,0,0,0,0,1,"638800,021","5360452,777",10.874620545,48.381960607,0,6,#ffd92f,circle
198778,"9,21E+18",9,1,62,0,2021,7,6,3,3,5,2,0,1,1,0,0,0,0,"691260,237001","5331884,279",11.569597671,48.11147631,0,1,#66c2a5,bicycle
198784,"9,21E+18",9,1,62,0,2021,7,13,3,3,3,6,0,1,1,0,0,0,0,"695570,406007","5336828,63124",11.629712229,48.154604867,0,1,#66c2a5,bicycle
198785,"9,21E+18",9,1,87,169,2021,7,14,2,2,4,6,0,1,0,0,0,0,0,"736132,128993","5303072,12764",12.155765771,47.837592425,0,1,#66c2a5,bicycle
198788,"9,21E+18",9,1,81,146,2021,7,18,2,3,5,3,0,1,0,0,0,0,0,"651607,008419","5326051,68754",11.035176479,48.069708832,0,1,#66c2a5,bicycle
198789,"9,21E+18",9,7,61,0,2021,7,16,2,3,0,1,0,1,0,0,0,0,0,"639126,345555","5359126,96626",10.878586611,48.369967363,0,1,#66c2a5,bicycle
198792,"9,21E+18",9,1,62,0,2021,7,19,6,3,0,4,0,0,0,1,0,0,1,"693541,085433","5333613,16849",11.600993294,48.126326119,0,3,#8da0cb,toilet
198793,"9,21E+18",9,1,62,0,2021,7,0,5,3,8,1,2,0,1,0,0,0,0,"692476,535288","5340964,72965",11.590028033,48.192722829,1,2,#fc8d62,car
198794,"9,21E+18",9,1,88,120,2021,7,9,7,3,3,5,0,0,1,0,0,0,0,"676956,238244","5326692,18778",11.375448921,48.068938076,0,2,#fc8d62,car
198795,"9,21E+18",9,1,87,137,2021,7,7,4,3,5,3,0,1,1,0,0,0,0,"729783,916347","5308109,35344",12.073730145,47.885148686,0,1,#66c2a5,bicycle
198801,"9,21E+18",9,1,62,0,2021,7,15,4,2,5,3,0,1,1,0,0,0,0,"690987,438947","5330114,20016",11.565144206,48.09564871,1,1,#66c2a5,bicycle
198804,"9,21E+18",9,1,88,113,2021,7,19,2,3,0,1,0,1,0,0,0,0,0,"675607,710508","5315525,07047",11.352787714,47.968923435,0,1,#66c2a5,bicycle
198805,"9,21E+18",9,7,61,0,2021,7,12,2,3,4,2,0,1,1,0,0,0,0,"639942,874536","5358942,49333",10.889544384,48.368128113,0,1,#66c2a5,bicycle
198809,"9,21E+18",9,7,71,130,2021,7,12,5,3,2,6,0,0,1,0,1,0,0,"646375,764298","5361784,55162",10.977340122,48.392222677,1,2,#fc8d62,car
198810,"9,21E+18",9,1,79,121,2021,7,1,7,3,0,1,2,1,0,0,0,0,0,"666350,003248","5338510,71459",11.237800004,48.178042649,0,1,#66c2a5,bicycle
198813,"9,21E+18",9,1,84,139,2021,7,7,3,2,2,6,0,1,0,0,0,0,0,"688675,236459","5326938,79807",11.53271846,48.067796149,0,1,#66c2a5,bicycle
198815,"9,21E+18",9,1,82,116,2021,7,11,3,3,0,1,0,1,0,0,0,0,0,"707947,487221","5294405,96692",11.775428384,47.769443055,0,1,#66c2a5,bicycle
198820,"9,21E+18",9,1,62,0,2021,7,17,2,3,5,3,0,1,1,0,0,0,0,"688003,034078","5339451,3522",11.529222954,48.18046039,0,1,#66c2a5,bicycle
198822,"9,21E+18",9,1,62,0,2021,7,19,7,3,5,2,0,1,1,0,0,0,0,"686781,493871","5329837,16075",11.508589898,48.094405195,0,1,#66c2a5,bicycle
198823,"9,21E+18",9,1,78,116,2021,7,16,3,2,0,1,0,1,0,0,0,0,0,"701882,349343","5382310,77498",11.736304129,48.56135507,0,1,#66c2a5,bicycle
198826,"9,21E+18",9,1,62,0,2021,7,16,5,3,5,2,0,1,1,0,0,0,0,"688155,767001","5333829,077",11.528789625,48.129881264,0,1,#66c2a5,bicycle
198827,"9,21E+18",9,1,62,0,2021,7,7,4,2,3,2,0,1,1,0,0,0,0,"694330,581007","5332665,33083",11.611159834,48.117566787,0,1,#66c2a5,bicycle
198831,"9,21E+18",9,1,62,0,2021,7,18,3,3,5,3,0,1,0,0,0,0,1,"693163,807369","5334665,6662",11.596405601,48.135900277,0,1,#66c2a5,bicycle
198838,"9,21E+18",9,1,73,127,2021,7,11,4,3,0,7,0,0,1,0,0,0,0,"695565,251394","5293258,58605",11.609831915,47.76300601,0,2,#fc8d62,car
198840,"9,21E+18",9,1,83,119,2021,7,8,3,3,0,1,0,1,0,0,0,0,0,"736393,183016","5338717,65076",12.178879036,48.157715012,0,1,#66c2a5,bicycle
198841,"9,21E+18",9,1,73,126,2021,7,16,3,3,2,6,0,0,1,0,0,0,0,"684739,135222","5305428,68948",11.470687277,47.875597641,0,2,#fc8d62,car
198842,"9,21E+18",9,1,62,0,2021,7,0,1,3,2,6,2,1,1,0,0,0,0,"691243,268072","5334772,15014",11.570665621,48.137437389,1,1,#66c2a5,bicycle
198847,"9,21E+18",9,1,62,0,2021,7,20,5,3,0,1,0,1,0,0,0,0,0,"684073,59203","5333584,26675",11.47387359,48.128874399,1,1,#66c2a5,bicycle
198851,"9,21E+18",9,1,62,0,2021,7,15,5,2,6,4,0,0,1,1,0,0,1,"687912,167429","5330444,60027",11.5240277,48.099532664,0,2,#fc8d62,car
198852,"9,21E+18",9,1,62,0,2021,7,11,2,3,5,3,0,1,1,0,0,0,0,"689402,745429","5341296,82451",11.548857051,48.196631773,0,1,#66c2a5,bicycle