OBJECTID,UIDENTSTLA,ULAND,UREGBEZ,UKREIS,UGEMEINDE,UJAHR,UMONAT,USTUNDE,UWOCHENTAG,UKATEGORIE,UART,UTYP1,ULICHTVERH,IstRad,IstPKW,IstFuss,IstKrad,IstGkfz,IstSonstig,LINREFX,LINREFY,XGCSWGS84,YGCSWGS84,STRZUSTAN,Teilnehmer,color,symbol
198860,"9,21E+18",9,7,61,0,2021,7,19,3,3,5,3,0,1,1,0,0,0,0,"639230,851648","5360694,27081",10.880516065,48.384037119,0,1,#66c2a5,bicycle
198862,"9,21E+18",9,1,62,0,2021,7,16,7,3,1,5,0,1,1,0,0,0,0,"686162,6717","5334856,07805",11.502478114,48.139698391,0,1,#66c2a5,bicycle
198863,"9,21E+18",9,1,62,0,2021,7,21,7,2,0,1,1,1,0,0,0,0,0,"690835,477001","5338213,27",11.566732878,48.168488299,1,1,#66c2a5,bicycle
198866,"9,21E+18",9,1,74,115,2021,7,15,5,3,0,1,0,1,0,0,0,0,0,"681758,413486","5346307,08082",11.448231854,48.243901118,0,1,#66c2a5,bicycle
198868,"9,21E+18",9,2,74,126,2021,7,12,2,3,4,6,0,1,0,0,0,0,0,"733702,826628","5383595,13916",12.167678475,48.561842209,0,1,#66c2a5,bicycle
198872,"9,21E+18",9,1,78,145,2021,7,7,6,3,0,1,0,1,0,0,0,0,0,"699090,542844","5355486,03712",11.685760225,48.321185871,0,1,#66c2a5,bicycle
198874,"9,21E+18",9,1,62,0,2021,7,11,2,3,5,3,0,0,1,0,0,0,1,"690809,501674","5334855,1614",11.564878246,48.138313701,0,2,#fc8d62,car
198875,"9,21E+18",9,1,62,0,2021,7,12,3,3,1,1,0,0,1,0,0,0,1,"681098,319845","5335454,52489",11.434720103,48.146539303,0,2,#fc8d62,car
198888,"9,21E+18",9,7,72,163,2021,7,13,5,3,5,3,0,1,1,0,0,0,0,"639816,920425","5349499,75571",10.884712667,48.28324888,1,1,#66c2a5,bicycle
198889,"9,21E+18",9,1,62,0,2021,7,11,6,3,0,7,0,0,0,1,0,0,1,"689080,175029","5332767,36036",11.540729927,48.120064489,1,3,#8da0cb,toilet
198891,"9,21E+18",9,1,62,0,2021,7,14,3,3,5,3,0,1,0,0,0,0,0,"687065,066657","5336294,63979",11.515228483,48.152363935,1,1,#66c2a5,bicycle
198892,"9,21E+18",9,1,74,115,2021,7,8,2,3,0,1,0,1,0,0,0,0,0,"680917,257544","5346501,19404",11.436995336,48.245886531,0,1,#66c2a5,bicycle
198893,"9,21E+18",9,1,77,135,2021,7,14,6,3,0,7,0,0,0,0,0,1,1,"718777,010299","5344966,69328",11.94554295,48.220167174,0,5,#a6d854,bus
198895,"9,21E+18",9,1,77,115,2021,7,14,2,3,4,6,0,1,1,0,0,0,0,"733681,971001","5351905,5554",12.149743331,48.277187428,0,1,#66c2a5,bicycle
198896,"9,21E+18",9,7,61,0,2021,7,15,2,3,3,2,0,1,0,0,0,0,0,"639486,980223","5357579,85587",10.882940449,48.35597653,0,1,#66c2a5,bicycle
198898,"9,21E+18",9,1,84,136,2021,7,14,4,3,5,3,0,1,1,0,0,0,0,"699400,664907","5326849,01989",11.676493022,48.063727056,0,1,#66c2a5,bicycle
198899,"9,21E+18",9,1,62,0,2021,7,19,6,3,0,1,0,0,0,0,1,0,0,"691726,492006","5332749,9791",11.576244486,48.11911696,0,4,#e78ac3,marker
198902,"9,21E+18",9,7,61,0,2021,7,1,1,3,1,7,2,1,1,0,0,0,0,"640493,956274","5358262,4791",10.896753869,48.361891219,1,1,#66c2a5,bicycle
198910,"9,21E+18",9,7,61,0,2021,7,18,3,3,0,7,0,1,0,0,0,0,0,"638373,216098","5358272,32264",10.868141771,48.362448131,0,1,#66c2a5,bicycle
198912,"9,21E+18",9,1,62,0,2021,7,16,7,3,1,2,0,1,1,0,0,0,0,"693644,856774","5332494,65968",11.601878335,48.116241733,0,1,#66c2a5,bicycle
198914,"9,21E+18",9,1,74,115,2021,7,15,6,3,5,3,0,0,1,0,0,0,1,"680741,499103","5346471,93323",11.434617562,48.245673651,0,2,#fc8d62,car
198916,"9,21E+18",9,1,62,0,2021,7,15,4,3,0,7,0,0,0,0,0,0,1,"691145,38995","5336807,98198",11.570265374,48.155764643,0,6,#ffd92f,circle
198917,"9,21E+18",9,1,62,0,2021,7,7,3,3,5,3,0,0,1,0,0,0,0,"687530,98246","5331987,23222",11.519590815,48.113510621,0,2,#fc8d62,car
198918,"9,21E+18",9,1,78,116,2021,7,8,2,3,5,3,0,0,1,0,1,0,0,"701788,189001","5381519,483",11.734645834,48.55427479,0,2,#fc8d62,car
198920,"9,21E+18",9,7,61,0,2021,7,11,3,3,0,1,0,0,0,0,0,0,1,"639233,995056","5357066,81346",10.879357586,48.351419198,0,6,#ffd92f,circle
198921,"9,21E+18",9,1,87,163,2021,7,11,2,3,4,6,0,0,1,0,0,0,0,"738781,071844","5310138,63216",12.1950141,47.900095718,0,2,#fc8d62,car
198929,"9,21E+18",9,1,82,137,2021,7,20,2,3,0,1,1,1,0,0,0,0,0,"712632,159256","5305181,14957",11.843160834,47.864745011,1,1,#66c2a5,bicycle
198934,"9,21E+18",9,1,62,0,2021,7,16,2,3,4,3,0,0,1,0,1,0,0,"690351,667155","5334740,45005",11.558679102,48.137419796,0,2,#fc8d62,car
198939,"9,21E+18",9,7,61,0,2021,7,14,1,3,0,1,0,0,0,0,1,0,0,"641460,829279","5359379,30601",10.910175356,48.371717374,1,4,#e78ac3,marker
198941,"9,21E+18",9,1,62,0,2021,7,17,1,3,5,3,0,1,1,0,0,0,0,"691279,600175","5339015,39075",11.57306097,48.175564142,0,1,#66c2a5,bicycle
198944,"9,21E+18",9,1,75,132,2021,7,13,5,3,5,3,0,1,1,0,0,0,0,"707218,017955","5331014,19008",11.783317076,48.098666181,0,1,#66c2a5,bicycle
198946,"9,21E+18",9,1,62,0,2021,7,14,2,3,3,7,0,0,1,0,0,0,1,"690336,003586","5335202,59289",11.558675307,48.141578215,0,2,#fc8d62,car
198948,"9,21E+18",9,7,61,0,2021,7,17,7,3,1,1,0,1,1,0,0,0,0,"644059,801794","5357468,49178",10.944594655,48.353948518,0,1,#66c2a5,bicycle
198949,"9,21E+18",9,1,62,0,2021,7,17,2,3,0,3,0,1,0,1,0,0,0,"690374,550602","5343101,15994",11.562730819,48.212558301,0,1,#66c2a5,bicycle
198956,"9,21E+18",9,1,75,132,2021,7,9,4,3,6,7,0,1,0,1,0,0,0,"707078,891364","5331972,01266",11.781915395,48.107318792,0,1,#66c2a5,bicycle
198959,"9,21E+18",9,7,72,111,2021,7,21,7,3,0,1,2,1,0,0,0,0,0,"627012,432355","5365043,05593",10.716885246,48.425722206,0,1,#66c2a5,bicycle
198962,"9,21E+18",9,1,62,0,2021,7,20,4,3,0,7,0,1,0,0,0,0,0,"692464,8434","5335461,09346",11.587379907,48.143261177,0,1,#66c2a5,bicycle
198963,"9,21E+18",9,1,77,117,2021,7,17,4,2,0,1,0,1,0,0,0,0,0,"715770,032096","5354424,19737",11.909935924,48.306174085,0,1,#66c2a5,bicycle
198964,"9,21E+18",9,1,84,136,2021,7,13,1,2,0,7,0,1,0,0,0,0,0,"697598,706064","5327919,66634",11.652827693,48.073910045,1,1,#66c2a5,bicycle
198968,"9,21E+18",9,1,79,140,2021,7,20,6,2,4,6,0,1,1,0,0,0,0,"659064,016","5345603,201",11.142518439,48.243673867,0,1,#66c2a5,bicycle
198971,"9,21E+18",9,1,62,0,2021,7,16,5,2,5,3,0,1,1,0,0,0,0,"692886,262854","5339790,7288",11.595002517,48.182047019,0,1,#66c2a5,bicycle
198974,"9,21E+18",9,7,71,144,2021,7,17,4,3,9,7,0,0,0,0,0,0,1,"660494,384492","5372507,1382",11.172035165,48.485184405,0,6,#ffd92f,circle
198979,"9,21E+18",9,1,78,124,2021,7,15,5,3,5,2,0,0,1,0,0,0,0,"704984,63144","5364564,3469",11.769599579,48.400881386,0,2,#fc8d62,car
198980,"9,21E+18",9,1,62,0,2021,7,18,6,3,0,6,0,0,1,1,0,0,0,"693158,928694","5334097,51513",11.596082507,48.130795369,0,2,#fc8d62,car
198981,"9,21E+18",9,1,62,0,2021,7,18,2,3,5,3,0,0,1,0,0,0,0,"689649,088043","5335674,35651",11.549660766,48.146023564,0,2,#fc8d62,car
198983,"9,21E+18",9,1,84,139,2021,7,17,7,2,5,2,0,1,1,0,0,0,0,"688865,600937","5327373,08676",11.53546312,48.071643315,0,1,#66c2a5,bicycle
198984,"9,21E+18",9,1,62,0,2021,7,8,2,3,2,6,0,0,1,0,0,0,0,"689027,309329","5337527,83588",11.542133368,48.162867844,0,2,#fc8d62,car
198986,"9,21E+18",9,7,62,0,2021,7,13,6,3,2,6,0,0,1,0,0,0,0,"622004,88886","5303963,49624",10.63171274,47.877407955,0,2,#fc8d62,car
198987,"9,21E+18",9,1,84,127,2021,7,14,5,3,2,6,0,0,1,0,0,0,0,"702118,199201","5322015,77508",11.710646167,48.019435432,0,2,#fc8d62,car
198988,"9,21E+18",9,1,62,0,2021,7,9,4,3,3,6,0,1,0,0,0,0,0,"692110,989465","5333266,02166",11.581638119,48.12363919,0,1,#66c2a5,bicycle
198991,"9,21E+18",9,7,72,184,2021,7,17,2,3,0,7,0,1,0,1,0,0,0,"635513,192814","5360977,30661",10.830421956,48.387391774,0,1,#66c2a5,bicycle
198992,"9,21E+18",9,1,62,0,2021,7,18,3,3,4,2,0,1,1,0,0,0,0,"690452,919001","5336518,453",11.560834047,48.153370128,0,1,#66c2a5,bicycle
198993,"9,21E+18",9,1,73,130,2021,7,7,2,3,2,6,0,1,1,0,0,0,0,"681819,552203","5314724,3416",11.43559868,47.959991291,0,1,#66c2a5,bicycle
198994,"9,21E+18",9,1,87,150,2021,7,17,6,3,3,6,0,1,1,0,0,0,0,"730021,509167","5304092,50399",12.074766342,47.848974561,0,1,#66c2a5,bicycle
198995,"9,21E+18",9,1,87,182,2021,7,15,4,2,5,3,0,1,1,0,0,0,0,"736802,956002","5326979,34799",12.177867356,48.052115755,0,1,#66c2a5,bicycle
198996,"9,21E+18",9,1,62,0,2021,7,20,7,3,6,4,1,0,1,1,0,0,0,"690611,221867","5334970,81645",11.562267477,48.139412628,0,2,#fc8d62,car
198997,"9,21E+18",9,1,62,0,2021,7,18,2,3,3,6,0,1,0,0,0,0,0,"688470,801509","5336371,12548",11.534144394,48.152636397,1,1,#66c2a5,bicycle
199000,"9,21E+18",9,7,72,209,2021,7,7,5,3,6,3,0,0,1,1,0,0,0,"634824,841326","5335679,71317",10.813060577,48.160057598,1,2,#fc8d62,car
199001,"9,21E+18",9,1,81,128,2021,7,10,5,2,0,1,0,1,0,0,0,0,0,"637557,856","5327968,916",10.847304371,48.090134326,0,1,#66c2a5,bicycle
199003,"9,21E+18",9,1,62,0,2021,7,13,2,3,1,6,0,0,1,0,0,0,0,"693231,412784","5329108,85554",11.594796148,48.085936435,0,2,#fc8d62,car
199006,"9,21E+18",9,1,62,0,2021,7,19,3,3,5,2,0,0,1,0,1,0,0,"691472,251671","5334338,19098",11.573545315,48.133468156,0,2,#fc8d62,car
199012,"9,21E+18",9,1,77,117,2021,7,6,4,3,5,3,0,1,1,0,0,0,0,"716884,998607","5354330,2683",11.924904108,48.304948903,0,1,#66c2a5,bicycle
199013,"9,21E+18",9,1,63,0,2021,7,16,2,3,5,3,0,1,1,0,0,0,0,"734360,425092","5304905,72038",12.133117593,47.854713411,0,1,#66c2a5,bicycle
199016,"9,21E+18",9,1,88,141,2021,7,19,2,2,4,6,0,1,1,0,0,0,0,"669774,260797","5308382,11504",11.2718796,47.906280777,0,1,#66c2a5,bicycle
199020,"9,21E+18",9,2,74,183,2021,7,9,7,3,0,6,0,1,1,0,0,0,0,"741162,085941","5362306,1513",12.256346945,48.367803442,0,1,#66c2a5,bicycle
199021,"9,21E+18",9,1,62,0,2021,7,22,5,3,1,5,2,0,1,0,0,0,0,"697355,211669","5332387,528",11.65162751,48.114139901,1,2,#fc8d62,car
199022,"9,21E+18",9,1,62,0,2021,7,12,6,3,0,1,0,0,0,0,1,0,0,"691215,578663","5334048,40164",11.569968965,48.130940721,1,4,#e78ac3,marker
199024,"9,21E+18",9,7,61,0,2021,7,16,1,3,5,3,0,1,1,0,0,0,0,"642230,139028","5358961,47677",10.920416137,48.367787533,0,1,#66c2a5,bicycle
199029,"9,21E+18",9,1,63,0,2021,7,18,5,3,5,3,0,0,1,0,0,0,0,"733464,310002","5306783,03499",12.122169631,47.871905384,1,2,#fc8d62,car
199031,"9,21E+18",9,1,84,136,2021,7,16,2,3,1,5,0,1,0,0,0,1,0,"697649,903228","5327270,84879",11.653214294,48.068062988,0,1,#66c2a5,bicycle
199032,"9,21E+18",9,7,77,151,2021,7,15,3,3,5,2,0,0,1,0,0,0,0,"621378,995964","5294352,30803",10.620650877,47.791085115,0,2,#fc8d62,car
199033,"9,21E+18",9,1,87,150,2021,7,15,1,3,1,5,0,0,1,0,0,0,0,"729648,34513","5304146,2526",12.069814079,47.849590875,0,2,#fc8d62,car
199036,"9,21E+18",9,1,62,0,2021,7,14,5,3,8,1,0,0,1,0,0,0,0,"691993,291446","5337052,4116",11.581765119,48.157706113,0,2,#fc8d62,car
199037,"9,21E+18",9,1,62,0,2021,7,19,4,3,0,7,0,1,0,0,0,0,0,"691018,480001","5333927,301",11.567268398,48.129911456,0,1,#66c2a5,bicycle
199041,"9,21E+18",9,7,72,215,2021,7,13,3,3,0,1,0,1,0,0,0,0,0,"633907,279398","5345747,42691",10.80390528,48.250784504,0,1,#66c2a5,bicycle
199042,"9,21E+18",9,7,61,0,2021,7,19,3,3,4,1,0,1,0,0,0,0,0,"642155,361","5358996,209",10.9194188,48.368116676,0,1,#66c2a5,bicycle
199047,"9,21E+18",9,1,62,0,2021,7,18,6,3,0,7,0,1,0,0,0,0,0,"691291,492849","5332897,08837",11.570471477,48.120569996,1,1,#66c2a5,bicycle
199048,"9,21E+18",9,7,61,0,2021,7,6,5,3,5,1,1,1,1,0,0,0,0,"637564,156123","5355434,72198",10.85629759,48.33710951,0,1,#66c2a5,bicycle
199049,"9,21E+18",9,7,71,130,2021,7,18,4,2,0,1,0,1,0,0,0,0,0,"646863,96451","5360440,24629",10.983461047,48.380022282,0,1,#66c2a5,bicycle
199051,"9,21E+18",9,1,62,0,2021,7,19,1,3,3,6,0,0,1,0,0,0,0,"686222,532001","5333305,944",11.502604436,48.125747675,0,2,#fc8d62,car
199053,"9,21E+18",9,1,62,0,2021,7,13,1,3,0,2,0,0,1,0,1,0,0,"688862,362874","5336240,34348",11.539345865,48.151344764,1,2,#fc8d62,car
199054,"9,21E+18",9,7,61,0,2021,7,9,2,3,2,6,0,0,1,0,0,0,0,"640536,004291","5358043,46233",10.89724806,48.359912531,0,2,#fc8d62,car
199056,"9,21E+18",9,1,62,0,2021,7,11,4,3,0,7,0,1,0,0,0,0,0,"695482,901122","5336034,55039",11.628172192,48.14749499,0,1,#66c2a5,bicycle
199057,"9,21E+18",9,1,62,0,2021,7,9,6,3,6,4,0,0,1,1,0,0,0,"695542,95893","5336613,70996",11.629244817,48.15268171,0,2,#fc8d62,car
199058,"9,21E+18",9,1,78,124,2021,7,11,3,3,0,6,0,0,1,0,0,0,1,"702723,36424","5364445,05311",11.739025944,48.400540434,0,2,#fc8d62,car
199066,"9,21E+18",9,1,73,126,2021,7,16,3,3,5,3,0,0,1,0,0,0,0,"687046,553998","5302758,79997",11.500361213,47.850930562,1,2,#fc8d62,car
199068,"9,21E+18",9,1,74,115,2021,7,17,2,2,2,6,0,1,0,0,0,0,0,"681969,020163","5346559,5929",11.451174483,48.246110423,0,1,#66c2a5,bicycle
199072,"9,21E+18",9,1,62,0,2021,7,18,6,3,0,7,0,0,0,1,0,0,1,"692226,935522","5337123,34077",11.5849357,48.158273024,0,3,#8da0cb,toilet
199073,"9,21E+18",9,1,62,0,2021,7,13,5,1,6,4,0,0,0,1,0,0,1,"688662,735638","5337915,74797",11.537407465,48.166462722,0,3,#8da0cb,toilet
199080,"9,21E+18",9,1,88,126,2021,7,14,5,3,0,1,0,1,0,0,0,0,0,"659171,153","5326531,174",11.136824851,48.072176991,0,1,#66c2a5,bicycle
199081,"9,21E+18",9,1,79,121,2021,7,14,5,2,6,4,0,0,1,1,0,0,0,"667515,343951","5338665,90758",11.253525222,48.179131674,0,2,#fc8d62,car
199083,"9,21E+18",9,1,62,0,2021,7,11,2,2,4,2,0,1,1,0,0,0,0,"690906,749737","5333254,23944",11.565466828,48.123895528,0,1,#66c2a5,bicycle
199084,"9,21E+18",9,7,61,0,2021,7,12,3,3,4,3,0,0,1,0,1,0,0,"640211,853002","5363174,05021",10.894586376,48.406117129,0,2,#fc8d62,car
199086,"9,21E+18",9,1,62,0,2021,7,23,7,3,2,6,2,0,1,0,0,0,0,"691829,79619","5335699,03805",11.578958906,48.145591574,1,2,#fc8d62,car
199089,"9,21E+18",9,1,84,123,2021,7,14,4,3,1,5,0,1,1,0,0,0,0,"702594,026885","5332291,61701",11.721888393,48.111633109,0,1,#66c2a5,bicycle
199091,"9,21E+18",9,1,88,141,2021,7,16,6,3,5,3,0,1,1,0,0,0,0,"669862,71324","5307449,28469",11.272694993,47.897870979,0,1,#66c2a5,bicycle
199092,"9,21E+18",9,7,61,0,2021,7,18,2,3,5,3,0,1,0,0,0,0,1,"638451,911269","5360369,07215",10.869894037,48.381284445,0,1,#66c2a5,bicycle
199097,"9,21E+18",9,2,61,0,2021,7,14,7,2,8,1,0,0,0,0,1,0,0,"731120,955218","5378942,01477",12.130156946,48.521000638,0,4,#e78ac3,marker
199106,"9,21E+18",9,1,84,149,2021,7,20,4,3,3,6,1,1,0,0,0,0,0,"690977,44852","5349645,40732",11.573789196,48.271195102,0,1,#66c2a5,bicycle
199107,"9,21E+18",9,1,87,137,2021,7,17,7,3,9,1,0,0,0,0,0,0,1,"731004,982176","5309847,93413",12.090969653,47.900330381,1,6,#ffd92f,circle
199108,"9,21E+18",9,1,84,149,2021,7,6,2,3,5,3,0,1,1,0,0,0,0,"690188,683833","5349708,41448",11.563198483,48.271998728,0,1,#66c2a5,bicycle
199111,"9,21E+18",9,1,84,131,2021,7,17,3,3,2,2,0,0,1,0,0,0,0,"705624,947228","5339564,28971",11.766072487,48.176017604,1,2,#fc8d62,car
199112,"9,21E+18",9,1,62,0,2021,7,20,7,3,1,3,0,0,1,0,0,0,1,"699499,016664","5335416,11518",11.681816412,48.140690289,0,2,#fc8d62,car
199115,"9,21E+18",9,7,77,121,2021,7,11,6,3,6,7,0,0,1,1,0,0,0,"628526,183646","5321689,14495",10.724186888,48.035545788,1,2,#fc8d62,car
199116,"9,21E+18",9,1,73,112,2021,7,20,5,3,3,6,0,0,0,0,1,0,0,"693014,614705","5294667,83925",11.576455226,47.776441654,0,4,#e78ac3,marker
199117,"9,21E+18",9,7,71,130,2021,7,12,4,2,2,7,0,0,1,0,0,0,0,"645928,195586","5357393,80977",10.969773923,48.352848037,0,2,#fc8d62,car
199120,"9,21E+18",9,1,62,0,2021,7,22,3,3,5,2,2,1,1,0,0,0,0,"692234,810685","5341891,78319",11.587198497,48.201128113,0,1,#66c2a5,bicycle
199122,"9,21E+18",9,7,61,0,2021,7,12,7,3,1,5,0,1,1,0,0,0,0,"640925,018904","5359531,32433",10.902995306,48.373204143,0,1,#66c2a5,bicycle
199123,"9,21E+18",9,1,78,124,2021,7,14,1,3,0,1,0,1,0,0,0,0,0,"704236,133832","5363889,62976",11.75917052,48.395061179,0,1,#66c2a5,bicycle
199124,"9,21E+18",9,1,75,115,2021,7,7,6,3,5,3,0,0,1,0,0,0,1,"720127,066259","5328925,2008",11.955400511,48.075568467,0,2,#fc8d62,car
199127,"9,21E+18",9,1,62,0,2021,7,15,2,3,5,3,0,1,0,0,0,0,1,"693960,647458","5333000,0911",11.606346773,48.120688288,0,1,#66c2a5,bicycle
199128,"9,21E+18",9,2,61,0,2021,7,20,1,3,3,6,0,0,1,0,0,0,0,"731670,929666","5382116,51261",12.139358112,48.549313978,0,2,#fc8d62,car
199133,"9,21E+18",9,7,72,147,2021,7,16,2,3,5,3,0,1,0,0,1,0,0,"638265,602412","5367629,03388",10.869772018,48.446605037,0,1,#66c2a5,bicycle
199134,"9,21E+18",9,1,62,0,2021,7,18,3,3,4,2,0,1,1,0,0,0,0,"687947,249001","5343105,398",11.530090812,48.213319827,0,1,#66c2a5,bicycle
199136,"9,21E+18",9,1,62,0,2021,7,12,7,3,2,6,0,0,1,0,0,0,0,"690538,419212","5336921,06219",11.562162766,48.156963146,0,2,#fc8d62,car
199137,"9,21E+18",9,1,81,146,2021,7,12,1,3,9,1,0,0,1,0,0,0,0,"648026,062648","5325876,62566",10.987075475,48.068975908,0,2,#fc8d62,car
199140,"9,21E+18",9,1,62,0,2021,7,16,4,3,5,3,0,0,1,0,0,0,1,"685475,567206","5335295,79215",11.49344237,48.143851389,0,2,#fc8d62,car
199142,"9,21E+18",9,1,62,0,2021,7,12,1,3,0,7,0,1,0,0,0,0,0,"693458,420975","5335294,38684",11.600646986,48.141461533,0,1,#66c2a5,bicycle
199143,"9,21E+18",9,7,61,0,2021,7,9,3,3,0,1,0,0,1,0,0,0,0,"638242,278877","5355509,44928",10.865467705,48.337633447,0,2,#fc8d62,car
199148,"9,21E+18",9,7,61,0,2021,7,7,5,2,5,3,0,0,1,0,0,0,0,"643954,996536","5358542,24845",10.943548134,48.363627038,0,2,#fc8d62,car
199152,"9,21E+18",9,1,87,130,2021,7,8,3,3,5,3,0,0,1,0,0,1,0,"715438,188154","5306311,4779",11.881195645,47.873967378,0,2,#fc8d62,car
199153,"9,21E+18",9,7,72,184,2021,7,0,1,2,0,1,2,1,0,0,0,0,0,"634862,645497","5359428,18204",10.821142319,48.373601422,0,1,#66c2a5,bicycle
199160,"9,21E+18",9,1,84,119,2021,7,15,5,3,4,6,0,1,1,0,0,0,0,"697075,453192","5347479,535",11.65487249,48.249862273,0,1,#66c2a5,bicycle
199161,"9,21E+18",9,1,84,134,2021,7,12,2,3,1,7,0,0,1,0,0,0,0,"692709,307378","5321787,33247",11.584495237,48.020289153,0,2,#fc8d62,car
199164,"9,21E+18",9,2,61,0,2021,7,7,5,3,5,6,0,1,0,0,0,0,0,"731045,634002","5380759,42599",12.130145434,48.537354015,0,1,#66c2a5,bicycle
199165,"9,21E+18",9,1,62,0,2021,7,18,4,3,0,7,0,1,0,1,0,0,0,"688832,906001","5331790,535",11.536978133,48.111357992,0,1,#66c2a5,bicycle
199166,"9,21E+18",9,1,62,0,2021,7,9,2,3,3,6,0,1,0,0,0,0,0,"690140,821177","5335099,38229",11.556008109,48.140708916,0,1,#66c2a5,bicycle
199169,"9,21E+18",9,7,72,163,2021,7,14,3,3,5,3,0,1,1,0,0,0,0,"640499,420219","5349535,12263",10.893919221,48.283415785,0,1,#66c2a5,bicycle
199172,"9,21E+18",9,7,72,147,2021,7,17,7,3,0,7,0,1,0,0,0,0,0,"639010,560532","5364758,16685",10.878888162,48.420627096,1,1,#66c2a5,bicycle
199173,"9,21E+18",9,1,79,145,2021,7,13,6,3,4,7,0,0,1,0,0,0,0,"675990,98607","5338025,47029",11.367181338,48.171083698,1,2,#fc8d62,car
199175,"9,21E+18",9,1,62,0,2021,7,6,4,3,5,3,0,1,1,0,0,0,0,"684433,709001","5333645,564",11.478735251,48.129321132,0,1,#66c2a5,bicycle
199176,"9,21E+18",9,1,87,117,2021,7,17,4,3,3,2,0,1,1,0,0,0,0,"725605,544808","5304648,47117",12.016112114,47.855534812,1,1,#66c2a5,bicycle
199177,"9,21E+18",9,1,62,0,2021,7,19,1,3,0,7,0,1,0,0,0,0,0,"692846,101001","5335362,986",11.592455434,48.142263965,1,1,#66c2a5,bicycle
199179,"9,21E+18",9,1,86,143,2021,7,7,2,2,5,3,0,0,1,0,0,0,0,"684672,683903","5377294,22445",11.501064029,48.521572976,0,2,#fc8d62,car
199180,"9,21E+18",9,7,61,0,2021,7,17,2,2,0,1,0,1,0,0,0,0,0,"642752,646069","5353834,77215",10.925729038,48.321572539,0,1,#66c2a5,bicycle
199183,"9,21E+18",9,1,62,0,2021,7,15,5,3,2,6,0,0,1,0,0,0,0,"698780,520083","5333234,30221",11.671150923,48.121306788,1,2,#fc8d62,car
199184,"9,21E+18",9,1,88,139,2021,7,11,7,2,0,1,0,1,0,0,0,0,0,"673387,047764","5319942,39673",11.324844605,48.009239689,0,1,#66c2a5,bicycle
199186,"9,21E+18",9,1,62,0,2021,7,18,5,2,6,3,0,1,0,1,0,0,0,"691441,149001","5340002,116",11.575676331,48.184383992,1,1,#66c2a5,bicycle
199188,"9,21E+18",9,1,75,115,2021,7,17,5,3,1,5,0,1,1,0,0,0,0,"720431,809607","5329183,8465",11.959619703,48.077787161,0,1,#66c2a5,bicycle
199190,"9,21E+18",9,1,87,137,2021,7,15,2,3,5,3,0,0,1,0,0,0,0,"730637,386963","5308873,43339",12.085537707,47.891707406,0,2,#fc8d62,car
199192,"9,21E+18",9,7,61,0,2021,7,13,3,3,5,3,0,1,1,0,0,0,0,"640899,693106","5358022,27267",10.902147985,48.35964094,0,1,#66c2a5,bicycle
199193,"9,21E+18",9,2,61,0,2021,7,14,2,1,3,2,0,1,0,0,0,1,0,"732843,366412","5380761,74473",12.15446363,48.536710483,0,1,#66c2a5,bicycle
199194,"9,21E+18",9,1,87,117,2021,7,10,6,3,5,3,0,1,1,0,0,0,0,"725551,396617","5306056,2903",12.016123557,47.868202969,0,1,#66c2a5,bicycle
199195,"9,21E+18",9,2,74,184,2021,7,18,7,3,8,1,0,1,0,0,0,0,0,"747246,364772","5372607,10223",12.344426426,48.457965443,0,1,#66c2a5,bicycle
199196,"9,21E+18",9,1,62,0,2021,7,11,5,3,4,6,0,0,0,0,1,0,0,"692465,131702","5337485,48577",11.588299245,48.161455842,0,4,#e78ac3,marker
199197,"9,21E+18",9,1,77,134,2021,7,16,7,3,0,1,0,0,0,0,1,0,0,"713345,056214","5344195,86559",11.872117738,48.215090413,0,4,#e78ac3,marker
199201,"9,21E+18",9,1,62,0,2021,7,18,3,3,2,6,0,0,1,0,0,0,0,"687998,069069","5332307,9926",11.526001487,48.116255992,1,2,#fc8d62,car
199205,"9,21E+18",9,1,62,0,2021,7,18,4,3,4,6,0,1,0,0,0,0,0,"682970,239736","5335532,52582",11.459896135,48.146704773,0,1,#66c2a5,bicycle
199206,"9,21E+18",9,1,77,117,2021,7,17,7,3,2,6,0,0,1,0,0,0,0,"715407,279437","5354338,48853",11.905006538,48.305527591,0,2,#fc8d62,car
199208,"9,21E+18",9,1,73,123,2021,7,12,4,3,1,3,0,0,1,0,0,0,1,"679981,776528","5303065,56156",11.406137607,47.855705404,0,2,#fc8d62,car
199209,"9,21E+18",9,7,72,202,2021,7,0,7,2,9,1,2,1,0,0,0,0,0,"636011,823872","5356959,65529",10.835854113,48.351157809,1,1,#66c2a5,bicycle
199210,"9,21E+18",9,1,62,0,2021,7,8,5,3,4,2,0,1,1,0,0,0,0,"682698,351859","5335186,95981",11.456096008,48.143676734,1,1,#66c2a5,bicycle
199211,"9,21E+18",9,1,62,0,2021,7,17,2,3,3,6,0,0,1,0,0,0,1,"692111,007437","5334469,16316",11.582180753,48.134452826,0,2,#fc8d62,car
199213,"9,21E+18",9,7,71,122,2021,7,19,6,3,4,6,0,0,1,0,0,0,0,"653702,304","5362234,736",11.0764106,48.394527124,1,2,#fc8d62,car
199216,"9,21E+18",9,1,79,145,2021,7,17,3,3,0,1,0,1,0,0,0,0,0,"674441,931538","5337300,05251",11.34606626,48.164989693,0,1,#66c2a5,bicycle