OBJECTID,UIDENTSTLA,ULAND,UREGBEZ,UKREIS,UGEMEINDE,UJAHR,UMONAT,USTUNDE,UWOCHENTAG,UKATEGORIE,UART,UTYP1,ULICHTVERH,IstRad,IstPKW,IstFuss,IstKrad,IstGkfz,IstSonstig,LINREFX,LINREFY,XGCSWGS84,YGCSWGS84,STRZUSTAN,Teilnehmer,color,symbol
199217,"9,21E+18",9,7,61,0,2021,7,10,6,3,3,2,0,1,0,0,0,1,0,"640784,785653","5359254,02425",10.901009889,48.37074206,0,1,#66c2a5,bicycle
199218,"9,21E+18",9,7,72,216,2021,7,19,2,3,1,5,0,1,1,0,1,0,0,"622764,831641","5367928,68022",10.66033964,48.452514004,0,1,#66c2a5,bicycle
199220,"9,21E+18",9,1,63,0,2021,7,12,2,2,0,1,0,1,0,0,0,0,0,"733626,910103","5303421,52373",12.122525214,47.841646354,0,1,#66c2a5,bicycle
199224,"9,21E+18",9,7,72,149,2021,7,6,4,3,5,3,0,0,1,0,0,1,0,"637269,208558","5340346,35169",10.847421391,48.201497994,0,2,#fc8d62,car
199225,"9,21E+18",9,1,62,0,2021,7,22,3,3,5,3,2,0,1,0,0,0,0,"696894,29015","5333131,59615",11.645785077,48.1209698,1,2,#fc8d62,car
199229,"9,21E+18",9,7,61,0,2021,7,17,1,2,0,1,0,1,0,0,0,0,0,"640183,917292","5361355,81808",10.89360206,48.389774452,0,1,#66c2a5,bicycle
199232,"9,21E+18",9,1,62,0,2021,7,8,6,3,6,7,0,0,1,1,0,0,0,"695064,423637","5330932,3144",11.620217142,48.101766776,0,2,#fc8d62,car
199233,"9,21E+18",9,1,62,0,2021,7,18,5,2,0,7,0,0,1,0,0,0,1,"693609,729897","5341973,5795",11.60572041,48.201445512,0,2,#fc8d62,car
199234,"9,21E+18",9,1,87,172,2021,7,14,7,2,0,1,0,1,0,0,0,0,0,"740688,081657","5297120,17",12.213251921,47.782435361,0,1,#66c2a5,bicycle
199236,"9,21E+18",9,1,62,0,2021,7,7,5,3,1,7,0,0,1,0,0,0,0,"684963,472143","5328750,87934",11.483726162,48.085171305,0,2,#fc8d62,car
199239,"9,21E+18",9,1,62,0,2021,7,8,5,3,5,3,0,1,1,0,0,0,0,"687526,441561","5331998,462",11.519534804,48.113612895,0,1,#66c2a5,bicycle
199242,"9,21E+18",9,2,74,182,2021,7,18,5,3,0,1,0,1,0,0,0,0,0,"728534,223865","5373082,01373",12.091971631,48.469305311,0,1,#66c2a5,bicycle
199243,"9,21E+18",9,1,87,169,2021,7,14,5,3,8,1,0,0,0,0,0,0,1,"738450,777428","5299777,0872",12.18489088,47.807135829,1,6,#ffd92f,circle
199245,"9,21E+18",9,1,62,0,2021,7,7,2,3,6,7,0,1,0,1,0,0,0,"691704,199162","5334651,37451",11.576800546,48.136213186,0,1,#66c2a5,bicycle
199246,"9,21E+18",9,7,61,0,2021,7,19,3,3,2,1,0,1,1,0,0,0,0,"640791,431378","5355972,0129",10.900001582,48.341229809,0,1,#66c2a5,bicycle
199247,"9,21E+18",9,1,62,0,2021,7,0,3,3,4,2,2,0,1,0,0,0,0,"696264,840001","5331528,344",11.63659831,48.106754953,0,2,#fc8d62,car
199249,"9,21E+18",9,1,62,0,2021,7,11,7,3,0,4,0,0,0,1,0,0,1,"691286,047106","5336057,75973",11.571817579,48.148979449,0,3,#8da0cb,toilet
199251,"9,21E+18",9,7,61,0,2021,7,14,5,3,2,6,0,0,1,0,0,0,0,"638372,725932","5359246,9075",10.868455793,48.371211532,1,2,#fc8d62,car
199258,"9,21E+18",9,1,62,0,2021,7,23,6,3,4,2,2,1,0,0,0,0,0,"689512,793666","5336076,75625",11.54800943,48.149680969,0,1,#66c2a5,bicycle
199259,"9,21E+18",9,1,84,144,2021,7,16,2,3,5,2,0,1,1,0,0,0,0,"687890,315906","5317375,22646",11.517999605,47.982066288,0,1,#66c2a5,bicycle
199261,"9,21E+18",9,1,62,0,2021,7,12,7,3,0,1,0,1,1,0,0,0,0,"692084,498065","5337570,86054",11.583224383,48.162338275,0,1,#66c2a5,bicycle
199262,"9,21E+18",9,1,62,0,2021,7,15,2,3,3,2,0,1,1,0,0,0,0,"691466,221562","5334344,23148",11.573467065,48.133524262,0,1,#66c2a5,bicycle
199264,"9,21E+18",9,7,72,202,2021,7,11,6,3,3,2,1,1,1,0,0,0,0,"636406,047309","5360041,12034",10.842171679,48.378781195,1,1,#66c2a5,bicycle
199269,"9,21E+18",9,1,62,0,2021,7,13,3,3,5,2,0,1,0,0,0,0,0,"691697,148292","5333717,47953",11.576285697,48.127821581,0,1,#66c2a5,bicycle
199271,"9,21E+18",9,2,74,134,2021,7,8,6,3,5,3,0,0,1,0,1,0,0,"740207,458025","5374961,14848",12.250726705,48.481835256,0,2,#fc8d62,car
199277,"9,21E+18",9,1,79,126,2021,7,19,2,3,0,6,0,1,1,0,0,0,0,"677519,632495","5341338,86081",11.389108665,48.200442884,0,1,#66c2a5,bicycle
199278,"9,21E+18",9,2,61,0,2021,7,9,3,3,4,6,0,0,1,0,0,0,0,"733899,271819","5381924,65042",12.169398597,48.546763747,0,2,#fc8d62,car
199280,"9,21E+18",9,1,74,136,2021,7,7,2,3,0,3,0,0,1,0,0,0,1,"682838,523637","5365026,60217",11.470886187,48.411847658,0,2,#fc8d62,car
199283,"9,21E+18",9,1,63,0,2021,7,10,3,3,6,4,0,0,1,1,0,0,0,"734436,968192","5304890,27947",12.134130932,47.854546778,0,2,#fc8d62,car
199284,"9,21E+18",9,1,62,0,2021,7,10,6,3,6,4,0,0,1,1,0,0,0,"690634,938085","5333379,71757",11.561874043,48.125104771,0,2,#fc8d62,car
199286,"9,21E+18",9,1,78,157,2021,7,23,7,2,0,1,2,1,0,0,0,0,1,"706427,765689","5370360,53515",11.791927745,48.452494193,0,1,#66c2a5,bicycle
199287,"9,21E+18",9,1,88,120,2021,7,17,4,3,1,5,0,1,0,0,0,1,0,"671052,85405","5324829,9694",11.29552456,48.053807479,0,1,#66c2a5,bicycle
199289,"9,21E+18",9,1,78,155,2021,7,13,3,3,0,1,0,1,0,0,0,0,0,"721125,435998","5374620,07053",11.992691914,48.485771338,0,1,#66c2a5,bicycle
199290,"9,21E+18",9,1,62,0,2021,7,14,5,3,3,5,0,0,1,0,0,0,1,"687411,120351","5332713,72518",11.518301302,48.120075843,0,2,#fc8d62,car
199292,"9,21E+18",9,7,61,0,2021,7,13,6,3,5,1,0,1,1,0,0,0,0,"641789,364417","5358741,18882",10.914393918,48.365905966,0,1,#66c2a5,bicycle
199293,"9,21E+18",9,1,63,0,2021,7,12,5,3,9,7,0,0,1,0,0,0,0,"733938,763868","5305264,01512",12.127682951,47.858085936,0,2,#fc8d62,car
199295,"9,21E+18",9,7,61,0,2021,7,13,6,3,2,6,0,0,1,0,0,0,0,"638729,84849","5362302,84714",10.874284352,48.398611421,0,2,#fc8d62,car
199296,"9,21E+18",9,1,79,142,2021,7,9,3,3,8,1,0,0,1,0,0,0,0,"673403,90527","5341411,17062",11.333795863,48.202230297,0,2,#fc8d62,car
199297,"9,21E+18",9,1,84,146,2021,7,11,3,3,0,7,0,1,0,0,0,0,0,"699422,693333","5328230,5535",11.677432794,48.076136352,0,1,#66c2a5,bicycle
199300,"9,21E+18",9,1,62,0,2021,7,13,7,3,3,2,0,1,1,0,0,0,0,"695698,191392","5333839,18062",11.630054861,48.12769796,0,1,#66c2a5,bicycle
199305,"9,21E+18",9,7,71,113,2021,7,15,3,3,0,3,0,0,1,0,0,0,0,"657322,591933","5369098,78104",11.127859076,48.455344286,1,2,#fc8d62,car
199306,"9,21E+18",9,7,61,0,2021,7,13,3,3,5,3,0,1,1,0,0,0,0,"640647,278091","5357858,44787",10.898687565,48.358224162,0,1,#66c2a5,bicycle
199310,"9,21E+18",9,1,62,0,2021,7,16,5,2,0,1,0,1,0,0,0,0,0,"686308,108001","5339276,688",11.506367116,48.179389701,1,1,#66c2a5,bicycle
199311,"9,21E+18",9,1,74,115,2021,7,23,7,3,0,3,2,1,1,0,0,0,0,"681231,776505","5347334,05852",11.441584536,48.253282994,0,1,#66c2a5,bicycle
199314,"9,21E+18",9,1,90,157,2021,7,15,3,3,5,3,0,0,1,0,0,0,0,"660144,860379","5303039,73381",11.141135909,47.860723464,0,2,#fc8d62,car
199315,"9,21E+18",9,7,61,0,2021,7,15,1,3,4,2,0,0,1,0,1,0,0,"640551,232811","5359229,01484",10.897849678,48.37056924,0,2,#fc8d62,car
199323,"9,21E+18",9,7,61,0,2021,7,15,7,3,2,6,0,0,1,0,0,0,0,"639111,844953","5360234,88294",10.878757534,48.379932676,0,2,#fc8d62,car
199325,"9,21E+18",9,1,62,0,2021,7,9,6,3,1,7,0,0,1,0,0,0,1,"687438,48597","5335447,02285",11.519871126,48.14463541,0,2,#fc8d62,car
199329,"9,21E+18",9,1,86,143,2021,7,11,3,3,0,3,0,1,1,0,0,0,0,"683878,925831","5378692,55351",11.490941272,48.534373908,0,1,#66c2a5,bicycle
199330,"9,21E+18",9,1,77,130,2021,7,7,2,3,5,3,0,0,0,0,1,1,0,"710969,629001","5351900,613",11.844019491,48.28511711,1,4,#e78ac3,marker
199331,"9,21E+18",9,7,61,0,2021,7,20,2,3,0,1,0,1,0,0,0,0,0,"638996,130171","5360290,15959",10.877213917,48.380455214,0,1,#66c2a5,bicycle
199333,"9,21E+18",9,1,62,0,2021,7,18,4,3,1,3,0,1,1,0,0,0,0,"690561,063917","5335892,71232",11.562006513,48.147713612,0,1,#66c2a5,bicycle
199335,"9,21E+18",9,1,62,0,2021,7,10,2,3,5,6,0,0,1,0,1,0,0,"694381,06308","5341712,12081",11.615970559,48.198859991,0,2,#fc8d62,car
199338,"9,21E+18",9,1,84,149,2021,7,17,5,2,4,6,0,0,1,0,0,0,1,"691368,332405","5350252,14451",11.579326199,48.276530255,0,2,#fc8d62,car
199346,"9,21E+18",9,1,74,126,2021,7,11,4,3,0,1,0,1,0,0,0,0,0,"683085,956456","5343300,39548",11.464797383,48.216493583,0,1,#66c2a5,bicycle
199348,"9,21E+18",9,7,61,0,2021,7,13,7,3,5,3,0,0,1,0,0,0,0,"639237,511218","5360816,29031",10.880646396,48.385132815,0,2,#fc8d62,car
199349,"9,21E+18",9,1,62,0,2021,7,23,7,2,5,2,2,1,1,0,0,0,0,"690815,524001","5334965,458",11.565008529,48.139303234,1,1,#66c2a5,bicycle
199350,"9,21E+18",9,1,87,122,2021,7,20,6,3,0,1,0,1,0,0,0,0,0,"718007,387217","5308732,58484",11.916731587,47.894855831,0,1,#66c2a5,bicycle
199352,"9,21E+18",9,1,62,0,2021,7,9,4,3,5,2,0,1,1,0,0,0,0,"690334,115627","5333472,49425",11.557877011,48.126028657,0,1,#66c2a5,bicycle
199355,"9,21E+18",9,7,61,0,2021,7,17,3,3,4,6,0,0,1,0,0,0,1,"638090,538307","5360677,53139",10.865117489,48.384137256,1,2,#fc8d62,car
199360,"9,21E+18",9,7,61,0,2021,7,13,5,3,0,1,0,1,1,0,0,0,0,"641241,923221","5358862,95904",10.907047703,48.367123611,1,1,#66c2a5,bicycle
199361,"9,21E+18",9,1,78,124,2021,7,10,7,3,1,5,0,0,1,0,0,0,0,"702786,344743","5365326,72662",11.74030177,48.408443124,0,2,#fc8d62,car
199365,"9,21E+18",9,1,62,0,2021,7,14,1,3,4,3,0,0,1,0,1,0,0,"690635,413793","5335754,78791",11.562943314,48.146451679,0,2,#fc8d62,car
199369,"9,21E+18",9,1,81,130,2021,7,0,7,3,0,1,2,0,0,0,0,0,1,"638645,82141","5323166,01484",10.860349315,48.046709315,0,6,#ffd92f,circle
199370,"9,21E+18",9,1,62,0,2021,7,17,2,3,1,1,0,1,1,0,0,0,0,"692299,222015","5334889,69649",11.584897735,48.138175656,0,1,#66c2a5,bicycle
199371,"9,21E+18",9,1,79,145,2021,7,12,4,2,0,7,0,1,0,0,0,0,0,"673801,209001","5335603,582",11.336763635,48.149914857,0,1,#66c2a5,bicycle
199373,"9,21E+18",9,1,78,143,2021,7,18,3,3,0,1,0,1,0,0,0,0,0,"716322,766178","5372094,1639",11.926475691,48.464747684,0,1,#66c2a5,bicycle
199376,"9,21E+18",9,1,90,111,2021,7,13,5,3,5,3,0,0,1,0,0,0,0,"640919,120278","5298128,02567",10.882642002,47.821059676,0,2,#fc8d62,car
199378,"9,21E+18",9,1,88,141,2021,7,8,3,2,0,1,0,0,0,0,0,1,0,"669976,667107","5308772,78477",11.274739923,47.909739387,0,5,#a6d854,bus
199382,"9,21E+18",9,1,74,115,2021,7,19,5,3,5,3,0,0,1,0,0,0,1,"683544,608829","5348401,13703",11.473176293,48.262208735,0,2,#fc8d62,car
199383,"9,21E+18",9,1,87,122,2021,7,3,7,3,8,1,2,0,1,0,0,0,0,"720082,009344","5306172,18097",11.94314572,47.871141339,1,2,#fc8d62,car
199384,"9,21E+18",9,1,84,131,2021,7,18,2,2,0,7,0,1,0,0,0,0,0,"704685,047189","5339211,00592",11.753274005,48.173146224,0,1,#66c2a5,bicycle
199386,"9,21E+18",9,1,62,0,2021,7,15,7,3,0,7,0,1,0,0,0,0,0,"690344,44757","5334849,51254",11.558630897,48.138402208,0,1,#66c2a5,bicycle
199387,"9,21E+18",9,1,62,0,2021,7,11,2,3,1,7,0,0,0,0,0,0,1,"698166,674345","5333676,98494",11.663117299,48.125476634,0,6,#ffd92f,circle
199389,"9,21E+18",9,1,62,0,2021,7,7,6,2,4,2,0,1,1,0,0,0,0,"691550,085006","5332849,57629",11.573921318,48.120065221,1,1,#66c2a5,bicycle
199392,"9,21E+18",9,7,61,0,2021,7,5,6,2,5,3,0,0,1,0,0,0,1,"638382,987836","5359345,02004",10.868626573,48.372091491,1,2,#fc8d62,car
199397,"9,21E+18",9,1,62,0,2021,7,10,7,3,5,3,0,1,1,0,0,0,0,"683782,197001","5337559,054",11.471677044,48.164686294,0,1,#66c2a5,bicycle
199398,"9,21E+18",9,1,82,133,2021,7,19,6,3,4,6,0,0,1,0,0,0,0,"707822,356195","5307578,46867",11.780079978,47.887863066,0,2,#fc8d62,car
199400,"9,21E+18",9,1,62,0,2021,7,12,4,3,1,5,0,1,1,0,0,0,0,"691109,600014","5333818,93253",11.568443166,48.128910097,0,1,#66c2a5,bicycle
199402,"9,21E+18",9,1,88,127,2021,7,12,2,3,5,3,0,1,1,0,0,0,0,"675791,957728","5329375,72313",11.360937671,48.093383429,0,1,#66c2a5,bicycle
199408,"9,21E+18",9,7,78,116,2021,7,19,5,2,5,3,0,1,1,0,0,0,0,"620351,34895","5318346,72638",10.61362895,48.007078705,1,1,#66c2a5,bicycle
199409,"9,21E+18",9,1,87,172,2021,7,10,7,3,0,7,0,1,0,0,0,0,0,"738856,273814","5295055,14098",12.187700906,47.764565576,0,1,#66c2a5,bicycle
199411,"9,21E+18",9,1,62,0,2021,7,8,5,3,2,6,0,1,1,0,0,0,0,"696697,8506","5336045,237",11.64449354,48.147216532,0,1,#66c2a5,bicycle
199413,"9,21E+18",9,1,62,0,2021,7,13,5,3,6,1,0,1,1,0,0,0,1,"690966,098387","5330414,51555",11.564992225,48.098354343,0,1,#66c2a5,bicycle
199415,"9,21E+18",9,7,72,170,2021,7,16,1,3,5,3,0,1,1,0,0,0,0,"630907,514687","5333999,6868",10.759891553,48.145768318,0,1,#66c2a5,bicycle
199416,"9,21E+18",9,7,61,0,2021,7,11,2,3,0,1,0,1,0,0,0,0,0,"640564,487723","5359175,07729",10.898010526,48.3700813,0,1,#66c2a5,bicycle
199418,"9,21E+18",9,1,73,126,2021,7,14,5,2,2,6,0,0,1,0,0,0,0,"686333,632017","5303173,0315",11.491018925,47.854861126,0,2,#fc8d62,car
199419,"9,21E+18",9,1,62,0,2021,7,15,6,3,5,2,0,1,1,0,0,0,0,"692923,816668","5337848,98656",11.594626023,48.164583868,0,1,#66c2a5,bicycle
199420,"9,21E+18",9,1,62,0,2021,7,16,2,3,1,6,0,0,1,0,0,0,0,"698460,374347","5332257,68653",11.666399224,48.112629566,0,2,#fc8d62,car
199421,"9,21E+18",9,1,83,113,2021,7,8,4,3,0,1,0,1,0,0,0,0,0,"747770,056456","5343135,61664",12.3341809,48.193065851,0,1,#66c2a5,bicycle
199423,"9,21E+18",9,1,62,0,2021,7,18,2,3,2,6,0,0,1,0,0,0,0,"683342,532972","5337554,53574",11.465767767,48.164772629,0,2,#fc8d62,car
199426,"9,21E+18",9,7,71,156,2021,7,16,5,3,9,1,0,0,1,0,0,0,0,"651365,86357","5378606,70309",11.050792884,48.542287677,0,2,#fc8d62,car
199427,"9,21E+18",9,1,62,0,2021,7,16,4,3,0,3,0,0,1,0,0,0,1,"684667,930362","5328676,25019",11.479729161,48.084586171,0,2,#fc8d62,car
199429,"9,21E+18",9,7,72,171,2021,7,14,6,3,0,7,0,1,0,0,0,0,0,"637390,89712","5371859,67693",10.859339338,48.48483731,1,1,#66c2a5,bicycle
199430,"9,21E+18",9,7,61,0,2021,7,13,2,3,5,3,0,1,0,0,0,0,1,"638454,876738","5360369,44222",10.869934188,48.381287121,0,1,#66c2a5,bicycle
199431,"9,21E+18",9,1,62,0,2021,7,12,3,3,6,7,0,0,1,0,0,0,1,"691652,699103","5338409,09925",11.577801245,48.170002511,0,2,#fc8d62,car
199433,"9,21E+18",9,1,85,158,2021,7,14,6,3,5,3,0,0,1,0,1,0,0,"667725,06637","5381479,60009",11.273421344,48.563952855,0,2,#fc8d62,car
199441,"9,21E+18",9,1,81,144,2021,7,14,2,2,0,1,0,1,0,0,0,0,0,"656146,937412","5320945,32058",11.094216162,48.022701718,0,1,#66c2a5,bicycle
199444,"9,21E+18",9,1,73,112,2021,7,12,3,3,0,7,0,1,0,0,0,0,0,"691976,399532","5292568,41766",11.56168359,47.757881032,0,1,#66c2a5,bicycle
199445,"9,21E+18",9,7,72,163,2021,7,19,3,3,0,7,0,1,0,0,0,0,0,"639963,11007","5349341,80295",10.886629852,48.281796286,0,1,#66c2a5,bicycle
199451,"9,21E+18",9,1,62,0,2021,7,13,4,3,5,2,0,1,1,0,0,0,0,"691316,37877","5333402,92448",11.57103255,48.125108936,0,1,#66c2a5,bicycle
199452,"9,21E+18",9,1,81,126,2021,7,16,4,3,5,3,0,0,1,0,0,0,0,"636706,436322","5331786,54053",10.83709995,48.124647098,0,2,#fc8d62,car
199461,"9,21E+18",9,1,78,143,2021,7,17,7,3,5,3,0,0,1,0,1,0,0,"717162,300055","5372480,87777",11.938018347,48.467932956,0,2,#fc8d62,car
199463,"9,21E+18",9,1,62,0,2021,7,13,3,2,5,2,0,1,1,0,0,0,0,"697875,562672","5332875,02883",11.658837257,48.118359766,0,1,#66c2a5,bicycle
199466,"9,21E+18",9,1,62,0,2021,7,16,3,3,6,4,0,0,1,1,0,0,0,"691532,052169","5333663,19005",11.574044836,48.127383328,1,2,#fc8d62,car
199468,"9,21E+18",9,1,82,136,2021,7,14,5,3,9,2,0,0,0,0,1,1,0,"703359,944426","5304070,54733",11.718804929,47.857765706,0,4,#e78ac3,marker
199469,"9,21E+18",9,1,74,122,2021,7,9,5,3,5,3,0,0,1,0,0,0,0,"682234,598507","5353654,75977",11.457807478,48.309808851,0,2,#fc8d62,car
199470,"9,21E+18",9,1,77,117,2021,7,11,7,2,0,1,0,0,0,0,1,0,0,"715066,882644","5353659,17219",11.900075952,48.299539618,1,4,#e78ac3,marker
199471,"9,21E+18",9,1,62,0,2021,7,8,2,3,0,2,0,1,0,0,0,1,0,"689065,721001","5332577,325",11.540451633,48.118360715,0,1,#66c2a5,bicycle
199474,"9,21E+18",9,1,62,0,2021,7,14,2,3,5,3,0,1,1,0,0,0,0,"688998,0715","5341748,25976",11.543617771,48.200809839,0,1,#66c2a5,bicycle
199475,"9,21E+18",9,1,62,0,2021,7,17,7,3,5,3,0,0,1,0,1,0,0,"693886,295614","5331334,28621",11.604591491,48.105739179,0,2,#fc8d62,car
199477,"9,21E+18",9,1,62,0,2021,7,15,4,3,5,2,0,1,1,0,0,0,0,"688761,301271","5336261,13022",11.537997645,48.151561597,0,1,#66c2a5,bicycle
199478,"9,21E+18",9,7,61,0,2021,7,13,4,3,6,4,0,0,1,1,0,0,0,"639936,311176","5358952,46836",10.889459133,48.368219261,0,2,#fc8d62,car
199479,"9,21E+18",9,7,61,0,2021,7,11,6,3,6,7,0,0,1,1,0,0,0,"639225,74362","5360601,5044",10.880416376,48.383204115,0,2,#fc8d62,car
199482,"9,21E+18",9,7,61,0,2021,7,16,3,3,0,1,0,1,0,0,0,0,0,"641273,186095","5354864,5734",10.906127842,48.331164531,0,1,#66c2a5,bicycle
199486,"9,21E+18",9,1,79,121,2021,7,19,6,3,5,3,0,0,1,0,0,0,0,"667608,478742","5338968,26157",11.254896388,48.181825253,0,2,#fc8d62,car
199488,"9,21E+18",9,7,61,0,2021,7,15,4,2,0,1,0,1,0,0,0,0,0,"638338,493","5354661,105",10.866486789,48.329984177,0,1,#66c2a5,bicycle
199491,"9,21E+18",9,1,86,143,2021,7,17,3,3,5,3,0,0,1,0,1,0,0,"687561,17455","5384268,5682",11.543285273,48.583398386,1,2,#fc8d62,car
199492,"9,21E+18",9,1,63,0,2021,7,13,3,3,6,2,0,0,1,1,0,0,0,"733805,393291","5305078,5006",12.125802299,47.856467805,0,2,#fc8d62,car
199493,"9,21E+18",9,1,62,0,2021,7,13,3,3,4,2,0,0,1,0,0,0,0,"693943,663107","5331203,98005",11.605302091,48.104550563,0,2,#fc8d62,car
199494,"9,21E+18",9,1,88,139,2021,7,11,2,3,4,6,0,0,1,0,0,0,0,"674976,406375","5318964,69509",11.345738199,48.000017403,0,2,#fc8d62,car
199495,"9,21E+18",9,7,61,0,2021,7,15,2,3,6,3,0,1,0,1,0,0,0,"641121,676883","5361110,03947",10.906179469,48.38735538,0,1,#66c2a5,bicycle
199497,"9,21E+18",9,1,87,179,2021,7,13,3,3,0,6,0,1,0,0,0,1,0,"724627,319301","5313250,60303",12.007529255,47.933167275,0,1,#66c2a5,bicycle
199498,"9,21E+18",9,1,62,0,2021,7,21,6,3,6,5,2,0,1,1,0,0,0,"687489,762725","5327847,6214",11.517219612,48.076314534,0,2,#fc8d62,car
199499,"9,21E+18",9,1,79,142,2021,7,13,3,3,0,7,0,0,0,0,0,0,1,"674371,226001",5342923,11.347424809,48.215555652,1,6,#ffd92f,circle
199503,"9,21E+18",9,1,62,0,2021,7,8,2,3,5,2,0,1,0,0,0,1,0,"690664,595321","5335199,98015",11.563086795,48.141456351,0,1,#66c2a5,bicycle
199507,"9,21E+18",9,1,87,137,2021,7,7,5,3,5,3,0,1,1,0,0,0,0,"730022,242909","5307438,9781",12.076556415,47.879040438,0,1,#66c2a5,bicycle
199508,"9,21E+18",9,1,84,146,2021,7,11,4,3,0,6,0,0,1,0,1,0,0,"698152,217231","5328256,85689",11.660406801,48.076768769,0,2,#fc8d62,car
199511,"9,21E+18",9,1,62,0,2021,7,20,3,3,0,1,1,1,0,0,0,0,0,"689957,661415","5338980,65431",11.555281364,48.175648444,0,1,#66c2a5,bicycle
199513,"9,21E+18",9,1,84,138,2021,7,7,6,3,5,3,0,1,1,0,0,0,0,"680041,746992","5330689,6761",11.41851574,48.104008189,0,1,#66c2a5,bicycle
199515,"9,21E+18",9,1,62,0,2021,7,12,6,3,6,4,0,0,1,1,0,0,0,"691215,878139","5340202,2325",11.572738749,48.186250443,1,2,#fc8d62,car
199517,"9,21E+18",9,1,62,0,2021,7,13,3,3,5,2,0,1,1,0,0,0,0,"690362,185656","5333846,42326",11.558420877,48.12938114,0,1,#66c2a5,bicycle
199524,"9,21E+18",9,1,86,143,2021,7,12,5,3,5,3,0,1,1,0,0,0,0,"685071,143306","5378326,44006",11.506913208,48.530732939,0,1,#66c2a5,bicycle
199526,"9,21E+18",9,1,84,134,2021,7,7,2,3,9,1,0,0,1,0,0,0,0,"694148,276063","5323054,71899",11.604347375,48.031244624,0,2,#fc8d62,car
199527,"9,21E+18",9,1,62,0,2021,7,16,3,3,3,2,0,1,1,0,0,0,0,"690618,534799","5336037,48008",11.562843206,48.148997558,0,1,#66c2a5,bicycle
199531,"9,21E+18",9,1,62,0,2021,7,18,4,3,4,2,0,1,0,0,1,0,0,"690581,079001","5337154,362",11.562840318,48.159047244,0,1,#66c2a5,bicycle
199532,"9,21E+18",9,1,62,0,2021,7,15,4,3,2,6,0,1,1,0,0,0,0,"688907,463513","5334765,97824",11.539297502,48.138079611,0,1,#66c2a5,bicycle
199534,"9,21E+18",9,7,72,223,2021,7,14,2,3,2,2,0,1,1,0,0,0,0,"618057,830956","5366373,02986",10.596267207,48.439424737,0,1,#66c2a5,bicycle
199537,"9,21E+18",9,1,62,0,2021,7,10,3,3,3,6,0,1,0,0,0,0,0,"691415,707266","5329792,49451",11.570746034,48.092628738,0,1,#66c2a5,bicycle
199544,"9,21E+18",9,1,62,0,2021,7,15,3,3,0,1,0,0,0,0,1,0,0,"689164,912336","5332978,22099",11.541960968,48.121934564,1,4,#e78ac3,marker
199545,"9,21E+18",9,1,74,115,2021,7,10,2,3,0,2,0,0,1,0,1,0,0,"683737,278834","5347688,0621",11.475460269,48.255743508,0,2,#fc8d62,car
199547,"9,21E+18",9,1,62,0,2021,7,14,1,3,3,6,0,0,0,0,1,0,1,"690809,471551","5334854,66363",11.564877619,48.138309236,0,4,#e78ac3,marker
199550,"9,21E+18",9,1,78,124,2021,7,7,5,3,8,1,0,0,0,0,0,0,1,"703488,791777","5365037,96994",11.749642769,48.40562195,0,6,#ffd92f,circle
199562,"9,21E+18",9,1,79,119,2021,7,14,4,3,9,1,0,1,0,0,0,0,0,"669347,976449","5339432,18083",11.278464288,48.185534506,0,1,#66c2a5,bicycle
199564,"9,21E+18",9,7,61,0,2021,7,1,7,3,0,1,2,1,0,0,0,0,0,"639542,75558","5358795,91568",10.884096284,48.366898712,0,1,#66c2a5,bicycle
199565,"9,21E+18",9,1,62,0,2021,7,12,7,3,0,7,0,1,0,0,0,0,0,"694342,644784","5341709,76952",11.615453011,48.198850618,1,1,#66c2a5,bicycle
199569,"9,21E+18",9,1,87,117,2021,7,7,2,3,5,7,0,1,1,0,0,0,0,"724335,749757","5305526,62422",11.999615911,47.863869544,0,1,#66c2a5,bicycle
199571,"9,21E+18",9,7,61,0,2021,7,8,3,3,5,1,0,0,1,0,0,0,1,"640466,395055","5356442,27336",10.895774521,48.34553061,0,2,#fc8d62,car
199572,"9,21E+18",9,1,63,0,2021,7,23,2,3,0,7,2,1,0,0,0,0,0,"732571,562498","5307454,32085",12.110610238,47.878260133,0,1,#66c2a5,bicycle
199575,"9,21E+18",9,1,62,0,2021,7,16,5,3,6,4,0,0,1,1,0,0,0,"691745,111947","5334787,28613",11.577411081,48.137422414,0,2,#fc8d62,car
199577,"9,21E+18",9,1,62,0,2021,7,18,6,2,6,2,0,0,1,1,0,0,0,"684697,734982","5329283,2726",11.480391493,48.090033825,0,2,#fc8d62,car
199581,"9,21E+18",9,1,63,0,2021,7,20,3,3,0,7,0,1,0,0,0,0,0,"733880,291002","5305186,39099",12.126860419,47.857409842,0,1,#66c2a5,bicycle
199582,"9,21E+18",9,1,62,0,2021,7,19,5,3,0,1,0,1,0,0,0,0,0,"697322,414606","5334043,28095",11.651953704,48.129030895,0,1,#66c2a5,bicycle
199584,"9,21E+18",9,7,72,163,2021,7,16,5,3,2,6,0,0,1,0,0,0,0,"640550,163","5349699,047",10.894657373,48.284878499,0,2,#fc8d62,car
199585,"9,21E+18",9,1,62,0,2021,7,8,2,3,5,3,0,1,0,0,0,0,1,"692265,105318","5338538,85698",11.586088324,48.170983798,0,1,#66c2a5,bicycle