OBJECTID,UIDENTSTLA,ULAND,UREGBEZ,UKREIS,UGEMEINDE,UJAHR,UMONAT,USTUNDE,UWOCHENTAG,UKATEGORIE,UART,UTYP1,ULICHTVERH,IstRad,IstPKW,IstFuss,IstKrad,IstGkfz,IstSonstig,LINREFX,LINREFY,XGCSWGS84,YGCSWGS84,STRZUSTAN,Teilnehmer,color,symbol
199586,"9,21E+18",9,1,62,0,2021,7,15,6,2,5,3,0,0,1,0,1,0,0,"689016,056846","5334295,15983",11.540546815,48.133815593,0,2,#fc8d62,car
199588,"9,21E+18",9,1,62,0,2021,8,15,1,3,5,3,0,0,1,0,1,0,0,"688407,246262","5333856,29995",11.53217809,48.130051562,1,2,#fc8d62,car
199589,"9,21E+18",9,1,62,0,2021,7,10,7,3,3,6,0,0,1,0,1,0,0,"690920,913136","5335050,27008",11.566461753,48.140033907,0,2,#fc8d62,car
199591,"9,21E+18",9,1,84,122,2021,7,12,7,3,1,7,0,0,1,0,0,0,0,"687869,18743","5323889,81282",11.520570456,48.040628609,0,2,#fc8d62,car
199593,"9,21E+18",9,1,88,144,2021,8,12,4,3,8,1,0,0,0,0,1,0,0,"666959,910296","5326188,39929",11.241171721,48.067103979,0,4,#e78ac3,marker
199596,"9,21E+18",9,1,62,0,2021,8,12,3,3,5,6,0,1,0,0,0,0,0,"688608,533022","5332590,08374",11.534320341,48.118610973,0,1,#66c2a5,bicycle
199601,"9,21E+18",9,1,79,142,2021,7,10,5,2,2,6,0,0,1,0,1,0,0,"672910,70565","5340962,62599",11.326980996,48.198332645,0,2,#fc8d62,car
199603,"9,21E+18",9,1,62,0,2021,7,15,5,3,4,6,0,1,0,0,0,0,1,"692313,546088","5337758,49599",11.586386288,48.163955458,0,1,#66c2a5,bicycle
199605,"9,21E+18",9,1,63,0,2021,8,17,3,3,0,1,0,1,0,0,0,0,0,"733900,201002","5304654,50499",12.126838614,47.852624132,1,1,#66c2a5,bicycle
199607,"9,21E+18",9,1,62,0,2021,8,16,4,3,0,1,0,1,0,0,0,0,0,"690706,536561","5338118,91367",11.56495812,48.16767893,1,1,#66c2a5,bicycle
199608,"9,21E+18",9,1,81,144,2021,7,17,6,3,7,1,0,1,0,0,0,0,0,"656363,97","5321261,836",11.097240436,48.025494461,0,1,#66c2a5,bicycle
199610,"9,21E+18",9,1,62,0,2021,7,8,4,3,3,6,0,1,1,0,0,0,0,"696821,131889","5337130,41064",11.646650982,48.156931226,1,1,#66c2a5,bicycle
199612,"9,21E+18",9,1,82,134,2021,7,14,7,3,0,1,0,0,0,0,1,0,0,"700034,75237","5294910,93391",11.670172183,47.776485755,0,4,#e78ac3,marker
199613,"9,21E+18",9,1,62,0,2021,8,8,2,3,1,5,0,1,1,0,0,0,0,"693817,419709","5334422,15889",11.605070924,48.133512991,0,1,#66c2a5,bicycle
199615,"9,21E+18",9,1,62,0,2021,7,11,5,3,3,2,0,1,1,0,0,0,0,"696770,437409","5330728,7067",11.643014258,48.099412295,1,1,#66c2a5,bicycle
199617,"9,21E+18",9,1,62,0,2021,7,20,5,3,0,7,0,1,0,0,0,0,0,"691966,38703","5335632,74519",11.580763412,48.144954544,0,1,#66c2a5,bicycle
199619,"9,21E+18",9,1,62,0,2021,7,19,6,3,5,2,0,1,1,0,0,0,0,"687466,170919","5335743,58771",11.520373526,48.14729285,0,1,#66c2a5,bicycle
199622,"9,21E+18",9,1,81,113,2021,7,15,1,2,0,1,0,1,0,0,0,0,0,"637815,188896","5308915,9301",10.844637269,47.91874483,0,1,#66c2a5,bicycle
199623,"9,21E+18",9,1,62,0,2021,7,21,7,3,3,2,2,1,1,0,0,0,0,"689592,145041","5335382,79653",11.548766177,48.143419982,0,1,#66c2a5,bicycle
199624,"9,21E+18",9,7,72,170,2021,7,13,5,2,0,1,0,0,0,0,1,0,0,"629432,60827","5331178,99909",10.739215706,48.120704203,0,4,#e78ac3,marker
199625,"9,21E+18",9,1,86,143,2021,7,18,2,2,0,1,1,1,0,0,0,0,0,"687729,562215","5382569,01941",11.544799003,48.568073436,1,1,#66c2a5,bicycle
199628,"9,21E+18",9,1,63,0,2021,7,16,4,3,0,1,0,1,0,0,0,0,0,"733253,857089","5306050,71679",12.118964361,47.865402656,0,1,#66c2a5,bicycle
199629,"9,21E+18",9,1,62,0,2021,7,14,3,3,0,7,0,0,0,0,0,0,1,"692515,541966","5336951,0125",11.588734602,48.156636873,0,6,#ffd92f,circle
199633,"9,21E+18",9,1,62,0,2021,7,12,1,3,6,4,0,1,0,1,0,0,0,"692454,846138","5337856,34118",11.588328867,48.164792107,0,1,#66c2a5,bicycle
199634,"9,21E+18",9,7,74,198,2021,7,10,7,3,5,3,0,1,1,0,0,0,0,"613503,508959","5349985,83662",10.530288825,48.292885915,0,1,#66c2a5,bicycle
199637,"9,21E+18",9,1,73,118,2021,7,15,2,3,4,6,0,0,0,0,1,0,1,"693518,017327","5303281,61606",11.587013293,47.853713974,0,4,#e78ac3,marker
199638,"9,21E+18",9,7,61,0,2021,7,16,6,3,3,6,0,1,0,0,0,0,0,"640606,847851","5359232,19451",10.898601277,48.370585443,0,1,#66c2a5,bicycle
199639,"9,21E+18",9,1,74,141,2021,8,14,4,3,5,2,0,1,1,0,0,0,0,"680556,151159","5355724,44873",11.436077636,48.328893695,0,1,#66c2a5,bicycle
199640,"9,21E+18",9,1,74,115,2021,7,19,4,3,0,6,0,1,1,0,0,0,0,"680269,219356","5348428,77404",11.429095327,48.26339757,0,1,#66c2a5,bicycle
199646,"9,21E+18",9,1,79,121,2021,7,10,6,3,5,2,0,1,1,0,0,0,0,"666359,332865","5337305,81692",11.237453884,48.167208121,0,1,#66c2a5,bicycle
199650,"9,21E+18",9,1,62,0,2021,8,17,4,3,3,2,0,1,1,0,0,0,0,"689726,069562","5336426,34288",11.55102982,48.152759483,1,1,#66c2a5,bicycle
199651,"9,21E+18",9,1,74,126,2021,7,14,6,3,4,2,0,1,0,0,0,0,0,"682691,797448","5343016,42153",11.459373773,48.214054666,0,1,#66c2a5,bicycle
199653,"9,21E+18",9,1,78,124,2021,7,8,5,3,4,3,0,1,1,0,0,0,0,"704074,979001","5365226,501",11.757645754,48.40712664,0,1,#66c2a5,bicycle
199654,"9,21E+18",9,1,62,0,2021,7,6,6,3,3,6,0,0,1,0,0,0,0,"686226,661019","5333873,34817",11.502907823,48.130846518,0,2,#fc8d62,car
199657,"9,21E+18",9,2,74,183,2021,7,15,3,3,0,1,0,1,0,0,0,0,0,"742382,591467","5361763,69607",12.272486738,48.362463788,0,1,#66c2a5,bicycle
199660,"9,21E+18",9,7,72,184,2021,7,12,5,3,8,1,0,0,1,0,0,0,0,"633516,220495","5359862,96741",10.803108125,48.377797387,0,2,#fc8d62,car
199661,"9,21E+18",9,1,62,0,2021,7,12,2,3,0,7,0,0,1,0,0,0,0,"694031,856164","5334701,75309",11.608077381,48.135960546,0,2,#fc8d62,car
199662,"9,21E+18",9,1,78,130,2021,7,18,7,3,5,3,0,1,1,0,0,0,0,"703026,050681","5354870,44963",11.73849207,48.314402598,0,1,#66c2a5,bicycle
199664,"9,21E+18",9,7,71,142,2021,7,16,6,3,5,7,0,1,0,0,0,0,0,"645702,626439","5352332,59094",10.964981206,48.30739285,0,1,#66c2a5,bicycle
199665,"9,21E+18",9,1,62,0,2021,8,16,1,3,0,7,0,1,0,0,0,0,0,"691002,144001","5335613,746",11.567805308,48.145074004,1,1,#66c2a5,bicycle
199666,"9,21E+18",9,1,62,0,2021,7,16,7,2,4,2,0,0,1,0,0,0,0,"696688,489163","5337772,11511",11.645165985,48.162739479,0,2,#fc8d62,car
199667,"9,21E+18",9,1,62,0,2021,7,11,7,3,5,2,0,1,0,0,0,0,1,"689390,353911","5334911,36742",11.545846535,48.139242845,0,1,#66c2a5,bicycle
199672,"9,21E+18",9,7,61,0,2021,8,12,3,3,7,1,0,1,0,0,0,0,0,"639234,572653","5357067,8522",10.879365721,48.351428411,0,1,#66c2a5,bicycle
199673,"9,21E+18",9,1,87,142,2021,7,21,4,2,6,6,2,0,1,1,0,0,0,"732623,547509","5316504,72093",12.116188094,47.959550226,0,2,#fc8d62,car
199674,"9,21E+18",9,1,62,0,2021,7,12,3,3,5,3,0,1,1,0,0,0,0,"686949,914738","5338033,52612",11.514445889,48.168027362,0,1,#66c2a5,bicycle
199676,"9,21E+18",9,1,90,140,2021,7,17,6,3,2,6,0,0,1,0,0,0,0,"644971,462763","5293502,28546",10.935202786,47.778562957,0,2,#fc8d62,car
199680,"9,21E+18",9,1,88,141,2021,7,18,6,3,0,1,0,1,0,0,0,0,0,"670445,53036","5309530,29466",11.281308886,47.916425116,0,1,#66c2a5,bicycle
199681,"9,21E+18",9,1,78,137,2021,7,16,7,2,0,1,0,0,0,0,1,0,0,"690351,307528","5362745,2677",11.57127567,48.389120135,0,4,#e78ac3,marker
199683,"9,21E+18",9,7,61,0,2021,7,13,3,3,0,1,0,0,0,0,0,0,1,"640642,096293","5358089,75383",10.898694968,48.360305144,0,6,#ffd92f,circle
199684,"9,21E+18",9,1,62,0,2021,7,16,5,3,6,7,0,0,1,1,0,0,1,"690564,050982","5340119,1613",11.563940521,48.185699673,0,2,#fc8d62,car
199685,"9,21E+18",9,1,90,157,2021,8,19,5,3,0,7,0,1,0,0,0,0,0,"659499,020851","5300996,71582",11.131753935,47.842514975,0,1,#66c2a5,bicycle
199686,"9,21E+18",9,1,62,0,2021,7,20,5,2,0,6,0,1,0,0,0,0,0,"692521,805687","5334126,66109",11.587541727,48.131250353,0,1,#66c2a5,bicycle
199687,"9,21E+18",9,1,62,0,2021,7,16,2,2,6,2,0,0,1,1,0,0,0,"692950,356001","5332321,415",11.592478325,48.114895449,0,2,#fc8d62,car
199689,"9,21E+18",9,1,62,0,2021,7,7,4,3,3,2,0,1,1,0,0,0,0,"693930,376289","5331216,98594",11.605129707,48.104671501,1,1,#66c2a5,bicycle
199692,"9,21E+18",9,1,62,0,2021,7,21,7,3,5,3,2,0,1,0,0,0,0,"689932,40657","5343887,23739",11.557137074,48.219755935,1,2,#fc8d62,car
199693,"9,21E+18",9,1,62,0,2021,7,14,7,3,4,2,0,1,1,0,0,0,0,"688229,880803","5330774,70991",11.528436498,48.102406,0,1,#66c2a5,bicycle
199696,"9,21E+18",9,1,75,132,2021,7,13,6,3,5,3,0,1,1,0,0,0,0,"706715,407522","5332555,1579",11.777320844,48.112677236,0,1,#66c2a5,bicycle
199697,"9,21E+18",9,7,61,0,2021,7,14,7,3,5,3,0,1,1,0,0,0,0,"641787,666829","5362035,48249",10.915482411,48.395527179,0,1,#66c2a5,bicycle
199698,"9,21E+18",9,1,62,0,2021,8,23,2,3,0,1,2,1,0,0,0,0,0,"689500,75594","5338716,72913",11.549023804,48.173412693,1,1,#66c2a5,bicycle
199701,"9,21E+18",9,1,79,126,2021,7,17,6,3,0,7,0,1,0,1,0,0,0,"676065,910207","5341001,27389",11.369421483,48.197813038,0,1,#66c2a5,bicycle
199703,"9,21E+18",9,1,75,115,2021,7,11,6,2,0,1,0,1,0,0,0,0,0,"713965,310485","5335265,09537",11.875961874,48.134633753,0,1,#66c2a5,bicycle
199705,"9,21E+18",9,1,62,0,2021,7,13,4,3,0,1,0,0,0,0,1,0,0,"686973,567823","5336390,99863",11.514041776,48.153256939,1,4,#e78ac3,marker
199710,"9,21E+18",9,1,62,0,2021,7,16,5,3,3,6,0,1,1,0,0,0,0,"692108,087775","5336697,51131",11.58314695,48.154481675,0,1,#66c2a5,bicycle
199711,"9,21E+18",9,7,72,184,2021,8,8,4,3,1,2,0,0,1,0,0,0,0,"636064,076957","5364125,87654",10.838879483,48.415584864,0,2,#fc8d62,car
199712,"9,21E+18",9,7,72,147,2021,7,13,5,3,0,1,0,1,0,0,0,0,0,"639380,427534","5364233,30569",10.883710108,48.415826004,0,1,#66c2a5,bicycle
199715,"9,21E+18",9,1,62,0,2021,7,8,2,2,1,5,0,1,1,0,0,0,0,"693342,837967","5338111,32666",11.600374673,48.166814398,0,1,#66c2a5,bicycle
199718,"9,21E+18",9,1,62,0,2021,7,15,7,3,4,6,0,0,1,0,1,0,0,"688092,215001","5332588,591",11.527388961,48.118750278,0,2,#fc8d62,car
199724,"9,21E+18",9,2,61,0,2021,8,14,3,2,0,1,0,1,0,0,0,0,0,"732966,165532","5380784,59715",12.156137405,48.53687019,0,1,#66c2a5,bicycle
199725,"9,21E+18",9,1,62,0,2021,7,13,3,3,6,7,0,0,0,1,0,0,1,"691348,699526","5334611,4191",11.572009133,48.135961061,0,3,#8da0cb,toilet
199729,"9,21E+18",9,1,81,138,2021,7,15,5,3,5,3,0,0,1,0,0,0,0,"640542,926575","5336593,39565",10.890214093,48.167035156,0,2,#fc8d62,car
199732,"9,21E+18",9,1,62,0,2021,7,14,6,3,5,2,0,1,1,0,0,0,0,"686215,427188","5333962,5947",11.502795993,48.131651987,0,1,#66c2a5,bicycle
199733,"9,21E+18",9,1,62,0,2021,8,18,2,3,3,5,0,1,1,0,0,0,0,"691479,714684","5337116,81727",11.574895199,48.158439832,0,1,#66c2a5,bicycle
199735,"9,21E+18",9,1,62,0,2021,7,12,3,3,0,7,0,1,0,0,0,0,0,"690511,20412","5336788,81833",11.561737976,48.1557827,0,1,#66c2a5,bicycle
199736,"9,21E+18",9,1,62,0,2021,7,16,5,3,4,6,0,0,1,0,0,0,1,"692894,068181","5337806,52258",11.594207103,48.164211241,0,2,#fc8d62,car
199737,"9,21E+18",9,1,78,124,2021,8,5,5,3,7,1,1,0,1,0,0,0,0,"701897,592338","5362624,23288",11.727006857,48.384442821,1,2,#fc8d62,car
199738,"9,21E+18",9,1,62,0,2021,7,19,5,3,5,2,0,1,1,0,0,0,0,"692117,968479","5341872,3248",11.585618828,48.200988591,0,1,#66c2a5,bicycle
199739,"9,21E+18",9,1,62,0,2021,7,13,2,3,2,6,0,0,1,0,0,0,0,"692231,319757","5338735,94205",11.585723478,48.172765367,0,2,#fc8d62,car
199740,"9,21E+18",9,1,62,0,2021,7,16,6,3,6,7,0,1,0,1,0,0,0,"690229,570361","5331464,16995",11.555577558,48.108009006,0,1,#66c2a5,bicycle
199742,"9,21E+18",9,1,81,130,2021,8,14,2,3,2,6,0,0,1,0,0,0,0,"639273,580526","5323948,68545",10.869022688,48.053610669,0,2,#fc8d62,car
199743,"9,21E+18",9,1,62,0,2021,7,12,7,3,2,6,0,0,1,0,0,0,0,"691248,716194","5340339,0934",11.573241726,48.187470638,0,2,#fc8d62,car
199744,"9,21E+18",9,1,62,0,2021,7,10,7,3,6,4,0,0,0,1,1,0,0,"691166,93677","5342179,28047",11.572971054,48.204034487,0,3,#8da0cb,toilet
199748,"9,21E+18",9,1,62,0,2021,7,15,1,3,7,1,0,1,0,0,0,0,0,"689829,07526","5337584,52141",11.552930132,48.163138456,0,1,#66c2a5,bicycle
199750,"9,21E+18",9,1,88,139,2021,8,15,4,3,6,4,0,1,0,1,0,0,0,"674795,681215","5319487,06289",11.343530298,48.004762738,1,1,#66c2a5,bicycle
199751,"9,21E+18",9,1,62,0,2021,7,13,3,3,3,2,0,1,1,0,0,0,0,"693008,582851","5335319,25416",11.594617555,48.141821647,0,1,#66c2a5,bicycle
199755,"9,21E+18",9,1,81,130,2021,7,17,5,3,0,1,0,1,0,0,0,0,0,"638918,480531","5324976,69225",10.864593817,48.062932244,0,1,#66c2a5,bicycle
199757,"9,21E+18",9,1,87,129,2021,7,11,6,3,3,2,0,0,1,0,1,0,0,"724987,510195","5295693,24432",12.003213784,47.775287986,0,2,#fc8d62,car
199759,"9,21E+18",9,1,88,120,2021,8,14,3,3,8,1,0,0,0,0,1,0,0,"673813,660289","5324294,7566",11.332325556,48.048250164,0,4,#e78ac3,marker
199761,"9,21E+18",9,1,62,0,2021,7,20,5,3,0,7,1,0,0,0,0,0,1,"689150,81526","5334373,33918",11.542390952,48.134478241,0,6,#ffd92f,circle
199762,"9,21E+18",9,1,62,0,2021,7,13,6,3,0,3,0,1,0,0,0,0,0,"696017,454188","5338806,85105",11.636628448,48.172246285,0,1,#66c2a5,bicycle
199763,"9,21E+18",9,1,84,120,2021,7,10,3,3,5,3,0,1,1,0,0,0,0,"680887,422741","5331966,08777",11.430406453,48.11524219,0,1,#66c2a5,bicycle
199769,"9,21E+18",9,7,61,0,2021,7,23,6,3,6,7,2,0,1,1,0,0,0,"640779,551906","5358601,07222",10.900720692,48.36487211,0,2,#fc8d62,car
199773,"9,21E+18",9,1,62,0,2021,8,18,4,3,0,7,0,0,0,0,0,0,1,"691467,592587","5333953,304",11.573309802,48.130010234,0,6,#ffd92f,circle
199778,"9,21E+18",9,1,62,0,2021,7,7,6,3,5,7,0,1,1,0,0,0,0,"688067,645537","5334649,82826",11.527968792,48.137284392,0,1,#66c2a5,bicycle
199779,"9,21E+18",9,1,62,0,2021,8,17,2,3,0,3,0,0,1,0,0,0,0,"696546,878045","5338372,8314",11.643541241,48.168182113,0,2,#fc8d62,car
199780,"9,21E+18",9,1,63,0,2021,7,18,1,3,5,3,0,1,1,0,0,0,0,"732928,951239","5302171,47888",12.112538556,47.830668961,0,1,#66c2a5,bicycle
199783,"9,21E+18",9,7,78,173,2021,7,19,5,3,0,1,0,1,0,0,0,0,0,"615210,599283","5322306,4294",10.545794836,48.043639113,0,1,#66c2a5,bicycle
199785,"9,21E+18",9,1,62,0,2021,7,19,5,3,5,2,0,1,1,0,0,0,0,"686540,266564","5329126,92878",11.505043016,48.088091976,0,1,#66c2a5,bicycle
199786,"9,21E+18",9,1,62,0,2021,7,9,2,3,5,2,0,1,0,0,0,0,0,"685404,972908","5331278,69234",11.490746789,48.107764376,0,1,#66c2a5,bicycle
199787,"9,21E+18",9,1,84,134,2021,7,12,6,3,4,6,0,1,0,0,0,0,0,"691776,848226","5324073,0265",11.573025916,48.041113653,0,1,#66c2a5,bicycle
199788,"9,21E+18",9,1,62,0,2021,7,18,6,3,4,6,0,0,1,0,1,0,0,"688981,9862","5337353,6971",11.541447097,48.161316146,0,2,#fc8d62,car
199790,"9,21E+18",9,1,62,0,2021,7,19,7,3,0,1,1,1,0,0,0,0,0,"692381,568155","5338482,86464",11.587627831,48.170445315,1,1,#66c2a5,bicycle
199791,"9,21E+18",9,1,73,147,2021,7,7,4,3,5,2,0,1,1,0,0,1,0,"681440,617503","5308312,66655",11.427826513,47.902462958,0,1,#66c2a5,bicycle
199792,"9,21E+18",9,1,62,0,2021,7,7,7,3,5,2,0,1,1,0,0,0,0,"691134,762012","5341355,28822",11.572167438,48.196638301,0,1,#66c2a5,bicycle
199794,"9,21E+18",9,7,61,0,2021,8,12,3,2,5,1,0,0,1,0,1,0,0,"641200,468232","5358835,16822",10.90647897,48.366883001,0,2,#fc8d62,car
199795,"9,21E+18",9,1,90,157,2021,7,19,2,3,5,7,0,0,1,0,0,0,0,"661220,640617","5301583,48167",11.154965788,47.847361186,1,2,#fc8d62,car
199796,"9,21E+18",9,7,61,0,2021,7,16,6,3,2,6,0,0,1,0,0,0,1,"639073,082494","5362871,47626",10.879107339,48.403648754,0,2,#fc8d62,car
199797,"9,21E+18",9,1,62,0,2021,8,13,3,3,4,2,0,1,0,0,0,0,1,"693895,235605","5335102,67035",11.606425471,48.13960549,0,1,#66c2a5,bicycle
199798,"9,21E+18",9,1,62,0,2021,7,12,3,3,3,7,0,0,1,0,0,0,0,"688347,717773","5333928,57759",11.53141079,48.130718825,0,2,#fc8d62,car
199803,"9,21E+18",9,1,77,117,2021,7,5,6,2,6,7,0,0,1,1,0,0,0,"715930,986746","5353081,67258",11.911417099,48.294056473,0,2,#fc8d62,car
199809,"9,21E+18",9,1,74,115,2021,7,12,6,3,1,6,0,1,1,0,0,0,0,"680579,136296","5348146,62187",11.433147056,48.260773143,0,1,#66c2a5,bicycle
199810,"9,21E+18",9,1,74,115,2021,7,16,7,3,4,6,0,1,1,0,0,0,0,"681301,833552","5347677,51065",11.442674597,48.256350111,0,1,#66c2a5,bicycle
199811,"9,21E+18",9,1,62,0,2021,7,14,4,3,0,5,0,1,1,0,0,0,0,"688692,927243","5333313,83429",11.535773538,48.125091167,1,1,#66c2a5,bicycle
199812,"9,21E+18",9,1,62,0,2021,7,0,6,3,0,7,2,0,0,0,0,0,1,"684251,24931","5335962,50597",11.477287809,48.150199926,0,6,#ffd92f,circle
199813,"9,21E+18",9,1,62,0,2021,8,10,2,3,4,6,0,1,1,0,0,0,0,"690158,145639","5335689,12494",11.556504124,48.146004343,0,1,#66c2a5,bicycle
199817,"9,21E+18",9,1,62,0,2021,7,23,5,3,0,7,2,1,0,0,0,0,0,"677975,269495","5338895,29206",11.39421126,48.178350038,0,1,#66c2a5,bicycle
199819,"9,21E+18",9,7,61,0,2021,7,17,5,3,5,2,0,0,1,0,1,0,0,"639292,850711","5361608,807",10.881656217,48.392246685,0,2,#fc8d62,car
199820,"9,21E+18",9,7,61,0,2021,7,9,3,3,3,2,0,1,1,0,0,0,0,"640536,457358","5357760,43095",10.897159643,48.357367501,0,1,#66c2a5,bicycle
199821,"9,21E+18",9,1,78,143,2021,8,12,5,3,1,3,0,0,1,0,1,0,0,"717380,688737","5372180,30757",11.940812744,48.465157033,0,2,#fc8d62,car
199823,"9,21E+18",9,1,81,130,2021,7,9,7,3,2,6,0,0,1,0,0,0,0,"638989,099183","5322136,22275",10.864618557,48.037374407,0,2,#fc8d62,car
199824,"9,21E+18",9,7,72,147,2021,7,13,4,3,5,3,0,0,1,0,0,0,1,"638648,895146","5365568,00403",10.874270369,48.427988607,1,2,#fc8d62,car
199825,"9,21E+18",9,1,63,0,2021,7,1,1,3,0,1,2,1,0,0,0,0,0,"731063,899597","5303567,76154",12.088399253,47.843886286,1,1,#66c2a5,bicycle
199826,"9,21E+18",9,1,62,0,2021,7,19,6,3,0,1,0,1,0,0,0,0,0,"689506,102001","5338676,387",11.549077658,48.173048504,0,1,#66c2a5,bicycle
199830,"9,21E+18",9,1,84,122,2021,7,14,5,3,5,2,0,1,0,0,0,0,0,"688710,848001","5325473,166",11.532549368,48.05461209,0,1,#66c2a5,bicycle
199832,"9,21E+18",9,7,72,177,2021,7,18,5,3,1,5,0,1,1,0,0,0,0,"636749,542791","5376613,42695",10.852221964,48.527721402,0,1,#66c2a5,bicycle
199834,"9,21E+18",9,1,62,0,2021,7,12,6,3,5,2,0,1,1,0,0,0,0,"690324,73622","5335763,48631",11.558774711,48.146622884,0,1,#66c2a5,bicycle
199838,"9,21E+18",9,1,87,117,2021,8,15,1,3,1,5,0,1,1,0,0,0,0,"726051,035404","5304527,34092",12.021996007,47.854289942,1,1,#66c2a5,bicycle
199840,"9,21E+18",9,1,63,0,2021,7,11,2,3,0,1,0,1,0,0,0,0,0,"733692,005894","5303559,24723",12.123468258,47.842860016,0,1,#66c2a5,bicycle
199842,"9,21E+18",9,1,62,0,2021,8,1,3,2,0,7,2,1,0,0,0,0,1,"685529,208538","5333284,19842",11.493286712,48.125754652,1,1,#66c2a5,bicycle
199843,"9,21E+18",9,1,84,112,2021,7,10,3,3,5,3,0,1,1,0,0,0,0,"700621,148464","5341683,83004",11.699840681,48.196665018,0,1,#66c2a5,bicycle
199848,"9,21E+18",9,1,84,120,2021,7,15,5,3,5,3,0,1,1,0,0,0,0,"681324,209018","5332720,24841",11.436590349,48.121897017,0,1,#66c2a5,bicycle
199852,"9,21E+18",9,1,62,0,2021,7,13,3,3,5,3,0,1,1,0,0,0,0,"692548,275222","5336946,24326",11.589172138,48.156584098,0,1,#66c2a5,bicycle
199853,"9,21E+18",9,1,62,0,2021,8,19,4,3,5,3,1,1,1,0,0,0,0,"693068,769812","5332350,82833",11.594080957,48.115123922,1,1,#66c2a5,bicycle
199856,"9,21E+18",9,1,62,0,2021,7,12,4,3,5,2,0,0,1,0,0,0,0,"689361,673256","5333633,79219",11.544893546,48.127768419,1,2,#fc8d62,car
199858,"9,21E+18",9,7,61,0,2021,8,6,2,3,0,1,0,1,0,0,0,0,0,"639199,638564","5356981,99593",10.87886606,48.35066411,0,1,#66c2a5,bicycle
199861,"9,21E+18",9,1,84,129,2021,7,20,5,3,0,7,0,1,0,0,0,0,0,"698966,807216","5326229,74712",11.670387983,48.058296909,0,1,#66c2a5,bicycle
199862,"9,21E+18",9,7,71,112,2021,8,16,4,3,9,7,0,0,1,0,0,0,1,"648363,118206","5366442,04136",11.005816661,48.433633877,0,2,#fc8d62,car
199865,"9,21E+18",9,1,62,0,2021,7,13,6,3,1,3,0,1,1,0,0,0,0,"685740,768031","5329234,34598",11.494363864,48.089290959,0,1,#66c2a5,bicycle
199867,"9,21E+18",9,7,61,0,2021,7,22,6,3,0,1,2,0,0,0,0,0,1,"639938,949646","5358948,61739",10.889493457,48.368184049,1,6,#ffd92f,circle
199869,"9,21E+18",9,1,62,0,2021,7,11,7,3,0,7,0,1,0,0,0,0,0,"692245,336251","5338595,89675",11.58584849,48.171502436,0,1,#66c2a5,bicycle
199872,"9,21E+18",9,1,81,130,2021,7,16,2,3,5,3,0,1,1,0,0,0,0,"638668,193","5326230,108",10.861642827,48.074257821,0,1,#66c2a5,bicycle
199876,"9,21E+18",9,1,62,0,2021,7,6,3,2,5,3,0,1,1,0,0,0,0,"686491,851021","5338323,76509",11.508418439,48.170770664,0,1,#66c2a5,bicycle
199879,"9,21E+18",9,7,71,122,2021,7,23,2,3,8,1,2,0,0,0,1,0,0,"652455,386","5361557,473",11.059331155,48.388740709,0,4,#e78ac3,marker
199880,"9,21E+18",9,1,62,0,2021,7,20,6,3,5,2,0,1,1,0,0,0,0,"693836,493753","5331648,04973",11.604065738,48.108574351,0,1,#66c2a5,bicycle
199881,"9,21E+18",9,1,63,0,2021,8,17,2,3,6,4,0,0,1,1,0,0,0,"733407,341904","5306214,77819",12.121102115,47.866820851,0,2,#fc8d62,car
199882,"9,21E+18",9,1,79,149,2021,7,9,1,3,0,6,0,1,1,0,0,0,0,"657614,9333","5329149,29333",11.116913998,48.096102772,1,1,#66c2a5,bicycle
199883,"9,21E+18",9,2,61,0,2021,7,3,4,3,0,1,2,1,0,0,0,0,0,"734178,677741","5381439,28837",12.172905772,48.542299749,1,1,#66c2a5,bicycle
199885,"9,21E+18",9,1,88,117,2021,7,20,3,2,9,1,1,1,0,0,0,0,0,"663091,359358","5315170,76419",11.185090623,47.969049746,0,1,#66c2a5,bicycle
199887,"9,21E+18",9,1,85,158,2021,7,12,2,3,5,3,0,1,1,0,0,0,0,"666612,209","5379749,367",11.257656903,48.54869599,0,1,#66c2a5,bicycle
199889,"9,21E+18",9,7,61,0,2021,8,18,3,3,0,1,0,1,0,0,0,0,0,"639004,369652","5358515,47185",10.876738418,48.364495819,1,1,#66c2a5,bicycle
199890,"9,21E+18",9,1,62,0,2021,7,9,3,3,0,1,0,0,0,0,0,0,1,"689664,115885","5334894,8611",11.549515405,48.139012945,0,6,#ffd92f,circle
199891,"9,21E+18",9,7,61,0,2021,8,13,5,3,3,2,0,1,1,0,0,0,0,"639365,668649","5358698,53016",10.881674342,48.366062171,0,1,#66c2a5,bicycle
199893,"9,21E+18",9,7,61,0,2021,7,21,7,3,6,5,2,0,0,1,0,0,1,"644061,56437","5358381,22618",10.944930912,48.362154908,0,3,#8da0cb,toilet
199895,"9,21E+18",9,1,62,0,2021,7,5,1,3,1,7,1,0,1,0,0,1,0,"696766,980374","5329296,85866",11.642308041,48.086544685,0,2,#fc8d62,car
199900,"9,21E+18",9,7,77,145,2021,7,20,3,3,5,3,1,0,1,0,1,0,0,"627742,863218","5324099,98329",10.714403048,48.05738385,0,2,#fc8d62,car
199901,"9,21E+18",9,1,63,0,2021,7,14,6,3,2,6,0,1,1,0,0,0,0,"733715,595636","5305379,19386",12.124766095,47.859201899,1,1,#66c2a5,bicycle