OBJECTID,UIDENTSTLA,ULAND,UREGBEZ,UKREIS,UGEMEINDE,UJAHR,UMONAT,USTUNDE,UWOCHENTAG,UKATEGORIE,UART,UTYP1,ULICHTVERH,IstRad,IstPKW,IstFuss,IstKrad,IstGkfz,IstSonstig,LINREFX,LINREFY,XGCSWGS84,YGCSWGS84,STRZUSTAN,Teilnehmer,color,symbol
200243,"9,21E+18",9,1,75,135,2021,7,15,2,3,0,7,0,1,0,1,0,0,0,"708520,641869","5339416,08281",11.804904655,48.173742329,0,1,#66c2a5,bicycle
200244,"9,21E+18",9,1,63,0,2021,7,13,3,3,2,7,0,1,1,0,0,0,0,"734576,478667","5303916,87706",12.135465443,47.845750896,0,1,#66c2a5,bicycle
200247,"9,21E+18",9,7,72,147,2021,7,15,5,3,1,5,0,1,1,0,0,0,0,"638605,152502","5367498,90855",10.874318146,48.445360315,0,1,#66c2a5,bicycle
200250,"9,21E+18",9,1,62,0,2021,7,13,6,3,5,2,0,1,0,0,0,0,0,"686224,889285","5334022,4782",11.502949214,48.132187475,0,1,#66c2a5,bicycle
200252,"9,21E+18",9,1,62,0,2021,7,21,7,3,5,2,2,0,1,0,0,0,0,"691698,082181","5333716,44074",11.576297768,48.127811963,1,2,#fc8d62,car
200255,"9,21E+18",9,1,63,0,2021,7,13,2,3,5,3,0,1,1,0,0,0,0,"734011,574442","5304375,17209",12.128174117,47.850074071,0,1,#66c2a5,bicycle
200256,"9,21E+18",9,7,61,0,2021,7,16,6,3,0,7,0,1,0,0,0,0,0,"640319,847668","5358221,25825",10.894390885,48.361559296,0,1,#66c2a5,bicycle
200257,"9,21E+18",9,1,78,143,2021,7,16,3,3,0,6,0,0,0,0,0,0,1,"716854,747493","5373360,22455",11.934319011,48.475939655,0,6,#ffd92f,circle
200258,"9,21E+18",9,1,62,0,2021,8,18,3,3,5,3,0,1,1,0,0,0,0,"692157,245789","5335224,96666",11.583142563,48.14123189,1,1,#66c2a5,bicycle
200259,"9,21E+18",9,1,77,130,2021,7,12,4,2,0,1,0,1,0,0,0,0,0,"711234,415886","5351066,88448",11.847167739,48.277537253,1,1,#66c2a5,bicycle
200262,"9,21E+18",9,1,81,116,2021,7,16,5,2,0,1,0,0,0,0,1,0,0,"648006,335128","5340227,67624",10.991797006,48.198018643,0,4,#e78ac3,marker
200265,"9,21E+18",9,1,77,115,2021,7,16,6,3,5,3,0,1,0,0,0,0,1,"730798,636002","5350510,17499",12.11017788,48.265709336,0,1,#66c2a5,bicycle
200269,"9,21E+18",9,1,62,0,2021,8,10,4,3,5,3,0,0,1,0,0,0,1,"682231,549414","5340727,46667",11.452201018,48.193612458,0,2,#fc8d62,car
200270,"9,21E+18",9,1,62,0,2021,7,9,5,3,4,3,0,1,0,0,0,0,0,"691653,052561","5337239,36157",11.577278892,48.15948902,0,1,#66c2a5,bicycle
200272,"9,21E+18",9,1,62,0,2021,7,14,4,3,0,7,0,0,0,0,1,0,0,"693345,106622","5334957,35764",11.598972332,48.138466858,1,4,#e78ac3,marker
200274,"9,21E+18",9,1,62,0,2021,8,21,2,3,1,5,1,0,1,0,0,0,1,"692312,930822","5337727,11715",11.586363834,48.163673618,0,2,#fc8d62,car
200277,"9,21E+18",9,7,77,151,2021,7,10,5,3,6,4,0,0,1,1,0,0,0,"621281,595767","5292897,60322",10.618944518,47.778019954,0,2,#fc8d62,car
200279,"9,21E+18",9,1,62,0,2021,7,16,5,3,0,1,0,1,0,0,0,0,0,"693664,537737","5333817,12064",11.602743269,48.128121635,0,1,#66c2a5,bicycle
200280,"9,21E+18",9,1,62,0,2021,7,11,2,3,4,2,0,1,1,0,0,0,0,"691070,131994","5336708,34048",11.569209722,48.154891692,0,1,#66c2a5,bicycle
200281,"9,21E+18",9,1,78,124,2021,7,19,7,3,0,1,0,1,0,0,0,0,0,"703806,867976","5364625,63009",11.753735437,48.401813859,0,1,#66c2a5,bicycle
200282,"9,21E+18",9,1,62,0,2021,7,19,6,3,1,5,0,1,1,0,0,0,0,"691151,721585","5335045,70215",11.569559119,48.139923556,0,1,#66c2a5,bicycle
200283,"9,21E+18",9,1,75,139,2021,8,10,2,3,6,2,0,0,0,1,0,0,1,"711728,288716","5330605,18441",11.843618894,48.093508348,0,3,#8da0cb,toilet
200284,"9,21E+18",9,1,62,0,2021,7,3,7,3,0,1,2,0,0,0,1,0,0,"692226,999434","5336208,99445",11.584523545,48.150055062,0,4,#e78ac3,marker
200293,"9,21E+18",9,1,62,0,2021,7,12,3,3,0,1,0,0,1,0,1,0,0,"692923,296058","5337847,97292",11.594618569,48.164574915,0,2,#fc8d62,car
200297,"9,21E+18",9,1,79,121,2021,7,18,3,3,5,2,0,1,1,0,0,0,0,"666498,621791","5337762,32212",11.239504535,48.171275652,0,1,#66c2a5,bicycle
200299,"9,21E+18",9,7,61,0,2021,7,11,1,3,0,7,0,0,0,0,0,0,1,"641022,385558","5359802,57804",10.904400339,48.375621403,1,6,#ffd92f,circle
200301,"9,21E+18",9,1,87,117,2021,7,10,7,1,0,7,0,1,0,0,0,0,1,"727249,035202","5305518,11881",12.038508996,47.862769388,0,1,#66c2a5,bicycle
200305,"9,21E+18",9,1,62,0,2021,7,17,5,3,0,1,0,1,0,0,0,0,0,"691795,115832","5329620,33677",11.575758897,48.090967335,0,1,#66c2a5,bicycle
200308,"9,21E+18",9,1,62,0,2021,7,16,3,3,1,5,0,1,1,0,0,0,0,"690036,030751","5335796,34138",11.554911952,48.147004495,0,1,#66c2a5,bicycle
200310,"9,21E+18",9,1,63,0,2021,7,2,6,3,0,1,2,0,0,0,1,0,0,"732656,393165","5304755,56",12.110290809,47.853983416,0,4,#e78ac3,marker
200316,"9,21E+18",9,1,90,138,2021,8,15,3,3,5,3,0,1,1,0,0,0,0,"661212,644792","5311602,7821",11.158601235,47.937446466,0,1,#66c2a5,bicycle
200318,"9,21E+18",9,1,90,157,2021,7,11,6,3,0,7,0,1,0,0,0,0,0,"660508,453045","5300480,92609",11.145044301,47.837626213,0,1,#66c2a5,bicycle
200320,"9,21E+18",9,1,62,0,2021,7,1,5,3,0,7,2,1,0,0,0,0,0,"691055,605082","5336010,31963",11.568701253,48.148622318,0,1,#66c2a5,bicycle
200322,"9,21E+18",9,1,62,0,2021,7,8,4,3,5,2,0,1,1,0,0,0,0,"682520,208884","5336392,66812",11.454220426,48.154565606,1,1,#66c2a5,bicycle
200323,"9,21E+18",9,1,77,117,2021,7,10,7,3,0,1,0,0,0,0,1,0,0,"714778,178732","5354735,89256",11.896735936,48.309312217,0,4,#e78ac3,marker
200325,"9,21E+18",9,1,87,179,2021,7,15,1,2,0,1,0,0,0,0,1,0,0,"720367,838978","5318254,38325",11.953141432,47.979606347,1,4,#e78ac3,marker
200327,"9,21E+18",9,1,62,0,2021,7,13,5,3,4,6,0,1,0,0,0,0,1,"688958,798061","5334261,17656",11.539762917,48.13352715,0,1,#66c2a5,bicycle
200329,"9,21E+18",9,1,62,0,2021,7,14,5,3,2,6,0,0,1,0,0,0,0,"697551,363912","5333720,92084",11.654877865,48.126062732,0,2,#fc8d62,car
200330,"9,21E+18",9,7,71,130,2021,7,15,2,2,4,6,0,0,1,0,0,0,0,"647515,771822","5356479,99636",10.990869848,48.344262914,0,2,#fc8d62,car
200331,"9,21E+18",9,1,62,0,2021,7,9,6,3,3,6,0,1,1,0,0,0,0,"693867,629347","5331405,4937",11.604373359,48.106384852,0,1,#66c2a5,bicycle
200334,"9,21E+18",9,2,61,0,2021,8,19,2,3,0,1,0,1,0,0,0,0,0,"735158,357351","5380946,03032",12.185879863,48.537502742,0,1,#66c2a5,bicycle
200335,"9,21E+18",9,1,62,0,2021,7,19,7,3,0,1,1,0,0,0,1,0,0,"692303,559905","5337895,51774",11.586314081,48.165189996,1,4,#e78ac3,marker
200343,"9,21E+18",9,1,62,0,2021,7,8,3,3,1,7,0,1,0,0,0,0,1,"690562,090854","5335784,3612",11.561971805,48.14673945,0,1,#66c2a5,bicycle
200346,"9,21E+18",9,1,81,113,2021,7,22,6,2,8,1,2,0,1,0,0,0,0,"640634,558188","5306005,73611",10.881404357,47.891962752,1,2,#fc8d62,car
200347,"9,21E+18",9,1,62,0,2021,7,8,4,3,6,4,0,1,0,1,0,0,0,"691213,034703","5340237,94084",11.572716604,48.186572239,0,1,#66c2a5,bicycle
200348,"9,21E+18",9,1,62,0,2021,7,13,1,3,3,6,0,0,1,0,1,0,0,"690417,5319","5342641,88939",11.563102677,48.208417556,0,2,#fc8d62,car
200350,"9,21E+18",9,1,62,0,2021,7,18,6,3,5,3,0,0,0,0,1,0,1,"692189,537386","5336216,46418",11.584023766,48.150133518,0,4,#e78ac3,marker
200351,"9,21E+18",9,1,62,0,2021,8,16,2,2,6,4,0,1,0,1,0,0,0,"700132,556021","5334985,29637",11.690120775,48.136619556,0,1,#66c2a5,bicycle
200353,"9,21E+18",9,1,62,0,2021,7,9,5,3,1,3,0,0,1,0,0,0,0,"691297,116086","5342855,785",11.575026319,48.21007554,0,2,#fc8d62,car
200356,"9,21E+18",9,1,62,0,2021,7,9,2,2,0,7,0,0,0,0,0,0,1,"688214,462367","5341597,65387",11.533015563,48.199688948,0,6,#ffd92f,circle
200359,"9,21E+18",9,1,79,123,2021,8,11,2,3,5,5,0,1,1,0,0,0,0,"676058,914873","5333103,04233",11.366058229,48.126815872,0,1,#66c2a5,bicycle
200361,"9,21E+18",9,1,62,0,2021,7,4,7,3,0,7,2,0,1,0,0,0,1,"690895,546566","5334714,3759",11.56597057,48.137022523,0,2,#fc8d62,car
200363,"9,21E+18",9,1,62,0,2021,8,12,3,3,4,2,0,1,1,0,0,0,0,"688728,195605","5337824,02037",11.538246262,48.165618837,0,1,#66c2a5,bicycle
200364,"9,21E+18",9,1,75,122,2021,7,17,2,3,0,1,0,1,0,0,0,0,0,"720970,593002","5325709,51699",11.965048791,48.046383783,0,1,#66c2a5,bicycle
200366,"9,21E+18",9,1,79,123,2021,8,14,4,3,6,4,0,0,1,1,0,0,0,"676389,267865","5334113,1866",11.3709121,48.135804878,1,2,#fc8d62,car
200368,"9,21E+18",9,1,62,0,2021,7,18,5,3,4,6,0,1,0,0,0,0,1,"692586,636283","5340427,93579",11.591264612,48.187864925,0,1,#66c2a5,bicycle
200369,"9,21E+18",9,1,62,0,2021,7,16,2,3,0,7,0,1,1,0,0,0,0,"685079,171213","5334885,91182",11.487940488,48.140282631,0,1,#66c2a5,bicycle
200370,"9,21E+18",9,1,90,115,2021,7,16,7,3,8,1,0,0,0,0,0,0,1,"671409,752347","5304368,1251",11.292153682,47.869759467,0,6,#ffd92f,circle
200371,"9,21E+18",9,7,61,0,2021,7,9,4,3,1,1,0,0,1,0,0,1,0,"642964,783258","5357294,03467",10.929763016,48.352628739,0,2,#fc8d62,car
200374,"9,21E+18",9,1,62,0,2021,7,19,7,3,5,3,2,1,1,0,0,0,0,"683795,464048","5337558,3963",11.471855016,48.164676547,1,1,#66c2a5,bicycle
200375,"9,21E+18",9,1,62,0,2021,7,23,7,3,2,4,2,0,1,1,1,0,0,"692134,855454","5336794,10062",11.583550107,48.155341713,1,2,#fc8d62,car
200378,"9,21E+18",9,7,61,0,2021,8,23,4,3,1,1,2,0,1,0,0,0,0,"639258,771528","5357111,37076",10.879706568,48.351814385,1,2,#fc8d62,car
200379,"9,21E+18",9,1,62,0,2021,7,21,5,3,2,6,2,1,0,0,0,0,0,"691609,109306","5335664,46802",11.575979547,48.14534737,0,1,#66c2a5,bicycle
200382,"9,21E+18",9,1,84,112,2021,7,16,3,3,5,3,0,1,1,0,0,0,0,"703039,069616","5339138,44988",11.731125068,48.173022126,0,1,#66c2a5,bicycle
200384,"9,21E+18",9,7,72,163,2021,7,23,7,3,0,7,2,1,0,0,0,0,0,"640696,195898","5347388,51222",10.895855788,48.264070139,0,1,#66c2a5,bicycle
200386,"9,21E+18",9,1,83,119,2021,7,17,2,3,2,1,0,0,1,0,0,0,0,"736708,609064","5339156,99615",12.183358328,48.161544352,0,2,#fc8d62,car
200392,"9,21E+18",9,1,87,170,2021,8,17,5,2,6,1,0,0,1,1,0,0,0,"733063,823705","5317799,93552",12.122778896,47.971026185,0,2,#fc8d62,car
200393,"9,21E+18",9,1,79,126,2021,7,7,6,3,5,3,0,1,1,0,0,0,0,"676530,43071","5341658,20541",11.375940448,48.203589311,0,1,#66c2a5,bicycle
200394,"9,21E+18",9,1,90,148,2021,7,18,7,3,8,5,0,0,1,0,0,0,1,"640244,585017","5296597,96023",10.873140304,47.807447713,0,2,#fc8d62,car
200395,"9,21E+18",9,7,61,0,2021,7,14,4,3,6,4,0,0,1,1,0,0,0,"641367,945176","5359205,87948",10.908863542,48.370178805,1,2,#fc8d62,car
200396,"9,21E+18",9,7,61,0,2021,7,11,1,3,5,3,0,1,1,0,0,0,0,"639148,717362","5359224,1152",10.87892067,48.370835971,1,1,#66c2a5,bicycle
200397,"9,21E+18",9,1,62,0,2021,7,8,6,3,4,2,0,1,1,0,0,0,0,"681628,792447","5335766,88548",11.441978442,48.149195804,0,1,#66c2a5,bicycle
200398,"9,21E+18",9,1,62,0,2021,8,9,2,3,6,4,0,1,0,1,0,0,0,"692305,762398","5337478,52935",11.586155145,48.16144154,0,1,#66c2a5,bicycle
200400,"9,21E+18",9,1,63,0,2021,7,7,3,3,5,2,0,1,1,0,0,0,0,"733398,418348","5304440,71379",12.120025622,47.850885809,0,1,#66c2a5,bicycle
200401,"9,21E+18",9,1,62,0,2021,7,17,5,3,1,3,0,1,0,0,0,0,0,"692999,807046","5335321,35561",11.59450066,48.141843197,0,1,#66c2a5,bicycle
200402,"9,21E+18",9,2,61,0,2021,8,16,4,3,5,3,0,1,1,0,0,0,0,"732197,74208","5379897,44098",12.145249348,48.529185818,0,1,#66c2a5,bicycle
200404,"9,21E+18",9,1,62,0,2021,7,12,2,3,0,7,0,1,0,0,0,0,0,"688378,501483","5336403,12538",11.532918767,48.152951361,0,1,#66c2a5,bicycle
200405,"9,21E+18",9,1,62,0,2021,7,17,6,3,4,2,0,0,1,0,0,0,0,"689357,592001","5333634,676",11.544839146,48.127777577,0,2,#fc8d62,car
200406,"9,21E+18",9,1,62,0,2021,7,13,6,3,0,1,0,0,0,0,1,0,0,"690677,644001","5332934,462",11.562248191,48.12109003,0,4,#e78ac3,marker
200408,"9,21E+18",9,1,62,0,2021,7,17,7,3,1,3,0,1,1,0,0,0,0,"688118,535834","5329978,232",11.526591314,48.095279925,0,1,#66c2a5,bicycle
200409,"9,21E+18",9,7,78,116,2021,7,21,7,3,5,3,2,0,1,0,0,0,1,"619684,035978","5319302,65741",10.604952309,48.015801307,0,2,#fc8d62,car
200411,"9,21E+18",9,1,88,141,2021,8,7,4,3,4,6,0,0,1,0,0,0,0,"668190,480875","5306774,08642",11.250075995,47.892241181,1,2,#fc8d62,car
200414,"9,21E+18",9,1,62,0,2021,8,17,3,3,5,3,0,0,1,0,1,0,0,"691348,927712","5337343,82726",11.573240404,48.160519534,1,2,#fc8d62,car
200415,"9,21E+18",9,1,62,0,2021,7,16,3,3,6,4,0,0,1,1,0,0,0,"688566,762095","5332460,09817",11.533702153,48.117455008,0,2,#fc8d62,car
200420,"9,21E+18",9,7,72,125,2021,7,16,1,3,3,6,0,1,1,0,0,0,0,"636706,178366","5349268,87451",10.842728384,48.281852198,0,1,#66c2a5,bicycle
200421,"9,21E+18",9,1,74,126,2021,7,10,6,3,6,4,0,1,0,1,0,0,0,"682628,786161","5342850,80094",11.458455026,48.212584111,0,1,#66c2a5,bicycle
200425,"9,21E+18",9,1,62,0,2021,8,16,4,3,1,6,0,0,1,0,0,0,0,"686203,742053","5334879,19131",11.503039759,48.139894124,1,2,#fc8d62,car
200426,"9,21E+18",9,1,62,0,2021,7,10,5,3,6,4,0,1,0,1,0,0,0,"691578,663794","5334064,57659",11.574851056,48.13097692,0,1,#66c2a5,bicycle
200427,"9,21E+18",9,1,62,0,2021,7,14,3,3,5,3,0,1,1,0,0,0,0,"688564,605001","5339312,312",11.536708454,48.17904428,0,1,#66c2a5,bicycle
200437,"9,21E+18",9,1,62,0,2021,8,17,4,3,5,3,1,0,1,0,0,0,0,"687448,699839","5336072,52734",11.520283723,48.150254587,1,2,#fc8d62,car
200438,"9,21E+18",9,1,62,0,2021,7,22,5,3,1,7,2,1,0,0,0,0,1,"691965,498873","5338505,54912",11.582047637,48.170774991,0,1,#66c2a5,bicycle
200440,"9,21E+18",9,7,61,0,2021,7,7,4,3,0,7,0,1,0,0,0,0,0,"639454,322667","5359803,29301",10.883237039,48.37597633,0,1,#66c2a5,bicycle
200442,"9,21E+18",9,1,87,129,2021,7,0,7,3,0,7,2,1,0,0,0,0,0,"726804,132539","5295976,71041",12.027575864,47.777198224,0,1,#66c2a5,bicycle
200443,"9,21E+18",9,1,62,0,2021,8,17,2,3,3,6,0,1,0,0,0,0,1,"692022,697596","5336384,92904",11.581858939,48.151698036,0,1,#66c2a5,bicycle
200446,"9,21E+18",9,1,62,0,2021,7,18,5,3,0,7,0,0,0,0,1,0,0,"688263,916471","5330377,97931",11.528718226,48.098830028,0,4,#e78ac3,marker
200450,"9,21E+18",9,1,62,0,2021,7,12,6,3,3,7,0,0,1,0,0,0,1,"690664,354001","5337647,919",11.564180211,48.163458328,0,2,#fc8d62,car
200451,"9,21E+18",9,1,62,0,2021,7,7,6,3,0,7,0,1,0,0,0,0,0,"689477,106001","5330591,219",11.545091561,48.100387069,0,1,#66c2a5,bicycle
200452,"9,21E+18",9,1,63,0,2021,8,15,2,3,6,2,0,0,1,1,0,0,1,"733978,351325","5305325,56056",12.1282447,47.858624448,1,2,#fc8d62,car
200453,"9,21E+18",9,1,62,0,2021,7,14,7,3,2,6,0,0,1,0,1,0,0,"689502,354942","5331476,81855",11.545823655,48.108339446,0,2,#fc8d62,car
200454,"9,21E+18",9,7,61,0,2021,8,1,1,3,5,3,2,0,1,0,0,0,0,"640620,340098","5357246,64959",10.898119698,48.352729064,1,2,#fc8d62,car
200460,"9,21E+18",9,1,62,0,2021,8,15,3,3,5,3,0,1,1,0,0,0,0,"680629,471001","5338535,392",11.429730867,48.174366025,0,1,#66c2a5,bicycle
200461,"9,21E+18",9,1,75,115,2021,7,7,4,3,1,7,0,1,1,0,0,0,0,"720278,688002","5328729,39999",11.957332454,48.073756835,1,1,#66c2a5,bicycle
200466,"9,21E+18",9,1,90,157,2021,7,20,6,3,2,6,1,0,1,0,0,0,0,"660167,045076","5300825,2739",11.140612413,47.840807431,1,2,#fc8d62,car
200471,"9,21E+18",9,1,62,0,2021,8,16,4,3,5,3,0,1,0,0,0,0,1,"688705,059745","5343308,80586",11.540372343,48.214923192,1,1,#66c2a5,bicycle
200472,"9,21E+18",9,1,88,139,2021,7,13,6,3,0,1,0,1,0,0,0,0,0,"674802,184505","5319533,44958",11.343636314,48.00517796,0,1,#66c2a5,bicycle
200473,"9,21E+18",9,1,74,136,2021,7,15,7,3,0,1,0,1,0,0,0,0,0,"682179,130026","5362937,8441",11.461077271,48.393264336,0,1,#66c2a5,bicycle
200474,"9,21E+18",9,7,73,182,2021,7,11,4,2,5,3,0,1,1,0,0,0,0,"624191,96466","5379980,04775",10.683218346,48.560606047,0,1,#66c2a5,bicycle
200478,"9,21E+18",9,1,62,0,2021,7,7,5,3,5,3,0,0,1,0,0,0,0,"692658,638541","5333414,96678",11.589057111,48.124812393,0,2,#fc8d62,car
200481,"9,21E+18",9,1,62,0,2021,7,12,2,3,6,5,0,1,0,1,0,0,0,"690806,219093","5334808,86729",11.564813429,48.137898596,0,1,#66c2a5,bicycle
200482,"9,21E+18",9,1,62,0,2021,7,7,6,3,0,1,0,0,0,0,0,0,1,"688355,883502","5341096,25682",11.534694447,48.195140426,0,6,#ffd92f,circle
200485,"9,21E+18",9,1,62,0,2021,7,1,4,3,5,3,2,0,0,0,1,0,1,"691816,27046","5335666,27924",11.578762499,48.145301221,1,4,#e78ac3,marker
200487,"9,21E+18",9,7,61,0,2021,8,11,2,3,0,7,0,1,1,0,0,0,0,"638227,691826","5361578,60495",10.867265414,48.392209485,0,1,#66c2a5,bicycle
200491,"9,21E+18",9,1,84,142,2021,7,12,5,3,5,3,0,1,0,0,0,0,0,"682534,717185","5318450,06677",11.446752538,47.993278415,0,1,#66c2a5,bicycle
200493,"9,21E+18",9,7,61,0,2021,7,9,5,3,5,2,0,1,1,0,0,0,0,"641213,734969","5352179,05716",10.904426844,48.307030442,0,1,#66c2a5,bicycle
200494,"9,21E+18",9,1,62,0,2021,7,19,6,3,6,4,0,1,0,1,0,0,0,"691370,500974","5338131,04509",11.573884412,48.16758843,0,1,#66c2a5,bicycle
200497,"9,21E+18",9,1,62,0,2021,8,8,1,2,0,1,0,1,0,0,0,0,0,"680392,751611","5340060,65949",11.427197143,48.188143619,1,1,#66c2a5,bicycle
200498,"9,21E+18",9,1,62,0,2021,7,21,7,3,0,7,2,1,0,0,0,0,0,"691475,740767","5337162,18506",11.574862234,48.158848787,1,1,#66c2a5,bicycle
200499,"9,21E+18",9,1,62,0,2021,7,18,7,2,6,4,0,0,1,1,0,0,0,"689546,389926","5336055,48437",11.548451198,48.149479766,0,2,#fc8d62,car
200500,"9,21E+18",9,1,79,145,2021,7,11,3,3,0,1,0,1,0,0,0,0,0,"674540,379594","5337896,81509",11.347634084,48.170327186,0,1,#66c2a5,bicycle
200504,"9,21E+18",9,1,78,122,2021,7,16,3,2,0,1,0,0,0,0,1,0,0,"702310,531547","5384483,11314",11.743157265,48.580737634,0,4,#e78ac3,marker
200505,"9,21E+18",9,1,84,138,2021,8,11,3,2,0,1,0,0,0,0,0,0,1,"682507,583224","5331614,12728",11.452003763,48.111616252,0,6,#ffd92f,circle
200506,"9,21E+18",9,1,62,0,2021,7,17,3,3,6,4,0,0,1,1,0,0,0,"688843,09503","5334253,60266",11.538205998,48.133493417,0,2,#fc8d62,car
200509,"9,21E+18",9,7,61,0,2021,7,20,7,3,2,6,1,0,1,0,0,0,0,"639528,060884","5359585,23555",10.884159893,48.373999316,0,2,#fc8d62,car
200510,"9,21E+18",9,1,74,115,2021,7,14,5,3,0,1,0,1,0,0,0,0,0,"684896,972436","5347613,73915",11.491036858,48.254738181,0,1,#66c2a5,bicycle
200511,"9,21E+18",9,1,62,0,2021,7,14,1,3,1,5,0,1,1,0,0,0,0,"683598,151636","5335089,0544",11.468138592,48.142537672,1,1,#66c2a5,bicycle
200515,"9,21E+18",9,7,61,0,2021,7,9,3,3,2,6,0,0,1,0,1,0,0,"637720,242672","5359429,62856",10.859709957,48.372997258,0,2,#fc8d62,car
200517,"9,21E+18",9,1,62,0,2021,8,15,4,3,5,2,0,0,1,0,1,0,0,"686897,293772","5334370,1458",11.512130171,48.135115328,1,2,#fc8d62,car
200518,"9,21E+18",9,1,62,0,2021,7,20,5,3,0,7,0,1,0,0,0,0,0,"689654,984682","5332494,60495",11.548324592,48.11744199,0,1,#66c2a5,bicycle
200519,"9,21E+18",9,1,62,0,2021,7,12,2,3,0,1,0,1,0,0,0,0,0,"683453,154677","5336312,33157",11.466718426,48.153575056,0,1,#66c2a5,bicycle
200521,"9,21E+18",9,1,77,134,2021,7,8,5,2,8,1,0,0,0,0,1,0,0,"714751,76628","5343657,76291",11.890757979,48.209780941,0,4,#e78ac3,marker
200522,"9,21E+18",9,1,88,139,2021,7,10,7,3,0,1,0,1,0,0,0,0,0,"676981,430936","5322380,1191",11.374003611,48.030168301,1,1,#66c2a5,bicycle
200527,"9,21E+18",9,7,77,151,2021,7,9,5,3,3,7,0,1,1,0,0,0,0,"620972,076453","5293109,86555",10.614873685,47.779987224,0,1,#66c2a5,bicycle
200529,"9,21E+18",9,1,62,0,2021,7,14,5,3,2,7,0,1,1,0,0,0,0,"689520,8172","5332471,40632",11.546513369,48.117273423,0,1,#66c2a5,bicycle
200531,"9,21E+18",9,1,62,0,2021,7,5,6,3,5,3,1,1,1,0,0,0,0,"691784,970133","5339993,23925",11.580293279,48.184200513,0,1,#66c2a5,bicycle
200532,"9,21E+18",9,1,74,150,2021,7,14,3,3,4,6,0,0,1,0,0,0,0,"682644,576797","5357176,7798",11.464857418,48.341347734,0,2,#fc8d62,car
200533,"9,21E+18",9,7,72,177,2021,7,9,2,2,5,3,0,0,1,0,0,1,0,"634790,757538","5377772,33308",10.826079888,48.538565739,0,2,#fc8d62,car
200538,"9,21E+18",9,1,87,163,2021,7,8,5,3,4,6,0,1,0,0,0,1,0,"735384,790989","5308695,10861",12.148854509,47.888382189,0,1,#66c2a5,bicycle
200539,"9,21E+18",9,1,62,0,2021,7,0,1,3,8,1,2,0,1,0,0,0,0,"682637,202506","5338770,95681",11.45681339,48.175909622,1,2,#fc8d62,car
200545,"9,21E+18",9,1,62,0,2021,8,11,4,3,4,7,0,0,1,0,0,0,0,"690667,477001","5335206,556",11.563128437,48.14151459,0,2,#fc8d62,car
200546,"9,21E+18",9,1,62,0,2021,7,12,5,3,5,2,0,1,1,0,0,0,0,"692276,326255","5337357,42047",11.585704962,48.160361945,0,1,#66c2a5,bicycle
200548,"9,21E+18",9,7,61,0,2021,7,9,4,3,0,1,0,1,0,0,0,0,0,"638567,148127","5358325,0469",10.870775914,48.36287968,1,1,#66c2a5,bicycle
200550,"9,21E+18",9,1,62,0,2021,8,13,1,3,3,6,0,0,1,0,0,0,0,"690174,589673","5333723,64992",11.555847446,48.128333725,1,2,#fc8d62,car
200559,"9,21E+18",9,1,63,0,2021,7,15,4,3,0,7,0,1,0,0,0,0,0,"733122,656894","5304656,13639",12.116461005,47.852921249,1,1,#66c2a5,bicycle
200560,"9,21E+18",9,1,62,0,2021,7,10,3,3,5,7,0,1,1,0,0,0,0,"688723,378504","5336269,42742",11.537491951,48.151647427,0,1,#66c2a5,bicycle
200567,"9,21E+18",9,1,88,139,2021,7,12,7,2,2,6,0,1,0,0,0,0,0,"676045,360356","5321873,27275",11.361250124,48.025870699,0,1,#66c2a5,bicycle
200568,"9,21E+18",9,1,84,131,2021,8,13,2,2,6,2,0,0,1,1,0,0,0,"704642,279227","5339245,9007",11.752716207,48.173473578,0,2,#fc8d62,car
200569,"9,21E+18",9,7,61,0,2021,7,7,3,3,0,1,0,0,0,0,1,0,0,"638750,741868","5360400,31639",10.873938036,48.381499734,0,4,#e78ac3,marker
200570,"9,21E+18",9,1,62,0,2021,7,21,5,3,1,3,1,0,1,0,1,0,0,"689687,402586","5333546,82761",11.549227933,48.126889797,0,2,#fc8d62,car
200572,"9,21E+18",9,1,84,123,2021,7,7,5,3,3,2,0,1,0,0,0,0,0,"704222,820806","5333920,77394",11.744525897,48.125753665,0,1,#66c2a5,bicycle
200573,"9,21E+18",9,1,77,117,2021,7,14,3,2,0,1,0,1,0,0,0,0,0,"715282,611977","5354167,9191",11.903240509,48.304037432,0,1,#66c2a5,bicycle
200575,"9,21E+18",9,1,74,115,2021,7,19,3,3,5,3,0,1,1,0,0,0,0,"683232,862415","5349908,09032",11.469632657,48.275844067,0,1,#66c2a5,bicycle
200576,"9,21E+18",9,1,62,0,2021,7,12,4,3,5,2,0,1,1,0,0,0,0,"689391,381272","5333061,73201",11.545038203,48.122617845,1,1,#66c2a5,bicycle
200578,"9,21E+18",9,1,62,0,2021,8,21,1,2,5,7,2,1,1,0,0,0,0,"689796,565183","5332729,66415",11.550329636,48.119512539,1,1,#66c2a5,bicycle
200579,"9,21E+18",9,1,62,0,2021,7,21,7,3,1,7,2,0,1,0,0,0,0,"693625,113442","5336334,84934",11.603358611,48.150762152,1,2,#fc8d62,car
200581,"9,21E+18",9,1,82,134,2021,7,12,3,3,0,1,0,1,0,0,0,0,0,"698505,817001","5294399,374",11.649552014,47.772360678,0,1,#66c2a5,bicycle