OBJECTID,UIDENTSTLA,ULAND,UREGBEZ,UKREIS,UGEMEINDE,UJAHR,UMONAT,USTUNDE,UWOCHENTAG,UKATEGORIE,UART,UTYP1,ULICHTVERH,IstRad,IstPKW,IstFuss,IstKrad,IstGkfz,IstSonstig,LINREFX,LINREFY,XGCSWGS84,YGCSWGS84,STRZUSTAN,Teilnehmer,color,symbol
200584,"9,21E+18",9,1,62,0,2021,7,6,5,3,5,3,0,1,1,0,0,0,0,"686228,246807","5332488,16793",11.502323914,48.118395502,0,1,#66c2a5,bicycle
200587,"9,21E+18",9,1,62,0,2021,7,13,3,3,1,6,0,0,1,0,0,0,0,"690841,488076","5339350,89221",11.56732435,48.178711299,0,2,#fc8d62,car
200589,"9,21E+18",9,1,90,140,2021,7,17,6,3,2,6,0,1,1,0,0,0,0,"644440,454474","5295794,71348",10.928881478,47.799296688,0,1,#66c2a5,bicycle
200592,"9,21E+18",9,1,79,121,2021,7,12,2,3,4,6,0,0,1,0,0,0,0,"665859,854868","5337517,87454",11.230824151,48.169245064,0,2,#fc8d62,car
200593,"9,21E+18",9,1,82,120,2021,7,12,6,3,0,7,0,1,0,0,0,0,0,"701639,680843","5306220,03523",11.696835152,47.877626146,0,1,#66c2a5,bicycle
200595,"9,21E+18",9,1,62,0,2021,8,11,2,3,5,2,0,1,1,0,0,0,0,"683463,468468","5336481,61738",11.466929956,48.155093723,0,1,#66c2a5,bicycle
200598,"9,21E+18",9,1,63,0,2021,7,8,6,3,1,2,0,0,1,0,0,0,0,"730862,294544","5304041,6044",12.085961395,47.84821588,0,2,#fc8d62,car
200600,"9,21E+18",9,1,62,0,2021,7,12,4,3,2,6,0,0,1,0,0,0,0,"691184,013371","5335775,06967",11.570320225,48.146469336,0,2,#fc8d62,car
200601,"9,21E+18",9,1,90,132,2021,7,17,1,2,1,5,0,0,1,0,1,0,0,"676281,985414","5294323,17801",11.353163719,47.778138144,1,2,#fc8d62,car
200603,"9,21E+18",9,1,62,0,2021,8,18,2,3,2,6,0,0,1,0,0,0,0,"697566,46192","5332630,61338",11.654575282,48.116259096,0,2,#fc8d62,car
200609,"9,21E+18",9,7,78,116,2021,7,2,6,3,9,1,2,0,0,0,0,1,0,"617646,925","5317790,177",10.577230728,48.002576759,1,5,#a6d854,bus
200611,"9,21E+18",9,1,62,0,2021,7,11,7,3,2,6,0,0,1,0,0,0,0,"693466,772496","5335196,56833",11.600714697,48.140579831,0,2,#fc8d62,car
200615,"9,21E+18",9,1,78,145,2021,8,8,6,3,3,2,0,0,1,0,0,0,0,"696549,956536","5354449,0435",11.651042515,48.31266121,0,2,#fc8d62,car
200616,"9,21E+18",9,1,62,0,2021,8,14,4,3,5,3,0,1,1,0,0,0,0,"694874,201742","5341826,08581",11.622652303,48.199733099,0,1,#66c2a5,bicycle
200617,"9,21E+18",9,1,79,119,2021,8,8,5,3,0,1,0,1,0,0,0,0,0,"668925,391737","5339381,4122",11.272763151,48.18519062,0,1,#66c2a5,bicycle
200618,"9,21E+18",9,1,62,0,2021,8,15,6,2,0,7,0,0,0,0,0,0,1,"691727,417732","5335499,5227",11.577494134,48.143829223,0,6,#ffd92f,circle
200620,"9,21E+18",9,7,61,0,2021,8,17,4,3,0,7,0,0,0,0,0,0,1,"640249,18196","5358555,19416",10.893548734,48.364577649,0,6,#ffd92f,circle
200626,"9,21E+18",9,1,62,0,2021,8,5,5,3,5,3,0,0,0,0,1,0,1,"689051,29811","5332376,23028",11.540168876,48.116557528,0,4,#e78ac3,marker
200629,"9,21E+18",9,1,79,121,2021,8,16,4,3,0,1,0,1,0,0,0,0,0,"665532,885","5336816,063",11.226156649,48.163020927,0,1,#66c2a5,bicycle
200631,"9,21E+18",9,1,74,136,2021,8,15,1,2,5,3,0,0,1,0,1,0,0,"682049,00717","5362750,94585",11.45924011,48.391622017,0,2,#fc8d62,car
200634,"9,21E+18",9,1,88,117,2021,8,8,7,3,9,1,0,0,1,0,0,0,0,"664914,474","5311547,31",11.208108986,47.936005697,0,2,#fc8d62,car
200639,"9,21E+18",9,1,62,0,2021,8,11,5,3,1,5,0,0,0,0,0,0,1,"684362,91812","5339069,66826",11.480134618,48.17809628,0,6,#ffd92f,circle
200642,"9,21E+18",9,1,88,124,2021,8,14,5,3,6,6,0,1,0,1,0,0,0,"662233,636","5318348,426",11.174807777,47.997837218,0,1,#66c2a5,bicycle
200645,"9,21E+18",9,7,72,147,2021,8,4,1,3,1,1,2,0,1,0,0,0,1,"638610,141086","5367498,80374",10.874385533,48.445358274,0,2,#fc8d62,car
200647,"9,21E+18",9,7,72,147,2021,8,9,2,3,5,3,0,0,1,0,0,0,1,"636003,117235","5364441,01048",10.838158249,48.418431676,0,2,#fc8d62,car
200649,"9,21E+18",9,1,78,157,2021,8,23,3,3,5,3,2,0,1,0,0,0,0,"705139,78874","5370634,95917",11.774663695,48.455381234,0,2,#fc8d62,car
200650,"9,21E+18",9,1,62,0,2021,8,0,4,3,5,3,2,1,1,0,0,0,0,"690179,333818","5333734,31369",11.555915898,48.128428154,1,1,#66c2a5,bicycle
200651,"9,21E+18",9,1,62,0,2021,8,22,6,3,0,1,2,1,0,0,0,0,0,"691322,210872","5336125,94509",11.572333934,48.149581414,0,1,#66c2a5,bicycle
200652,"9,21E+18",9,1,62,0,2021,8,9,5,3,0,1,0,1,0,0,0,0,0,"696544,06024","5338501,29175",11.643562759,48.169337501,1,1,#66c2a5,bicycle
200654,"9,21E+18",9,1,62,0,2021,8,8,6,3,0,1,0,1,0,0,0,0,0,"696782,360353","5336543,38688",11.645858756,48.151667443,0,1,#66c2a5,bicycle
200661,"9,21E+18",9,1,62,0,2021,8,15,3,3,6,4,0,1,0,1,0,0,0,"690820,343012","5334578,85259",11.564900044,48.135827001,0,1,#66c2a5,bicycle
200662,"9,21E+18",9,1,62,0,2021,8,12,5,3,4,2,0,0,1,0,1,0,0,"691697,284462","5333727,74725",11.576292144,48.127913825,0,2,#fc8d62,car
200663,"9,21E+18",9,1,84,112,2021,8,13,7,3,5,3,0,0,1,0,0,0,0,"702397,767629","5338498,85311",11.722204436,48.167478769,0,2,#fc8d62,car
200669,"9,21E+18",9,1,62,0,2021,8,14,3,3,5,3,0,0,1,0,0,0,0,"692517,675153","5330256,6287",11.585739361,48.096468412,0,2,#fc8d62,car
200671,"9,21E+18",9,7,71,111,2021,8,2,7,3,1,1,2,0,1,0,0,1,0,"659176,109078","5359236,39656",11.149169143,48.366213422,0,2,#fc8d62,car
200673,"9,21E+18",9,1,75,132,2021,8,19,4,3,0,1,0,1,0,0,0,0,0,"705606,364653","5331984,74276",11.762163401,48.107910145,0,1,#66c2a5,bicycle
200674,"9,21E+18",9,2,61,0,2021,8,10,6,2,5,3,0,1,1,0,0,0,0,"733218,627897","5381752,07943",12.160093717,48.545466977,0,1,#66c2a5,bicycle
200685,"9,21E+18",9,1,87,129,2021,8,15,5,2,0,7,0,1,0,0,0,0,0,"723438,319613","5296981,05552",11.983226216,47.78739832,0,1,#66c2a5,bicycle
200687,"9,21E+18",9,7,61,0,2021,8,13,6,3,0,1,0,1,0,0,0,0,0,"641330,46418","5356440,41481",10.907428922,48.345321162,0,1,#66c2a5,bicycle
200688,"9,21E+18",9,1,62,0,2021,8,15,6,3,5,3,0,0,1,0,0,0,1,"690548,121509","5334390,25071",11.561160429,48.134213419,0,2,#fc8d62,car
200692,"9,21E+18",9,1,62,0,2021,8,15,2,3,2,7,0,0,1,0,0,0,0,"691063,188921","5334227,84684",11.568003424,48.132599324,0,2,#fc8d62,car
200693,"9,21E+18",9,1,62,0,2021,8,8,4,3,5,2,0,1,1,0,0,0,0,"688828,605647","5335612,23077",11.538613823,48.145709239,0,1,#66c2a5,bicycle
200694,"9,21E+18",9,7,61,0,2021,8,18,4,3,4,7,0,1,1,0,0,0,0,"640307,898681","5358060,05445",10.894175899,48.360112456,0,1,#66c2a5,bicycle
200695,"9,21E+18",9,1,75,139,2021,8,12,7,2,2,6,0,1,1,0,0,0,0,"710172,367635","5329395,82378",11.822153363,48.083155852,0,1,#66c2a5,bicycle
200696,"9,21E+18",9,1,84,119,2021,8,16,5,3,4,2,0,0,1,0,0,0,1,"694875,225001","5347140,286",11.625108784,48.247493577,0,2,#fc8d62,car
200697,"9,21E+18",9,2,61,0,2021,8,15,4,3,0,1,0,1,0,0,0,0,0,"732499,739393","5381569,12079",12.150266099,48.544090307,0,1,#66c2a5,bicycle
200698,"9,21E+18",9,7,77,152,2021,8,15,6,2,0,1,0,1,0,0,0,0,0,"624829,093984","5304025,60199",10.669485659,47.877423629,0,1,#66c2a5,bicycle
200700,"9,21E+18",9,1,90,148,2021,8,12,3,3,6,4,0,0,1,1,0,0,0,"642380,058448","5297268,41633",10.901866274,47.813007959,0,2,#fc8d62,car
200701,"9,21E+18",9,1,82,136,2021,8,20,4,3,0,1,1,1,0,0,0,0,0,"705365,873432","5296442,01663",11.741975856,47.788569147,0,1,#66c2a5,bicycle
200706,"9,21E+18",9,1,62,0,2021,8,18,3,3,1,5,0,1,1,0,0,0,0,"690554,730757","5336811,52182",11.562332824,48.155973717,0,1,#66c2a5,bicycle
200708,"9,21E+18",9,1,62,0,2021,8,21,7,3,5,3,2,1,1,0,0,0,0,"692248,006819","5335551,75557",11.584508899,48.144141587,0,1,#66c2a5,bicycle
200710,"9,21E+18",9,1,62,0,2021,8,17,5,3,4,2,0,1,1,0,0,0,0,"690201,167777","5332823,65813",11.55580268,48.120236633,0,1,#66c2a5,bicycle
200712,"9,21E+18",9,1,62,0,2021,8,11,6,2,0,7,0,1,0,0,0,0,0,"694096,906962","5342388,18557",11.612459683,48.205023048,0,1,#66c2a5,bicycle
200713,"9,21E+18",9,1,73,140,2021,8,16,7,3,2,6,0,0,1,0,1,0,0,"697579,172663","5294114,50597",11.637067681,47.770085013,0,2,#fc8d62,car
200714,"9,21E+18",9,2,61,0,2021,8,11,2,3,4,2,0,1,1,0,0,0,0,"732602,852149","5381059,58324",12.151376603,48.539475063,1,1,#66c2a5,bicycle
200715,"9,21E+18",9,1,77,117,2021,8,7,4,3,5,3,0,1,1,0,0,0,0,"714822,982355","5354011,4482",11.896970689,48.302787732,1,1,#66c2a5,bicycle
200717,"9,21E+18",9,1,82,123,2021,8,16,7,3,0,1,0,1,0,0,0,0,0,"717681,678376","5299644,95666",11.907806852,47.813306788,0,1,#66c2a5,bicycle
200718,"9,21E+18",9,1,84,130,2021,8,15,7,3,0,3,0,0,1,0,1,0,0,"699519,052001","5345402,575",11.686775389,48.230432415,0,2,#fc8d62,car
200719,"9,21E+18",9,1,79,142,2021,8,19,5,3,3,6,0,1,0,0,0,0,0,"673075,072342","5343552,38378",11.330247618,48.221568261,0,1,#66c2a5,bicycle
200720,"9,21E+18",9,7,71,145,2021,8,14,4,3,1,2,0,0,1,0,1,0,0,"647171,62","5345129,149",10.982272212,48.242284038,0,2,#fc8d62,car
200723,"9,21E+18",9,7,61,0,2021,8,10,4,3,0,5,0,1,1,0,0,0,0,"642384,022174","5359837,9177",10.922789461,48.375633384,0,1,#66c2a5,bicycle
200729,"9,21E+18",9,7,61,0,2021,8,23,7,3,0,1,2,1,0,0,0,0,0,"637856,999241","5357515,39856",10.860928293,48.355754907,0,1,#66c2a5,bicycle
200730,"9,21E+18",9,1,62,0,2021,8,13,4,2,4,2,0,1,1,0,0,0,0,"691698,849733","5333715,58697",11.576307688,48.127804058,0,1,#66c2a5,bicycle
200731,"9,21E+18",9,7,72,200,2021,8,13,6,3,1,5,0,1,1,0,0,0,0,"630663,699025","5337962,76538",10.757832995,48.1814572,0,1,#66c2a5,bicycle
200734,"9,21E+18",9,1,62,0,2021,8,9,1,2,6,2,0,0,1,1,0,0,0,"690357,665009","5334740,55418",11.558759688,48.137418938,0,2,#fc8d62,car
200735,"9,21E+18",9,1,74,113,2021,8,21,6,3,0,1,2,1,0,0,0,0,0,"676510,494221","5346449,97128",11.37766765,48.246668439,0,1,#66c2a5,bicycle
200740,"9,21E+18",9,1,74,111,2021,8,10,7,3,0,7,0,1,0,0,0,0,0,"667247,642247","5362005,20817",11.259165275,48.389017069,0,1,#66c2a5,bicycle
200742,"9,21E+18",9,2,61,0,2021,8,12,3,2,5,3,0,1,1,0,0,0,0,"731621,471171","5382387,35284",12.13883957,48.551765146,0,1,#66c2a5,bicycle
200743,"9,21E+18",9,1,62,0,2021,8,0,7,3,0,7,2,1,0,0,0,0,0,"689566,384913","5335051,15822",11.548272596,48.140446875,0,1,#66c2a5,bicycle
200744,"9,21E+18",9,1,78,124,2021,8,10,3,3,0,1,0,0,0,0,1,0,0,"704384,747532","5364221,38526",11.761337272,48.397994226,0,4,#e78ac3,marker
200745,"9,21E+18",9,1,84,135,2021,8,19,7,2,8,1,0,0,0,0,1,0,0,"689435,815804","5345755,26803",11.551293076,48.236694059,0,4,#e78ac3,marker
200746,"9,21E+18",9,1,62,0,2021,8,11,4,3,0,7,0,0,0,1,0,0,1,"692251,312011","5337211,11161",11.585302813,48.159054519,0,3,#8da0cb,toilet
200747,"9,21E+18",9,1,62,0,2021,8,12,6,3,2,6,0,1,0,0,0,1,0,"690886,852973","5334258,68065",11.565649643,48.132929367,0,1,#66c2a5,bicycle
200748,"9,21E+18",9,1,62,0,2021,8,18,5,3,3,7,0,0,1,0,0,0,0,"690639,470235","5334071,97157",11.56224456,48.131325378,1,2,#fc8d62,car
200749,"9,21E+18",9,1,82,116,2021,8,9,4,3,5,3,0,1,1,0,0,0,0,"704551,792737","5293071,71089",11.729532533,47.758538164,0,1,#66c2a5,bicycle
200750,"9,21E+18",9,7,71,130,2021,8,15,6,3,0,1,0,1,0,0,0,0,0,"643397,62811","5364110,64264",10.937928312,48.413821713,0,1,#66c2a5,bicycle
200751,"9,21E+18",9,1,62,0,2021,8,17,7,3,3,2,0,1,0,0,1,0,0,"690908,772464","5336202,91063",11.566815552,48.150397393,0,1,#66c2a5,bicycle
200758,"9,21E+18",9,1,84,147,2021,8,10,3,2,6,4,0,1,0,1,0,0,0,"696934,880647","5341419,38179",11.650166009,48.195442204,0,1,#66c2a5,bicycle
200760,"9,21E+18",9,7,77,121,2021,8,20,7,3,0,1,0,1,0,0,0,0,0,"629026,211156","5321786,54834",10.730920971,48.036320894,0,1,#66c2a5,bicycle
200769,"9,21E+18",9,1,78,143,2021,8,16,1,3,3,6,0,1,0,0,0,0,0,"717627,682058","5371986,61091",11.944048841,48.463331368,0,1,#66c2a5,bicycle
200772,"9,21E+18",9,1,62,0,2021,8,7,4,3,5,3,0,1,1,0,0,0,0,"683797,628001","5337634,443",11.471916955,48.16535947,1,1,#66c2a5,bicycle
200776,"9,21E+18",9,7,61,0,2021,8,17,6,3,0,1,0,1,0,0,0,0,0,"638057,03081","5362241,64493",10.86517927,48.398208787,0,1,#66c2a5,bicycle
200778,"9,21E+18",9,1,62,0,2021,8,6,3,3,0,7,0,0,0,0,0,0,1,"690972,041925","5334276,28741",11.566801342,48.13306206,0,6,#ffd92f,circle
200781,"9,21E+18",9,1,62,0,2021,8,13,7,3,2,6,0,0,1,0,0,0,0,"690643,909355","5335216,24404",11.562816285,48.141608728,0,2,#fc8d62,car
200782,"9,21E+18",9,1,62,0,2021,8,14,4,3,5,3,0,0,1,0,0,0,1,"690957,370183","5335088,60661",11.566968507,48.140367533,0,2,#fc8d62,car
200786,"9,21E+18",9,1,90,148,2021,8,3,1,3,8,1,2,0,1,0,0,0,0,"640465,108","5296573,751",10.876076189,47.807181919,0,2,#fc8d62,car
200787,"9,21E+18",9,1,62,0,2021,8,15,2,2,0,1,0,1,0,0,0,0,0,"693293,414526","5335554,58945",11.598549296,48.143850304,1,1,#66c2a5,bicycle
200792,"9,21E+18",9,1,77,124,2021,8,19,4,2,4,6,0,1,0,0,0,1,0,"729101,36534","5367847,56469",12.096770316,48.422076304,0,1,#66c2a5,bicycle
200796,"9,21E+18",9,1,63,0,2021,8,12,2,3,6,7,0,0,1,1,0,0,0,"734002,636629","5305795,03857",12.128822918,47.862833386,0,2,#fc8d62,car
200797,"9,21E+18",9,1,62,0,2021,8,15,5,3,6,4,0,1,0,1,0,0,0,"686637,23648","5336936,04615",11.509763044,48.158254778,0,1,#66c2a5,bicycle
200798,"9,21E+18",9,1,87,117,2021,8,18,6,3,6,7,0,1,0,1,0,0,0,"725082,894489","5306055,00454",12.009866921,47.868355732,0,1,#66c2a5,bicycle
200799,"9,21E+18",9,1,74,126,2021,8,9,1,3,0,7,0,1,0,1,0,0,0,"684274,971266","5345949,2778",11.481940657,48.239958594,0,1,#66c2a5,bicycle
200800,"9,21E+18",9,1,75,114,2021,8,7,3,2,5,3,0,0,0,0,1,1,0,"715904,418002","5321026,499",11.894801135,48.006037275,1,4,#e78ac3,marker
200801,"9,21E+18",9,7,72,171,2021,8,9,5,3,2,2,0,0,1,0,0,0,0,"637986,232","5369684,371",10.866673775,48.4651473,0,2,#fc8d62,car
200803,"9,21E+18",9,1,62,0,2021,8,18,5,3,0,5,0,1,1,0,0,0,0,"690452,919001","5336518,453",11.560834047,48.153370128,0,1,#66c2a5,bicycle
200806,"9,21E+18",9,1,84,112,2021,8,17,3,3,5,3,0,0,1,0,1,0,0,"699745,554001","5336175,171",11.685482854,48.147434631,0,2,#fc8d62,car
200809,"9,21E+18",9,7,72,163,2021,8,16,1,3,5,2,0,1,0,0,0,0,0,"640631,499434","5348935,69023",10.895499135,48.277996471,0,1,#66c2a5,bicycle
200812,"9,21E+18",9,1,74,115,2021,8,17,7,3,5,3,0,1,0,0,1,0,0,"679683,261001","5347816,882",11.420947103,48.258063892,0,1,#66c2a5,bicycle
200813,"9,21E+18",9,1,62,0,2021,8,16,1,2,5,3,0,1,1,0,0,0,0,"680592,402202","5339901,64531",11.429813345,48.186657544,1,1,#66c2a5,bicycle
200814,"9,21E+18",9,1,62,0,2021,8,7,3,3,0,1,0,0,0,0,1,0,0,"689650,858328","5334565,78329",11.549190855,48.136059127,1,4,#e78ac3,marker
200818,"9,21E+18",9,1,79,123,2021,8,11,6,3,4,6,0,0,1,0,0,0,0,"677349,949694","5334246,74752",11.383869021,48.136738474,0,2,#fc8d62,car
200819,"9,21E+18",9,1,74,113,2021,8,0,1,3,9,1,2,0,1,0,0,0,0,"678200,453604","5349345,32136",11.401630862,48.272221555,0,2,#fc8d62,car
200820,"9,21E+18",9,1,62,0,2021,8,17,4,3,2,6,0,1,1,0,0,0,0,"696890,012465","5337125,69104",11.647574008,48.156867487,0,1,#66c2a5,bicycle
200821,"9,21E+18",9,1,79,145,2021,8,14,5,3,0,7,0,1,1,0,0,0,0,"675992,619","5339188,28443",11.367684775,48.181536039,0,1,#66c2a5,bicycle
200822,"9,21E+18",9,1,62,0,2021,8,18,6,3,5,2,0,0,1,0,0,0,1,"698791,569526","5333251,96985",11.671307472,48.121462121,0,2,#fc8d62,car
200830,"9,21E+18",9,1,62,0,2021,8,14,5,3,5,3,0,1,1,0,0,0,0,"684425,798045","5339665,32118",11.481238205,48.183432035,0,1,#66c2a5,bicycle
200833,"9,21E+18",9,1,78,124,2021,8,17,4,2,5,2,0,1,0,0,0,0,0,"701350,758465","5364175,76241",11.720373152,48.398560274,0,1,#66c2a5,bicycle
200836,"9,21E+18",9,7,61,0,2021,8,16,5,3,2,6,0,0,1,0,0,0,0,"639483,948923","5360073,89475",10.88372669,48.378402959,0,2,#fc8d62,car
200842,"9,21E+18",9,1,62,0,2021,8,19,5,3,5,2,1,1,0,0,0,0,0,"691578,594073","5333620,24695",11.574650365,48.126983355,0,1,#66c2a5,bicycle
200845,"9,21E+18",9,1,87,117,2021,8,16,6,3,0,1,0,1,0,0,0,0,0,"724297,654582","5305379,53341",11.999030957,47.862561223,0,1,#66c2a5,bicycle
200846,"9,21E+18",9,1,90,152,2021,8,12,5,2,4,6,0,1,0,0,0,0,0,"668525,872364","5298021,97978",11.251149486,47.813467774,0,1,#66c2a5,bicycle
200849,"9,21E+18",9,1,81,118,2021,8,17,7,3,8,1,0,0,0,0,1,0,0,"652143,975014","5327968,86258",11.043062659,48.086818938,0,4,#e78ac3,marker
200850,"9,21E+18",9,7,62,0,2021,8,18,1,3,4,6,0,0,1,0,1,0,0,"621949,361529","5305164,88551",10.631309711,47.888223464,0,2,#fc8d62,car
200851,"9,21E+18",9,7,72,163,2021,8,13,3,3,5,3,0,1,1,0,0,0,0,"640123,984511","5349978,6395",10.889008351,48.287487034,0,1,#66c2a5,bicycle
200854,"9,21E+18",9,1,62,0,2021,8,8,5,3,5,3,0,1,0,0,0,0,1,"693034,247311","5336314,36749",11.595413385,48.150757659,0,1,#66c2a5,bicycle
200855,"9,21E+18",9,1,62,0,2021,8,10,4,3,5,2,0,0,1,0,1,0,0,"690368,055111","5333498,46031",11.558344246,48.126251892,0,2,#fc8d62,car
200860,"9,21E+18",9,1,79,126,2021,8,13,6,3,0,1,0,1,0,0,0,0,0,"676710,70089","5340569,87864",11.377911515,48.193756064,1,1,#66c2a5,bicycle
200863,"9,21E+18",9,7,77,130,2021,8,3,3,2,8,1,2,0,1,0,0,0,0,"625985,442842","5310590,82167",10.686861936,47.936241638,0,2,#fc8d62,car
200864,"9,21E+18",9,1,62,0,2021,8,19,2,3,0,7,0,1,0,0,0,0,0,"689121,77526","5332952,10857",11.541370308,48.121712676,0,1,#66c2a5,bicycle
200866,"9,21E+18",9,1,63,0,2021,8,17,3,3,4,6,0,1,0,0,0,0,0,"733942,726275","5304218,01232",12.127170236,47.848687205,0,1,#66c2a5,bicycle
200867,"9,21E+18",9,1,62,0,2021,8,7,5,3,4,2,0,1,1,0,0,0,0,"694442,610133","5333025,00348",11.612827535,48.120765196,0,1,#66c2a5,bicycle
200869,"9,21E+18",9,1,62,0,2021,8,16,6,2,2,6,0,1,0,0,0,0,0,"689816,693484","5336728,95952",11.552382062,48.155452364,0,1,#66c2a5,bicycle
200870,"9,21E+18",9,1,62,0,2021,8,17,5,3,5,3,0,0,1,0,0,0,0,"701701,886433","5335215,54788",11.711299864,48.138193351,0,2,#fc8d62,car
200872,"9,21E+18",9,1,62,0,2021,8,9,6,2,1,5,0,0,1,0,1,0,0,"689859,678149","5339529,76968",11.554209972,48.18061315,0,2,#fc8d62,car
200874,"9,21E+18",9,2,61,0,2021,8,18,3,3,0,6,0,0,1,0,1,0,0,"732948,271585","5380988,24741",12.15600919,48.538706157,0,2,#fc8d62,car
200879,"9,21E+18",9,1,62,0,2021,8,19,3,3,4,6,0,1,0,0,0,0,0,"689881,428547","5335968,20706",11.552912226,48.148595392,0,1,#66c2a5,bicycle
200880,"9,21E+18",9,1,62,0,2021,8,15,5,3,5,3,0,0,1,0,1,0,0,"692078,543001","5332344,676",11.580787484,48.115368053,0,2,#fc8d62,car
200881,"9,21E+18",9,7,72,184,2021,8,11,7,3,5,2,0,0,1,0,0,0,1,"634924,435514","5361446,73398",10.822624389,48.391739092,0,2,#fc8d62,car
200883,"9,21E+18",9,7,72,163,2021,8,10,6,3,0,1,0,1,0,0,0,0,0,"639958,886529","5347484,87259",10.88595817,48.265099933,1,1,#66c2a5,bicycle
200885,"9,21E+18",9,1,62,0,2021,8,0,1,3,0,7,2,1,0,0,0,0,0,"692117,620073","5335589,51641",11.582774915,48.144520361,0,1,#66c2a5,bicycle
200888,"9,21E+18",9,7,72,209,2021,8,14,5,3,0,1,0,1,0,0,0,0,0,"635419,234405","5336001,21383",10.821151876,48.162822326,0,1,#66c2a5,bicycle
200890,"9,21E+18",9,1,87,122,2021,8,11,2,3,0,7,0,1,0,0,0,0,1,"717969,776283","5307245,82924",11.915478554,47.881509067,0,1,#66c2a5,bicycle
200891,"9,21E+18",9,1,62,0,2021,8,0,5,3,5,3,2,0,1,0,1,0,0,"690963,283001","5334295,74",11.566692457,48.133239527,0,2,#fc8d62,car
200893,"9,21E+18",9,7,61,0,2021,8,7,4,3,0,7,0,1,0,0,0,0,0,"640679,470991","5358773,31755",10.899427841,48.366443194,0,1,#66c2a5,bicycle
200895,"9,21E+18",9,1,78,143,2021,8,18,7,3,0,1,0,1,0,0,0,0,0,"716773,992975","5373315,39724",11.933204555,48.475564737,0,1,#66c2a5,bicycle
200898,"9,21E+18",9,1,62,0,2021,8,18,7,3,2,6,0,0,1,0,0,0,0,"693924,156476","5331196,4751",11.605036923,48.104489049,1,2,#fc8d62,car
200900,"9,21E+18",9,1,62,0,2021,8,22,7,2,5,3,2,1,1,0,0,0,0,"690908,772464","5336202,91063",11.566815552,48.150397393,0,1,#66c2a5,bicycle
200901,"9,21E+18",9,1,62,0,2021,8,12,4,3,2,6,0,0,1,0,1,0,0,"696933,239683","5330657,42026",11.645165708,48.098721319,0,2,#fc8d62,car
200903,"9,21E+18",9,7,71,122,2021,8,9,5,3,5,3,0,0,1,0,0,0,0,"651586,162925","5360901,31654",11.047360988,48.383050821,0,2,#fc8d62,car
200904,"9,21E+18",9,1,90,157,2021,8,13,4,3,0,7,0,1,0,0,0,0,1,"661594,129272","5301403,59243",11.159887204,47.84565001,0,1,#66c2a5,bicycle
200905,"9,21E+18",9,1,62,0,2021,8,16,6,3,3,6,0,0,1,0,1,0,0,"692118,220192","5333018,72244",11.581623735,48.121414319,0,2,#fc8d62,car
200906,"9,21E+18",9,1,62,0,2021,8,16,7,3,5,2,0,0,1,0,0,0,1,"691153,147163","5342872,58073",11.573097968,48.210269868,0,2,#fc8d62,car
200907,"9,21E+18",9,1,90,157,2021,8,17,3,3,0,7,0,1,0,0,0,0,0,"660125,538337","5300297,00394",11.139862674,47.836068012,0,1,#66c2a5,bicycle
200909,"9,21E+18",9,7,61,0,2021,8,18,7,3,5,3,0,0,1,0,0,0,0,"637614,324152","5361545,35789",10.858973317,48.392044677,0,2,#fc8d62,car
200913,"9,21E+18",9,1,62,0,2021,8,19,3,2,0,1,0,0,0,0,1,0,0,"680058,474422","5334130,7181",11.420193475,48.134934878,0,4,#e78ac3,marker
200915,"9,21E+18",9,1,62,0,2021,8,17,7,3,0,1,0,1,0,0,0,0,0,"690723,946858","5336274,00953",11.564364968,48.151091871,0,1,#66c2a5,bicycle
200919,"9,21E+18",9,7,72,163,2021,8,11,6,3,0,3,0,1,1,0,0,0,0,"640283,148697","5348701,28336",10.890728754,48.275965998,0,1,#66c2a5,bicycle
200920,"9,21E+18",9,2,74,185,2021,8,9,1,2,0,1,0,1,0,0,0,0,0,"729481,302857","5371106,94378",12.103682812,48.451218021,0,1,#66c2a5,bicycle
200921,"9,21E+18",9,2,61,0,2021,8,13,3,3,0,1,0,1,0,0,0,0,0,"736030,502153","5380681,44521",12.197526558,48.534798777,1,1,#66c2a5,bicycle
200922,"9,21E+18",9,2,74,146,2021,8,9,4,3,0,7,0,1,0,0,0,0,0,"733108,026","5378197,12639",12.156610079,48.513575077,0,1,#66c2a5,bicycle
200924,"9,21E+18",9,7,72,125,2021,8,16,2,3,5,3,0,1,1,0,0,0,0,"636527,46126","5347296,71892",10.839683749,48.26415692,0,1,#66c2a5,bicycle
200925,"9,21E+18",9,1,62,0,2021,8,11,5,3,1,2,0,1,0,0,0,0,1,"693426,183656","5333495,96639",11.599397592,48.125307662,0,1,#66c2a5,bicycle
200926,"9,21E+18",9,1,62,0,2021,8,19,7,3,2,6,0,0,1,0,0,0,0,"690698,550831","5334750,35019",11.563341458,48.137404922,0,2,#fc8d62,car
200929,"9,21E+18",9,1,62,0,2021,8,12,3,3,3,6,0,1,1,0,0,0,0,"689990,341503","5330637,20977",11.551998827,48.100647612,0,1,#66c2a5,bicycle
200931,"9,21E+18",9,1,62,0,2021,8,19,7,3,3,6,0,1,0,0,0,0,0,"694175,475916","5334757,23148",11.610031056,48.136415361,0,1,#66c2a5,bicycle