OBJECTID,UIDENTSTLA,ULAND,UREGBEZ,UKREIS,UGEMEINDE,UJAHR,UMONAT,USTUNDE,UWOCHENTAG,UKATEGORIE,UART,UTYP1,ULICHTVERH,IstRad,IstPKW,IstFuss,IstKrad,IstGkfz,IstSonstig,LINREFX,LINREFY,XGCSWGS84,YGCSWGS84,STRZUSTAN,Teilnehmer,color,symbol
200933,"9,21E+18",9,1,62,0,2021,8,17,6,3,0,7,0,0,0,0,0,0,1,"691086,825173","5335529,44157",11.568904727,48.144290855,0,6,#ffd92f,circle
200937,"9,21E+18",9,7,61,0,2021,8,21,3,2,0,1,2,0,1,0,0,0,0,"644638,94886","5357726,09809",10.952496107,48.356132374,0,2,#fc8d62,car
200941,"9,21E+18",9,1,79,123,2021,8,14,6,3,8,7,0,1,0,0,0,0,0,"675385,92286","5334241,56575",11.357490511,48.137236242,0,1,#66c2a5,bicycle
200942,"9,21E+18",9,1,63,0,2021,8,17,5,2,0,7,0,1,0,0,0,0,1,"732471,417574","5303045,46174",12.106903158,47.838686508,0,1,#66c2a5,bicycle
200943,"9,21E+18",9,1,83,147,2021,8,18,5,3,0,1,0,1,0,0,0,0,0,"746897,91213","5335604,60737",12.318095465,48.125763298,0,1,#66c2a5,bicycle
200946,"9,21E+18",9,1,62,0,2021,8,10,6,3,4,2,0,0,1,0,0,0,0,"692323,705623","5334241,68729",11.584933944,48.132344076,0,2,#fc8d62,car
200948,"9,21E+18",9,1,62,0,2021,8,11,3,3,0,6,0,1,1,0,0,0,0,"694496,858112","5335449,05796",11.614662224,48.142535072,0,1,#66c2a5,bicycle
200950,"9,21E+18",9,1,62,0,2021,8,23,2,3,5,2,2,0,1,0,0,0,1,"688289,018586","5330502,13453",11.529109821,48.09993855,0,2,#fc8d62,car
200952,"9,21E+18",9,1,62,0,2021,8,9,4,2,8,1,0,0,1,1,0,0,1,"692179,408032","5334392,57244",11.583064612,48.133743791,0,2,#fc8d62,car
200954,"9,21E+18",9,1,84,112,2021,8,7,5,3,0,7,0,1,0,0,0,0,0,"700907,465603","5340833,84277",11.703287205,48.18893579,0,1,#66c2a5,bicycle
200956,"9,21E+18",9,1,77,117,2021,8,18,6,3,5,3,0,1,1,0,0,0,0,"714761,920415","5355041,06272",11.896672265,48.312059748,0,1,#66c2a5,bicycle
200957,"9,21E+18",9,1,75,132,2021,8,18,1,3,8,1,0,0,1,0,0,0,0,"708051,413193","5335745,45247",11.796805918,48.140911073,0,2,#fc8d62,car
200964,"9,21E+18",9,1,62,0,2021,8,7,3,2,4,3,0,1,1,0,0,0,0,"695220,621513","5334241,74392",11.623828046,48.131462649,0,1,#66c2a5,bicycle
200966,"9,21E+18",9,1,62,0,2021,8,16,5,3,4,6,0,0,1,0,0,0,1,"691841,261692","5334855,18882",11.578732738,48.138003735,0,2,#fc8d62,car
200972,"9,21E+18",9,1,87,172,2021,8,10,7,2,0,7,0,1,0,1,0,0,0,"738936,991321","5296058,51251",12.189328015,47.773549557,0,1,#66c2a5,bicycle
200978,"9,21E+18",9,1,62,0,2021,8,5,4,3,5,3,0,1,0,0,0,0,1,"688021,382604","5338196,91258",11.528914679,48.169179887,0,1,#66c2a5,bicycle
200979,"9,21E+18",9,7,72,125,2021,8,14,4,3,5,3,0,1,1,0,0,0,0,"635903,443994","5347164,91943",10.831237348,48.263105942,0,1,#66c2a5,bicycle
200980,"9,21E+18",9,1,75,121,2021,8,15,7,3,0,1,0,1,0,0,0,0,0,"713230,713452","5316074,579",11.856540924,47.962436628,0,1,#66c2a5,bicycle
200981,"9,21E+18",9,7,77,151,2021,8,18,5,3,6,4,0,0,1,1,0,0,0,"621392,015569","5292929,40443",10.620426753,47.778285176,1,2,#fc8d62,car
200984,"9,21E+18",9,7,61,0,2021,8,13,1,3,1,5,0,1,1,0,0,0,0,"639572,564911","5360383,51015",10.885025592,48.381167335,0,1,#66c2a5,bicycle
200985,"9,21E+18",9,1,62,0,2021,8,6,3,3,5,3,0,0,1,0,0,0,0,"690806,574129","5334754,21773",11.564793715,48.137407302,0,2,#fc8d62,car
200987,"9,21E+18",9,1,73,112,2021,8,20,7,2,0,7,2,1,0,0,0,0,0,"693745,956001","5295182,356",11.586436791,47.780846853,0,1,#66c2a5,bicycle
200991,"9,21E+18",9,1,88,124,2021,8,17,7,2,0,1,0,1,0,0,0,0,0,"662022,208436","5317167,26985",11.171529815,47.987271374,0,1,#66c2a5,bicycle
200993,"9,21E+18",9,1,87,134,2021,8,22,5,2,8,1,2,1,0,0,0,0,0,"735889,258799","5317649,30103",12.160494454,47.968638078,0,1,#66c2a5,bicycle
201003,"9,21E+18",9,1,62,0,2021,8,8,7,3,4,6,0,1,0,0,1,0,0,"687858,402303","5342571,1691",11.528659431,48.208544437,0,1,#66c2a5,bicycle
201004,"9,21E+18",9,1,62,0,2021,8,7,4,3,0,1,0,0,0,0,0,0,1,"690448,892623","5340173,95235",11.562417297,48.186226662,0,6,#ffd92f,circle
201005,"9,21E+18",9,1,62,0,2021,8,9,6,3,6,4,0,0,1,1,0,0,0,"689335,979162","5334930,21676",11.54512474,48.139428446,0,2,#fc8d62,car
201007,"9,21E+18",9,2,61,0,2021,8,17,6,3,5,3,0,1,1,0,0,0,0,"732117,251783","5380576,33834",12.144538748,48.535313975,0,1,#66c2a5,bicycle
201012,"9,21E+18",9,1,79,126,2021,8,14,7,3,0,1,0,1,0,0,0,0,0,"676420,461067","5341174,21059",11.374260503,48.199269184,0,1,#66c2a5,bicycle
201016,"9,21E+18",9,1,62,0,2021,8,20,3,3,7,1,2,1,0,0,0,0,0,"688635,13718","5332795,95758",11.534768542,48.120453525,0,1,#66c2a5,bicycle
201018,"9,21E+18",9,7,72,121,2021,8,15,7,3,0,7,0,0,0,0,1,0,0,"633313,75","5375859,24",10.805468671,48.521679012,0,4,#e78ac3,marker
201022,"9,21E+18",9,1,62,0,2021,8,17,6,3,1,6,0,1,1,0,0,0,0,"691706,670136","5334651,71912",11.57683388,48.136215539,0,1,#66c2a5,bicycle
201027,"9,21E+18",9,1,62,0,2021,8,11,2,2,5,2,0,1,1,0,0,0,0,"693679,020849","5332917,17586",11.6025288,48.120028797,0,1,#66c2a5,bicycle
201028,"9,21E+18",9,1,62,0,2021,8,22,4,3,4,2,2,1,1,0,0,0,0,"688927,895302","5333957,58134",11.53921336,48.13080757,0,1,#66c2a5,bicycle
201029,"9,21E+18",9,1,62,0,2021,8,11,4,3,5,3,0,1,1,0,0,0,0,"687519,185815","5331915,5996",11.519400985,48.112870239,0,1,#66c2a5,bicycle
201030,"9,21E+18",9,1,62,0,2021,8,12,6,3,0,7,0,0,0,0,0,0,1,"691028,093486","5334441,75868",11.567628126,48.134532484,0,6,#ffd92f,circle
201031,"9,21E+18",9,1,79,123,2021,8,16,6,3,5,3,0,1,1,0,0,0,0,"676754,325137","5333228,22659",11.375447464,48.127748471,0,1,#66c2a5,bicycle
201034,"9,21E+18",9,1,87,174,2021,8,12,1,3,0,1,0,1,0,0,0,0,0,"743408,323126","5309684,89992",12.256570764,47.894281633,0,1,#66c2a5,bicycle
201040,"9,21E+18",9,1,77,133,2021,8,18,4,3,3,6,0,0,1,0,0,0,0,"706240,656551","5359872,18271",11.784247236,48.358308286,0,2,#fc8d62,car
201041,"9,21E+18",9,1,62,0,2021,8,22,5,3,0,1,2,1,0,0,0,0,0,"688456,918733","5330818,50122",11.531502485,48.102732492,0,1,#66c2a5,bicycle
201044,"9,21E+18",9,7,78,116,2021,8,15,6,3,0,1,0,1,0,0,0,0,0,"618913,855459","5318085,89482",10.594291001,48.005001932,0,1,#66c2a5,bicycle
201045,"9,21E+18",9,1,62,0,2021,8,8,7,3,3,2,0,1,0,0,0,0,0,"693221,623206","5336178,78979",11.597868491,48.149482236,0,1,#66c2a5,bicycle
201047,"9,21E+18",9,1,62,0,2021,8,12,7,3,3,5,0,1,1,0,0,0,0,"691242,468076","5334428,70851",11.570500693,48.134350808,0,1,#66c2a5,bicycle
201049,"9,21E+18",9,1,79,121,2021,8,17,4,2,0,1,0,1,0,0,0,0,0,"665670,857991","5336989,38526",11.228078229,48.164543175,0,1,#66c2a5,bicycle
201051,"9,21E+18",9,1,79,134,2021,8,11,1,3,5,1,0,0,1,0,1,0,0,"667311,099","5343105,882",11.252529799,48.219100496,0,2,#fc8d62,car
201052,"9,21E+18",9,1,75,122,2021,8,10,3,3,6,6,0,0,1,1,0,0,0,"720960,254024","5325706,2834",11.964908583,48.046358307,0,2,#fc8d62,car
201061,"9,21E+18",9,1,79,118,2021,8,17,2,3,0,7,0,0,0,0,0,0,1,"672646,928975","5338054,14206",11.322252172,48.172258623,0,6,#ffd92f,circle
201062,"9,21E+18",9,2,61,0,2021,8,10,5,2,4,3,0,1,1,0,0,0,0,"730387,874025","5382465,06584",12.122191287,48.552917511,0,1,#66c2a5,bicycle
201063,"9,21E+18",9,1,73,126,2021,8,18,6,3,5,3,0,0,1,0,0,0,0,"685359,753406","5303515,14957",11.478158787,47.858218057,0,2,#fc8d62,car
201064,"9,21E+18",9,1,82,116,2021,8,15,7,3,0,1,0,1,0,0,0,0,0,"705490,798839","5292529,92491",11.741791812,47.753370452,0,1,#66c2a5,bicycle
201068,"9,21E+18",9,1,62,0,2021,8,10,7,3,3,7,0,0,1,0,0,0,1,"689826,652746","5334731,30262",11.551625128,48.137494408,0,2,#fc8d62,car
201069,"9,21E+18",9,7,71,146,2021,8,17,2,3,5,3,0,0,1,0,0,0,0,"646779,238923","5348428,97827",10.978135151,48.272045148,0,2,#fc8d62,car
201070,"9,21E+18",9,1,62,0,2021,8,18,4,2,5,2,0,1,1,0,0,0,0,"693955,203317","5333016,30392",11.606281072,48.120835662,0,1,#66c2a5,bicycle
201071,"9,21E+18",9,7,61,0,2021,8,21,4,3,5,7,2,0,1,0,0,0,0,"641713,179628","5360366,6751",10.913913772,48.380538758,0,2,#fc8d62,car
201072,"9,21E+18",9,1,62,0,2021,8,19,6,3,1,6,0,0,1,0,0,0,0,"692310,668196","5337574,2775",11.586264336,48.162300618,0,2,#fc8d62,car
201073,"9,21E+18",9,1,62,0,2021,8,14,5,3,0,6,0,0,1,0,0,0,1,"693856,540206","5333939,91496",11.605376769,48.129166828,0,2,#fc8d62,car
201075,"9,21E+18",9,1,62,0,2021,8,19,6,3,6,4,0,0,1,1,0,0,0,"692486,754006","5335459,51772",11.587673435,48.143240386,0,2,#fc8d62,car
201077,"9,21E+18",9,1,63,0,2021,8,14,3,3,2,6,0,0,1,0,1,0,0,"731398,922645","5304120,88318",12.093166158,47.848735219,0,2,#fc8d62,car
201080,"9,21E+18",9,1,62,0,2021,8,23,5,3,6,4,2,0,1,1,0,0,0,"691923,574361","5333899,33314",11.579407421,48.129387829,0,2,#fc8d62,car
201081,"9,21E+18",9,7,61,0,2021,8,14,7,3,0,1,0,0,1,0,0,0,0,"640942,37","5357917,993",10.902688863,48.358693768,0,2,#fc8d62,car
201083,"9,21E+18",9,1,78,124,2021,8,15,4,3,5,3,0,0,1,0,0,0,0,"704297,194001","5363492,668",11.759801366,48.391474257,0,2,#fc8d62,car
201084,"9,21E+18",9,1,88,126,2021,8,13,6,3,7,1,0,1,0,0,0,0,1,"659217,776233","5324573,85306",11.13672154,48.05456743,0,1,#66c2a5,bicycle
201087,"9,21E+18",9,1,77,117,2021,8,17,7,3,2,6,0,0,1,0,0,0,0,"713666,341001","5354453,333",11.881617167,48.307149843,0,2,#fc8d62,car
201089,"9,21E+18",9,1,62,0,2021,8,19,1,3,3,2,0,0,1,0,0,0,1,"692289,234001","5338132,013",11.586228544,48.167319889,0,2,#fc8d62,car
201090,"9,21E+18",9,1,63,0,2021,8,15,4,3,0,7,0,1,0,0,0,0,0,"733731,092496","5304807,71733",12.124664176,47.854062108,0,1,#66c2a5,bicycle
201091,"9,21E+18",9,7,72,125,2021,8,11,3,2,0,5,0,1,1,0,0,0,0,"636311,696126","5347737,92867",10.836920116,48.268170806,0,1,#66c2a5,bicycle
201093,"9,21E+18",9,1,81,133,2021,8,18,7,3,1,3,0,0,1,0,1,0,0,"643066,436978","5314618,43363",10.916780096,47.968872863,0,2,#fc8d62,car
201094,"9,21E+18",9,1,88,127,2021,8,10,2,3,2,6,0,0,1,0,1,0,0,"676762,067862","5329859,45501",11.374155263,48.097463516,0,2,#fc8d62,car
201096,"9,21E+18",9,1,87,117,2021,8,14,5,3,5,6,0,1,1,0,0,0,0,"725898,715073","5307141,6388",12.021328631,47.877832647,0,1,#66c2a5,bicycle
201099,"9,21E+18",9,1,79,134,2021,8,13,6,3,1,3,0,0,1,0,0,0,0,"665515,442","5343484,636",11.228521596,48.222976461,0,2,#fc8d62,car
201100,"9,21E+18",9,1,88,132,2021,8,0,7,3,1,5,2,0,1,0,0,0,0,"664936,146","5322155,134",11.212472618,48.031369859,0,2,#fc8d62,car
201101,"9,21E+18",9,7,61,0,2021,8,15,1,3,0,7,0,1,0,0,0,0,0,"641670,653656","5358206,46425",10.912611971,48.361124593,1,1,#66c2a5,bicycle
201104,"9,21E+18",9,1,62,0,2021,8,10,1,2,0,1,0,1,0,0,0,0,0,"695428,562001","5340097,196",11.629309262,48.184024505,0,1,#66c2a5,bicycle
201107,"9,21E+18",9,1,62,0,2021,8,16,5,3,0,2,0,1,1,0,0,0,0,"692433,259411","5334814,30467",11.586663509,48.137457531,0,1,#66c2a5,bicycle
201108,"9,21E+18",9,1,79,113,2021,8,1,7,3,0,7,2,1,0,0,0,0,0,"668268,511996","5335772,05692",11.262504084,48.152917235,0,1,#66c2a5,bicycle
201111,"9,21E+18",9,1,63,0,2021,8,16,5,3,0,1,0,1,0,0,0,0,0,"731754,149848","5304662,02232",12.098197237,47.853468994,0,1,#66c2a5,bicycle
201114,"9,21E+18",9,1,74,115,2021,8,16,7,3,5,3,0,0,1,0,0,0,0,"680943,04838","5347190,11813",11.437636869,48.252071664,0,2,#fc8d62,car
201115,"9,21E+18",9,7,61,0,2021,8,9,1,3,5,3,0,0,1,0,0,0,1,"643952,301808","5358543,17543",10.943512092,48.363635988,0,2,#fc8d62,car
201118,"9,21E+18",9,1,81,122,2021,8,14,3,3,0,1,0,1,0,0,0,0,0,"652212,666","5330058,976",11.044729777,48.105595379,0,1,#66c2a5,bicycle
201119,"9,21E+18",9,1,62,0,2021,8,11,4,3,0,7,0,1,0,0,0,0,0,"690146,402841","5334584,40493",11.555853161,48.136078628,0,1,#66c2a5,bicycle
201120,"9,21E+18",9,7,73,122,2021,8,14,4,3,0,7,0,1,0,0,0,0,0,"626702,238","5384606,447",10.718635389,48.601705369,0,1,#66c2a5,bicycle
201121,"9,21E+18",9,7,72,223,2021,8,10,6,3,8,5,0,0,1,0,1,0,0,"618301,068879","5362489,37103",10.59845899,48.404453273,0,2,#fc8d62,car
201122,"9,21E+18",9,1,62,0,2021,8,10,5,3,6,7,0,0,1,1,0,0,0,"686313,929172","5337159,41839",11.50551758,48.160357331,0,2,#fc8d62,car
201124,"9,21E+18",9,1,62,0,2021,8,17,6,3,3,6,0,1,0,0,0,0,0,"690018,603529","5334341,02392",11.554028557,48.133929286,0,1,#66c2a5,bicycle
201125,"9,21E+18",9,1,62,0,2021,8,6,7,3,5,7,0,1,1,0,0,0,0,"698143,120954","5336778,28483",11.66424392,48.153356077,0,1,#66c2a5,bicycle
201128,"9,21E+18",9,7,61,0,2021,8,10,7,3,2,6,0,0,1,0,0,0,0,"642929,421781","5362098,42974",10.930919314,48.395835403,0,2,#fc8d62,car
201129,"9,21E+18",9,7,61,0,2021,8,15,2,3,0,7,0,1,0,0,0,0,0,"640230,607927","5358963,63548",10.893434279,48.368254355,0,1,#66c2a5,bicycle
201130,"9,21E+18",9,7,71,113,2021,8,20,7,3,9,1,2,1,0,0,0,0,0,"656547,572433","5368497,90303",11.117159359,48.45013548,0,1,#66c2a5,bicycle
201132,"9,21E+18",9,1,62,0,2021,8,7,3,3,5,3,0,1,1,0,0,0,0,"689674,634439","5332186,52189",11.548451317,48.114667058,0,1,#66c2a5,bicycle
201134,"9,21E+18",9,7,61,0,2021,8,21,7,3,5,3,2,0,1,0,0,0,0,"638805,481183","5356948,37455",10.873537742,48.350448546,0,2,#fc8d62,car
201135,"9,21E+18",9,1,62,0,2021,8,16,5,3,4,2,0,1,0,0,0,0,0,"692358,755455","5333920,3287",11.585259462,48.129445173,0,1,#66c2a5,bicycle
201137,"9,21E+18",9,1,62,0,2021,8,16,6,2,6,4,0,0,1,1,0,0,0,"691070,433986","5339323,01113",11.570388531,48.178391908,0,2,#fc8d62,car
201138,"9,21E+18",9,1,78,116,2021,8,12,7,3,8,1,0,1,0,0,0,0,0,"704243,237001","5379834,905",11.767050623,48.538342803,0,1,#66c2a5,bicycle
201144,"9,21E+18",9,1,78,143,2021,8,19,6,3,0,1,0,1,0,0,0,0,0,"717653,012183","5371877,71813",11.944334398,48.462344252,0,1,#66c2a5,bicycle
201152,"9,21E+18",9,7,61,0,2021,8,11,3,3,1,6,0,0,1,0,0,0,0,"640913,296029","5357537,58986",10.902169216,48.355279801,0,2,#fc8d62,car
201155,"9,21E+18",9,1,62,0,2021,8,16,5,3,0,3,0,1,1,0,0,0,0,"694532,524093","5342674,33041",11.618447725,48.207461433,0,1,#66c2a5,bicycle
201156,"9,21E+18",9,7,77,121,2021,8,11,7,3,0,7,0,1,0,0,0,0,0,"627553,673084","5321362,03322",10.711049225,48.032799049,0,1,#66c2a5,bicycle
201157,"9,21E+18",9,1,62,0,2021,8,18,4,3,5,3,0,1,1,0,0,0,0,"687907,789485","5330737,29694",11.524097823,48.102164797,0,1,#66c2a5,bicycle
201158,"9,21E+18",9,1,62,0,2021,8,8,6,3,4,2,0,0,1,0,0,0,0,"689341,676777","5335473,3285",11.545442734,48.14430828,0,2,#fc8d62,car
201159,"9,21E+18",9,1,62,0,2021,8,15,5,3,5,3,0,0,1,0,0,0,1,"682913,165644","5335461,78647",11.459099157,48.146085334,0,2,#fc8d62,car
201160,"9,21E+18",9,1,63,0,2021,8,16,6,3,2,6,0,0,1,0,1,0,0,"733210,901364","5304582,48369",12.117599181,47.852227537,0,2,#fc8d62,car
201161,"9,21E+18",9,1,87,170,2021,8,4,1,3,8,1,2,0,0,0,1,0,0,"734732,733031","5317848,91433",12.145132292,47.970856421,0,4,#e78ac3,marker
201162,"9,21E+18",9,1,75,139,2021,8,16,3,3,2,6,0,0,1,0,1,0,0,"711318,693134","5330481,54623",11.838063633,48.092533267,0,2,#fc8d62,car
201164,"9,21E+18",9,1,62,0,2021,8,17,6,3,5,3,0,0,1,0,1,0,0,"683033,189245","5340554,89853",11.462903593,48.191830795,0,2,#fc8d62,car
201165,"9,21E+18",9,1,90,159,2021,8,19,7,3,0,7,0,1,0,0,0,0,0,"666149,468793","5304525,0495",11.221927155,47.872552645,0,1,#66c2a5,bicycle
201167,"9,21E+18",9,1,62,0,2021,8,2,7,3,0,1,2,0,0,0,0,0,1,"694073,56444","5334191,65655",11.608405035,48.131363263,0,6,#ffd92f,circle
201168,"9,21E+18",9,1,79,114,2021,8,16,3,3,5,3,0,1,1,0,0,0,0,"653166,106","5344504,332",11.06273344,48.235246428,0,1,#66c2a5,bicycle
201169,"9,21E+18",9,1,62,0,2021,8,0,7,3,0,1,2,1,0,0,0,0,0,"688023,678613","5331456,01369",11.525969661,48.108590627,0,1,#66c2a5,bicycle
201170,"9,21E+18",9,1,62,0,2021,8,8,4,3,0,7,0,0,0,1,0,0,1,"682963,578953","5335795,92558",11.459919881,48.149074298,0,3,#8da0cb,toilet
201171,"9,21E+18",9,1,62,0,2021,8,23,6,3,4,6,2,1,0,0,0,0,0,"682811,194069","5336226,34491",11.458057916,48.152987005,0,1,#66c2a5,bicycle
201172,"9,21E+18",9,1,62,0,2021,8,14,5,3,0,2,0,0,1,0,0,0,1,"691733,937039","5334684,85256",11.577214919,48.136505123,0,2,#fc8d62,car
201182,"9,21E+18",9,1,62,0,2021,8,16,3,3,4,2,0,1,1,0,0,0,0,"687888,60356","5331898,21045",11.524351621,48.112605068,0,1,#66c2a5,bicycle
201183,"9,21E+18",9,1,62,0,2021,8,18,5,3,1,6,0,0,1,0,0,0,0,"684416,283574","5338371,43269",11.480548887,48.171804726,0,2,#fc8d62,car
201184,"9,21E+18",9,7,61,0,2021,8,14,7,3,2,7,0,1,1,0,0,0,0,"641955,175432","5360975,06993",10.917385682,48.385954762,0,1,#66c2a5,bicycle
201188,"9,21E+18",9,1,81,114,2021,8,11,7,3,0,1,0,1,0,0,0,0,0,"657277,651884","5314217,14645",11.106905499,47.961930651,0,1,#66c2a5,bicycle
201190,"9,21E+18",9,1,62,0,2021,8,10,3,3,2,6,0,1,1,0,0,0,0,"687203,711384","5335122,55169",11.51657539,48.141788103,0,1,#66c2a5,bicycle
201195,"9,21E+18",9,1,86,143,2021,8,12,5,3,9,1,0,1,0,0,0,0,0,"684898,901293","5378489,7781",11.504654845,48.532251743,0,1,#66c2a5,bicycle
201196,"9,21E+18",9,1,79,131,2021,8,6,7,2,0,7,0,1,0,0,0,0,0,"659012,548081","5332117,07331",11.136778105,48.122438126,0,1,#66c2a5,bicycle
201201,"9,21E+18",9,7,72,163,2021,8,12,3,3,5,3,0,1,1,0,0,0,0,"640628,941992","5349236,14045",10.895564664,48.280698633,0,1,#66c2a5,bicycle
201202,"9,21E+18",9,1,62,0,2021,8,15,7,3,5,2,0,1,1,0,0,0,0,"690629,155623","5335500,5927",11.562745453,48.144168861,0,1,#66c2a5,bicycle
201204,"9,21E+18",9,7,61,0,2021,8,11,7,3,5,3,0,1,1,0,0,0,0,"641831,873823","5361587,54531",10.915928004,48.391489596,0,1,#66c2a5,bicycle
201206,"9,21E+18",9,1,62,0,2021,8,13,5,3,1,5,0,1,1,0,0,0,0,"692668,006459","5335211,9062",11.589995471,48.140960051,0,1,#66c2a5,bicycle
201208,"9,21E+18",9,1,62,0,2021,8,20,7,3,1,5,1,1,1,0,0,0,0,"686037,467056","5334155,50292",11.500490748,48.133437965,0,1,#66c2a5,bicycle
201211,"9,21E+18",9,1,62,0,2021,8,17,6,3,2,7,0,0,1,0,1,0,0,"688947,533591","5331862,54982",11.538548494,48.111971279,0,2,#fc8d62,car
201212,"9,21E+18",9,1,62,0,2021,8,8,5,3,5,2,0,1,1,0,0,0,0,"686465,356001","5329812,673",11.504337486,48.094277664,0,1,#66c2a5,bicycle
201221,"9,21E+18",9,1,77,117,2021,8,17,5,2,4,2,0,0,0,0,1,1,0,"714458,535622","5355355,76554",11.892745651,48.314990354,0,4,#e78ac3,marker
201226,"9,21E+18",9,1,62,0,2021,8,10,2,3,6,7,0,0,1,1,0,0,0,"687332,8653","5331960,13665",11.516919756,48.113325383,0,2,#fc8d62,car
201227,"9,21E+18",9,1,62,0,2021,8,23,7,2,0,1,2,0,0,0,0,0,1,"691507,159184","5333914,14878",11.573823421,48.129646408,1,6,#ffd92f,circle
201228,"9,21E+18",9,1,63,0,2021,8,15,3,3,5,3,0,0,0,0,1,0,1,"730868,220369","5304101,12153",12.086072239,47.848748475,0,4,#e78ac3,marker
201229,"9,21E+18",9,1,62,0,2021,8,19,3,3,0,1,0,1,0,0,0,0,0,"684709,526876","5341075,27373",11.485664903,48.196022847,0,1,#66c2a5,bicycle
201230,"9,21E+18",9,7,61,0,2021,8,18,5,3,3,2,0,0,1,0,0,0,1,"641720,68002","5359973,73074",10.913882519,48.377003889,0,2,#fc8d62,car
201235,"9,21E+18",9,1,81,146,2021,8,17,7,3,8,1,0,1,0,0,0,0,0,"652705,58929","5325149,32264",11.049591836,48.061333298,0,1,#66c2a5,bicycle
201236,"9,21E+18",9,1,84,149,2021,8,17,1,2,0,1,0,1,0,0,0,0,0,"691796,286818","5350374,00576",11.58514351,48.277496027,0,1,#66c2a5,bicycle
201237,"9,21E+18",9,1,75,131,2021,8,17,4,3,1,7,0,1,1,0,0,0,0,"709804,582013","5322671,23735",11.813924117,48.022848311,0,1,#66c2a5,bicycle
201240,"9,21E+18",9,2,61,0,2021,8,19,3,2,5,3,0,1,0,0,0,0,0,"730244,559705","5382096,58108",12.120048396,48.549660045,0,1,#66c2a5,bicycle
201241,"9,21E+18",9,1,62,0,2021,8,16,4,3,5,2,0,1,1,0,0,0,0,"688405,026328","5336413,82218",11.533279792,48.153039649,0,1,#66c2a5,bicycle
201242,"9,21E+18",9,1,79,145,2021,8,19,5,3,5,3,0,1,1,0,0,0,0,"675951,042773","5337735,77523",11.366524669,48.16849062,0,1,#66c2a5,bicycle
201243,"9,21E+18",9,1,62,0,2021,8,13,6,3,6,4,0,1,0,1,0,0,0,"691391,164001","5335296,454",11.572887155,48.142105309,0,1,#66c2a5,bicycle
201244,"9,21E+18",9,7,61,0,2021,8,17,5,3,5,1,0,0,1,0,0,0,0,"642460,077318","5359801,01677",10.923803422,48.375284423,1,2,#fc8d62,car
201251,"9,21E+18",9,1,62,0,2021,8,11,7,3,4,2,0,1,1,0,0,0,0,"693216,126663","5331537,1957",11.595690192,48.107766492,0,1,#66c2a5,bicycle
201253,"9,21E+18",9,1,74,131,2021,8,17,4,3,0,1,0,0,1,0,0,0,0,"676227,485423","5357635,60886",11.37852733,48.347294584,0,2,#fc8d62,car
201254,"9,21E+18",9,1,77,118,2021,8,16,6,3,1,6,0,1,1,0,0,0,0,"706188,643083","5348042,7687",11.777767273,48.25202497,0,1,#66c2a5,bicycle
201255,"9,21E+18",9,1,77,118,2021,8,18,1,3,4,6,0,0,1,0,1,0,0,"704762,7536","5348686,05802",11.758892161,48.258268025,1,2,#fc8d62,car
201256,"9,21E+18",9,1,62,0,2021,8,15,2,3,1,5,0,0,1,0,0,0,0,"696239,958334","5335437,36117",11.638064048,48.141894717,1,2,#fc8d62,car
201258,"9,21E+18",9,1,78,124,2021,8,17,7,3,8,6,0,1,0,0,0,0,0,"703990,921044","5365146,01276",11.756472139,48.406430568,1,1,#66c2a5,bicycle
201263,"9,21E+18",9,1,63,0,2021,8,1,6,3,0,7,2,1,0,0,0,0,0,"733629,8773","5305782,29072",12.123839573,47.862854496,0,1,#66c2a5,bicycle
201266,"9,21E+18",9,1,90,140,2021,8,17,2,3,4,6,0,0,1,0,0,0,0,"644628,461849","5294115,79867",10.930831156,47.784157011,0,2,#fc8d62,car
201267,"9,21E+18",9,2,61,0,2021,8,16,5,3,0,7,0,1,0,0,0,0,0,"732816,935053","5380755,2588",12.154102492,48.536662026,0,1,#66c2a5,bicycle
201270,"9,21E+18",9,1,79,117,2021,8,19,7,3,0,7,0,0,0,0,1,0,0,"661913,114379","5346279,57235",11.18112451,48.249033372,0,4,#e78ac3,marker
201273,"9,21E+18",9,1,63,0,2021,8,15,3,3,5,3,0,1,1,0,0,0,0,"732179,144635","5304589,63688",12.103831308,47.852665297,0,1,#66c2a5,bicycle
201274,"9,21E+18",9,1,62,0,2021,8,1,7,2,4,2,2,0,1,0,0,0,1,"691672,11429","5334314,37631",11.576218105,48.133193954,0,2,#fc8d62,car
201275,"9,21E+18",9,1,63,0,2021,8,8,3,3,5,3,0,0,1,0,0,0,1,"733327,804626","5305271,10117",12.119530987,47.858371699,0,2,#fc8d62,car
201276,"9,21E+18",9,1,62,0,2021,8,1,4,3,1,5,2,1,1,0,0,0,0,"691052,499019","5334124,43683",11.567813525,48.131673091,1,1,#66c2a5,bicycle
201277,"9,21E+18",9,1,62,0,2021,8,15,4,2,5,3,0,0,1,0,1,0,0,"691350,42794","5337341,10805",11.573259335,48.160494642,0,2,#fc8d62,car
201280,"9,21E+18",9,1,62,0,2021,8,6,6,3,0,7,0,0,1,0,1,0,0,"693521,059358","5335211,66695",11.601450539,48.140699024,0,2,#fc8d62,car