OBJECTID,UIDENTSTLA,ULAND,UREGBEZ,UKREIS,UGEMEINDE,UJAHR,UMONAT,USTUNDE,UWOCHENTAG,UKATEGORIE,UART,UTYP1,ULICHTVERH,IstRad,IstPKW,IstFuss,IstKrad,IstGkfz,IstSonstig,LINREFX,LINREFY,XGCSWGS84,YGCSWGS84,STRZUSTAN,Teilnehmer,color,symbol
201282,"9,21E+18",9,1,62,0,2021,8,22,2,2,5,3,2,0,1,0,0,0,0,"688705,059745","5343308,80586",11.540372343,48.214923192,0,2,#fc8d62,car
201285,"9,21E+18",9,1,62,0,2021,8,12,7,2,5,3,0,1,1,0,0,0,0,"687846,849416","5343041,51876",11.528712341,48.212775399,0,1,#66c2a5,bicycle
201288,"9,21E+18",9,1,62,0,2021,8,17,3,2,3,6,0,1,0,0,0,1,0,"693084,679529","5335299,29513",11.595630386,48.141619173,0,1,#66c2a5,bicycle
201289,"9,21E+18",9,1,62,0,2021,8,22,4,3,0,7,2,1,0,0,0,0,0,"678962,516682","5338839,00864",11.407456364,48.177566828,0,1,#66c2a5,bicycle
201290,"9,21E+18",9,1,62,0,2021,8,21,4,3,5,3,2,0,1,0,0,0,0,"689680,521192","5343197,31286",11.553440773,48.213630308,0,2,#fc8d62,car
201292,"9,21E+18",9,1,79,119,2021,8,14,6,3,4,6,0,0,1,0,0,0,0,"669152,938","5339264,831",11.27577569,48.18408203,0,2,#fc8d62,car
201294,"9,21E+18",9,1,62,0,2021,8,9,6,3,3,2,0,1,1,0,0,0,0,"689750,548156","5334564,71846",11.550528984,48.13601984,0,1,#66c2a5,bicycle
201296,"9,21E+18",9,1,62,0,2021,8,15,2,3,5,3,0,1,1,0,0,0,0,"692507,232882","5337896,18284",11.589050704,48.165134333,1,1,#66c2a5,bicycle
201299,"9,21E+18",9,1,62,0,2021,8,18,7,3,5,3,0,1,1,0,0,0,0,"687810,388578","5343622,05648",11.528479084,48.218004107,0,1,#66c2a5,bicycle
201301,"9,21E+18",9,1,62,0,2021,8,15,3,3,5,2,0,1,1,0,0,0,0,"691018,114341","5335346,10319",11.567899719,48.142663659,0,1,#66c2a5,bicycle
201303,"9,21E+18",9,7,62,0,2021,8,11,7,3,5,3,0,0,1,0,1,0,0,"622419,934854","5305135,29726",10.637593498,47.88786777,0,2,#fc8d62,car
201304,"9,21E+18",9,7,72,163,2021,8,12,4,3,2,6,0,0,1,0,0,0,0,"641252,286596","5347541,33312",10.903395761,48.26532052,0,2,#fc8d62,car
201306,"9,21E+18",9,1,62,0,2021,8,23,6,3,0,1,2,1,0,0,0,0,0,"689601,39843","5337560,16809",11.549860496,48.162987505,0,1,#66c2a5,bicycle
201308,"9,21E+18",9,1,62,0,2021,8,8,1,2,2,6,0,0,1,0,0,0,1,"689756,497861","5339781,57685",11.552935753,48.182907205,0,2,#fc8d62,car
201311,"9,21E+18",9,1,63,0,2021,8,17,6,3,0,6,0,0,0,0,1,0,0,"734857,482399","5302391,45985",12.138388241,47.831944081,0,4,#e78ac3,marker
201312,"9,21E+18",9,7,61,0,2021,8,20,5,3,0,1,1,1,1,0,0,0,0,"640495,708085","5357624,26659",10.896564406,48.356152221,0,1,#66c2a5,bicycle
201318,"9,21E+18",9,1,74,115,2021,8,17,7,3,5,3,0,0,1,0,0,0,0,"680969,530409","5347480,0919",11.43811728,48.254670572,0,2,#fc8d62,car
201322,"9,21E+18",9,7,77,121,2021,8,18,2,2,4,1,0,0,1,0,0,0,0,"630238,90136","5323802,85341",10.747795252,48.054207172,0,2,#fc8d62,car
201324,"9,21E+18",9,1,62,0,2021,8,16,4,3,5,2,0,1,1,0,0,0,0,"690082,636809","5336736,29508",11.555957674,48.155438863,0,1,#66c2a5,bicycle
201325,"9,21E+18",9,1,75,132,2021,8,9,7,2,3,1,0,1,0,0,0,1,0,"707719,264877","5331579,43248",11.790316561,48.103582457,0,1,#66c2a5,bicycle
201326,"9,21E+18",9,1,62,0,2021,8,13,5,3,0,6,0,0,1,0,0,0,1,"696787,297532","5330725,16701",11.643238841,48.099375275,0,2,#fc8d62,car
201336,"9,21E+18",9,1,62,0,2021,8,18,3,3,1,6,1,0,1,0,0,0,0,"693823,437146","5340290,169",11.60782515,48.186250576,0,2,#fc8d62,car
201337,"9,21E+18",9,1,90,139,2021,8,17,6,3,2,6,0,0,1,0,0,0,0,"653659,967437","5294465,04101",11.051450435,47.785206332,0,2,#fc8d62,car
201338,"9,21E+18",9,7,72,163,2021,8,16,7,2,2,7,0,0,1,0,0,0,0,"640465,884466","5349261,48944",10.893376454,48.280962766,0,2,#fc8d62,car
201340,"9,21E+18",9,7,78,203,2021,8,13,1,2,0,7,0,1,1,0,0,0,0,"623028,052555","5324601,16253",10.651298756,48.062817698,0,1,#66c2a5,bicycle
201342,"9,21E+18",9,7,71,130,2021,8,22,6,3,8,7,2,1,0,0,0,0,0,"646235,025601","5357379,97444",10.973908229,48.352652664,0,1,#66c2a5,bicycle
201348,"9,21E+18",9,1,87,177,2021,8,20,7,3,0,1,0,1,0,0,0,0,0,"736123,482332","5304575,87075",12.156470691,47.851104877,0,1,#66c2a5,bicycle
201349,"9,21E+18",9,1,62,0,2021,8,21,7,3,9,7,2,0,1,0,0,0,0,"697173,796001","5335234,081",11.650509661,48.139779072,1,2,#fc8d62,car
201350,"9,21E+18",9,1,78,124,2021,8,14,6,3,0,6,0,1,0,0,0,0,0,"704866,353669","5363121,43098",11.76729967,48.387953697,0,1,#66c2a5,bicycle
201352,"9,21E+18",9,1,62,0,2021,8,11,4,3,0,7,0,1,0,0,0,0,0,"691536,711001","5336674,002",11.575461517,48.154442714,0,1,#66c2a5,bicycle
201355,"9,21E+18",9,1,62,0,2021,8,11,7,3,0,1,0,1,0,0,0,0,0,"695458,368204","5335609,1729",11.627647437,48.143679454,0,1,#66c2a5,bicycle
201357,"9,21E+18",9,1,62,0,2021,8,15,6,3,5,3,0,0,1,0,0,0,0,"690437,194561","5342513,01606",11.56330923,48.207253363,0,2,#fc8d62,car
201361,"9,21E+18",9,7,61,0,2021,8,9,3,3,5,3,0,1,0,0,0,0,0,"641683,390853","5362415,61676",10.914202779,48.398968609,0,1,#66c2a5,bicycle
201364,"9,21E+18",9,1,62,0,2021,8,15,1,1,6,4,0,0,0,1,0,0,1,"691813,424411","5335639,85238",11.578712371,48.145064559,0,3,#8da0cb,toilet
201366,"9,21E+18",9,7,71,130,2021,8,11,4,2,0,7,0,0,1,0,0,0,0,"647993,243","5358420,466",10.997991987,48.361598303,0,2,#fc8d62,car
201369,"9,21E+18",9,1,77,139,2021,8,1,7,3,0,1,2,0,0,0,1,0,0,"731471,845656","5359484,92469",12.124157373,48.346086971,0,4,#e78ac3,marker
201371,"9,21E+18",9,1,62,0,2021,8,10,3,3,1,6,0,0,1,0,0,0,1,"694008,040684","5331228,55362",11.606177139,48.104751822,0,2,#fc8d62,car
201373,"9,21E+18",9,1,78,124,2021,8,22,3,3,5,3,2,1,1,0,0,0,0,"702773,737689","5365559,34406",11.740244002,48.410537536,0,1,#66c2a5,bicycle
201374,"9,21E+18",9,1,62,0,2021,8,23,5,3,0,7,2,1,1,0,0,0,0,"691966,137904","5335632,80068",11.580760091,48.144955118,0,1,#66c2a5,bicycle
201375,"9,21E+18",9,1,62,0,2021,8,13,7,3,5,3,0,0,1,1,0,0,0,"688539,148787","5335687,0065",11.534759429,48.146467185,0,2,#fc8d62,car
201377,"9,21E+18",9,7,77,158,2021,8,7,5,3,4,1,0,0,1,0,0,0,0,"620396,307","5308259,314",10.611406839,47.916347294,1,2,#fc8d62,car
201381,"9,21E+18",9,1,82,125,2021,8,10,3,3,2,6,0,0,1,0,0,0,1,"712192,926644","5296718,21874",11.833150086,47.788838681,0,2,#fc8d62,car
201387,"9,21E+18",9,1,62,0,2021,8,12,3,3,2,6,0,0,1,0,0,0,0,"687119,262916","5343630,17787",11.519187441,48.218281278,0,2,#fc8d62,car
201388,"9,21E+18",9,1,62,0,2021,8,14,5,3,6,6,0,1,0,1,0,0,0,"690341,537943","5333899,98936",11.55816759,48.129868767,0,1,#66c2a5,bicycle
201389,"9,21E+18",9,1,62,0,2021,8,17,7,3,0,7,0,0,0,0,0,0,1,"690869,88269","5335545,02616",11.56599825,48.14449605,0,6,#ffd92f,circle
201390,"9,21E+18",9,1,73,126,2021,8,14,6,2,0,7,0,1,1,0,0,0,0,"684669,72879","5305705,27283",11.469878162,47.878103815,0,1,#66c2a5,bicycle
201393,"9,21E+18",9,1,62,0,2021,8,18,6,3,5,3,0,1,1,0,0,0,0,"700104,898043","5332645,19134",11.688650785,48.115597571,0,1,#66c2a5,bicycle
201399,"9,21E+18",9,2,61,0,2021,8,19,1,3,5,3,0,0,1,0,0,0,0,"732449,59967","5382733,89219",12.15023782,48.554571692,0,2,#fc8d62,car
201400,"9,21E+18",9,1,79,123,2021,8,21,5,3,1,6,2,0,1,0,0,0,0,"676003,596001","5333407,12",11.365441044,48.129564617,0,2,#fc8d62,car
201401,"9,21E+18",9,1,62,0,2021,8,14,4,3,3,2,0,1,1,0,0,0,0,"691293,544943","5331894,84944",11.57004944,48.111561314,0,1,#66c2a5,bicycle
201402,"9,21E+18",9,1,77,117,2021,8,14,7,3,0,1,0,1,0,0,0,0,0,"715136,382587","5355091,00761",11.901741687,48.312381262,0,1,#66c2a5,bicycle
201403,"9,21E+18",9,1,62,0,2021,8,18,5,3,6,4,0,1,0,1,0,0,0,"691028,244426","5334441,41981",11.567630001,48.134529393,1,1,#66c2a5,bicycle
201404,"9,21E+18",9,7,61,0,2021,8,8,4,3,2,1,0,0,1,0,0,1,0,"640742,060621","5352359,08364",10.898129464,48.308754325,0,2,#fc8d62,car
201405,"9,21E+18",9,7,61,0,2021,8,20,6,3,5,3,1,1,1,0,0,0,0,"640785,620577","5359236,90421",10.901015425,48.370587937,0,1,#66c2a5,bicycle
201406,"9,21E+18",9,7,72,209,2021,8,16,1,2,0,1,0,1,0,0,0,0,0,"636612,689782","5337119,72284",10.837552619,48.172624933,1,1,#66c2a5,bicycle
201412,"9,21E+18",9,1,88,117,2021,8,15,4,2,0,3,0,1,0,0,1,0,0,"662962,863998","5314522,04647",11.183124432,47.963250048,0,1,#66c2a5,bicycle
201414,"9,21E+18",9,1,62,0,2021,8,18,7,3,2,6,0,1,1,0,0,0,0,"689580,601835","5330651,23717",11.546506972,48.100895735,0,1,#66c2a5,bicycle
201415,"9,21E+18",9,1,75,115,2021,8,19,3,3,0,1,0,1,0,0,0,0,0,"721309,057344","5329565,95167",11.971579535,48.080916543,0,1,#66c2a5,bicycle
201421,"9,21E+18",9,7,61,0,2021,8,1,7,3,0,1,2,1,0,0,0,0,0,"640807,415318","5356734,55781",10.900472144,48.348082814,0,1,#66c2a5,bicycle
201423,"9,21E+18",9,7,61,0,2021,8,7,7,3,8,1,0,0,0,0,1,0,0,"639538,074206","5358141,54254",10.883816046,48.361015791,0,4,#e78ac3,marker
201424,"9,21E+18",9,1,62,0,2021,8,20,4,3,0,7,1,0,0,0,0,0,1,"692759,949808","5339561,14567",11.593200823,48.180021934,0,6,#ffd92f,circle
201425,"9,21E+18",9,1,62,0,2021,8,18,6,3,0,1,0,0,0,0,0,0,1,"693238,756438","5334195,9326",11.597198894,48.131655688,0,6,#ffd92f,circle
201426,"9,21E+18",9,1,62,0,2021,8,20,5,3,0,1,0,0,0,0,1,0,0,"693427,186075","5335225,02202",11.60019604,48.140847599,1,4,#e78ac3,marker
201427,"9,21E+18",9,1,86,143,2021,8,15,6,2,0,2,0,0,1,0,0,0,1,"684781,77263","5378042,40825",11.502871499,48.528265385,0,2,#fc8d62,car
201429,"9,21E+18",9,1,62,0,2021,8,17,2,2,4,6,0,1,0,0,0,0,0,"693513,131439","5337378,73546",11.602329298,48.160178318,1,1,#66c2a5,bicycle
201430,"9,21E+18",9,7,61,0,2021,8,11,5,3,5,3,0,1,0,0,0,0,0,"639486,750732","5361970,5998",10.884394234,48.395456958,0,1,#66c2a5,bicycle
201431,"9,21E+18",9,7,78,116,2021,8,15,6,3,0,1,0,1,0,0,0,0,0,"619531,97528","5318422,31695",10.602668607,48.007912304,0,1,#66c2a5,bicycle
201434,"9,21E+18",9,1,62,0,2021,8,22,3,3,0,1,2,0,0,0,1,0,0,"693982,787717","5331048,19428",11.605756283,48.103138495,0,4,#e78ac3,marker
201435,"9,21E+18",9,1,87,142,2021,8,15,6,3,0,1,0,1,0,0,0,0,0,"734602,475334","5313319,77043",12.140920764,47.930215608,0,1,#66c2a5,bicycle
201438,"9,21E+18",9,1,62,0,2021,8,17,1,3,0,1,0,1,0,0,0,0,0,"692575,590768","5335037,93636",11.588675797,48.139424426,1,1,#66c2a5,bicycle
201439,"9,21E+18",9,1,78,124,2021,8,8,5,3,0,6,0,1,0,0,0,0,0,"702864,275092","5364320,65487",11.740867447,48.399377243,0,1,#66c2a5,bicycle
201441,"9,21E+18",9,1,62,0,2021,8,8,6,3,5,3,0,0,1,0,0,0,0,"692159,259065","5330402,3945",11.580996095,48.097886716,0,2,#fc8d62,car
201447,"9,21E+18",9,1,62,0,2021,8,13,4,3,2,6,0,0,1,0,1,0,0,"686650,945016","5330296,85183",11.507039279,48.098575337,0,2,#fc8d62,car
201448,"9,21E+18",9,1,62,0,2021,8,22,4,3,1,5,2,1,1,0,0,0,0,"691364,952412","5336234,15314",11.572956643,48.150541117,0,1,#66c2a5,bicycle
201450,"9,21E+18",9,1,79,145,2021,8,16,6,2,0,1,0,1,0,0,0,0,0,"674061,494427","5335681,44658",11.340291999,48.150543639,0,1,#66c2a5,bicycle
201452,"9,21E+18",9,7,61,0,2021,8,7,6,3,0,1,0,0,1,0,0,0,0,"636721,461336","5355328,63054",10.844897941,48.336338444,0,2,#fc8d62,car
201454,"9,21E+18",9,1,62,0,2021,8,16,2,3,5,2,0,1,1,0,0,0,0,"689404,661711","5336081,59871",11.546559235,48.149756701,1,1,#66c2a5,bicycle
201457,"9,21E+18",9,7,61,0,2021,8,9,7,3,6,7,0,0,1,1,0,0,0,"640282,647","5358801,199",10.894082346,48.366782213,0,2,#fc8d62,car
201459,"9,21E+18",9,1,62,0,2021,8,15,3,3,2,6,0,0,1,0,0,0,1,"688695,992875","5337850,25024",11.53782524,48.165864152,0,2,#fc8d62,car
201463,"9,21E+18",9,1,62,0,2021,8,17,6,3,0,5,0,1,1,0,0,0,0,"693447,094879","5335201,98227",11.600452918,48.140634473,0,1,#66c2a5,bicycle
201465,"9,21E+18",9,1,85,158,2021,8,0,2,3,8,1,2,0,1,0,0,0,0,"660094,748941","5380777,22497",11.169805498,48.559633699,0,2,#fc8d62,car
201469,"9,21E+18",9,1,87,150,2021,8,10,7,3,4,6,0,0,1,0,0,0,0,"729192,394252","5304411,50708",12.063868697,47.852136782,0,2,#fc8d62,car
201470,"9,21E+18",9,1,84,135,2021,8,13,1,2,0,7,0,1,0,0,0,0,0,"692513,014608","5344639,06183",11.592185563,48.225735369,0,1,#66c2a5,bicycle
201471,"9,21E+18",9,1,87,116,2021,8,17,5,3,0,1,0,1,0,0,0,0,0,"748107,183467","5329846,9714",12.330972445,48.073579353,0,1,#66c2a5,bicycle
201475,"9,21E+18",9,1,78,145,2021,8,18,7,3,5,3,0,1,1,0,0,0,0,"697419,994828","5354804,22655",11.662930559,48.315582262,1,1,#66c2a5,bicycle
201476,"9,21E+18",9,1,73,134,2021,8,12,7,3,0,1,0,1,0,0,0,0,0,"688784,44988","5299495,74775",11.522146786,47.821091826,0,1,#66c2a5,bicycle
201478,"9,21E+18",9,1,62,0,2021,8,11,3,3,2,6,0,1,1,0,0,0,0,"688310,876567","5337378,8356",11.532442244,48.16174121,0,1,#66c2a5,bicycle
201481,"9,21E+18",9,7,61,0,2021,8,1,7,3,6,4,2,0,1,1,0,0,0,"640784,563378","5359249,13283",10.901005252,48.370698128,0,2,#fc8d62,car
201482,"9,21E+18",9,7,71,130,2021,8,12,1,3,7,7,0,0,0,0,0,0,1,"647046,083","5358563,416",10.985262767,48.363104917,0,6,#ffd92f,circle
201484,"9,21E+18",9,1,88,139,2021,8,14,6,2,0,1,0,1,0,0,0,0,0,"675566,58299","5319348,73774",11.353800356,48.003308005,0,1,#66c2a5,bicycle
201487,"9,21E+18",9,7,61,0,2021,8,10,3,3,3,6,0,0,1,0,0,0,1,"641303,293736","5359221,5991",10.907996352,48.370334628,0,2,#fc8d62,car
201488,"9,21E+18",9,1,88,137,2021,8,10,3,2,0,1,0,1,0,0,0,0,0,"673002,217996","5315234,28991",11.317792159,47.967018888,0,1,#66c2a5,bicycle
201490,"9,21E+18",9,1,84,142,2021,8,9,2,3,0,7,0,1,0,0,0,0,1,"683265,125001","5317031,39",11.455928434,47.980317145,0,1,#66c2a5,bicycle
201491,"9,21E+18",9,1,62,0,2021,8,7,4,3,5,3,0,1,1,0,0,0,0,"694530,955827","5342674,87427",11.618426888,48.207466801,0,1,#66c2a5,bicycle
201492,"9,21E+18",9,7,61,0,2021,8,12,4,3,5,3,0,0,1,0,0,1,0,"643201,189424","5362159,09033",10.934609298,48.396319168,0,2,#fc8d62,car
201493,"9,21E+18",9,1,62,0,2021,8,13,6,3,0,1,0,1,0,0,0,0,0,"691479,76416","5337116,3272",11.574895643,48.158435413,0,1,#66c2a5,bicycle
201494,"9,21E+18",9,1,62,0,2021,8,20,5,3,3,2,2,1,1,0,0,0,0,"694512,054096","5334952,24568",11.61463938,48.138065283,0,1,#66c2a5,bicycle
201496,"9,21E+18",9,1,84,145,2021,8,13,6,3,4,6,0,0,1,0,0,0,0,"695705,120453","5324521,35447",11.625878794,48.043951149,0,2,#fc8d62,car
201498,"9,21E+18",9,1,62,0,2021,8,22,2,3,5,3,2,0,1,0,0,0,0,"687901,756763","5330408,21376",11.523871987,48.099208681,1,2,#fc8d62,car
201502,"9,21E+18",9,1,83,118,2021,8,13,6,2,0,7,0,0,0,0,0,1,0,"745137,989728","5337745,13264",12.295715886,48.145669653,1,5,#a6d854,bus
201503,"9,21E+18",9,7,61,0,2021,8,10,6,2,0,7,0,1,0,0,0,0,0,"640563,57941","5358852,42414",10.897890425,48.367180313,0,1,#66c2a5,bicycle
201504,"9,21E+18",9,1,78,124,2021,8,10,4,3,0,6,0,1,0,0,0,0,0,"703876,491632","5363989,39236",11.75436613,48.396074022,0,1,#66c2a5,bicycle
201509,"9,21E+18",9,1,82,123,2021,8,12,7,2,0,1,0,1,0,0,0,0,0,"714162,217012","5298296,25604",11.860188662,47.8023677,0,1,#66c2a5,bicycle
201511,"9,21E+18",9,1,62,0,2021,8,22,1,3,5,7,2,1,1,0,0,0,0,"695395,593369","5331238,84437",11.624801118,48.104420264,0,1,#66c2a5,bicycle
201514,"9,21E+18",9,7,71,122,2021,8,9,5,3,5,3,0,1,0,0,0,0,1,"651584,887216","5360900,25894",11.047343388,48.383041619,0,1,#66c2a5,bicycle
201515,"9,21E+18",9,1,74,143,2021,8,14,7,3,0,6,0,1,0,0,0,0,0,"674338,030354","5354027,18721",11.351555282,48.31538251,0,1,#66c2a5,bicycle
201516,"9,21E+18",9,7,72,163,2021,8,10,1,3,2,6,0,1,0,0,0,0,0,"639678,379121","5347910,22496",10.882320921,48.268986577,0,1,#66c2a5,bicycle
201520,"9,21E+18",9,7,71,112,2021,8,16,6,3,4,6,0,0,1,0,0,0,0,"647317,90692","5365330,36513",10.991303993,48.423884096,0,2,#fc8d62,car
201521,"9,21E+18",9,1,88,132,2021,8,12,7,3,0,1,0,0,1,0,1,0,0,"665763,545","5324544,901",11.224488064,48.052640454,0,2,#fc8d62,car
201524,"9,21E+18",9,1,88,121,2021,8,0,1,3,9,1,2,0,1,0,0,0,0,"671888,483","5330080,183",11.308841158,48.100781112,1,2,#fc8d62,car
201525,"9,21E+18",9,1,62,0,2021,8,14,2,3,2,6,0,1,0,0,0,0,0,"686781,137687","5336995,82231",11.511722438,48.158749811,0,1,#66c2a5,bicycle
201526,"9,21E+18",9,1,62,0,2021,8,9,7,3,2,6,0,0,1,0,0,0,1,"696103,414979","5335223,80092",11.636132165,48.140017457,0,2,#fc8d62,car
201527,"9,21E+18",9,1,62,0,2021,8,18,6,3,0,1,0,1,0,0,0,0,0,"688810,980124","5330552,12222",11.536135843,48.100233396,0,1,#66c2a5,bicycle
201528,"9,21E+18",9,1,78,116,2021,8,15,6,3,0,1,0,0,0,0,1,0,0,"701902,197049","5381901,74349",11.736374423,48.557673108,0,4,#e78ac3,marker
201531,"9,21E+18",9,1,87,165,2021,8,18,1,3,4,6,0,0,1,0,0,0,0,"733309,811002","5297822,91399",12.115280378,47.79146274,1,2,#fc8d62,car
201534,"9,21E+18",9,1,81,130,2021,8,16,7,3,0,1,0,1,0,0,0,0,0,"639684,641154","5322557,31293",10.874081868,48.041009193,0,1,#66c2a5,bicycle
201535,"9,21E+18",9,7,73,182,2021,8,0,1,2,0,1,2,1,0,0,0,0,0,"624924,003619","5379514,56162",10.692995711,48.556274777,0,1,#66c2a5,bicycle
201538,"9,21E+18",9,1,88,139,2021,8,14,3,3,5,3,0,0,1,0,1,0,0,"674920,327619","5318815,5156",11.344926251,47.998691677,0,2,#fc8d62,car
201539,"9,21E+18",9,1,62,0,2021,8,7,5,3,4,3,0,1,1,0,0,0,0,"694791,42712","5330856,39016",11.61651941,48.101167915,0,1,#66c2a5,bicycle
201540,"9,21E+18",9,1,62,0,2021,8,18,4,3,5,2,0,1,1,0,0,0,0,"691847,406609","5340398,73091",11.581315539,48.187826122,0,1,#66c2a5,bicycle
201544,"9,21E+18",9,1,62,0,2021,8,18,6,3,5,2,0,1,1,0,0,0,0,"691562,164001","5332852,113",11.574084598,48.120084387,0,1,#66c2a5,bicycle
201545,"9,21E+18",9,1,81,130,2021,8,16,1,3,0,1,0,1,0,0,0,0,0,"637322,575253","5324804,63576",10.843129534,48.061730578,1,1,#66c2a5,bicycle
201546,"9,21E+18",9,1,74,126,2021,8,13,3,3,0,1,0,1,0,0,0,0,0,"683385,431321","5343966,2179",11.469113136,48.222391842,0,1,#66c2a5,bicycle
201548,"9,21E+18",9,7,72,163,2021,8,12,7,3,1,5,0,1,1,0,0,0,0,"640891,563976","5344473,78152",10.897516608,48.237817895,0,1,#66c2a5,bicycle
201549,"9,21E+18",9,7,61,0,2021,8,17,2,3,5,3,0,1,1,0,0,0,0,"639344,821673","5361116,77826",10.88219466,48.387811022,0,1,#66c2a5,bicycle
201550,"9,21E+18",9,7,61,0,2021,8,17,7,2,4,1,0,0,1,0,1,0,0,"640820,66384","5359132,43016",10.901453354,48.369640725,0,2,#fc8d62,car
201553,"9,21E+18",9,1,62,0,2021,8,18,3,3,0,7,0,1,0,0,0,0,0,"689344,68805","5331859,81666",11.543877683,48.11182877,1,1,#66c2a5,bicycle
201554,"9,21E+18",9,2,74,113,2021,8,13,6,3,2,6,0,0,1,0,0,0,0,"729559,712381","5382912,59577",12.11123213,48.557241313,0,2,#fc8d62,car
201555,"9,21E+18",9,7,61,0,2021,8,9,7,3,5,3,0,1,1,0,0,0,0,"642808,16374","5358472,07019",10.92804998,48.363256511,0,1,#66c2a5,bicycle
201556,"9,21E+18",9,7,61,0,2021,8,16,4,3,2,6,0,0,1,0,0,0,0,"639119,506","5359147,038",10.87850095,48.370149351,0,2,#fc8d62,car
201557,"9,21E+18",9,7,71,130,2021,8,9,5,3,5,2,0,1,1,0,0,0,0,"645632,663","5357459,982",10.965810092,48.353511235,0,1,#66c2a5,bicycle
201563,"9,21E+18",9,7,61,0,2021,8,18,5,3,2,1,0,0,1,0,0,0,0,"639928,86584","5357993,58001",10.889039692,48.359598857,0,2,#fc8d62,car
201564,"9,21E+18",9,1,81,130,2021,8,5,7,2,8,1,1,0,1,0,0,0,0,"637003,193067","5323670,27096",10.838481796,48.051598518,0,2,#fc8d62,car
201566,"9,21E+18",9,1,74,135,2021,8,11,1,3,0,7,0,1,0,0,0,0,0,"662718,484393","5353038,8738",11.194567807,48.309594253,0,1,#66c2a5,bicycle
201567,"9,21E+18",9,1,78,143,2021,8,12,5,3,5,3,0,1,1,0,0,0,0,"716593,925568","5372543,87241",11.930371828,48.468694882,0,1,#66c2a5,bicycle
201570,"9,21E+18",9,1,90,130,2021,8,20,6,3,0,1,0,0,0,0,1,0,0,"648741,646961","5296102,63522",10.986390739,47.801086239,0,4,#e78ac3,marker
201575,"9,21E+18",9,1,88,120,2021,8,12,1,3,5,4,0,0,1,1,0,0,0,"677299,606807","5326579,92656",11.380007605,48.067833574,0,2,#fc8d62,car
201576,"9,21E+18",9,1,62,0,2021,8,12,2,3,4,2,0,1,1,0,0,0,0,"688480,901715","5338100,94107",11.535046468,48.168181196,0,1,#66c2a5,bicycle
201577,"9,21E+18",9,1,62,0,2021,8,1,7,3,5,2,2,0,1,0,0,0,1,"693635,372433","5333345,8007",11.602137596,48.123894426,0,2,#fc8d62,car
201578,"9,21E+18",9,1,62,0,2021,8,15,4,3,0,7,0,0,1,1,0,0,0,"683083,466024","5340859,53897",11.463710815,48.194554582,0,2,#fc8d62,car
201579,"9,21E+18",9,1,62,0,2021,8,17,6,3,4,2,0,0,1,0,0,0,0,"693985,694653","5336086,49554",11.608088368,48.148420177,0,2,#fc8d62,car
201580,"9,21E+18",9,1,62,0,2021,8,9,5,3,0,1,0,1,0,0,0,0,0,"692002,643273","5335217,72072",11.581063185,48.141213437,1,1,#66c2a5,bicycle
201582,"9,21E+18",9,2,61,0,2021,8,10,6,3,5,3,0,1,1,0,0,0,0,"732483,609453","5381850,96616",12.150205168,48.546628021,0,1,#66c2a5,bicycle
201583,"9,21E+18",9,1,84,138,2021,8,18,7,3,0,1,0,1,0,0,0,0,0,"683302,759001","5330786,45",11.462321186,48.103948158,0,1,#66c2a5,bicycle
201584,"9,21E+18",9,7,72,125,2021,8,15,4,3,0,7,0,1,0,0,0,0,0,"635435,525142","5347371,92961",10.825001969,48.265067631,0,1,#66c2a5,bicycle
201585,"9,21E+18",9,1,79,121,2021,8,18,3,3,0,7,0,1,0,0,0,0,0,"666912,104944","5337741,8038",11.245053647,48.170982738,0,1,#66c2a5,bicycle
201587,"9,21E+18",9,1,62,0,2021,8,19,6,3,2,6,0,0,1,0,0,0,0,"689860,611409","5331939,65109",11.550837623,48.112392747,0,2,#fc8d62,car
201588,"9,21E+18",9,1,62,0,2021,8,14,5,3,4,6,0,1,0,0,0,0,0,"692313,536348","5337759,46661",11.586386596,48.163964184,0,1,#66c2a5,bicycle
201591,"9,21E+18",9,1,62,0,2021,8,2,3,2,1,7,2,0,0,0,1,0,1,"693481,712306","5335720,62228",11.601153429,48.145285318,0,4,#e78ac3,marker
201593,"9,21E+18",9,7,61,0,2021,8,17,7,3,0,7,0,0,0,1,0,0,1,"643662,337622","5358739,24417",10.939666559,48.365464986,0,3,#8da0cb,toilet
201599,"9,21E+18",9,2,61,0,2021,8,15,2,3,2,6,0,0,1,0,0,0,0,"732199,610993","5381586,20716",12.146215409,48.544354925,0,2,#fc8d62,car
201600,"9,21E+18",9,1,90,157,2021,8,17,4,3,0,7,0,1,0,0,0,0,0,"660924,46216","5301379,46638",11.150933913,47.845601087,0,1,#66c2a5,bicycle
201603,"9,21E+18",9,1,73,126,2021,8,16,7,3,8,1,0,0,1,0,0,0,0,"684970,649274","5306386,15843",11.474190559,47.884137667,0,2,#fc8d62,car
201606,"9,21E+18",9,1,62,0,2021,8,11,3,3,5,3,0,0,1,0,1,0,0,"689432,479524","5341504,7535",11.549349558,48.198491762,0,2,#fc8d62,car
201607,"9,21E+18",9,1,79,123,2021,8,10,6,3,6,7,0,0,1,1,0,0,0,"675466,382276","5331657,69507",11.3575073,48.113986714,0,2,#fc8d62,car
201608,"9,21E+18",9,7,77,130,2021,8,18,7,3,0,1,0,1,0,0,0,0,0,"625554,852244","5309080,1348",10.680658818,47.922739915,0,1,#66c2a5,bicycle