OBJECTID,UIDENTSTLA,ULAND,UREGBEZ,UKREIS,UGEMEINDE,UJAHR,UMONAT,USTUNDE,UWOCHENTAG,UKATEGORIE,UART,UTYP1,ULICHTVERH,IstRad,IstPKW,IstFuss,IstKrad,IstGkfz,IstSonstig,LINREFX,LINREFY,XGCSWGS84,YGCSWGS84,STRZUSTAN,Teilnehmer,color,symbol
201611,"9,21E+18",9,7,61,0,2021,8,13,5,2,0,1,0,0,0,0,0,0,1,"639697,532071","5357546,91266",10.885770162,48.355633767,0,6,#ffd92f,circle
201613,"9,21E+18",9,1,86,151,2021,8,12,7,3,5,3,0,0,1,0,0,0,0,"681459,161963","5374973,1717",11.456575367,48.501648096,0,2,#fc8d62,car
201614,"9,21E+18",9,1,62,0,2021,8,1,1,3,0,7,2,0,0,0,0,0,1,"692917,711658","5334251,70356",11.592913774,48.132254332,0,6,#ffd92f,circle
201619,"9,21E+18",9,1,77,133,2021,8,18,5,3,0,6,0,1,0,0,0,0,0,"711030,036993","5353909,11446",11.845836353,48.303144606,0,1,#66c2a5,bicycle
201626,"9,21E+18",9,7,73,143,2021,8,17,4,2,5,3,0,0,0,0,1,0,1,"624770,80084","5376843,17355",10.69012017,48.532283063,0,4,#e78ac3,marker
201630,"9,21E+18",9,1,84,123,2021,8,12,7,3,0,7,0,1,0,1,0,0,0,"703379,573655","5332003,78942",11.732292718,48.108796129,0,1,#66c2a5,bicycle
201634,"9,21E+18",9,1,62,0,2021,8,21,5,3,0,7,2,0,0,0,0,0,1,"698379,337467","5333557,41671",11.665916376,48.124335815,0,6,#ffd92f,circle
201638,"9,21E+18",9,1,62,0,2021,8,19,6,3,2,6,0,0,1,0,1,0,0,"690879,122567","5339126,2627",11.567729222,48.176681056,0,2,#fc8d62,car
201641,"9,21E+18",9,1,62,0,2021,8,18,3,3,3,2,0,1,1,0,0,0,0,"692301,401284","5337525,29951",11.586117701,48.161863218,0,1,#66c2a5,bicycle
201642,"9,21E+18",9,1,84,145,2021,8,20,3,3,2,6,0,1,0,0,0,0,0,"693681,380552","5324549,91952",11.598767224,48.044825031,0,1,#66c2a5,bicycle
201643,"9,21E+18",9,7,71,130,2021,8,10,5,3,5,3,0,1,1,0,0,0,0,"646293,173918","5357816,01811",10.974844206,48.356559787,0,1,#66c2a5,bicycle
201648,"9,21E+18",9,1,62,0,2021,8,12,6,3,0,7,0,1,0,0,0,0,0,"683075,701865","5335573,65324",11.461330323,48.14704411,0,1,#66c2a5,bicycle
201651,"9,21E+18",9,1,62,0,2021,8,10,2,3,2,2,0,0,1,0,1,0,0,"693602,459657","5335159,62342",11.602519952,48.140206512,0,2,#fc8d62,car
201652,"9,21E+18",9,2,61,0,2021,8,12,1,3,5,3,0,1,1,0,0,0,0,"734581,273731","5382081,34835",12.178713352,48.547916666,0,1,#66c2a5,bicycle
201653,"9,21E+18",9,1,84,118,2021,8,15,2,3,6,4,0,1,0,1,0,0,0,"703604,848671","5336657,5771",11.737539092,48.15054641,0,1,#66c2a5,bicycle
201654,"9,21E+18",9,1,62,0,2021,8,19,4,3,3,7,1,1,1,0,0,0,0,"692173,478232","5334373,43096",11.58297636,48.133573541,0,1,#66c2a5,bicycle
201655,"9,21E+18",9,1,62,0,2021,8,18,6,3,0,6,0,1,0,0,0,0,0,"687607,047001","5341224,7",11.524684324,48.196516546,0,1,#66c2a5,bicycle
201656,"9,21E+18",9,7,61,0,2021,8,15,5,3,0,1,0,1,0,0,0,0,0,"639532,93116","5358788,26595",10.883961172,48.3668321,0,1,#66c2a5,bicycle
201659,"9,21E+18",9,1,84,139,2021,8,12,7,2,0,1,0,1,0,0,0,0,0,"688899,399977","5327808,97449",11.536109039,48.075551173,0,1,#66c2a5,bicycle
201660,"9,21E+18",9,1,62,0,2021,8,9,2,3,0,7,0,1,0,0,0,0,0,"689695,457284","5331882,58738",11.548595624,48.111929063,0,1,#66c2a5,bicycle
201662,"9,21E+18",9,7,71,130,2021,8,17,7,3,5,3,0,0,1,0,0,0,0,"645631,809274","5357469,92686",10.965802016,48.353600849,0,2,#fc8d62,car
201665,"9,21E+18",9,7,61,0,2021,9,15,3,3,3,6,0,0,1,0,1,0,0,"640758,04864","5359245,40802",10.900646183,48.37067055,0,2,#fc8d62,car
201666,"9,21E+18",9,1,62,0,2021,8,17,6,2,5,7,0,1,0,0,0,0,1,"691083,958489","5334360,5168",11.568341792,48.133785517,0,1,#66c2a5,bicycle
201668,"9,21E+18",9,1,73,126,2021,8,17,3,3,3,2,0,0,1,0,0,0,0,"685057,386204","5303783,96954",11.474235246,47.860721634,0,2,#fc8d62,car
201669,"9,21E+18",9,1,62,0,2021,9,11,6,3,6,7,0,0,1,0,0,0,1,"691184,370953","5335194,0294",11.570064138,48.141246898,0,2,#fc8d62,car
201674,"9,21E+18",9,1,62,0,2021,9,18,7,3,5,2,0,1,1,0,0,0,0,"690322,630056","5335854,24554",11.558786999,48.147439255,0,1,#66c2a5,bicycle
201675,"9,21E+18",9,1,62,0,2021,8,17,3,3,0,1,0,0,0,0,0,0,1,"690668,438715","5338982,49263",11.564833533,48.175452115,0,6,#ffd92f,circle
201678,"9,21E+18",9,7,61,0,2021,8,5,5,3,5,3,1,0,1,0,0,0,0,"642940,638949","5362067,74261",10.931060319,48.395556938,0,2,#fc8d62,car
201679,"9,21E+18",9,1,88,121,2021,9,10,5,1,3,3,0,1,1,0,0,0,0,"670581,221335","5329928,88786",11.291235894,48.099772333,0,1,#66c2a5,bicycle
201682,"9,21E+18",9,1,62,0,2021,8,13,7,3,0,1,0,0,0,0,0,0,1,"690190,113865","5335242,11452",11.556733797,48.141977061,0,6,#ffd92f,circle
201684,"9,21E+18",9,7,77,151,2021,9,11,6,3,0,7,0,0,1,0,0,0,0,"621289,440853","5292813,60766",10.619025737,47.777263026,0,2,#fc8d62,car
201685,"9,21E+18",9,7,73,182,2021,9,18,4,3,5,2,0,1,0,0,1,0,0,"624602,447","5379755,543",10.688712028,48.558505761,0,1,#66c2a5,bicycle
201686,"9,21E+18",9,7,61,0,2021,9,14,7,3,6,2,0,0,1,1,0,0,0,"640152,617476","5359105,26146",10.892429026,48.369545135,0,2,#fc8d62,car
201687,"9,21E+18",9,1,62,0,2021,8,20,2,3,6,2,1,0,1,1,0,0,0,"684881,137428","5334487,8418",11.485108208,48.136762152,0,2,#fc8d62,car
201688,"9,21E+18",9,7,71,122,2021,9,13,1,2,1,6,0,0,0,0,1,0,0,"651728,456","5361316,764",11.049431574,48.386751827,0,4,#e78ac3,marker
201689,"9,21E+18",9,1,62,0,2021,9,17,2,3,5,3,0,1,1,0,0,0,0,"689144,19574","5336387,63916",11.543196834,48.152584921,0,1,#66c2a5,bicycle
201691,"9,21E+18",9,7,61,0,2021,8,18,7,3,0,7,0,1,0,0,0,0,0,"639133,900968","5360224,4076",10.879051774,48.379833621,1,1,#66c2a5,bicycle
201692,"9,21E+18",9,1,79,142,2021,9,0,5,3,0,7,2,1,0,0,0,0,0,"674698,707648","5342605,3754",11.351698766,48.212610373,0,1,#66c2a5,bicycle
201695,"9,21E+18",9,7,61,0,2021,9,18,3,3,3,1,0,0,1,0,1,0,0,"638891,526048","5356079,17558",10.874411775,48.342613947,0,2,#fc8d62,car
201699,"9,21E+18",9,7,78,116,2021,9,16,2,2,5,3,0,1,1,0,0,0,0,"619349,215567","5319214,05495",10.600439548,48.015067077,0,1,#66c2a5,bicycle
201700,"9,21E+18",9,1,62,0,2021,8,15,6,3,5,3,0,0,1,0,0,0,0,"693664,66072","5332447,40722",11.602122684,48.115811019,0,2,#fc8d62,car
201701,"9,21E+18",9,7,61,0,2021,9,13,1,3,5,3,0,1,1,0,0,0,0,"639225,633947","5360798,19154",10.880480065,48.384972698,0,1,#66c2a5,bicycle
201702,"9,21E+18",9,2,74,126,2021,8,17,4,2,2,2,0,1,0,0,0,0,0,"733819,097188","5384630,84183",12.169833871,48.571102084,0,1,#66c2a5,bicycle
201706,"9,21E+18",9,1,62,0,2021,9,6,6,3,4,1,0,1,1,0,0,0,0,"682841,962059","5341495,91986",11.460738141,48.200344313,0,1,#66c2a5,bicycle
201708,"9,21E+18",9,1,75,132,2021,8,9,2,2,0,7,0,1,0,0,0,0,0,"706623,460488","5331859,40657",11.77575002,48.10645474,0,1,#66c2a5,bicycle
201709,"9,21E+18",9,1,63,0,2021,9,16,5,3,5,3,0,1,1,0,0,0,0,"733821,159803","5303977,75878",12.125417922,47.846572986,0,1,#66c2a5,bicycle
201710,"9,21E+18",9,1,88,121,2021,8,8,2,3,0,1,0,1,0,0,0,0,0,"670945,216483","5330327,3636",11.296280604,48.103256994,1,1,#66c2a5,bicycle
201713,"9,21E+18",9,7,71,130,2021,9,19,5,3,3,2,0,1,1,0,0,0,0,"646278,27767","5357810,16038",10.974641206,48.35651057,0,1,#66c2a5,bicycle
201714,"9,21E+18",9,1,62,0,2021,9,23,2,2,0,5,2,1,0,0,1,0,0,"691629,122089","5335203,25898",11.576040757,48.141196061,0,1,#66c2a5,bicycle
201717,"9,21E+18",9,1,62,0,2021,8,3,7,2,5,2,2,0,0,0,1,1,0,"690667,477001","5335206,556",11.563128437,48.14151459,1,4,#e78ac3,marker
201718,"9,21E+18",9,1,62,0,2021,9,2,4,2,0,1,2,0,0,0,0,0,1,"690928,596202","5334816,88802",11.566460304,48.13793398,0,6,#ffd92f,circle
201720,"9,21E+18",9,1,62,0,2021,9,7,4,2,0,1,0,1,0,0,0,0,0,"688083,00209","5337789,84288",11.52956259,48.165502855,0,1,#66c2a5,bicycle
201724,"9,21E+18",9,1,88,139,2021,9,16,2,2,4,6,0,1,1,0,0,0,0,"677321,63296","5321568,063",11.378226926,48.022774059,0,1,#66c2a5,bicycle
201725,"9,21E+18",9,7,71,141,2021,9,17,2,2,4,6,0,0,1,0,0,0,0,"652277,73007","5378553,87783",11.063119753,48.541592079,0,2,#fc8d62,car
201729,"9,21E+18",9,1,62,0,2021,8,10,7,3,0,7,0,0,0,0,0,0,1,"689175,670959","5336151,86863",11.543514818,48.150456437,1,6,#ffd92f,circle
201731,"9,21E+18",9,7,61,0,2021,9,12,6,2,0,1,0,1,0,0,0,0,0,"643640,075496","5356212,55196",10.938503854,48.342751368,0,1,#66c2a5,bicycle
201734,"9,21E+18",9,1,79,121,2021,8,10,3,3,5,3,0,1,1,0,0,0,0,"667675,222088","5340321,75081",11.256327897,48.193975387,1,1,#66c2a5,bicycle
201735,"9,21E+18",9,1,81,144,2021,9,14,2,3,0,7,0,1,0,0,0,0,0,"656366,848974","5319646,47661",11.096689796,48.010969857,1,1,#66c2a5,bicycle
201738,"9,21E+18",9,1,84,148,2021,9,9,4,2,5,2,0,1,1,0,0,0,0,"694490,834458","5327094,87584",11.610773517,48.067452388,0,1,#66c2a5,bicycle
201739,"9,21E+18",9,1,62,0,2021,8,22,4,3,0,1,2,1,0,0,0,0,0,"694185,553506","5334317,27175",11.60996583,48.132458091,0,1,#66c2a5,bicycle
201741,"9,21E+18",9,7,61,0,2021,9,18,3,2,6,4,0,1,0,1,0,0,0,"640225,601317","5358980,32676",10.893372282,48.36840555,0,1,#66c2a5,bicycle
201742,"9,21E+18",9,1,62,0,2021,8,21,3,3,5,3,1,1,0,0,0,0,0,"684741,683291","5329041,84646",11.480876684,48.087851005,0,1,#66c2a5,bicycle
201748,"9,21E+18",9,1,62,0,2021,9,14,5,3,0,1,0,1,0,0,0,0,0,"692579,893653","5334824,68665",11.588637156,48.137506484,0,1,#66c2a5,bicycle
201753,"9,21E+18",9,1,90,157,2021,9,14,4,3,5,3,0,0,1,0,1,0,0,"660328,662167","5300985,83075",11.14283032,47.842210737,0,2,#fc8d62,car
201754,"9,21E+18",9,1,62,0,2021,8,16,1,3,4,7,0,0,1,0,0,0,0,"689160,116807","5336915,20126",11.543645199,48.15732195,0,2,#fc8d62,car
201758,"9,21E+18",9,1,79,149,2021,9,21,1,3,8,1,2,0,0,0,1,0,0,"655199,17583","5329742,45594",11.084706282,48.102028902,0,4,#e78ac3,marker
201759,"9,21E+18",9,1,77,115,2021,8,18,4,2,8,1,0,1,0,0,0,0,0,"734977,992604","5355779,84122",12.169339753,48.311510466,0,1,#66c2a5,bicycle
201760,"9,21E+18",9,7,61,0,2021,9,19,5,3,5,5,0,1,1,0,0,0,0,"641282,402606","5355312,93166",10.906402458,48.335193963,0,1,#66c2a5,bicycle
201761,"9,21E+18",9,1,75,113,2021,9,14,3,3,0,1,0,1,0,0,0,0,0,"716147,985727","5314858,00062",11.894959546,47.950526629,0,1,#66c2a5,bicycle
201762,"9,21E+18",9,1,75,132,2021,8,7,6,3,0,1,0,1,0,0,0,0,0,"705925,102671","5331682,52961",11.766294378,48.105091348,1,1,#66c2a5,bicycle
201763,"9,21E+18",9,1,62,0,2021,9,17,3,3,5,3,0,1,1,0,0,0,0,"690013,743623","5337383,68345",11.555321382,48.161278166,0,1,#66c2a5,bicycle
201764,"9,21E+18",9,1,62,0,2021,8,9,7,2,5,3,0,1,1,0,0,0,0,"691869,938862","5334749,15686",11.579070049,48.13704209,0,1,#66c2a5,bicycle
201768,"9,21E+18",9,1,62,0,2021,9,10,4,3,5,2,0,1,1,0,0,0,0,"691539,033529","5332851,65069",11.573773903,48.12008719,0,1,#66c2a5,bicycle
201770,"9,21E+18",9,1,62,0,2021,9,13,7,3,5,3,0,1,0,0,0,0,0,"694443,394602","5329553,42662",11.6112561,48.089563599,0,1,#66c2a5,bicycle
201772,"9,21E+18",9,1,78,120,2021,9,10,2,3,0,1,0,1,0,0,0,0,0,"694679,107093","5352833,5786",11.625091231,48.29872124,0,1,#66c2a5,bicycle
201775,"9,21E+18",9,1,73,120,2021,8,17,4,3,3,6,0,1,1,0,0,0,0,"683305,294412","5312277,12999",11.454439969,47.937569691,0,1,#66c2a5,bicycle
201782,"9,21E+18",9,7,72,125,2021,8,17,2,3,5,3,0,1,1,0,0,0,0,"636200,247076","5347519,87976",10.835348814,48.266234054,0,1,#66c2a5,bicycle
201784,"9,21E+18",9,1,74,126,2021,8,17,4,3,5,3,0,1,1,0,0,0,0,"683706,616406","5344198,84108",11.473534214,48.224389845,0,1,#66c2a5,bicycle
201789,"9,21E+18",9,1,62,0,2021,8,10,4,3,6,7,0,0,0,1,0,0,1,"686935,314072","5337981,87837",11.514227004,48.167567433,0,3,#8da0cb,toilet
201791,"9,21E+18",9,1,62,0,2021,9,17,3,3,0,7,0,0,0,0,0,0,1,"692618,394155","5340972,60798",11.59193848,48.192750631,0,6,#ffd92f,circle
201797,"9,21E+18",9,7,61,0,2021,9,9,1,3,0,7,0,1,0,0,0,0,0,"640545,017468","5359294,04845",10.897787538,48.371155385,0,1,#66c2a5,bicycle
201799,"9,21E+18",9,1,90,157,2021,9,15,6,3,0,7,0,1,0,0,0,0,0,"661078,255236","5301138,43674",11.152898311,47.843395453,0,1,#66c2a5,bicycle
201803,"9,21E+18",9,1,62,0,2021,9,13,6,3,3,6,0,1,0,0,0,0,1,"682638,969265","5338105,90131",11.45655141,48.169931173,0,1,#66c2a5,bicycle
201805,"9,21E+18",9,1,86,151,2021,8,16,1,2,0,1,0,1,0,0,0,0,0,"682082,660111","5374607,49607",11.464848652,48.498180999,1,1,#66c2a5,bicycle
201806,"9,21E+18",9,2,74,126,2021,9,22,5,3,5,3,2,1,1,0,0,0,0,"733373,609506","5384343,24746",12.16364278,48.568684752,0,1,#66c2a5,bicycle
201810,"9,21E+18",9,1,84,130,2021,8,16,3,2,8,1,0,1,0,0,0,0,0,"702119,767698","5346204,43274",11.722139014,48.236815083,0,1,#66c2a5,bicycle
201812,"9,21E+18",9,1,63,0,2021,9,12,3,3,6,2,0,0,1,1,0,0,1,"733736,601939","5305111,6524",12.124901938,47.856790663,0,2,#fc8d62,car
201815,"9,21E+18",9,1,77,137,2021,9,18,4,3,0,1,0,1,0,0,0,0,0,"732701,880606","5344409,98287",12.132435329,48.210213113,0,1,#66c2a5,bicycle
201816,"9,21E+18",9,1,62,0,2021,8,19,7,3,0,1,0,1,0,0,0,0,0,"686140,798254","5334856,30476",11.502184472,48.139706828,1,1,#66c2a5,bicycle
201817,"9,21E+18",9,1,62,0,2021,9,7,4,3,5,3,0,0,1,0,1,0,0,"694439,03398","5333304,10488",11.61290683,48.123274748,0,2,#fc8d62,car
201818,"9,21E+18",9,1,62,0,2021,8,19,4,3,5,3,0,1,0,0,0,0,0,"691350,385372","5332949,55771",11.571285566,48.121023891,0,1,#66c2a5,bicycle
201821,"9,21E+18",9,7,71,130,2021,9,12,7,3,0,1,0,1,0,0,0,0,0,"646402,394089","5357119,99274",10.976075585,48.350276319,0,1,#66c2a5,bicycle
201828,"9,21E+18",9,1,62,0,2021,9,10,3,3,0,6,0,1,0,0,0,0,0,"691833,522611","5335712,52044",11.579015026,48.145711628,0,1,#66c2a5,bicycle
201832,"9,21E+18",9,7,72,125,2021,9,15,4,3,5,3,0,0,1,0,1,0,0,"636200,076763","5347514,16036",10.835344679,48.266182661,0,2,#fc8d62,car
201836,"9,21E+18",9,1,62,0,2021,9,16,7,2,8,7,0,1,0,0,0,0,0,"691048,307767","5333192,67223",11.567339557,48.123299702,0,1,#66c2a5,bicycle
201839,"9,21E+18",9,1,63,0,2021,9,17,3,3,5,3,0,1,1,0,0,0,0,"733980,829026","5304297,25018",12.127721624,47.849385212,0,1,#66c2a5,bicycle
201840,"9,21E+18",9,1,63,0,2021,8,15,6,3,5,3,0,1,1,0,0,0,0,"733326,893002","5305273,73099",12.119520236,47.858395656,1,1,#66c2a5,bicycle
201842,"9,21E+18",9,1,62,0,2021,9,5,6,3,9,7,2,0,1,0,0,0,0,"690684,042863","5340511,94689",11.565729589,48.189193972,0,2,#fc8d62,car
201844,"9,21E+18",9,1,62,0,2021,8,22,7,3,0,6,2,1,0,0,0,0,0,"689237,925011","5340293,9427",11.546194391,48.187667019,1,1,#66c2a5,bicycle
201848,"9,21E+18",9,1,62,0,2021,9,12,7,3,2,6,0,0,1,0,0,0,0,"686525,078683","5336331,50469",11.507991328,48.15285388,0,2,#fc8d62,car
201849,"9,21E+18",9,1,84,119,2021,8,11,2,3,0,7,0,0,0,0,1,0,0,"695343,337001","5347686,175",11.631659575,48.252255568,0,4,#e78ac3,marker
201850,"9,21E+18",9,1,62,0,2021,9,21,1,2,5,3,2,0,1,0,1,0,0,"690148,555398","5334740,67981",11.555951826,48.137482585,0,2,#fc8d62,car
201851,"9,21E+18",9,1,87,145,2021,9,7,3,3,9,1,1,0,1,0,0,0,0,"747446,743003","5313511,51199",12.312703664,47.927109325,0,2,#fc8d62,car
201852,"9,21E+18",9,1,75,115,2021,9,18,4,2,0,1,0,1,0,0,0,0,0,"721184,776524","5328251,58038",11.969232964,48.069150074,0,1,#66c2a5,bicycle
201854,"9,21E+18",9,1,62,0,2021,9,15,4,3,5,3,0,1,1,0,0,0,0,"692166,404188","5330342,53316",11.581065016,48.097346534,0,1,#66c2a5,bicycle
201857,"9,21E+18",9,1,62,0,2021,9,18,3,3,0,1,0,0,0,0,1,0,0,"687023,507641","5328679,10783",11.51132991,48.083925186,0,4,#e78ac3,marker
201858,"9,21E+18",9,1,62,0,2021,9,0,6,3,0,7,2,0,0,0,0,0,1,"691570,497378","5336214,4067",11.575708471,48.150301766,0,6,#ffd92f,circle
201863,"9,21E+18",9,1,62,0,2021,9,12,7,3,1,7,0,1,1,0,0,0,0,"691966,579633","5333439,86381",11.579777834,48.125245217,0,1,#66c2a5,bicycle
201864,"9,21E+18",9,1,81,130,2021,8,15,3,3,2,6,0,0,1,0,0,0,0,"639223,095575","5324340,02139",10.868472922,48.0571407,0,2,#fc8d62,car
201865,"9,21E+18",9,1,62,0,2021,9,18,1,3,5,2,0,0,1,0,1,0,0,"684489,273001","5333050,617",11.479223749,48.123957317,0,2,#fc8d62,car
201866,"9,21E+18",9,1,62,0,2021,9,17,2,3,5,2,0,1,1,0,0,0,0,"679571,235785","5335476,00721",11.414217743,48.147165314,0,1,#66c2a5,bicycle
201867,"9,21E+18",9,1,62,0,2021,9,7,4,3,6,7,0,1,0,1,0,0,0,"690166,212047","5336094,80108",11.556793677,48.149648144,0,1,#66c2a5,bicycle
201869,"9,21E+18",9,7,61,0,2021,8,16,1,3,5,3,0,0,1,0,0,0,0,"638823,134594","5361919,80581",10.875417337,48.395146681,0,2,#fc8d62,car
201870,"9,21E+18",9,1,62,0,2021,9,8,4,2,5,2,0,1,1,0,0,0,0,"696364,868615","5335941,01509",11.639973644,48.146382719,0,1,#66c2a5,bicycle
201871,"9,21E+18",9,1,62,0,2021,8,17,4,3,6,1,0,1,0,1,0,0,0,"692264,946446","5331418,62099",11.582871977,48.106988554,0,1,#66c2a5,bicycle
201873,"9,21E+18",9,1,82,120,2021,9,14,4,3,0,1,0,0,0,0,0,0,1,"701595,812147","5306221,84614",11.696249946,47.877656195,0,6,#ffd92f,circle
201876,"9,21E+18",9,7,62,0,2021,8,15,2,3,5,3,0,0,1,0,0,0,1,"622447,311243","5305429,88237",10.638043117,47.890511952,0,2,#fc8d62,car
201878,"9,21E+18",9,7,71,112,2021,8,20,7,3,9,1,2,0,1,0,0,0,0,"645175,828603","5366010,80196",10.962602853,48.430499361,1,2,#fc8d62,car
201882,"9,21E+18",9,7,61,0,2021,8,16,6,2,8,1,0,1,0,0,0,0,0,"639097,972345","5359146,5054",10.878210172,48.370149309,0,1,#66c2a5,bicycle
201883,"9,21E+18",9,1,87,182,2021,9,17,5,2,5,3,0,1,1,0,0,0,0,"738293,240853","5328072,01834",12.198443123,48.061376723,0,1,#66c2a5,bicycle
201885,"9,21E+18",9,1,79,142,2021,9,14,7,3,0,6,0,1,1,0,0,0,0,"672391,896536","5342677,52967",11.320701677,48.213889797,0,1,#66c2a5,bicycle
201887,"9,21E+18",9,1,62,0,2021,8,18,1,3,5,3,0,1,1,0,0,0,0,"693472,561379","5339584,71357",11.602788075,48.180017177,0,1,#66c2a5,bicycle
201890,"9,21E+18",9,1,88,126,2021,9,15,1,3,0,1,0,1,0,0,0,0,0,"659496,957788","5325485,64532",11.140805474,48.062695462,0,1,#66c2a5,bicycle
201891,"9,21E+18",9,1,87,150,2021,8,15,4,2,5,3,0,1,1,0,0,0,0,"729431,29132","5303949,38587",12.066812546,47.847899623,0,1,#66c2a5,bicycle
201894,"9,21E+18",9,1,63,0,2021,8,7,6,3,5,3,0,0,1,0,0,0,0,"733327,634938","5305277,73249",12.119532299,47.858431337,1,2,#fc8d62,car
201895,"9,21E+18",9,1,62,0,2021,9,8,4,2,5,2,0,1,1,0,0,1,0,"691204,2408","5335820,91899",11.570612475,48.146875346,0,1,#66c2a5,bicycle
201898,"9,21E+18",9,1,62,0,2021,8,17,7,3,5,3,0,0,1,0,0,0,0,"690319,82771","5335870,2341",11.55875651,48.147583799,0,2,#fc8d62,car
201902,"9,21E+18",9,1,62,0,2021,9,18,7,3,5,3,0,1,1,0,0,0,0,"701087,477882","5334615,12273",11.702767039,48.132991806,0,1,#66c2a5,bicycle
201904,"9,21E+18",9,1,62,0,2021,9,17,1,3,0,7,0,1,0,0,0,0,0,"689462,277758","5333929,66828",11.546375766,48.130397845,0,1,#66c2a5,bicycle
201906,"9,21E+18",9,1,77,118,2021,9,16,4,2,0,1,0,1,0,0,0,0,0,"705659,431978","5345091,17647",11.76921347,48.225673047,0,1,#66c2a5,bicycle
201908,"9,21E+18",9,1,62,0,2021,9,8,4,3,0,5,0,0,0,0,0,1,1,"689729,316109","5334895,56544",11.550391257,48.138999838,0,5,#a6d854,bus
201909,"9,21E+18",9,1,62,0,2021,8,12,4,3,5,2,0,1,0,0,0,0,0,"692263,619478","5338554,65436",11.586075503,48.17112623,0,1,#66c2a5,bicycle
201911,"9,21E+18",9,1,62,0,2021,9,12,3,3,6,7,0,0,1,1,0,0,0,"690747,940368","5342774,11252",11.567604931,48.209506754,0,2,#fc8d62,car
201914,"9,21E+18",9,2,61,0,2021,9,17,7,3,0,1,0,1,0,0,0,0,0,"733452,328483","5379532,41851",12.162012203,48.525441685,0,1,#66c2a5,bicycle
201921,"9,21E+18",9,7,78,116,2021,8,16,6,3,5,2,0,1,1,0,0,0,0,"619008,746689","5320055,52707",10.596109429,48.022698497,0,1,#66c2a5,bicycle
201922,"9,21E+18",9,1,79,134,2021,9,17,5,3,0,3,0,0,1,0,1,0,0,"667819,204475","5342744,63857",11.259222014,48.21571879,0,2,#fc8d62,car
201924,"9,21E+18",9,1,74,115,2021,9,15,7,3,0,1,0,1,0,0,0,0,0,"681809,226082","5348545,92243",11.449877371,48.264010504,0,1,#66c2a5,bicycle
201926,"9,21E+18",9,1,90,111,2021,8,13,1,3,5,3,0,1,0,0,0,0,1,"640667,038","5298224,003",10.879307285,47.821977932,0,1,#66c2a5,bicycle
201927,"9,21E+18",9,1,63,0,2021,9,14,5,3,5,3,0,1,0,0,0,0,0,"731958,21643","5306490,97236",12.101902196,47.869827055,0,1,#66c2a5,bicycle
201930,"9,21E+18",9,2,61,0,2021,8,14,2,3,5,3,0,1,1,0,0,0,0,"731835,781244","5381712,08029",12.141363426,48.54562015,0,1,#66c2a5,bicycle
201934,"9,21E+18",9,1,63,0,2021,9,20,6,3,2,6,2,0,1,0,0,0,0,"731392,083792","5304111,84222",12.093070045,47.848656454,0,2,#fc8d62,car
201937,"9,21E+18",9,1,78,145,2021,9,19,5,3,5,3,1,1,0,0,0,1,0,"696448,592487","5354388,91143",11.649648849,48.31215229,0,1,#66c2a5,bicycle
201938,"9,21E+18",9,1,81,115,2021,9,10,7,2,1,7,0,1,1,0,0,0,0,"657487,451144","5327867,49741",11.114730248,48.084609783,0,1,#66c2a5,bicycle
201939,"9,21E+18",9,7,61,0,2021,9,18,4,2,0,7,0,0,0,0,0,0,1,"641719,543886","5359969,78008",10.913865853,48.376968621,0,6,#ffd92f,circle
201940,"9,21E+18",9,1,62,0,2021,8,16,1,3,3,3,0,1,1,0,0,0,0,"690719,257586","5338222,82858",11.565175643,48.16860909,1,1,#66c2a5,bicycle
201944,"9,21E+18",9,1,62,0,2021,8,7,3,3,5,3,0,1,1,0,0,0,0,"688069,740466","5334647,92808",11.527996084,48.137266693,0,1,#66c2a5,bicycle
201946,"9,21E+18",9,1,62,0,2021,9,23,2,3,0,7,2,0,0,0,0,0,1,"692181,338308","5335581,84933",11.583627162,48.144432206,0,6,#ffd92f,circle
201949,"9,21E+18",9,1,62,0,2021,8,21,7,3,1,3,2,1,1,0,0,0,0,"690703,470785","5340293,4145",11.565892616,48.187224001,1,1,#66c2a5,bicycle
201953,"9,21E+18",9,1,62,0,2021,9,22,7,3,0,7,2,1,0,0,0,0,0,"691087,268001","5334216,936",11.56832183,48.132494029,0,1,#66c2a5,bicycle
201957,"9,21E+18",9,7,61,0,2021,8,15,7,3,3,3,0,1,1,0,0,0,0,"641491,821107","5353818,48044",10.908724932,48.321709492,0,1,#66c2a5,bicycle
201958,"9,21E+18",9,1,79,126,2021,9,16,5,3,4,2,0,1,1,0,0,0,0,"676111,085546","5341303,98788",11.370154481,48.200521657,0,1,#66c2a5,bicycle
201961,"9,21E+18",9,1,62,0,2021,9,19,3,3,5,3,1,1,1,0,0,0,0,"690864,705389","5335285,633",11.56581245,48.142166196,0,1,#66c2a5,bicycle
201963,"9,21E+18",9,1,62,0,2021,8,17,3,3,3,2,0,1,1,0,0,0,0,"692825,903311","5335368,21519",11.59218657,48.142317085,0,1,#66c2a5,bicycle
201965,"9,21E+18",9,7,61,0,2021,8,9,2,3,9,1,0,0,0,0,1,0,0,"641415,011098","5359255,12742",10.909515259,48.370611079,1,4,#e78ac3,marker