OBJECTID,UIDENTSTLA,ULAND,UREGBEZ,UKREIS,UGEMEINDE,UJAHR,UMONAT,USTUNDE,UWOCHENTAG,UKATEGORIE,UART,UTYP1,ULICHTVERH,IstRad,IstPKW,IstFuss,IstKrad,IstGkfz,IstSonstig,LINREFX,LINREFY,XGCSWGS84,YGCSWGS84,STRZUSTAN,Teilnehmer,color,symbol
202765,"9,21E+18",9,1,79,123,2021,9,17,7,3,1,7,0,0,1,0,0,0,0,"676691,787664","5334069,81486",11.374956768,48.135331075,0,2,#fc8d62,car
202766,"9,21E+18",9,7,77,158,2021,9,17,4,3,5,3,0,0,1,0,0,0,0,"620383,885108","5308257,03652",10.611240014,47.916329143,0,2,#fc8d62,car
202772,"9,21E+18",9,1,78,143,2021,9,14,3,2,0,1,0,1,0,0,0,0,0,"718844,941765","5372549,54405",11.960787436,48.467966815,0,1,#66c2a5,bicycle
202775,"9,21E+18",9,1,62,0,2021,9,20,7,3,0,7,2,0,0,0,0,0,1,"691340,762562","5334990,85559",11.57207301,48.139373783,0,6,#ffd92f,circle
202776,"9,21E+18",9,1,62,0,2021,9,13,4,3,5,3,0,1,0,0,0,0,1,"687677,001116","5334608,3954",11.522704854,48.137027314,0,1,#66c2a5,bicycle
202777,"9,21E+18",9,1,62,0,2021,9,17,4,3,0,7,0,1,0,0,0,0,0,"688208,918357","5332505,31483",11.528918758,48.117967289,0,1,#66c2a5,bicycle
202779,"9,21E+18",9,7,61,0,2021,9,22,1,3,4,2,2,0,1,0,0,0,0,"638483,431205","5359328,23784",10.869976612,48.371918556,0,2,#fc8d62,car
202782,"9,21E+18",9,7,62,0,2021,9,10,3,3,1,6,0,0,1,1,0,0,0,"621094,220418","5304040,45693",10.619559944,47.878272529,0,2,#fc8d62,car
202783,"9,21E+18",9,1,62,0,2021,9,16,2,3,0,5,0,1,1,0,0,0,0,"680177,101971","5335548,2882",11.422386271,48.147643722,0,1,#66c2a5,bicycle
202784,"9,21E+18",9,1,62,0,2021,9,17,5,3,3,2,0,1,1,0,0,0,0,"690984,375429","5333205,20869",11.566486934,48.12343156,0,1,#66c2a5,bicycle
202787,"9,21E+18",9,1,62,0,2021,9,19,7,3,3,2,0,1,0,0,0,0,1,"690444,536001","5330255,51",11.557923084,48.097081282,0,1,#66c2a5,bicycle
202789,"9,21E+18",9,1,62,0,2021,9,16,6,3,6,7,0,1,0,1,0,0,0,"686209,129328","5334428,78022",11.502915194,48.135844084,0,1,#66c2a5,bicycle
202798,"9,21E+18",9,1,81,128,2021,9,18,4,2,6,4,0,0,1,1,0,0,0,"638575,651838","5327512,68989",10.860817152,48.085811314,0,2,#fc8d62,car
202801,"9,21E+18",9,1,82,116,2021,9,15,2,3,8,1,0,1,0,0,0,0,0,"707818,539065","5294409,43974",11.773711087,47.769515851,0,1,#66c2a5,bicycle
202802,"9,21E+18",9,7,61,0,2021,9,13,5,3,0,1,0,1,0,0,0,0,0,"640781,799496","5355251,02417",10.899630721,48.334749038,1,1,#66c2a5,bicycle
202803,"9,21E+18",9,1,62,0,2021,9,15,4,3,1,6,0,1,1,0,0,0,0,"688384,223916","5343007,81717",11.535923931,48.212313214,0,1,#66c2a5,bicycle
202804,"9,21E+18",9,1,84,123,2021,9,16,7,3,0,7,0,1,1,0,0,0,0,"702135,724237","5334259,7024",11.716671271,48.129465654,0,1,#66c2a5,bicycle
202805,"9,21E+18",9,1,82,136,2021,9,9,7,2,5,3,0,0,1,0,0,0,0,"702838,709001","5300653,772",11.710243234,47.827222682,0,2,#fc8d62,car
202806,"9,21E+18",9,1,62,0,2021,9,17,3,3,4,6,0,1,0,0,0,0,1,"693317,13451","5332356,00556",11.59741679,48.115095112,0,1,#66c2a5,bicycle
202808,"9,21E+18",9,1,84,149,2021,9,16,5,3,5,3,0,0,1,0,0,0,0,"692221,309101","5349745,91067",11.590580561,48.271722123,0,2,#fc8d62,car
202809,"9,21E+18",9,7,71,113,2021,9,2,1,3,9,7,2,0,1,0,0,0,0,"658311,737","5372617,087",11.142559824,48.486726328,0,2,#fc8d62,car
202810,"9,21E+18",9,1,62,0,2021,9,19,7,3,4,2,2,1,1,0,0,0,0,"681086,181775","5335419,75453",11.434542279,48.146230213,0,1,#66c2a5,bicycle
202811,"9,21E+18",9,1,84,131,2021,9,19,4,3,0,1,1,1,0,0,0,0,0,"703951,378566","5339104,80397",11.743366041,48.172427677,1,1,#66c2a5,bicycle
202814,"9,21E+18",9,7,61,0,2021,9,17,1,3,0,7,0,1,0,0,0,0,0,"639927,928686","5359962,07681",10.889682014,48.377299218,0,1,#66c2a5,bicycle
202815,"9,21E+18",9,1,62,0,2021,9,18,5,3,1,5,1,1,1,0,0,0,0,"690792,269683","5334053,96631",11.56428803,48.131117764,0,1,#66c2a5,bicycle
202816,"9,21E+18",9,1,79,118,2021,9,12,6,3,5,3,0,1,1,0,0,0,0,"673134,391727","5337681,69198",11.32865169,48.168777885,0,1,#66c2a5,bicycle
202817,"9,21E+18",9,1,82,127,2021,9,21,3,2,0,1,2,1,0,0,0,0,0,"700001,802873","5310431,3627",11.676905782,47.915987762,0,1,#66c2a5,bicycle
202818,"9,21E+18",9,1,62,0,2021,9,12,7,3,0,1,0,0,0,0,1,0,0,"691530,613853","5334280,52272",11.574303005,48.13293228,0,4,#e78ac3,marker
202819,"9,21E+18",9,1,62,0,2021,9,9,3,3,3,2,0,1,0,0,0,0,1,"688417,709002","5336408,00769",11.533447575,48.15298363,0,1,#66c2a5,bicycle
202821,"9,21E+18",9,1,88,139,2021,9,18,1,2,0,7,0,0,0,0,1,0,0,"676583,971001","5322310,065",11.368647992,48.029648562,0,4,#e78ac3,marker
202822,"9,21E+18",9,7,61,0,2021,9,20,2,3,6,2,1,0,1,1,0,0,0,"639778,416812","5358718,67847",10.887250703,48.366152074,0,2,#fc8d62,car
202823,"9,21E+18",9,1,62,0,2021,9,13,1,3,4,2,0,0,1,0,1,0,0,"695814,999916","5334164,13732",11.631772292,48.130582583,0,2,#fc8d62,car
202824,"9,21E+18",9,7,61,0,2021,9,13,5,3,0,1,0,0,0,0,1,0,0,"641173,567144","5358051,708",10.90585304,48.359844433,1,4,#e78ac3,marker
202825,"9,21E+18",9,1,90,135,2021,9,16,5,3,0,1,0,1,0,0,0,0,0,"660719,148703","5294600,368",11.145677951,47.784700537,0,1,#66c2a5,bicycle
202828,"9,21E+18",9,1,77,123,2021,9,20,4,3,8,1,2,1,0,0,0,0,0,"727076,616578","5343723,26892",12.056458563,48.206080779,0,1,#66c2a5,bicycle
202832,"9,21E+18",9,1,62,0,2021,9,13,1,3,4,6,0,1,1,0,0,0,0,"696119,516452","5335941,40455",11.636678879,48.146461904,0,1,#66c2a5,bicycle
202835,"9,21E+18",9,7,61,0,2021,9,17,2,3,2,1,0,0,1,0,0,0,0,"638762,085302","5356814,71515",10.872908272,48.34925624,0,2,#fc8d62,car
202836,"9,21E+18",9,1,62,0,2021,9,8,5,3,5,3,0,0,1,0,0,0,1,"684922,41463","5333279,90342",11.485138245,48.125892598,0,2,#fc8d62,car
202839,"9,21E+18",9,1,87,150,2021,9,16,4,3,0,7,0,1,0,0,0,0,0,"728793,301868","5304150,44552",12.05840341,47.849933425,0,1,#66c2a5,bicycle
202845,"9,21E+18",9,1,62,0,2021,9,15,4,3,5,3,0,0,1,0,0,0,1,"692562,29781","5335303,65826",11.588617445,48.141816697,0,2,#fc8d62,car
202847,"9,21E+18",9,1,62,0,2021,9,22,6,2,0,7,2,1,0,0,0,0,0,"690243,815596","5333350,62885",11.556610338,48.124960319,0,1,#66c2a5,bicycle
202848,"9,21E+18",9,1,62,0,2021,9,19,3,3,1,7,2,0,1,0,1,0,0,"690435,570916","5336432,37354",11.560562509,48.152601645,0,2,#fc8d62,car
202849,"9,21E+18",9,1,62,0,2021,9,15,2,3,5,3,0,1,1,0,0,0,0,"692977,150431","5331847,1652",11.592623381,48.110624874,0,1,#66c2a5,bicycle
202850,"9,21E+18",9,1,62,0,2021,9,3,5,3,0,7,2,0,0,0,0,0,1,"690158,86836","5335243,30401",11.556314728,48.141997091,0,6,#ffd92f,circle
202852,"9,21E+18",9,1,62,0,2021,9,17,4,3,1,6,0,0,1,0,0,0,0,"686182,338503","5338545,47621",11.504356548,48.172854211,0,2,#fc8d62,car
202854,"9,21E+18",9,1,81,122,2021,9,10,7,3,9,1,0,0,1,0,0,0,0,"648850,244524","5332200,3576",11.00033749,48.125644249,0,2,#fc8d62,car
202856,"9,21E+18",9,7,77,151,2021,9,12,3,3,5,3,0,1,1,0,0,0,0,"619336,510343","5292453,3957",10.592868665,47.774387949,0,1,#66c2a5,bicycle
202857,"9,21E+18",9,7,61,0,2021,9,22,5,3,5,3,2,0,1,0,1,0,0,"638747,83452","5355542,07085",10.872296734,48.337815961,1,2,#fc8d62,car
202858,"9,21E+18",9,1,78,116,2021,9,17,6,3,5,3,0,0,1,0,0,0,0,"701737,198624","5381583,22278",11.733986512,48.554863963,0,2,#fc8d62,car
202859,"9,21E+18",9,1,62,0,2021,9,19,2,2,6,4,0,1,0,1,0,0,0,"701382,914385","5331797,5146",11.705402493,48.10757669,0,1,#66c2a5,bicycle
202860,"9,21E+18",9,7,72,163,2021,9,13,5,3,0,1,0,1,0,0,0,0,0,"639682,079687","5349280,56134",10.882823592,48.281307678,0,1,#66c2a5,bicycle
202862,"9,21E+18",9,1,87,165,2021,9,17,3,3,9,1,0,1,0,0,0,0,0,"732414,764454","5297523,33852",12.103186989,47.789094814,0,1,#66c2a5,bicycle
202865,"9,21E+18",9,1,77,134,2021,9,12,1,2,0,1,0,1,0,0,0,0,0,"714083,207087","5344257,09436",11.882072829,48.215392029,0,1,#66c2a5,bicycle
202870,"9,21E+18",9,1,62,0,2021,9,16,7,3,0,6,0,0,1,0,1,0,0,"689274,404287","5335486,3279",11.544545051,48.144445137,1,2,#fc8d62,car
202871,"9,21E+18",9,1,74,121,2021,9,15,7,3,0,7,0,1,0,0,0,0,0,"689059,896289","5354220,68326",11.550021178,48.312892104,0,1,#66c2a5,bicycle
202873,"9,21E+18",9,1,74,115,2021,9,18,4,2,0,6,0,1,0,0,0,0,0,"681249,88174","5348881,00863",11.442490927,48.267182726,1,1,#66c2a5,bicycle
202876,"9,21E+18",9,1,75,118,2021,9,6,2,3,8,1,0,0,1,0,0,0,0,"716044,298103","5338947,27087",11.905737836,48.167017193,0,2,#fc8d62,car
202878,"9,21E+18",9,1,62,0,2021,9,7,4,3,4,2,0,1,1,0,0,0,0,"679551,07111","5336826,6801",11.414516757,48.159312137,0,1,#66c2a5,bicycle
202879,"9,21E+18",9,1,79,123,2021,9,11,5,3,4,2,0,0,1,0,1,0,0,"675915,042984","5333685,05229",11.364366716,48.132087518,0,2,#fc8d62,car
202880,"9,21E+18",9,1,88,121,2021,9,2,7,3,0,1,2,1,0,0,0,0,0,"671331,227326","5330587,7718",11.301566059,48.105494307,0,1,#66c2a5,bicycle
202883,"9,21E+18",9,1,62,0,2021,9,12,3,3,5,3,0,0,1,0,0,0,0,"686812,83368","5334839,99103",11.511202121,48.139363246,0,2,#fc8d62,car
202884,"9,21E+18",9,7,71,122,2021,9,15,2,3,5,2,0,0,1,0,0,0,0,"651901,517","5361648,418",11.051887509,48.38969201,0,2,#fc8d62,car
202885,"9,21E+18",9,1,62,0,2021,9,8,5,3,3,6,0,1,0,0,0,0,1,"687457,962508","5335936,28786",11.520348137,48.149027304,0,1,#66c2a5,bicycle
202894,"9,21E+18",9,7,61,0,2021,9,15,7,3,6,7,0,0,1,1,0,0,0,"640297,214382","5358757,9155",10.894264483,48.366389783,0,2,#fc8d62,car
202895,"9,21E+18",9,1,84,121,2021,9,19,6,3,9,1,1,0,1,0,0,0,0,"707110,750491","5326859,28497",11.779864182,48.061363197,0,2,#fc8d62,car
202897,"9,21E+18",9,1,62,0,2021,9,17,3,3,6,4,0,1,0,1,0,0,0,"685603,158921","5333071,5424",11.494186938,48.123821646,0,1,#66c2a5,bicycle
202899,"9,21E+18",9,1,81,122,2021,9,19,6,3,7,1,1,0,1,1,0,0,0,"650790,685857","5332304,1524",11.026434206,48.126120799,0,2,#fc8d62,car
202905,"9,21E+18",9,7,62,0,2021,9,12,5,3,0,1,0,1,0,0,0,0,0,"621503,221497","5304556,59253",10.625173021,47.882837251,1,1,#66c2a5,bicycle
202906,"9,21E+18",9,1,62,0,2021,9,14,5,3,0,1,0,1,0,0,0,0,0,"684178,656347","5331373,8941",11.474329427,48.108975858,1,1,#66c2a5,bicycle
202910,"9,21E+18",9,1,87,117,2021,9,13,3,3,5,3,0,1,1,0,0,0,0,"724348,956602","5305580,40988",11.999820159,47.8643482,0,1,#66c2a5,bicycle
202911,"9,21E+18",9,1,79,145,2021,9,7,4,3,2,6,0,0,1,0,1,0,0,"675093,168128","5337747,95664",11.355001491,48.168837012,1,2,#fc8d62,car
202914,"9,21E+18",9,7,61,0,2021,9,12,2,3,0,2,0,0,1,0,0,0,1,"641720,68002","5359973,73074",10.913882519,48.377003889,0,2,#fc8d62,car
202915,"9,21E+18",9,1,75,135,2021,9,15,2,2,0,1,0,1,0,0,0,0,0,"709286,639693","5338783,01456",11.814883953,48.167801784,0,1,#66c2a5,bicycle
202918,"9,21E+18",9,7,72,184,2021,9,16,7,3,1,5,0,1,0,0,0,1,0,"635112,459375","5361989,97108",10.825337741,48.396583623,0,1,#66c2a5,bicycle
202919,"9,21E+18",9,1,62,0,2021,9,16,6,3,3,6,0,1,1,0,0,0,0,"690605,51558","5337301,98087",11.563234726,48.160366707,0,1,#66c2a5,bicycle
202920,"9,21E+18",9,1,62,0,2021,9,13,3,3,1,5,0,1,1,0,0,0,0,"679966,040753","5336027,9834",11.41975411,48.152015411,0,1,#66c2a5,bicycle
202921,"9,21E+18",9,7,61,0,2021,9,6,3,2,4,1,0,1,1,0,0,0,0,"639993,947017","5356247,45361",10.88933707,48.343883723,0,1,#66c2a5,bicycle
202926,"9,21E+18",9,1,62,0,2021,9,18,4,3,4,6,0,1,0,0,0,0,0,"689675,398822","5331903,78813",11.548335839,48.112125591,0,1,#66c2a5,bicycle
202931,"9,21E+18",9,7,78,116,2021,9,9,3,2,6,7,0,0,0,1,0,0,1,"619134,26239","5318234,90018",10.597286218,48.006300997,0,3,#8da0cb,toilet
202932,"9,21E+18",9,1,62,0,2021,9,17,2,3,5,2,0,0,1,0,0,0,0,"693373,674705","5330990,83822",11.597556855,48.102808155,0,2,#fc8d62,car
202933,"9,21E+18",9,1,62,0,2021,9,14,5,3,6,1,0,1,0,1,0,0,0,"689035,607455","5332256,77097",11.53990531,48.115488467,0,1,#66c2a5,bicycle
202936,"9,21E+18",9,7,77,152,2021,9,11,7,2,0,1,0,1,0,0,0,0,0,"624557,339232","5301285,29252",10.665063061,47.852831177,1,1,#66c2a5,bicycle
202938,"9,21E+18",9,1,62,0,2021,9,11,6,3,1,7,0,0,1,0,0,0,0,"690889,399846","5337345,60436",11.567067961,48.160673628,0,2,#fc8d62,car
202939,"9,21E+18",9,1,78,124,2021,9,12,1,3,5,3,0,1,1,0,0,0,0,"703896,158137","5363196,6772",11.754246736,48.388944197,0,1,#66c2a5,bicycle
202943,"9,21E+18",9,1,62,0,2021,9,13,5,3,5,3,0,0,1,0,0,0,0,"686521,601837","5334129,85841",11.506980223,48.133065761,1,2,#fc8d62,car
202947,"9,21E+18",9,1,88,118,2021,9,13,4,3,0,1,0,0,0,0,1,0,0,"670776,796127","5312342,83127",11.286854025,47.94162204,0,4,#e78ac3,marker
202949,"9,21E+18",9,1,87,122,2021,9,21,2,3,0,1,2,0,0,0,1,0,0,"719018,873231","5307202,97305",11.929470211,47.880767006,0,4,#e78ac3,marker
202950,"9,21E+18",9,1,62,0,2021,9,16,1,3,2,6,0,0,1,0,0,0,0,"684472,501885","5332864,01496",11.478917838,48.122284892,0,2,#fc8d62,car
202952,"9,21E+18",9,1,62,0,2021,9,7,4,2,0,7,0,0,0,0,0,0,1,"686222,760087","5335231,6325",11.503449278,48.143056429,0,6,#ffd92f,circle
202953,"9,21E+18",9,7,72,163,2021,9,10,7,3,6,7,0,0,0,1,0,0,1,"640253,419408","5349865,60261",10.890714743,48.286441957,0,3,#8da0cb,toilet
202954,"9,21E+18",9,1,62,0,2021,9,18,5,3,5,3,0,0,1,0,1,0,0,"692391,188807","5330161,42257",11.583999386,48.09565091,0,2,#fc8d62,car
202956,"9,21E+18",9,7,72,202,2021,9,15,5,3,0,7,0,1,0,0,0,0,0,"636935,155873","5357684,84406",10.848546246,48.357479137,0,1,#66c2a5,bicycle
202959,"9,21E+18",9,1,62,0,2021,9,1,3,2,0,1,2,0,0,0,0,0,1,"690233,815867","5336232,8375",11.557763367,48.150868597,0,6,#ffd92f,circle
202966,"9,21E+18",9,1,84,145,2021,9,15,7,3,0,1,0,1,0,0,0,0,0,"695044,64367","5324978,76647",11.617234836,48.048264356,1,1,#66c2a5,bicycle
202967,"9,21E+18",9,1,62,0,2021,9,10,6,3,1,6,0,0,1,0,0,0,0,"694485,648437","5334202,87269",11.613942711,48.131338289,0,2,#fc8d62,car
202972,"9,21E+18",9,7,61,0,2021,9,3,1,2,0,1,2,1,0,0,0,0,0,"639495,369249","5359649,78118",10.883740096,48.37458692,0,1,#66c2a5,bicycle
202973,"9,21E+18",9,1,87,182,2021,9,18,5,3,5,3,0,1,1,0,0,0,0,"738292,823389","5328072,82113",12.198437976,48.061384091,0,1,#66c2a5,bicycle
202974,"9,21E+18",9,1,62,0,2021,9,13,4,3,4,6,0,1,0,0,0,0,0,"689866,719265","5340143,72646",11.554578959,48.186129257,0,1,#66c2a5,bicycle
202976,"9,21E+18",9,1,62,0,2021,9,13,5,3,0,5,0,1,1,0,0,0,0,"689844,404522","5333663,49174",11.551387698,48.127891579,0,1,#66c2a5,bicycle
202980,"9,21E+18",9,7,72,149,2021,9,7,3,3,3,6,0,0,1,0,1,0,0,"635398,372227","5338907,09439",10.821797249,48.188957491,0,2,#fc8d62,car
202981,"9,21E+18",9,1,62,0,2021,9,8,2,3,0,1,0,1,0,0,0,0,0,"691981,10441","5334597,2947",11.580494296,48.135643651,1,1,#66c2a5,bicycle
202985,"9,21E+18",9,1,84,113,2021,9,12,7,2,0,1,0,1,0,0,0,0,0,"686532,254001","5322639,961",11.502106798,48.029786239,0,1,#66c2a5,bicycle
202992,"9,21E+18",9,1,90,157,2021,9,16,6,3,5,3,0,1,1,0,0,0,0,"660588,157688","5301540,88038",11.146502,47.847136482,0,1,#66c2a5,bicycle
203001,"9,21E+18",9,7,61,0,2021,9,10,4,3,0,7,0,0,1,0,0,0,0,"641016,793078","5358172,63561",10.903778325,48.360966807,0,2,#fc8d62,car
203002,"9,21E+18",9,1,62,0,2021,9,16,7,3,0,1,0,1,0,0,0,0,0,"691946,398616","5334979,83318",11.580200676,48.139092313,1,1,#66c2a5,bicycle
203003,"9,21E+18",9,1,87,117,2021,9,11,7,3,0,7,0,1,1,0,0,0,0,"726445,370344","5305869,71743",12.027963015,47.866212163,0,1,#66c2a5,bicycle
203005,"9,21E+18",9,7,78,116,2021,9,20,3,2,0,1,2,1,0,1,0,0,0,"619338,55","5317839,44852",10.599914072,48.002706326,0,1,#66c2a5,bicycle
203006,"9,21E+18",9,1,62,0,2021,9,8,2,3,1,5,0,1,1,0,0,0,0,"692050,983673","5334952,65665",11.581592805,48.138816499,1,1,#66c2a5,bicycle
203007,"9,21E+18",9,1,62,0,2021,9,19,5,3,5,2,1,1,1,0,0,0,0,"688571,392754","5332398,64731",11.533737135,48.116901305,0,1,#66c2a5,bicycle
203009,"9,21E+18",9,1,62,0,2021,9,7,4,2,0,2,0,1,1,0,0,0,0,"680367,692667","5336614,35301",11.425398092,48.157172437,0,1,#66c2a5,bicycle
203012,"9,21E+18",9,1,84,130,2021,9,11,1,3,2,6,0,0,1,0,0,0,0,"697643,842371","5343100,63288",11.660478791,48.21033164,0,2,#fc8d62,car
203014,"9,21E+18",9,7,72,202,2021,9,14,3,3,6,7,0,0,0,1,0,0,1,"636986,927386","5358801,30081",10.849608302,48.367507002,0,3,#8da0cb,toilet
203018,"9,21E+18",9,1,62,0,2021,9,2,3,3,1,7,2,0,1,0,0,0,1,"691935,322561","5333102,93411",11.579206512,48.122226363,0,2,#fc8d62,car
203022,"9,21E+18",9,1,73,112,2021,9,13,1,2,0,7,0,1,0,0,0,0,0,"691315,948946","5292747,43377",11.552958528,47.759686428,0,1,#66c2a5,bicycle
203023,"9,21E+18",9,1,62,0,2021,9,12,4,2,6,4,0,0,1,1,0,0,0,"692208,269592","5334609,29376",11.583549909,48.135682927,0,2,#fc8d62,car
203026,"9,21E+18",9,1,62,0,2021,9,19,1,3,0,7,1,1,0,0,0,0,0,"691243,484553","5334430,04366",11.57051494,48.134362502,0,1,#66c2a5,bicycle
203028,"9,21E+18",9,1,77,115,2021,9,10,3,3,6,4,0,0,1,1,0,0,0,"733493,004802","5351880,27368",12.147186331,48.27703001,0,2,#fc8d62,car
203031,"9,21E+18",9,2,61,0,2021,9,18,3,3,1,6,0,0,1,0,1,0,0,"731429,213876","5383009,70865",12.136584141,48.557426615,0,2,#fc8d62,car
203033,"9,21E+18",9,1,62,0,2021,9,7,3,3,3,6,0,1,0,0,0,0,0,"693226,896691","5334655,94492",11.597248301,48.135793752,0,1,#66c2a5,bicycle
203038,"9,21E+18",9,1,62,0,2021,9,8,5,3,3,2,0,0,1,0,0,0,1,"683358,26299","5335500,18491",11.465093881,48.146302349,1,2,#fc8d62,car
203041,"9,21E+18",9,1,62,0,2021,9,14,3,3,1,7,0,1,0,0,0,0,1,"689399,221696","5332164,6767",11.544744982,48.114552677,0,1,#66c2a5,bicycle
203043,"9,21E+18",9,2,61,0,2021,9,15,6,3,5,2,0,0,1,0,1,0,0,"728534,632396","5380881,35609",12.096245936,48.539368703,0,2,#fc8d62,car
203045,"9,21E+18",9,1,90,157,2021,9,19,2,3,0,1,1,1,0,0,0,0,0,"661461,479065","5300362,20475",11.157727009,47.836320175,0,1,#66c2a5,bicycle
203046,"9,21E+18",9,7,73,182,2021,9,7,5,2,5,3,0,1,0,0,0,0,1,"623564,976454","5380656,38079",10.674925203,48.566811832,1,1,#66c2a5,bicycle
203047,"9,21E+18",9,1,62,0,2021,9,17,4,3,0,1,0,1,0,0,0,0,0,"690643,872437","5338382,20937",11.564234225,48.170064202,0,1,#66c2a5,bicycle
203048,"9,21E+18",9,7,72,171,2021,9,10,7,3,0,1,0,1,0,0,0,0,0,"637918,974576","5369578,35024",10.865729468,48.464208746,0,1,#66c2a5,bicycle
203049,"9,21E+18",9,1,62,0,2021,9,13,6,3,5,3,0,1,1,0,0,0,0,"693991,207526","5330972,50576",11.605834858,48.102455665,0,1,#66c2a5,bicycle
203050,"9,21E+18",9,7,61,0,2021,9,17,4,3,2,6,0,0,1,0,0,0,0,"638034,193119","5359385,87071",10.863932701,48.372535201,0,2,#fc8d62,car
203051,"9,21E+18",9,1,62,0,2021,9,19,3,3,0,7,1,0,0,0,0,0,1,"684205,893985","5333228,13525",11.475496022,48.12563501,0,6,#ffd92f,circle
203052,"9,21E+18",9,7,71,130,2021,9,6,2,3,0,1,0,1,0,0,0,0,0,"646246,496482","5357195,57209",10.973998903,48.350991993,0,1,#66c2a5,bicycle
203054,"9,21E+18",9,1,84,148,2021,9,19,7,3,5,3,1,1,1,0,0,0,0,"694323,195734","5325847,72655",11.607958987,48.056294402,0,1,#66c2a5,bicycle
203055,"9,21E+18",9,1,73,126,2021,9,8,4,3,2,6,0,0,1,0,0,0,0,"685777,343721","5303507,86375",11.483733194,47.85803197,0,2,#fc8d62,car
203056,"9,21E+18",9,1,62,0,2021,9,14,6,3,5,3,0,1,0,0,0,0,1,"692084,065344","5334496,4074",11.581831287,48.134705825,0,1,#66c2a5,bicycle
203057,"9,21E+18",9,1,62,0,2021,9,18,1,2,0,1,0,1,0,0,0,0,0,"695091,820453","5338229,97533",11.623926657,48.167346422,0,1,#66c2a5,bicycle
203060,"9,21E+18",9,1,62,0,2021,9,7,5,3,0,7,0,1,0,0,0,0,0,"691949,185564","5334979,12269",11.580237779,48.139085087,1,1,#66c2a5,bicycle
203062,"9,21E+18",9,7,61,0,2021,9,21,5,3,1,5,2,1,1,0,0,0,0,"640673,933252","5358277,50551",10.899187305,48.361986253,0,1,#66c2a5,bicycle
203066,"9,21E+18",9,1,62,0,2021,9,11,6,3,5,3,0,0,1,0,0,0,0,"693584,009001","5329215,084",11.599574062,48.086784222,0,2,#fc8d62,car
203073,"9,21E+18",9,1,78,124,2021,9,9,7,3,2,6,0,1,1,0,0,0,0,"703379,734437","5364781,60308",11.748046693,48.403353379,0,1,#66c2a5,bicycle
203074,"9,21E+18",9,1,62,0,2021,9,8,3,3,1,5,0,1,1,0,0,0,0,"683592,364001","5334828,356",11.467948469,48.140196026,0,1,#66c2a5,bicycle
203075,"9,21E+18",9,1,62,0,2021,9,10,2,3,6,4,0,1,0,1,0,0,0,"691701,487032","5334646,8441",11.576762091,48.136173284,0,1,#66c2a5,bicycle
203078,"9,21E+18",9,1,62,0,2021,9,17,3,3,0,3,0,1,0,0,0,0,0,"694567,802556","5341059,26333",11.618181801,48.192935261,0,1,#66c2a5,bicycle
203085,"9,21E+18",9,1,62,0,2021,9,15,5,2,2,4,0,1,1,1,0,0,0,"691258,927421","5335121,08291",11.571032583,48.140568856,1,1,#66c2a5,bicycle
203088,"9,21E+18",9,1,86,143,2021,9,8,4,3,0,7,0,1,0,0,0,0,0,"684672,705321","5377294,09805",11.501064263,48.521571834,0,1,#66c2a5,bicycle
203091,"9,21E+18",9,2,61,0,2021,9,18,2,3,0,1,0,1,0,0,0,0,0,"732395,379597","5380579,54129",12.148302464,48.535239831,0,1,#66c2a5,bicycle
203093,"9,21E+18",9,2,74,126,2021,9,11,5,3,4,2,0,0,1,0,0,0,0,"733415,963785","5383031,65085",12.163480485,48.556887473,0,2,#fc8d62,car
203096,"9,21E+18",9,1,62,0,2021,9,20,6,3,0,6,2,1,0,0,0,0,0,"689024,052745","5341260,39843",11.543749856,48.196417209,0,1,#66c2a5,bicycle
203097,"9,21E+18",9,7,61,0,2021,9,17,4,3,5,3,0,0,1,0,1,0,0,"639698,576274","5357355,32523",10.885720656,48.353910829,1,2,#fc8d62,car
203098,"9,21E+18",9,1,84,114,2021,9,12,3,3,0,1,0,0,0,0,1,0,1,"700528,588371","5320463,07598",11.688625985,48.005981765,1,4,#e78ac3,marker
203099,"9,21E+18",9,1,62,0,2021,9,16,2,2,2,2,0,0,1,0,0,0,0,"697113,720287","5332106,13419",11.64825643,48.111685692,0,2,#fc8d62,car
203100,"9,21E+18",9,1,81,130,2021,9,16,6,3,8,1,0,0,1,0,0,0,0,"636566,207512","5320799,83796",10.831705369,48.025879753,0,2,#fc8d62,car
203101,"9,21E+18",9,7,61,0,2021,9,7,7,3,0,1,0,0,0,0,1,0,0,"641850,562091","5360090,56955",10.915674935,48.378025266,0,4,#e78ac3,marker
203107,"9,21E+18",9,1,62,0,2021,9,16,5,3,5,3,0,1,1,0,0,0,0,"690143,835547","5334853,68535",11.555938895,48.13849969,1,1,#66c2a5,bicycle
203111,"9,21E+18",9,1,62,0,2021,9,22,2,2,4,2,2,0,1,0,1,0,0,"686760,368205","5330253,39078",11.508488543,48.09815263,0,2,#fc8d62,car
203112,"9,21E+18",9,1,62,0,2021,9,12,3,3,0,7,0,0,0,0,0,0,1,"684232,85118","5333229,2699",11.475858432,48.125637408,0,6,#ffd92f,circle
203113,"9,21E+18",9,1,62,0,2021,9,20,6,3,2,6,2,0,1,0,0,0,1,"686226,878892","5333856,30293",11.502903299,48.130693245,0,2,#fc8d62,car