OBJECTID,UIDENTSTLA,ULAND,UREGBEZ,UKREIS,UGEMEINDE,UJAHR,UMONAT,USTUNDE,UWOCHENTAG,UKATEGORIE,UART,UTYP1,ULICHTVERH,IstRad,IstPKW,IstFuss,IstKrad,IstGkfz,IstSonstig,LINREFX,LINREFY,XGCSWGS84,YGCSWGS84,STRZUSTAN,Teilnehmer,color,symbol
203115,"9,21E+18",9,7,61,0,2021,9,12,2,3,5,3,0,1,1,0,0,0,0,"641782,939","5358750,982",10.914310516,48.365995466,0,1,#66c2a5,bicycle
203121,"9,21E+18",9,1,62,0,2021,9,14,6,3,1,7,0,1,1,0,0,0,0,"685671,907206","5339276,68373",11.497816882,48.179575882,0,1,#66c2a5,bicycle
203123,"9,21E+18",9,1,78,143,2021,9,17,4,3,2,6,0,0,1,0,0,0,0,"716748,225832","5373182,11379",11.932787292,48.474376113,0,2,#fc8d62,car
203125,"9,21E+18",9,1,62,0,2021,9,13,5,3,2,6,0,0,1,0,1,0,0,"697252,547232","5334078,18165",11.651031905,48.129366214,0,2,#fc8d62,car
203128,"9,21E+18",9,1,62,0,2021,9,14,4,2,0,7,0,0,0,0,0,0,1,"694319,688106","5336507,17684",11.612766036,48.152099147,0,6,#ffd92f,circle
203129,"9,21E+18",9,1,62,0,2021,9,13,4,3,0,7,0,1,0,0,0,0,0,"701819,863084","5331702,09036",11.711220571,48.10658084,0,1,#66c2a5,bicycle
203134,"9,21E+18",9,7,77,151,2021,9,8,3,2,5,3,0,1,1,0,0,0,0,"620707,684137","5292479,36814",10.611170475,47.774366139,0,1,#66c2a5,bicycle
203135,"9,21E+18",9,1,62,0,2021,9,9,2,3,0,7,0,0,0,0,0,0,1,"692163,575247","5330416,60008",11.581060402,48.098013093,0,6,#ffd92f,circle
203136,"9,21E+18",9,1,62,0,2021,9,1,5,3,0,7,2,0,0,0,0,0,1,"690505,876836","5334977,56706",11.560855877,48.13950485,0,6,#ffd92f,circle
203141,"9,21E+18",9,1,87,117,2021,9,10,2,2,5,3,0,1,0,0,0,0,0,"724175,898002","5305174,95499",11.997299227,47.86076556,0,1,#66c2a5,bicycle
203142,"9,21E+18",9,1,62,0,2021,9,0,1,3,2,6,2,0,1,0,0,0,0,"692261,952821","5337230,96506",11.585454726,48.159229739,0,2,#fc8d62,car
203143,"9,21E+18",9,1,84,131,2021,9,12,4,3,0,7,0,1,0,0,0,0,0,"704079,333747","5339009,51681",11.745039389,48.171530301,0,1,#66c2a5,bicycle
203146,"9,21E+18",9,1,62,0,2021,9,18,5,3,3,2,0,1,1,0,0,0,0,"692616,968619","5334798,17014",11.589122995,48.137256938,0,1,#66c2a5,bicycle
203148,"9,21E+18",9,1,62,0,2021,9,8,3,3,0,7,0,0,0,0,0,0,1,"687695,095274","5327993,79147",11.520037824,48.077567961,0,6,#ffd92f,circle
203149,"9,21E+18",9,1,82,119,2021,9,7,3,3,0,7,0,1,0,0,0,0,0,"711503,951222","5292577,17257",11.821947099,47.751851273,0,1,#66c2a5,bicycle
203150,"9,21E+18",9,1,75,115,2021,9,18,6,2,0,1,0,1,0,0,0,0,0,"723136,581717","5329129,38199",11.995855649,48.076357215,0,1,#66c2a5,bicycle
203151,"9,21E+18",9,1,62,0,2021,9,15,6,3,3,6,0,1,0,0,0,0,0,"691096,836683","5334299,30543",11.56848725,48.133231487,0,1,#66c2a5,bicycle
203155,"9,21E+18",9,7,61,0,2021,9,21,6,3,2,1,2,1,1,0,0,0,0,"640407,867385","5356818,46847",10.895110517,48.348926261,0,1,#66c2a5,bicycle
203160,"9,21E+18",9,1,62,0,2021,9,7,5,2,4,6,0,1,0,0,0,0,0,"689003,046494","5341639,63871",11.543636295,48.199832073,1,1,#66c2a5,bicycle
203161,"9,21E+18",9,1,62,0,2021,9,12,4,3,5,2,0,1,0,0,1,0,0,"687816,246748","5334464,7216",11.524511325,48.135694859,0,1,#66c2a5,bicycle
203165,"9,21E+18",9,1,81,130,2021,9,16,4,3,8,1,0,0,1,0,0,0,0,"638887,15229","5325086,67538",10.864209276,48.063928069,0,2,#fc8d62,car
203170,"9,21E+18",9,1,90,139,2021,9,16,5,3,0,6,0,0,1,0,0,0,1,"653466,911621","5294347,76893",11.048833276,47.784197873,0,2,#fc8d62,car
203171,"9,21E+18",9,1,62,0,2021,9,16,7,3,0,1,0,1,0,0,0,0,0,"692078,944003","5334945,51381",11.581965037,48.138743861,1,1,#66c2a5,bicycle
203172,"9,21E+18",9,1,62,0,2021,9,9,6,3,0,1,0,1,0,0,0,0,0,"695033,420371","5338317,92761",11.623182386,48.168154812,1,1,#66c2a5,bicycle
203174,"9,21E+18",9,7,71,113,2021,9,7,3,3,0,7,0,1,0,0,0,0,0,"657327,314609","5369359,95194",11.128021078,48.457691099,0,1,#66c2a5,bicycle
203175,"9,21E+18",9,1,86,143,2021,9,11,6,3,0,1,0,1,0,0,0,0,0,"685705,913143","5377906,4926",11.515315925,48.526771102,0,1,#66c2a5,bicycle
203180,"9,21E+18",9,1,62,0,2021,9,17,6,3,0,6,0,1,0,0,0,0,1,"690592,495575","5334036,5952",11.561598039,48.131021484,0,1,#66c2a5,bicycle
203181,"9,21E+18",9,1,62,0,2021,9,9,1,3,6,4,0,0,1,1,0,0,0,"686540,592362","5330298,34167",11.505559177,48.098621042,0,2,#fc8d62,car
203182,"9,21E+18",9,1,62,0,2021,9,17,6,3,1,7,0,1,1,0,0,0,0,"693799,844928","5333879,59271",11.604588184,48.128641935,0,1,#66c2a5,bicycle
203184,"9,21E+18",9,1,62,0,2021,9,11,2,3,0,2,0,0,1,0,1,0,0,"691194,488034","5336362,84265",11.570724902,48.151749025,0,2,#fc8d62,car
203185,"9,21E+18",9,7,72,163,2021,9,20,5,3,5,3,2,0,1,0,0,0,0,"638947,641884","5347514,54945",10.872348896,48.265589413,0,2,#fc8d62,car
203189,"9,21E+18",9,1,62,0,2021,9,13,3,3,0,2,0,1,1,0,0,0,0,"688437,852655","5330499,32291",11.531105706,48.099869281,0,1,#66c2a5,bicycle
203193,"9,21E+18",9,7,61,0,2021,9,18,2,3,5,2,0,0,1,0,0,0,1,"641727,281924","5359977,49648",10.913972893,48.377036266,0,2,#fc8d62,car
203198,"9,21E+18",9,7,61,0,2021,9,9,3,3,0,7,0,1,0,0,0,0,0,"640925,190603","5360735,6904",10.903401424,48.38403331,0,1,#66c2a5,bicycle
203200,"9,21E+18",9,1,62,0,2021,9,18,7,3,9,7,0,0,1,0,0,0,0,"686788,359001","5336539,317",11.511619047,48.154644489,0,2,#fc8d62,car
203202,"9,21E+18",9,1,62,0,2021,9,19,6,3,3,6,0,1,0,0,0,0,1,"693396,729283","5333456,43655",11.59898425,48.124961327,0,1,#66c2a5,bicycle
203210,"9,21E+18",9,1,62,0,2021,9,18,3,2,5,2,0,1,1,0,0,0,0,"690963,40531","5334306,532",11.566698937,48.133336488,0,1,#66c2a5,bicycle
203212,"9,21E+18",9,1,79,142,2021,9,5,2,3,7,7,2,0,0,0,1,0,1,"674681,294973","5344157,19408",11.352103862,48.226564858,0,4,#e78ac3,marker
203213,"9,21E+18",9,1,62,0,2021,9,11,1,3,1,3,0,0,1,0,0,0,1,"691796,90407","5332397,522",11.577031093,48.11592791,0,2,#fc8d62,car
203214,"9,21E+18",9,7,61,0,2021,9,9,5,3,3,2,0,1,1,0,0,0,0,"640226,132483","5359979,88773",10.893712818,48.377393166,1,1,#66c2a5,bicycle
203215,"9,21E+18",9,1,84,112,2021,9,7,4,3,5,3,1,1,1,0,0,0,0,"701803,525001","5339297,542",11.71460041,48.17484535,0,1,#66c2a5,bicycle
203216,"9,21E+18",9,1,62,0,2021,9,17,7,3,4,6,0,1,0,0,0,0,1,"684585,088507","5332472,11129",11.480259614,48.118729613,0,1,#66c2a5,bicycle
203217,"9,21E+18",9,1,77,133,2021,9,6,7,2,5,7,1,0,1,0,0,0,0,"706620,475705","5359756,18307",11.789311533,48.357141761,0,2,#fc8d62,car
203218,"9,21E+18",9,1,62,0,2021,9,20,3,3,3,2,2,1,1,0,0,0,0,"691988,597612","5332314,83916",11.579566807,48.115127005,0,1,#66c2a5,bicycle
203220,"9,21E+18",9,1,84,129,2021,9,20,5,3,4,6,1,1,1,0,0,0,0,"700618,755937","5326692,28629",11.692750902,48.061936616,0,1,#66c2a5,bicycle
203221,"9,21E+18",9,1,62,0,2021,9,18,1,3,6,4,0,0,1,1,0,0,0,"694423,712672","5335231,19723",11.613580512,48.140599384,0,2,#fc8d62,car
203223,"9,21E+18",9,1,62,0,2021,9,14,4,3,3,6,0,0,1,0,0,0,0,"688982,16384","5335570,54427",11.540657653,48.145288959,0,2,#fc8d62,car
203226,"9,21E+18",9,7,61,0,2021,9,20,1,2,0,1,2,1,0,0,0,0,0,"642454,903766","5360090,14768",10.92383158,48.377885316,0,1,#66c2a5,bicycle
203229,"9,21E+18",9,1,62,0,2021,9,12,5,3,5,7,0,1,1,0,0,0,0,"691394,938809","5335743,44253",11.57313877,48.146121652,0,1,#66c2a5,bicycle
203232,"9,21E+18",9,1,62,0,2021,9,4,7,2,9,1,2,0,1,0,0,0,0,"689437,580905","5338411,03436",11.548038679,48.170683939,0,2,#fc8d62,car
203233,"9,21E+18",9,7,78,203,2021,9,16,3,3,4,3,0,0,1,0,0,0,0,"620578,377365","5322668,14595",10.617887786,48.045900847,0,2,#fc8d62,car
203234,"9,21E+18",9,1,62,0,2021,9,19,6,3,0,1,1,0,0,0,0,0,1,"691215,111001","5334046,701",11.569961923,48.130925576,1,6,#ffd92f,circle
203242,"9,21E+18",9,1,63,0,2021,9,18,4,3,4,6,0,1,0,0,0,0,0,"730927,456941","5303315,471",12.08644371,47.841668632,0,1,#66c2a5,bicycle
203245,"9,21E+18",9,1,79,123,2021,9,18,2,2,5,3,0,1,1,0,0,0,0,"677455,831673","5335081,35708",11.385638749,48.144211395,0,1,#66c2a5,bicycle
203246,"9,21E+18",9,1,62,0,2021,9,10,7,3,0,1,0,1,0,0,0,0,0,"690046,568001","5329609,678",11.552295872,48.091395288,0,1,#66c2a5,bicycle
203247,"9,21E+18",9,1,62,0,2021,9,13,4,3,1,7,0,0,1,0,0,1,0,"688934,541934","5336634,44383",11.540490317,48.154865538,0,2,#fc8d62,car
203249,"9,21E+18",9,7,61,0,2021,9,18,7,3,5,1,1,0,1,0,0,0,1,"640934,436298","5357195,93628",10.90234002,48.352203048,0,2,#fc8d62,car
203250,"9,21E+18",9,1,88,117,2021,9,15,7,3,0,6,0,0,1,0,1,0,0,"663293,510227","5317758,01216",11.188780503,47.992259239,0,2,#fc8d62,car
203251,"9,21E+18",9,7,61,0,2021,9,11,4,3,3,6,0,0,1,0,0,0,0,"641632,776171","5362485,30848",10.91354286,48.399606616,0,2,#fc8d62,car
203252,"9,21E+18",9,1,62,0,2021,9,22,3,3,8,1,2,1,0,0,0,0,0,"699613,139001","5331364,161",11.681451503,48.104239086,0,1,#66c2a5,bicycle
203254,"9,21E+18",9,1,88,118,2021,9,16,6,3,0,1,0,1,0,0,0,0,0,"671208,045416","5312958,73012",11.292869045,47.947043913,0,1,#66c2a5,bicycle
203255,"9,21E+18",9,1,62,0,2021,9,12,7,3,4,6,0,1,0,0,0,0,0,"692105,067912","5333397,788",11.581618012,48.124825272,0,1,#66c2a5,bicycle
203256,"9,21E+18",9,1,79,145,2021,9,11,2,3,0,1,0,1,0,0,0,0,0,"675336,131534","5338385,4171",11.358529382,48.174500353,0,1,#66c2a5,bicycle
203259,"9,21E+18",9,1,62,0,2021,9,14,4,3,6,7,0,0,0,1,0,0,1,"695515,245036","5336698,97204",11.628911756,48.15345652,0,3,#8da0cb,toilet
203263,"9,21E+18",9,1,62,0,2021,9,10,3,3,5,3,0,0,1,0,1,0,0,"690951,664616","5334660,82821",11.566700106,48.136524403,0,2,#fc8d62,car
203265,"9,21E+18",9,1,62,0,2021,9,18,5,3,5,7,0,0,1,0,0,0,0,"696849,224314","5334220,77628",11.645683203,48.130772619,0,2,#fc8d62,car
203266,"9,21E+18",9,1,62,0,2021,9,16,7,2,0,1,0,1,0,0,0,0,0,"689358,838953","5334377,92932",11.545186195,48.134457637,0,1,#66c2a5,bicycle
203267,"9,21E+18",9,1,62,0,2021,9,18,4,3,4,6,0,0,0,0,0,0,1,"690287,262351","5336116,83494",11.558429372,48.149809983,0,6,#ffd92f,circle
203269,"9,21E+18",9,1,62,0,2021,9,18,6,3,1,3,0,1,1,0,0,0,0,"701505,898004","5334666,50315",11.708408711,48.133321226,0,1,#66c2a5,bicycle
203272,"9,21E+18",9,7,71,146,2021,9,12,5,2,0,7,0,1,0,0,0,0,0,"647586,802166","5347074,85668",10.988539297,48.259682095,0,1,#66c2a5,bicycle
203273,"9,21E+18",9,1,62,0,2021,9,13,5,3,1,5,0,1,1,0,0,0,0,"693441,023146","5332277,57031",11.59904401,48.114352539,1,1,#66c2a5,bicycle
203274,"9,21E+18",9,2,74,113,2021,9,19,3,3,0,1,0,1,0,0,0,0,0,"729704,100816","5382775,21394",12.113110229,48.555954344,0,1,#66c2a5,bicycle
203275,"9,21E+18",9,7,72,177,2021,9,14,5,3,5,3,0,0,1,0,0,0,1,"636227,901","5377968,472",10.845603275,48.540018963,0,2,#fc8d62,car
203276,"9,21E+18",9,1,62,0,2021,9,20,7,3,2,6,2,0,1,0,0,0,0,"690545,155382","5336945,59394",11.562264239,48.157181617,0,2,#fc8d62,car
203277,"9,21E+18",9,1,62,0,2021,9,10,2,3,0,7,0,0,0,0,0,0,1,"688596,309245","5333637,75431",11.534619781,48.128031246,0,6,#ffd92f,circle
203278,"9,21E+18",9,1,62,0,2021,9,11,3,3,3,6,0,0,0,0,1,0,0,"690310,314109","5333824,8122",11.557714805,48.129202411,0,4,#e78ac3,marker
203282,"9,21E+18",9,1,79,126,2021,9,9,2,3,0,1,0,1,0,0,0,0,0,"677015,854647","5339680,95914",11.381643656,48.185680491,1,1,#66c2a5,bicycle
203287,"9,21E+18",9,1,79,145,2021,9,19,4,3,0,6,1,1,1,0,0,0,0,"676127,680001","5338805,818",11.369341661,48.178060544,1,1,#66c2a5,bicycle
203288,"9,21E+18",9,2,74,194,2021,9,13,3,3,6,7,0,0,1,1,0,0,0,"721257,216742","5378577,49938",11.996569878,48.521278863,0,2,#fc8d62,car
203290,"9,21E+18",9,1,79,142,2021,9,19,2,2,0,1,1,1,0,0,0,0,0,"672761,590956","5342171,66851",11.325468155,48.209241859,0,1,#66c2a5,bicycle
203293,"9,21E+18",9,1,62,0,2021,9,20,4,3,4,7,2,1,0,0,0,0,0,"691800,177319","5335547,59852",11.578492909,48.14423939,0,1,#66c2a5,bicycle
203297,"9,21E+18",9,1,62,0,2021,9,9,3,3,0,7,0,0,0,0,0,0,1,"687097,831288","5333641,9359",11.514503178,48.128511031,0,6,#ffd92f,circle
203299,"9,21E+18",9,1,62,0,2021,9,13,5,3,5,1,0,1,0,0,0,0,0,"692000,937636","5336343,09723",11.581547801,48.151328629,0,1,#66c2a5,bicycle
203308,"9,21E+18",9,1,62,0,2021,9,11,5,3,5,3,0,0,1,0,0,0,0,"690958,111265","5334307,25423",11.566628178,48.133344568,1,2,#fc8d62,car
203312,"9,21E+18",9,1,62,0,2021,9,18,3,3,0,7,0,1,0,0,0,0,0,"691875,629628","5335865,18163",11.579649322,48.147071022,0,1,#66c2a5,bicycle
203315,"9,21E+18",9,1,74,115,2021,9,9,7,3,0,7,0,1,0,0,0,0,1,"681765,601442","5346799,22211",11.448539849,48.248322706,1,1,#66c2a5,bicycle
203320,"9,21E+18",9,1,90,115,2021,9,14,3,3,0,1,0,1,0,0,0,0,0,"671883,751","5303900,104",11.298300776,47.865425216,0,1,#66c2a5,bicycle
203323,"9,21E+18",9,1,62,0,2021,9,15,2,3,6,7,0,1,0,1,0,0,0,"690554,005108","5337000,60985",11.562407757,48.157673445,0,1,#66c2a5,bicycle
203325,"9,21E+18",9,1,62,0,2021,9,14,6,3,0,7,0,0,0,0,0,0,1,"684492,272843","5328880,36417",11.477460872,48.086471734,0,6,#ffd92f,circle
203327,"9,21E+18",9,7,62,0,2021,9,19,2,3,3,6,2,0,1,0,0,0,0,"621460,116865","5304428,65385",10.624560726,47.881694759,0,2,#fc8d62,car
203330,"9,21E+18",9,1,63,0,2021,9,13,5,3,2,6,0,1,1,0,0,0,0,"732263,40298","5305604,47394",12.105500919,47.86175234,0,1,#66c2a5,bicycle
203332,"9,21E+18",9,1,62,0,2021,9,14,6,3,0,7,0,0,1,0,1,0,0,"696189,393056","5334033,1986",11.636738366,48.129290493,0,2,#fc8d62,car
203337,"9,21E+18",9,1,87,179,2021,9,14,1,3,0,1,0,1,0,0,0,0,0,"722967,049744","5309097,64567",11.983183736,47.896432213,0,1,#66c2a5,bicycle
203338,"9,21E+18",9,1,73,112,2021,9,17,5,3,0,1,0,0,0,0,1,0,0,"693499,587246","5293226,93296",11.582280466,47.763344775,1,4,#e78ac3,marker
203339,"9,21E+18",9,1,62,0,2021,9,17,4,3,5,3,0,1,1,0,0,0,0,"691121,832588","5335617,78647",11.56941452,48.145074375,0,1,#66c2a5,bicycle
203340,"9,21E+18",9,1,63,0,2021,9,0,7,2,0,1,2,1,0,0,0,0,0,"732287,138002","5305344,22499",12.105678004,47.859405638,1,1,#66c2a5,bicycle
203343,"9,21E+18",9,7,78,127,2021,9,14,3,2,5,3,0,1,1,0,0,0,0,"614360,820064","5318381,04134",10.533349748,48.008487306,0,1,#66c2a5,bicycle
203344,"9,21E+18",9,1,87,122,2021,9,18,3,3,6,4,0,0,1,1,0,0,0,"719304,12864","5306552,83556",11.932950448,47.874827788,0,2,#fc8d62,car
203345,"9,21E+18",9,1,77,117,2021,9,9,6,3,2,6,0,1,1,0,0,0,0,"715521,985072","5352952,77786",11.905844097,48.293037736,0,1,#66c2a5,bicycle
203352,"9,21E+18",9,1,62,0,2021,9,14,5,3,2,6,0,1,0,0,0,0,0,"692811,783001","5334760,657",11.591721898,48.136860783,0,1,#66c2a5,bicycle
203358,"9,21E+18",9,1,62,0,2021,9,15,3,3,6,7,0,1,0,1,0,0,0,"685651,659888","5333552,23057",11.49504745,48.128128146,0,1,#66c2a5,bicycle
203363,"9,21E+18",9,1,62,0,2021,9,9,1,3,5,2,0,1,1,0,0,0,0,"690095,452213","5335925,32691",11.555767608,48.148146062,0,1,#66c2a5,bicycle
203365,"9,21E+18",9,1,62,0,2021,9,16,4,2,0,7,0,1,0,0,0,0,0,"693666,794085","5342119,37364",11.606554113,48.202738441,0,1,#66c2a5,bicycle
203368,"9,21E+18",9,1,63,0,2021,9,14,7,3,0,3,0,1,1,0,0,0,0,"734176,652123","5302081,60954",12.12913688,47.829408591,0,1,#66c2a5,bicycle
203369,"9,21E+18",9,1,62,0,2021,9,17,3,3,0,5,0,0,1,0,1,0,0,"690435,017624","5335381,52405",11.560084988,48.143156816,0,2,#fc8d62,car
203373,"9,21E+18",9,1,74,111,2021,9,12,1,3,0,7,0,1,0,0,0,0,0,"667596,361767","5359200,26781",11.262753711,48.363709306,0,1,#66c2a5,bicycle
203374,"9,21E+18",9,1,62,0,2021,9,22,4,3,0,1,2,0,0,0,1,0,0,"692312,304419","5337702,22975",11.586344166,48.163450126,1,4,#e78ac3,marker
203377,"9,21E+18",9,7,61,0,2021,9,3,1,3,0,7,2,1,0,0,0,0,0,"640321,766886","5359163,12605",10.894730999,48.37002785,0,1,#66c2a5,bicycle
203378,"9,21E+18",9,7,71,113,2021,9,15,2,3,0,7,0,1,0,0,0,0,0,"649957,387736","5368751,82469",11.028183631,48.454023173,0,1,#66c2a5,bicycle
203381,"9,21E+18",9,1,73,126,2021,9,17,5,3,9,7,0,0,1,0,0,0,0,"685489,541001","5302892,261",11.479625166,47.852581473,0,2,#fc8d62,car
203383,"9,21E+18",9,1,62,0,2021,9,7,6,3,5,3,0,1,1,0,0,0,0,"692730,164347","5330082,78153",11.588511841,48.094841674,0,1,#66c2a5,bicycle
203384,"9,21E+18",9,1,62,0,2021,9,11,3,3,3,5,0,0,1,0,0,0,1,"688327,293497","5343253,35738",11.535267358,48.214537033,0,2,#fc8d62,car
203385,"9,21E+18",9,7,61,0,2021,9,13,3,3,5,3,0,1,1,0,0,0,0,"641429,771756","5357888,68682",10.90925503,48.358321268,0,1,#66c2a5,bicycle
203386,"9,21E+18",9,1,62,0,2021,9,16,5,3,1,5,0,0,1,0,0,0,0,"696543,061001","5338501,101",11.643549246,48.169336095,0,2,#fc8d62,car
203388,"9,21E+18",9,7,61,0,2021,9,20,1,2,5,1,2,1,1,0,0,0,0,"638913,35583","5356158,09015",10.874732245,48.343318733,0,1,#66c2a5,bicycle
203390,"9,21E+18",9,1,79,123,2021,9,18,5,3,5,2,0,1,0,0,0,0,0,"676518,994001","5332463,017",11.371970698,48.120935097,0,1,#66c2a5,bicycle
203392,"9,21E+18",9,1,62,0,2021,9,13,5,3,3,6,0,1,0,0,0,0,0,"693306,579658","5331181,96681",11.596743118,48.104546335,0,1,#66c2a5,bicycle
203396,"9,21E+18",9,1,62,0,2021,9,16,2,3,5,2,0,1,1,0,0,0,0,"693439,479408","5333502,18908",11.599578903,48.12535955,0,1,#66c2a5,bicycle
203397,"9,21E+18",9,1,62,0,2021,9,11,5,3,0,1,0,0,0,0,0,0,1,"692025,855886","5336222,30177",11.58182799,48.15023542,0,6,#ffd92f,circle
203400,"9,21E+18",9,1,62,0,2021,9,22,7,2,4,6,2,0,1,0,0,0,1,"690086,520546","5334738,48729",11.555117843,48.137481412,0,2,#fc8d62,car
203402,"9,21E+18",9,1,62,0,2021,9,12,6,3,6,4,0,0,1,1,0,0,0,"684029,533001","5331400,663",11.472339527,48.109259574,0,2,#fc8d62,car
203406,"9,21E+18",9,1,62,0,2021,9,13,5,3,0,6,0,1,1,0,0,0,0,"691744,756584","5332539,46874",11.576394988,48.117219415,1,1,#66c2a5,bicycle
203408,"9,21E+18",9,1,90,148,2021,9,15,7,3,2,6,0,0,1,0,0,0,1,"641980,009777","5297532,90103",10.896612221,47.815474738,0,2,#fc8d62,car
203409,"9,21E+18",9,1,62,0,2021,9,13,3,3,5,2,0,0,1,0,1,0,0,"688178,474781","5332365,68603",11.528448488,48.116721271,0,2,#fc8d62,car
203410,"9,21E+18",9,1,88,120,2021,9,16,4,3,4,7,0,1,0,0,0,0,0,"678251,789391","5325941,19886",11.392511597,48.061826534,0,1,#66c2a5,bicycle
203413,"9,21E+18",9,1,79,142,2021,9,13,2,3,1,7,0,1,1,0,0,0,0,"672973,332185","5341748,7763",11.328143472,48.205382634,0,1,#66c2a5,bicycle
203416,"9,21E+18",9,7,62,0,2021,9,16,4,2,0,1,0,1,0,0,0,0,0,"621609,005","5306047,387",10.627007345,47.896225022,0,1,#66c2a5,bicycle
203417,"9,21E+18",9,1,62,0,2021,9,1,7,3,0,1,2,1,0,0,0,0,0,"693338,775625","5335231,24189",11.599011652,48.140930372,1,1,#66c2a5,bicycle
203418,"9,21E+18",9,1,82,137,2021,9,17,7,3,0,1,0,0,0,0,1,0,0,"711460,167759","5301836,58884",11.825875057,47.835076056,0,4,#e78ac3,marker
203420,"9,21E+18",9,1,62,0,2021,9,8,2,2,0,1,0,1,0,0,0,0,0,"688741,415027","5342614,29661",11.540552267,48.208670133,0,1,#66c2a5,bicycle
203421,"9,21E+18",9,1,62,0,2021,9,13,5,3,3,2,0,1,1,0,0,0,0,"689226,779939","5330917,55325",11.541877262,48.103394604,0,1,#66c2a5,bicycle
203422,"9,21E+18",9,1,62,0,2021,9,12,1,3,3,6,0,1,1,0,0,0,0,"683806,518015","5338202,91795",11.472282127,48.170466659,0,1,#66c2a5,bicycle
203424,"9,21E+18",9,1,77,117,2021,9,11,5,3,4,2,0,0,1,0,0,0,0,"715073,421812","5353309,19675",11.899985759,48.296392802,0,2,#fc8d62,car
203425,"9,21E+18",9,1,90,157,2021,9,20,4,3,0,7,1,0,0,0,1,0,0,"661604,366","5301796,69",11.16017075,47.849181786,0,4,#e78ac3,marker
203429,"9,21E+18",9,1,62,0,2021,9,20,5,3,0,1,2,1,0,0,0,0,0,"691398,103727","5336318,50623",11.573439837,48.151289296,0,1,#66c2a5,bicycle
203432,"9,21E+18",9,1,62,0,2021,9,21,3,3,3,6,2,0,1,0,0,0,0,"692545,932738","5335443,72422",11.588461014,48.143080531,0,2,#fc8d62,car
203434,"9,21E+18",9,1,74,141,2021,9,15,1,3,0,7,0,1,0,0,0,0,0,"682632,315647","5357193,22917",11.46469924,48.341499131,0,1,#66c2a5,bicycle
203435,"9,21E+18",9,1,62,0,2021,9,20,4,3,0,1,2,1,0,0,0,0,0,"691481,808681","5337315,63754",11.575012813,48.160226167,1,1,#66c2a5,bicycle
203440,"9,21E+18",9,1,79,121,2021,9,16,3,3,0,1,0,1,0,0,0,0,0,"666310,0092","5338125,52535",11.237111689,48.17459025,0,1,#66c2a5,bicycle
203441,"9,21E+18",9,7,61,0,2021,9,10,5,3,1,7,0,1,1,0,0,0,0,"639321,221285","5355848,17793",10.880131077,48.340442244,0,1,#66c2a5,bicycle
203443,"9,21E+18",9,1,88,121,2021,9,21,3,3,5,3,2,1,1,0,0,0,0,"670456,710971","5331553,06686",11.2902138,48.114406739,0,1,#66c2a5,bicycle
203445,"9,21E+18",9,1,84,120,2021,9,19,3,2,0,7,2,1,0,0,0,0,0,"680629,206001","5332517,111",11.427173706,48.120268586,0,1,#66c2a5,bicycle
203449,"9,21E+18",9,7,61,0,2021,9,8,2,3,0,2,0,1,1,0,0,0,0,"639623,031257","5360051,7425",10.885596577,48.378173009,0,1,#66c2a5,bicycle
203453,"9,21E+18",9,1,87,174,2021,9,17,7,3,4,6,0,0,1,0,0,0,0,"742279,27871","5309494,05821",12.241383188,47.89299446,0,2,#fc8d62,car
203460,"9,21E+18",9,7,62,0,2021,9,22,5,3,5,3,2,0,1,0,0,0,0,"621824,077437","5307933,09486",10.630416234,47.913143696,0,2,#fc8d62,car
203463,"9,21E+18",9,1,62,0,2021,9,19,5,3,4,2,2,1,1,0,0,0,0,"694959,685676","5336586,71404",11.621398364,48.15261814,0,1,#66c2a5,bicycle
203464,"9,21E+18",9,1,62,0,2021,9,14,6,3,4,6,0,1,0,0,0,0,1,"689455,978502","5331092,52896",11.545030618,48.104899195,0,1,#66c2a5,bicycle
203465,"9,21E+18",9,1,62,0,2021,9,9,3,3,3,6,0,1,1,0,0,0,0,"684315,051546","5328583,6675",11.474955328,48.083856097,0,1,#66c2a5,bicycle
203466,"9,21E+18",9,7,78,116,2021,9,19,2,3,0,7,1,1,0,0,0,0,0,"619445,101146","5318476,96104",10.601519501,48.008419996,0,1,#66c2a5,bicycle
203467,"9,21E+18",9,1,84,112,2021,9,23,5,2,9,1,2,0,1,0,0,0,0,"703364,822361","5339205,73979",11.735533854,48.173522693,0,2,#fc8d62,car
203469,"9,21E+18",9,2,74,113,2021,9,15,5,3,4,2,0,0,1,0,0,0,0,"728808,25855","5383849,18005",12.101578062,48.56592935,1,2,#fc8d62,car
203471,"9,21E+18",9,1,87,132,2021,9,17,7,2,0,1,0,1,0,0,0,0,0,"745811,160118","5298582,84783",12.282359766,47.793640426,0,1,#66c2a5,bicycle
203474,"9,21E+18",9,1,62,0,2021,9,11,5,2,3,6,0,1,1,0,0,0,0,"694063,265001","5340726,159",11.61124766,48.190095836,0,1,#66c2a5,bicycle
203475,"9,21E+18",9,1,62,0,2021,9,8,5,3,6,7,0,1,0,1,0,0,0,"694293,958142","5334775,6249",11.611630322,48.136544511,0,1,#66c2a5,bicycle
203476,"9,21E+18",9,1,62,0,2021,9,17,2,3,5,3,0,0,1,0,0,0,1,"688635,305422","5336489,59058",11.536406546,48.153652407,0,2,#fc8d62,car