OBJECTID,UIDENTSTLA,ULAND,UREGBEZ,UKREIS,UGEMEINDE,UJAHR,UMONAT,USTUNDE,UWOCHENTAG,UKATEGORIE,UART,UTYP1,ULICHTVERH,IstRad,IstPKW,IstFuss,IstKrad,IstGkfz,IstSonstig,LINREFX,LINREFY,XGCSWGS84,YGCSWGS84,STRZUSTAN,Teilnehmer,color,symbol
203477,"9,21E+18",9,7,61,0,2021,9,17,5,3,5,3,0,1,1,0,0,0,0,"640976,827952","5361322,70077",10.904295434,48.389299937,0,1,#66c2a5,bicycle
203479,"9,21E+18",9,1,79,123,2021,9,8,4,3,3,3,0,1,1,0,0,0,0,"675248,96343","5333022,17039",11.355149584,48.126312382,0,1,#66c2a5,bicycle
203481,"9,21E+18",9,1,73,126,2021,9,1,1,3,6,4,2,0,1,1,0,0,0,"685144,178501","5304446,84763",11.475678426,47.866655237,0,2,#fc8d62,car
203482,"9,21E+18",9,1,62,0,2021,9,10,4,3,0,7,0,1,0,0,0,0,0,"691863,356745","5335837,19822",11.579471882,48.146823213,0,1,#66c2a5,bicycle
203486,"9,21E+18",9,1,62,0,2021,9,10,4,3,6,7,0,0,0,1,0,0,1,"693672,131038","5333752,18258",11.602815699,48.127535682,0,3,#8da0cb,toilet
203489,"9,21E+18",9,1,62,0,2021,9,16,6,3,5,3,0,0,1,0,0,0,0,"700069,271619","5334409,28915",11.689000602,48.131462845,0,2,#fc8d62,car
203490,"9,21E+18",9,1,77,130,2021,9,12,4,3,2,6,0,0,1,0,0,0,0,"707147,517747","5352059,1471",11.792636627,48.287803795,0,2,#fc8d62,car
203494,"9,21E+18",9,1,87,137,2021,9,10,2,3,6,2,0,0,1,1,0,0,0,"730294,774435","5308753,83532",12.080897197,47.890755903,0,2,#fc8d62,car
203496,"9,21E+18",9,1,90,140,2021,9,15,5,3,2,6,0,0,1,0,0,0,0,"644974,408165","5293499,4884",10.935241147,47.778537142,0,2,#fc8d62,car
203497,"9,21E+18",9,1,74,113,2021,9,17,5,2,5,3,0,1,1,0,0,0,0,"675528,632232","5347487,64245",11.364883606,48.256268827,0,1,#66c2a5,bicycle
203510,"9,21E+18",9,7,71,156,2021,9,15,4,3,0,7,0,1,0,0,0,0,0,"646535,366464","5380155,45492",10.985933143,48.557359279,0,1,#66c2a5,bicycle
203512,"9,21E+18",9,1,62,0,2021,9,20,6,3,4,2,2,0,1,0,0,0,0,"692487,717052","5341934,70413",11.590618101,48.201437253,0,2,#fc8d62,car
203515,"9,21E+18",9,1,62,0,2021,9,8,5,3,5,7,0,1,0,0,0,0,0,"690803,996245","5335944,33509",11.565292371,48.148104774,0,1,#66c2a5,bicycle
203519,"9,21E+18",9,7,77,130,2021,9,15,1,3,0,7,0,0,1,0,0,0,1,"624859,446527","5308730,24206",10.671252945,47.91972899,0,2,#fc8d62,car
203521,"9,21E+18",9,7,61,0,2021,9,18,5,3,3,1,0,0,1,0,0,0,1,"638467,699504","5356006,44089",10.868671274,48.342052967,0,2,#fc8d62,car
203522,"9,21E+18",9,1,79,142,2021,9,18,6,2,0,1,0,1,0,0,0,0,0,"672279,127658","5342542,48722",11.31913005,48.212706459,0,1,#66c2a5,bicycle
203526,"9,21E+18",9,1,62,0,2021,9,17,2,2,0,1,0,1,0,0,0,0,0,"686670,063902","5329826,28466",11.507090056,48.094340085,0,1,#66c2a5,bicycle
203527,"9,21E+18",9,1,62,0,2021,9,6,3,3,5,3,0,1,1,0,0,0,0,"689691,885451","5334650,03252",11.549779272,48.136804136,0,1,#66c2a5,bicycle
203528,"9,21E+18",9,1,62,0,2021,9,14,6,3,1,6,0,0,1,0,1,0,0,"688127,006001","5328049,037",11.525855245,48.077937251,0,2,#fc8d62,car
203531,"9,21E+18",9,1,63,0,2021,9,10,2,3,0,1,0,1,0,0,0,0,0,"732955,888626","5304300,67505",12.114043619,47.849788203,1,1,#66c2a5,bicycle
203533,"9,21E+18",9,1,62,0,2021,9,10,4,3,0,3,0,1,1,0,0,0,0,"692305,45979","5337340,96189",11.586088892,48.160205209,0,1,#66c2a5,bicycle
203536,"9,21E+18",9,1,62,0,2021,9,13,6,3,1,6,0,0,1,0,0,0,1,"682307,652703","5340760,21498",11.453238188,48.193884979,0,2,#fc8d62,car
203537,"9,21E+18",9,1,88,124,2021,9,12,4,3,0,1,0,1,0,0,0,0,0,"661427,397362","5319537,93499",11.164455391,48.008735856,0,1,#66c2a5,bicycle
203539,"9,21E+18",9,1,73,120,2021,9,16,6,2,4,6,0,1,0,0,0,0,0,"689346,20369","5312823,50384",11.535486772,47.940724291,0,1,#66c2a5,bicycle
203547,"9,21E+18",9,1,62,0,2021,9,7,2,3,4,6,0,1,0,0,1,0,0,"684911,21334","5337692,16373",11.486904204,48.165555363,0,1,#66c2a5,bicycle
203548,"9,21E+18",9,7,72,147,2021,9,14,5,2,4,7,0,1,1,0,0,0,0,"638634,72472","5364614,71891",10.873763716,48.419420069,0,1,#66c2a5,bicycle
203553,"9,21E+18",9,1,62,0,2021,9,23,6,3,9,6,2,0,1,1,0,0,0,"692191,285476","5336996,41577",11.584399476,48.157143026,0,2,#fc8d62,car
203557,"9,21E+18",9,1,82,125,2021,9,13,6,3,5,3,0,1,1,0,0,0,0,"712116,612284","5296789,73039",11.832167383,47.789506455,0,1,#66c2a5,bicycle
203560,"9,21E+18",9,1,62,0,2021,9,16,5,3,6,6,0,1,0,1,0,0,0,"683304,1424","5335496,36596",11.46436533,48.146283619,0,1,#66c2a5,bicycle
203561,"9,21E+18",9,1,62,0,2021,9,17,6,3,1,6,0,0,1,0,1,0,0,"690192,397577","5335385,70548",11.5568286,48.143266973,0,2,#fc8d62,car
203563,"9,21E+18",9,7,72,184,2021,9,14,7,3,9,1,0,0,1,0,0,0,0,"633224,849426","5360663,01861",10.799428869,48.385053154,0,2,#fc8d62,car
203565,"9,21E+18",9,1,62,0,2021,9,11,6,3,5,3,0,0,1,0,0,0,0,"694117,28613","5335653,92266",11.609658447,48.144492237,0,2,#fc8d62,car
203567,"9,21E+18",9,7,61,0,2021,9,15,3,3,5,1,0,1,1,0,0,0,0,"641932,303639","5352272,01104",10.914143215,48.307705421,0,1,#66c2a5,bicycle
203568,"9,21E+18",9,7,77,164,2021,9,18,5,3,5,3,0,0,1,0,0,0,0,"623272,760378","5311931,64227",10.650940703,47.948828011,0,2,#fc8d62,car
203569,"9,21E+18",9,1,79,121,2021,9,8,6,3,5,3,0,1,1,0,0,0,0,"666823,631891","5338784,47906",11.244273835,48.180379619,0,1,#66c2a5,bicycle
203573,"9,21E+18",9,1,62,0,2021,9,10,3,3,0,1,0,1,0,0,0,0,0,"692124,111597","5337275,92124",11.583623355,48.159675458,0,1,#66c2a5,bicycle
203577,"9,21E+18",9,7,62,0,2021,9,7,4,2,3,5,0,1,1,0,0,0,0,"621739,358542","5307659,71133",10.629205688,47.910701061,0,1,#66c2a5,bicycle
203579,"9,21E+18",9,2,61,0,2021,9,13,5,3,3,3,0,1,1,0,0,0,0,"733719,160252","5382006,05479",12.167007594,48.547562086,0,1,#66c2a5,bicycle
203580,"9,21E+18",9,1,62,0,2021,9,21,7,3,2,6,2,0,1,0,0,0,0,"690891,544061","5335013,87352",11.566051055,48.139715589,0,2,#fc8d62,car
203581,"9,21E+18",9,1,62,0,2021,9,19,6,3,5,3,1,1,1,0,0,0,0,"692228,224669","5335516,49102",11.584227316,48.143830614,0,1,#66c2a5,bicycle
203582,"9,21E+18",9,1,62,0,2021,9,17,3,3,2,6,0,0,1,0,0,0,0,"693844,174937","5331532,50076",11.604116318,48.107533493,0,2,#fc8d62,car
203583,"9,21E+18",9,7,61,0,2021,9,13,3,2,6,4,0,0,1,1,0,0,0,"640926,994604","5357813,0641",10.902446276,48.357753715,0,2,#fc8d62,car
203584,"9,21E+18",9,1,87,117,2021,9,10,6,2,0,7,0,1,0,0,0,0,0,"725262,68871","5305414,15523",12.011933841,47.862534713,0,1,#66c2a5,bicycle
203585,"9,21E+18",9,2,61,0,2021,9,10,2,3,0,7,0,1,0,0,0,0,0,"732673,292153","5381938,75519",12.152820391,48.54734629,0,1,#66c2a5,bicycle
203586,"9,21E+18",9,1,82,137,2021,9,15,1,3,0,1,0,1,0,0,0,0,0,"708456,977001","5310295,868",11.789871781,47.91207768,1,1,#66c2a5,bicycle
203587,"9,21E+18",9,1,63,0,2021,9,21,5,3,5,3,2,1,1,0,0,0,0,"733723,988467","5303338,17804",12.123775719,47.840862296,1,1,#66c2a5,bicycle
203588,"9,21E+18",9,1,79,114,2021,9,14,5,3,0,1,0,1,0,0,0,0,0,"654257,04915","5342121,83758",11.076548496,48.213561178,0,1,#66c2a5,bicycle
203592,"9,21E+18",9,7,61,0,2021,9,13,3,2,2,6,0,0,1,0,0,1,0,"639291,120274","5361766,10874",10.881685024,48.393661479,0,2,#fc8d62,car
203593,"9,21E+18",9,1,85,158,2021,9,8,3,2,0,1,0,1,0,0,0,0,0,"665671,399069","5381885,46274",11.245769044,48.568147394,1,1,#66c2a5,bicycle
203598,"9,21E+18",9,1,62,0,2021,9,16,3,3,5,3,0,1,1,0,0,0,0,"689262,115471","5336137,10735",11.544669333,48.150298046,0,1,#66c2a5,bicycle
203599,"9,21E+18",9,1,84,129,2021,9,15,6,3,1,7,0,1,1,0,0,0,0,"698972,223063","5326234,69399",11.67046289,48.05833968,0,1,#66c2a5,bicycle
203603,"9,21E+18",9,1,62,0,2021,9,7,5,3,6,4,0,0,1,1,0,0,0,"682799,831907","5341139,68992",11.460018288,48.197154445,1,2,#fc8d62,car
203606,"9,21E+18",9,1,73,112,2021,9,14,4,2,0,7,0,1,0,0,0,0,0,"693963,003824","5299204,54207",11.591129417,47.81693416,0,1,#66c2a5,bicycle
203610,"9,21E+18",9,1,62,0,2021,9,11,1,3,1,5,0,0,1,0,0,0,1,"698914,869199","5334551,55841",11.673569021,48.133103254,0,2,#fc8d62,car
203614,"9,21E+18",9,1,62,0,2021,9,16,6,3,0,6,0,0,1,0,0,0,1,"693594,047705","5333367,93635",11.601592908,48.124105942,0,2,#fc8d62,car
203616,"9,21E+18",9,1,62,0,2021,9,18,2,3,1,6,1,0,1,0,0,0,1,"690303,317193","5333575,7085",11.557509628,48.126965555,0,2,#fc8d62,car
203617,"9,21E+18",9,1,62,0,2021,9,13,5,2,0,7,0,0,0,0,0,0,1,"691527,787574","5334550,79549",11.574386565,48.135362311,0,6,#ffd92f,circle
203623,"9,21E+18",9,1,62,0,2021,9,14,1,3,0,7,0,1,0,0,0,0,0,"690457,06524","5334246,78418",11.559873671,48.132951199,0,1,#66c2a5,bicycle
203624,"9,21E+18",9,7,71,146,2021,9,13,5,3,5,3,0,1,1,0,0,0,0,"646888,163373","5348201,06902",10.979523031,48.269970674,0,1,#66c2a5,bicycle
203625,"9,21E+18",9,1,62,0,2021,9,7,4,3,5,3,0,0,1,0,0,0,0,"682225,400607","5335343,12954",11.449810787,48.145216143,0,2,#fc8d62,car
203626,"9,21E+18",9,1,62,0,2021,9,14,7,3,5,2,0,1,1,0,0,0,0,"687478,739031","5335657,54803",11.520504438,48.146515801,1,1,#66c2a5,bicycle
203627,"9,21E+18",9,7,78,116,2021,9,16,5,2,8,1,0,1,0,0,0,0,0,"622711,529756","5314700,14293",10.644217699,47.973834413,0,1,#66c2a5,bicycle
203629,"9,21E+18",9,1,62,0,2021,9,15,3,3,5,3,0,0,1,0,1,0,0,"687530,717873","5343627,71863",11.524720197,48.218137711,0,2,#fc8d62,car
203631,"9,21E+18",9,1,84,118,2021,9,10,5,3,5,3,0,0,1,0,0,0,0,"703349,856499","5336464,3945",11.734022399,48.148891905,0,2,#fc8d62,car
203632,"9,21E+18",9,1,62,0,2021,9,0,1,3,0,7,2,1,0,0,0,0,0,"689413,620961","5338520,10321",11.547765326,48.171671392,0,1,#66c2a5,bicycle
203634,"9,21E+18",9,1,62,0,2021,9,14,4,3,4,6,0,1,1,0,0,0,0,"688612,562001","5328039,533",11.532363693,48.077708393,0,1,#66c2a5,bicycle
203637,"9,21E+18",9,1,84,123,2021,9,17,1,2,0,7,0,1,0,0,0,0,0,"702612,27903","5331442,66943",11.72173017,48.103997936,0,1,#66c2a5,bicycle
203639,"9,21E+18",9,1,74,115,2021,9,7,3,3,4,7,0,1,1,0,0,0,0,"682171,593589","5347293,90497",11.454216593,48.252652631,0,1,#66c2a5,bicycle
203641,"9,21E+18",9,7,71,122,2021,9,6,6,3,5,3,0,0,1,0,0,0,0,"651592,011","5360900,72",11.047439706,48.383044052,0,2,#fc8d62,car
203642,"9,21E+18",9,2,61,0,2021,9,17,3,3,2,6,0,0,1,0,0,0,0,"731744,359359","5381740,34782",12.140142327,48.545907844,0,2,#fc8d62,car
203645,"9,21E+18",9,1,62,0,2021,9,15,6,3,5,3,0,0,1,0,0,0,1,"695032,176527","5336134,40698",11.622164758,48.148530798,0,2,#fc8d62,car
203646,"9,21E+18",9,1,74,115,2021,9,16,1,3,0,7,0,1,0,0,0,0,0,"679683,261001","5347816,882",11.420947103,48.258063892,0,1,#66c2a5,bicycle
203647,"9,21E+18",9,1,62,0,2021,9,18,4,3,3,6,0,0,1,0,0,0,0,"692142,392843","5336821,40413",11.583663681,48.155584834,0,2,#fc8d62,car
203651,"9,21E+18",9,1,77,117,2021,9,10,6,2,5,3,0,1,1,0,0,0,0,"715737,077413","5353655,79953",11.909099406,48.299281191,1,1,#66c2a5,bicycle
203658,"9,21E+18",9,1,62,0,2021,9,23,7,3,5,2,2,0,1,0,0,0,1,"690049,711123","5333632,34215",11.554130155,48.127550344,0,2,#fc8d62,car
203659,"9,21E+18",9,1,62,0,2021,9,12,4,3,1,5,0,1,1,0,0,0,0,"693457,263856","5334314,69384",11.600186501,48.132656703,0,1,#66c2a5,bicycle
203660,"9,21E+18",9,1,84,130,2021,9,8,4,3,2,6,0,1,1,0,0,0,0,"698991,093312","5344971,93552",11.679471663,48.226728114,0,1,#66c2a5,bicycle
203662,"9,21E+18",9,1,62,0,2021,9,7,6,3,5,3,0,1,1,0,0,0,0,"692712,302242","5333137,95822",11.589652278,48.122306456,0,1,#66c2a5,bicycle
203663,"9,21E+18",9,7,61,0,2021,9,14,4,3,0,4,0,0,0,1,1,0,0,"638993,947061","5358510,91595",10.876596273,48.364457148,0,3,#8da0cb,toilet
203664,"9,21E+18",9,1,62,0,2021,9,15,3,3,5,2,0,0,1,0,0,0,1,"686843,200541","5339526,15334",11.513668122,48.181474838,0,2,#fc8d62,car
203665,"9,21E+18",9,1,62,0,2021,9,8,2,3,3,2,0,1,1,0,0,0,0,"689751,241984","5335626,31314",11.551011309,48.145561288,1,1,#66c2a5,bicycle
203666,"9,21E+18",9,1,88,113,2021,9,18,6,3,0,6,0,1,0,1,0,0,0,"675143,715694","5314407,69573",11.346121371,47.959005712,0,1,#66c2a5,bicycle
203667,"9,21E+18",9,1,62,0,2021,9,18,7,3,6,4,0,0,1,1,0,0,0,"698951,347132","5334599,96866",11.674081364,48.133526924,0,2,#fc8d62,car
203669,"9,21E+18",9,1,87,154,2021,9,11,7,2,0,7,0,1,0,0,0,0,0,"737061,43411","5296999,76346",12.16484635,47.782698077,0,1,#66c2a5,bicycle
203670,"9,21E+18",9,1,62,0,2021,9,9,1,2,0,7,0,1,0,0,0,0,0,"690094,520629","5334738,78836",11.555225403,48.137481728,0,1,#66c2a5,bicycle
203671,"9,21E+18",9,1,62,0,2021,9,8,5,3,5,3,0,1,1,0,0,0,0,"680508,909456","5336123,31254",11.427086963,48.152718472,0,1,#66c2a5,bicycle
203672,"9,21E+18",9,1,62,0,2021,9,11,5,3,5,3,0,0,1,0,0,0,0,"691924,75208","5338005,18022",11.581274306,48.166290089,1,2,#fc8d62,car
203676,"9,21E+18",9,1,84,139,2021,9,16,2,3,6,4,0,1,0,1,0,0,0,"687664,17113","5326502,12808",11.518968218,48.064169442,0,1,#66c2a5,bicycle
203678,"9,21E+18",9,1,62,0,2021,9,9,4,3,5,3,0,1,1,0,0,0,0,"686657,545732","5338218,3955",11.510598647,48.169774937,0,1,#66c2a5,bicycle
203683,"9,21E+18",9,7,61,0,2021,9,16,3,3,0,6,0,0,1,0,0,0,1,"641790,957424","5360250,63509",10.914924446,48.379477903,0,2,#fc8d62,car
203684,"9,21E+18",9,7,61,0,2021,9,18,5,3,5,1,0,1,1,0,0,0,0,"640214,859663","5357294,52426",10.892665504,48.3532497,0,1,#66c2a5,bicycle
203686,"9,21E+18",9,1,62,0,2021,9,20,7,2,3,7,1,1,0,0,0,0,1,"698081,937352","5335361,69473",11.662763065,48.140643919,0,1,#66c2a5,bicycle
203687,"9,21E+18",9,1,85,158,2021,9,21,3,3,0,1,2,0,0,0,0,0,1,"668008,450846","5381224,41718",11.277156279,48.561583087,0,6,#ffd92f,circle
203688,"9,21E+18",9,1,62,0,2021,9,7,3,3,5,3,0,1,1,0,0,0,0,"686360,483474","5339731,42904",11.507270453,48.183461681,0,1,#66c2a5,bicycle
203689,"9,21E+18",9,7,61,0,2021,9,11,6,3,5,1,0,1,1,0,0,0,0,"640595,048394","5354003,33397",10.896696022,48.323571719,0,1,#66c2a5,bicycle
203694,"9,21E+18",9,7,72,163,2021,9,13,5,3,6,4,0,1,0,1,0,0,0,"640160,606698","5348242,67494",10.888926016,48.271869391,1,1,#66c2a5,bicycle
203697,"9,21E+18",9,1,63,0,2021,9,15,7,2,0,4,0,1,0,1,0,0,0,"732527,706784","5303239,37441",12.107758444,47.840408307,0,1,#66c2a5,bicycle
203703,"9,21E+18",9,1,88,121,2021,9,16,5,3,0,6,0,0,1,0,1,0,0,"670453,25401","5331236,47764",11.290040861,48.111561586,1,2,#fc8d62,car
203704,"9,21E+18",9,7,61,0,2021,9,17,4,3,0,1,0,1,0,0,0,0,0,"639405,384005","5358692,94136",10.882208414,48.366003148,0,1,#66c2a5,bicycle
203706,"9,21E+18",9,1,62,0,2021,9,18,5,3,5,3,0,1,0,0,0,0,0,"686352,358642","5332664,81683",11.504067145,48.119946983,0,1,#66c2a5,bicycle
203707,"9,21E+18",9,1,88,121,2021,9,16,7,3,5,3,0,1,1,0,0,0,0,"671271,793054","5329582,73929",11.300364977,48.096475281,0,1,#66c2a5,bicycle
203710,"9,21E+18",9,1,78,143,2021,9,11,6,3,5,3,0,1,1,0,0,0,0,"716972,710243","5373149,94868",11.93580392,48.474009723,0,1,#66c2a5,bicycle
203714,"9,21E+18",9,1,87,182,2021,9,23,7,3,1,1,2,0,1,0,0,0,0,"740127,71773","5328193,73304",12.223094123,48.06178243,1,2,#fc8d62,car
203717,"9,21E+18",9,1,84,129,2021,9,16,5,3,8,7,0,0,0,0,0,0,1,"702315,408001","5323954,091",11.714203063,48.036792746,0,6,#ffd92f,circle
203718,"9,21E+18",9,1,62,0,2021,9,14,5,3,3,6,0,1,0,0,0,0,0,"688448,323485","5336375,38792",11.533844353,48.152681369,1,1,#66c2a5,bicycle
203719,"9,21E+18",9,1,62,0,2021,9,9,2,3,0,1,0,1,0,0,0,0,0,"691738,896407","5335511,96696",11.57765389,48.143937611,0,1,#66c2a5,bicycle
203721,"9,21E+18",9,7,61,0,2021,9,18,5,3,4,1,0,1,1,0,0,0,0,"638852,951444","5355536,82593",10.87371269,48.337745708,0,1,#66c2a5,bicycle
203723,"9,21E+18",9,1,62,0,2021,9,15,2,3,5,3,0,1,1,0,1,0,0,"694062,585044","5333800,35814",11.608079428,48.127849757,0,1,#66c2a5,bicycle
203724,"9,21E+18",9,1,62,0,2021,9,11,3,1,6,4,0,0,1,1,0,0,0,"690701,405111","5340381,45253",11.565904375,48.188015894,0,2,#fc8d62,car
203727,"9,21E+18",9,7,61,0,2021,9,13,2,3,0,1,0,0,0,0,1,0,0,"641150,064389","5358148,98912",10.905568569,48.360724404,0,4,#e78ac3,marker
203730,"9,21E+18",9,1,90,138,2021,9,15,5,3,4,6,0,1,0,0,0,0,0,"664906,255","5310747,105",11.207692634,47.928813485,0,1,#66c2a5,bicycle
203732,"9,21E+18",9,1,62,0,2021,9,21,6,2,6,4,2,0,0,1,0,0,1,"691131,092418","5334887,68161",11.569211187,48.138509478,0,3,#8da0cb,toilet
203735,"9,21E+18",9,7,61,0,2021,9,13,3,3,6,4,0,0,0,1,0,0,1,"639589,068996","5359565,34943",10.884976669,48.373807013,0,3,#8da0cb,toilet
203736,"9,21E+18",9,1,82,120,2021,9,12,6,3,5,3,0,1,1,0,0,0,0,"702365,749716","5306696,0694",11.706757798,47.881676028,0,1,#66c2a5,bicycle
203738,"9,21E+18",9,1,62,0,2021,9,19,6,2,1,5,0,0,1,0,1,0,0,"689453,504222","5336079,65994",11.54721439,48.149724729,1,2,#fc8d62,car
203739,"9,21E+18",9,1,88,113,2021,9,12,1,3,0,1,0,1,0,0,0,0,0,"674624,124206","5311577,56377",11.338018921,47.933705398,0,1,#66c2a5,bicycle
203741,"9,21E+18",9,7,61,0,2021,9,13,2,2,6,4,0,0,0,1,0,0,1,"639926,91352","5357990,18273",10.889012221,48.359568743,0,3,#8da0cb,toilet
203746,"9,21E+18",9,1,88,127,2021,9,10,6,3,5,3,0,1,1,0,0,0,0,"679800,497958","5330595,01256",11.415238122,48.103225389,0,1,#66c2a5,bicycle
203748,"9,21E+18",9,1,62,0,2021,9,11,3,3,5,3,0,1,0,0,0,0,0,"695691,407856","5330318,45932",11.628348553,48.096057464,0,1,#66c2a5,bicycle
203753,"9,21E+18",9,1,73,126,2021,9,10,5,3,5,3,0,0,1,0,0,0,1,"685811,048031","5303103,79225",11.484009766,47.854390047,0,2,#fc8d62,car
203756,"9,21E+18",9,1,62,0,2021,9,8,5,3,1,5,0,1,1,0,0,0,0,"683316,560551","5337553,58427",11.46541839,48.164771567,0,1,#66c2a5,bicycle
203759,"9,21E+18",9,1,87,172,2021,9,8,3,3,0,1,0,1,0,0,0,0,0,"741164,370349","5297580,83706",12.219855965,47.7863956,1,1,#66c2a5,bicycle
203760,"9,21E+18",9,1,77,115,2021,9,0,6,3,9,1,2,0,1,0,0,0,0,"735495,534618","5351863,39833",12.174125623,48.276137019,0,2,#fc8d62,car
203766,"9,21E+18",9,1,62,0,2021,9,14,6,2,5,2,0,1,0,0,0,0,1,"697408,702304","5335236,30435",11.653664909,48.139726221,0,1,#66c2a5,bicycle
203769,"9,21E+18",9,1,62,0,2021,9,14,5,2,0,6,0,0,1,0,0,0,1,"690563,296705","5329287,43382",11.559084496,48.088344657,0,2,#fc8d62,car
203771,"9,21E+18",9,2,61,0,2021,9,20,6,3,6,7,1,1,0,1,0,0,0,"731187,408319","5381224,09023",12.132320934,48.541475832,0,1,#66c2a5,bicycle
203774,"9,21E+18",9,2,74,111,2021,9,11,4,2,0,7,0,0,0,0,1,0,0,"741703,395464","5380147,73968",12.2739392,48.527846513,0,4,#e78ac3,marker
203775,"9,21E+18",9,1,62,0,2021,9,16,3,3,3,2,0,1,1,0,0,0,0,"692340,781088","5341909,40001",11.588631176,48.201254355,0,1,#66c2a5,bicycle
203777,"9,21E+18",9,7,61,0,2021,9,8,2,3,0,7,0,1,0,0,0,0,0,"640313,328","5359145,23634",10.894611146,48.369868868,0,1,#66c2a5,bicycle
203778,"9,21E+18",9,1,62,0,2021,9,3,1,2,0,7,2,0,0,0,0,0,1,"693457,678207","5334314,98744",11.600192198,48.132659216,0,6,#ffd92f,circle
203779,"9,21E+18",9,7,78,203,2021,9,15,5,3,5,3,0,1,1,0,0,0,0,"621601,960944","5323631,19772",10.631889887,48.054367824,1,1,#66c2a5,bicycle
203780,"9,21E+18",9,1,62,0,2021,9,16,4,3,5,2,0,1,1,0,0,0,0,"688621,866396","5331792,48722",11.534146548,48.111438071,0,1,#66c2a5,bicycle
203781,"9,21E+18",9,1,62,0,2021,9,13,7,3,0,7,0,1,0,0,0,0,0,"696670,71156","5329854,03637",11.64127329,48.091582013,0,1,#66c2a5,bicycle
203782,"9,21E+18",9,1,62,0,2021,9,16,6,2,6,4,0,0,1,1,0,0,0,"687454,339039","5338094,72264",11.521250485,48.168428859,0,2,#fc8d62,car
203783,"9,21E+18",9,1,62,0,2021,9,21,3,3,5,3,2,1,1,0,0,0,0,"695824,981001","5330745,339",11.630336456,48.099853033,0,1,#66c2a5,bicycle
203785,"9,21E+18",9,1,79,121,2021,9,14,6,3,0,1,0,1,0,0,0,0,0,"665448,712824","5336954,87102",11.22507955,48.164290741,0,1,#66c2a5,bicycle
203786,"9,21E+18",9,1,62,0,2021,9,18,1,3,5,7,0,0,1,0,0,0,0,"689503,193138","5331478,29819",11.545835562,48.108352496,0,2,#fc8d62,car
203788,"9,21E+18",9,1,62,0,2021,9,13,4,3,0,7,0,1,0,0,0,0,0,"687355,950954","5335046,54766",11.518586454,48.141060147,0,1,#66c2a5,bicycle
203789,"9,21E+18",9,2,61,0,2021,9,11,4,3,5,7,0,1,1,0,0,0,0,"730729,481705","5382193,69839",12.126663199,48.550354283,0,1,#66c2a5,bicycle
203792,"9,21E+18",9,1,81,128,2021,9,8,3,2,3,6,0,1,0,0,0,0,0,"637621,781592","5327938,76477",10.848152665,48.089849395,0,1,#66c2a5,bicycle
203793,"9,21E+18",9,7,72,125,2021,9,12,5,3,5,3,0,1,1,0,0,0,0,"636513,822751","5348739,04767",10.839965768,48.277129449,0,1,#66c2a5,bicycle
203795,"9,21E+18",9,1,62,0,2021,9,22,2,3,0,1,2,1,0,0,0,0,0,"693244,091183","5334410,37501",11.59736778,48.133581418,0,1,#66c2a5,bicycle
203797,"9,21E+18",9,1,62,0,2021,9,12,3,2,0,1,0,1,0,0,0,0,0,"692327,910744","5334228,85938",11.584984613,48.13222751,1,1,#66c2a5,bicycle
203798,"9,21E+18",9,1,62,0,2021,9,17,6,3,2,6,0,0,1,0,0,0,0,"691059,890131","5333267,39541",11.567528533,48.123967835,0,2,#fc8d62,car
203799,"9,21E+18",9,1,87,124,2021,9,5,3,2,0,7,1,1,0,0,0,0,0,"735402,566262","5325904,74222",12.158513074,48.04298007,0,1,#66c2a5,bicycle
203801,"9,21E+18",9,1,62,0,2021,10,7,6,3,5,2,0,1,1,0,0,0,0,"688647,236283","5336289,82851",11.536478259,48.151853383,0,1,#66c2a5,bicycle
203805,"9,21E+18",9,1,63,0,2021,9,17,5,3,6,4,0,0,1,1,0,0,0,"733307,842458","5304644,09774",12.118926345,47.852745905,0,2,#fc8d62,car
203806,"9,21E+18",9,1,74,126,2021,9,15,6,3,0,7,0,1,0,0,0,0,0,"682237,593798","5344948,55061",11.454095692,48.231552344,0,1,#66c2a5,bicycle
203807,"9,21E+18",9,1,73,126,2021,10,7,2,3,5,3,0,1,1,0,0,0,0,"684978,397508","5304858,53758",11.473639998,47.870403677,0,1,#66c2a5,bicycle
203808,"9,21E+18",9,1,62,0,2021,10,8,3,3,3,2,0,1,1,0,0,0,0,"692146,441001","5340928,854",11.58557464,48.192500338,1,1,#66c2a5,bicycle
203809,"9,21E+18",9,7,71,146,2021,9,19,4,3,6,4,2,0,1,1,0,0,0,"647746,792","5347329,828",10.990782649,48.26193734,0,2,#fc8d62,car
203810,"9,21E+18",9,1,62,0,2021,10,13,4,3,6,7,0,0,1,1,0,0,0,"686806,3569","5338949,03827",11.512919267,48.176298422,0,2,#fc8d62,car
203814,"9,21E+18",9,1,62,0,2021,9,10,1,3,5,7,0,0,1,0,0,0,0,"696475,153351","5332674,86648",11.639948635,48.11699444,0,2,#fc8d62,car
203817,"9,21E+18",9,7,72,223,2021,10,15,1,3,0,1,0,1,0,0,0,0,0,"617729,786729","5366277,49431",10.591806636,48.438627014,0,1,#66c2a5,bicycle
203820,"9,21E+18",9,7,61,0,2021,9,9,5,3,5,3,0,1,1,0,0,0,0,"641406,852499","5359277,92094",10.909412823,48.370817857,0,1,#66c2a5,bicycle