OBJECTID,UIDENTSTLA,ULAND,UREGBEZ,UKREIS,UGEMEINDE,UJAHR,UMONAT,USTUNDE,UWOCHENTAG,UKATEGORIE,UART,UTYP1,ULICHTVERH,IstRad,IstPKW,IstFuss,IstKrad,IstGkfz,IstSonstig,LINREFX,LINREFY,XGCSWGS84,YGCSWGS84,STRZUSTAN,Teilnehmer,color,symbol
203821,"9,21E+18",9,7,61,0,2021,10,4,5,2,0,1,2,1,0,0,0,0,0,"639086,273218","5358307,68202",10.877774902,48.362609378,0,1,#66c2a5,bicycle
203824,"9,21E+18",9,1,62,0,2021,10,19,6,3,7,7,2,1,0,1,0,0,0,"689309,600213","5333420,78736",11.544099821,48.125869397,0,1,#66c2a5,bicycle
203826,"9,21E+18",9,2,74,113,2021,10,12,1,3,0,1,0,1,0,0,0,0,0,"729199,317149","5382548,62348",12.106154811,48.554103529,0,1,#66c2a5,bicycle
203831,"9,21E+18",9,1,78,124,2021,10,10,2,3,5,3,0,0,1,0,0,0,1,"702708,913001","5364207,618",11.738716304,48.398411424,0,2,#fc8d62,car
203832,"9,21E+18",9,1,87,117,2021,10,7,4,3,1,6,1,0,1,0,0,0,0,"724829,938381","5305170,18451",12.006029037,47.860494198,1,2,#fc8d62,car
203837,"9,21E+18",9,1,62,0,2021,9,1,7,3,0,7,2,0,0,0,0,0,1,"686170,68607","5335200,44147",11.502736286,48.142791312,0,6,#ffd92f,circle
203839,"9,21E+18",9,1,88,121,2021,9,16,6,3,1,7,0,1,1,0,0,0,0,"670960,780157","5331211,77918",11.296843907,48.111203521,0,1,#66c2a5,bicycle
203842,"9,21E+18",9,1,81,144,2021,9,10,4,3,5,3,0,0,1,0,0,0,0,"655582,673391","5319355,47484",11.086076623,48.008544781,0,2,#fc8d62,car
203844,"9,21E+18",9,1,75,132,2021,10,10,7,1,0,1,0,1,0,0,0,0,0,"706201,497998","5331699,91233",11.770011237,48.105158162,0,1,#66c2a5,bicycle
203848,"9,21E+18",9,1,62,0,2021,10,22,6,3,4,2,2,1,1,0,0,0,0,"687958,661611","5339632,5307",11.528706751,48.182101974,0,1,#66c2a5,bicycle
203850,"9,21E+18",9,1,78,124,2021,10,12,1,3,0,1,0,1,0,0,0,0,0,"703439,212894","5368332,82457",11.750571754,48.435246021,1,1,#66c2a5,bicycle
203852,"9,21E+18",9,1,86,152,2021,10,14,6,3,0,7,0,1,0,0,0,0,0,"691648,888243","5378450,38515",11.595976532,48.529872994,0,1,#66c2a5,bicycle
203853,"9,21E+18",9,1,78,145,2021,10,18,6,3,0,3,0,0,1,0,1,0,0,"697809,62645","5355491,60267",11.66850263,48.321637908,0,2,#fc8d62,car
203854,"9,21E+18",9,1,78,124,2021,10,14,5,3,6,6,0,1,0,1,0,0,0,"702774,54998","5364756,87464",11.739867298,48.403326085,0,1,#66c2a5,bicycle
203855,"9,21E+18",9,1,78,116,2021,9,12,7,2,8,1,0,0,1,0,0,0,0,"704581,145879","5379902,70387",11.77165626,48.538841962,0,2,#fc8d62,car
203856,"9,21E+18",9,1,62,0,2021,10,13,2,3,3,2,0,1,1,0,0,0,0,"687450,291761","5336039,60864",11.520290608,48.149958237,0,1,#66c2a5,bicycle
203862,"9,21E+18",9,1,77,138,2021,10,16,1,3,2,6,0,1,0,0,0,0,0,"727464,44755","5362103,9904",12.071566766,48.37107129,0,1,#66c2a5,bicycle
203864,"9,21E+18",9,7,62,0,2021,9,16,5,3,5,3,0,1,1,0,0,0,0,"621253,599","5304656,764",10.621863696,47.883785369,0,1,#66c2a5,bicycle
203865,"9,21E+18",9,1,84,139,2021,10,12,5,3,5,3,0,1,1,0,0,0,0,"686671,154457","5323900,2574",11.504517412,48.04107387,1,1,#66c2a5,bicycle
203866,"9,21E+18",9,1,62,0,2021,9,16,6,3,5,2,0,1,1,0,0,0,0,"686620,170864","5329822,18073",11.506418833,48.094317809,0,1,#66c2a5,bicycle
203869,"9,21E+18",9,1,86,143,2021,10,8,5,3,5,3,0,1,1,0,0,0,0,"685237,570849","5378532,05052",11.509256695,48.532531813,0,1,#66c2a5,bicycle
203871,"9,21E+18",9,7,61,0,2021,10,15,7,2,3,2,0,1,1,0,0,0,0,"639121,640229","5359108,83195",10.878517112,48.369805341,0,1,#66c2a5,bicycle
203872,"9,21E+18",9,1,62,0,2021,10,20,6,3,1,5,2,1,1,0,0,0,0,"691230,29271","5333994,87888",11.570142498,48.130455242,0,1,#66c2a5,bicycle
203873,"9,21E+18",9,1,77,115,2021,9,12,1,3,0,1,0,0,0,0,1,0,0,"739491,032723","5354937,20522",12.229633157,48.302249188,0,4,#e78ac3,marker
203881,"9,21E+18",9,7,61,0,2021,9,23,7,3,0,7,2,0,0,0,0,0,1,"640942,159494","5358060,99703",10.902733925,48.359979658,0,6,#ffd92f,circle
203883,"9,21E+18",9,1,73,126,2021,9,19,5,3,6,2,1,0,0,1,0,0,1,"684913,32068","5304857,32132",11.47277007,47.870411482,0,3,#8da0cb,toilet
203884,"9,21E+18",9,1,63,0,2021,9,14,6,3,6,4,0,1,1,1,0,0,0,"733453,901002","5306095,53099",12.121659352,47.865732615,0,1,#66c2a5,bicycle
203885,"9,21E+18",9,7,61,0,2021,10,14,1,3,2,6,0,0,1,0,0,0,0,"641014,121998","5359209,56106",10.904089919,48.370291063,0,2,#fc8d62,car
203887,"9,21E+18",9,1,79,136,2021,9,13,4,3,5,3,0,1,1,0,0,0,0,"660693,430241","5342062,20557",11.163107149,48.211427952,0,1,#66c2a5,bicycle
203889,"9,21E+18",9,1,77,142,2021,10,17,7,2,0,1,0,1,0,0,0,0,0,"722484,089054","5348921,97851",11.997460585,48.254414597,0,1,#66c2a5,bicycle
203890,"9,21E+18",9,1,84,147,2021,9,5,3,2,3,1,2,1,0,0,0,0,0,"697180,776864","5340923,59765",11.653241167,48.190910183,0,1,#66c2a5,bicycle
203891,"9,21E+18",9,7,72,147,2021,10,18,5,3,4,2,1,1,1,0,0,0,0,"639032,508953","5364991,96267",10.879262171,48.42272447,0,1,#66c2a5,bicycle
203892,"9,21E+18",9,1,87,128,2021,9,15,7,2,0,1,0,1,0,0,0,0,0,"745087,020913","5307253,67627",12.277612818,47.871804104,0,1,#66c2a5,bicycle
203894,"9,21E+18",9,1,78,140,2021,10,1,7,2,0,1,2,1,0,0,0,0,0,"706647,860292","5364865,21717",11.792192324,48.403042092,1,1,#66c2a5,bicycle
203895,"9,21E+18",9,1,62,0,2021,9,18,3,3,2,6,0,0,1,0,0,0,0,"690842,918791","5335012,47137",11.565397463,48.139717572,0,2,#fc8d62,car
203900,"9,21E+18",9,1,62,0,2021,9,8,5,3,5,2,0,0,1,0,0,0,0,"690181,698086","5333731,18023",11.555946241,48.128399284,0,2,#fc8d62,car
203902,"9,21E+18",9,1,77,131,2021,9,13,7,3,0,1,0,1,0,0,0,0,0,"711077,631484","5347940,15893",11.843497158,48.24949379,0,1,#66c2a5,bicycle
203903,"9,21E+18",9,1,73,147,2021,10,7,3,3,6,4,1,0,1,1,0,0,0,"681673,111645","5308926,33073",11.431193042,47.907913532,0,2,#fc8d62,car
203904,"9,21E+18",9,7,78,116,2021,10,16,6,3,4,6,0,0,1,0,1,0,0,"618773,640013","5318302,25457",10.592471782,48.006973877,0,2,#fc8d62,car
203906,"9,21E+18",9,1,88,120,2021,9,13,3,3,0,1,0,1,0,0,0,0,0,"677098,716212","5326524,24238",11.377290263,48.067388817,1,1,#66c2a5,bicycle
203907,"9,21E+18",9,1,62,0,2021,10,9,7,3,5,2,0,1,1,0,0,0,0,"687511,81227","5336038,02663",11.521116231,48.149925884,0,1,#66c2a5,bicycle
203908,"9,21E+18",9,1,62,0,2021,10,8,6,2,6,3,0,0,1,1,0,0,0,"688009,355182","5338969,68112",11.529094824,48.176129197,0,2,#fc8d62,car
203909,"9,21E+18",9,1,62,0,2021,9,18,7,3,5,3,1,0,1,0,1,0,0,"680590,744001","5339902,711",11.429791509,48.186667595,0,2,#fc8d62,car
203913,"9,21E+18",9,1,74,122,2021,10,19,4,3,0,7,2,0,0,0,1,0,0,"681450,983001","5351532,68",11.446336758,48.290959814,0,4,#e78ac3,marker
203921,"9,21E+18",9,1,62,0,2021,10,19,6,3,3,6,1,0,1,0,1,0,0,"692020,037704","5336425,31199",11.581841432,48.152061793,0,2,#fc8d62,car
203922,"9,21E+18",9,1,62,0,2021,10,11,7,3,3,2,0,1,1,0,0,0,0,"689063,915988","5336850,52336",11.542324164,48.156769229,0,1,#66c2a5,bicycle
203923,"9,21E+18",9,1,78,143,2021,9,13,1,3,5,3,0,1,1,0,0,0,0,"717052,242672","5373519,90086",11.937070599,48.477306157,0,1,#66c2a5,bicycle
203928,"9,21E+18",9,1,62,0,2021,10,13,3,2,0,5,0,0,0,0,0,0,1,"698179,453395","5333119,46208",11.663029654,48.120462052,0,6,#ffd92f,circle
203929,"9,21E+18",9,1,62,0,2021,10,13,4,3,5,3,0,0,1,0,0,0,0,"692952,94304","5332321,63637",11.592513148,48.114896655,0,2,#fc8d62,car
203932,"9,21E+18",9,1,62,0,2021,9,11,7,3,6,4,0,1,0,1,0,0,0,"692237,847969","5338670,75175",11.58578172,48.172177479,0,1,#66c2a5,bicycle
203934,"9,21E+18",9,1,74,115,2021,9,10,5,3,2,6,0,0,1,0,0,0,0,"682268,425455","5348061,83784",11.455850619,48.259527364,0,2,#fc8d62,car
203935,"9,21E+18",9,1,78,143,2021,9,13,6,3,5,6,0,1,1,0,0,0,0,"716751,834002","5373106,977",11.932797106,48.473699792,0,1,#66c2a5,bicycle
203938,"9,21E+18",9,1,74,126,2021,9,9,4,3,0,1,0,0,1,0,0,0,0,"682626,70805","5344009,29362",11.458925981,48.22299788,0,2,#fc8d62,car
203940,"9,21E+18",9,1,62,0,2021,10,17,6,3,0,7,0,1,0,0,0,0,0,"684273,365001","5328845,495",11.47450906,48.086221624,0,1,#66c2a5,bicycle
203942,"9,21E+18",9,1,62,0,2021,10,15,5,3,0,4,0,0,1,1,0,0,0,"690813,12705","5334899,16443",11.564946642,48.13870811,0,2,#fc8d62,car
203943,"9,21E+18",9,1,81,121,2021,9,17,7,3,2,6,0,1,0,0,0,0,0,"635361,522539","5312637,1382",10.812982278,47.952731575,0,1,#66c2a5,bicycle
203944,"9,21E+18",9,1,62,0,2021,9,21,1,2,5,3,2,0,1,0,0,0,1,"692018,510852","5338518,60955",11.582765825,48.170876362,1,2,#fc8d62,car
203945,"9,21E+18",9,1,62,0,2021,10,20,6,3,5,3,2,0,1,0,1,0,0,"694571,966495","5337282,1139",11.616508767,48.15898681,0,2,#fc8d62,car
203946,"9,21E+18",9,1,62,0,2021,9,8,3,2,3,6,0,0,1,0,0,0,0,"697909,726224","5334476,79031",11.660039534,48.132744636,0,2,#fc8d62,car
203947,"9,21E+18",9,1,78,138,2021,10,14,1,3,0,1,0,1,0,0,0,0,0,"710674,850096","5368797,64863",11.848510209,48.437043947,0,1,#66c2a5,bicycle
203948,"9,21E+18",9,1,85,131,2021,10,17,7,2,8,1,0,0,0,0,1,0,0,"665879,448544","5373884,49531",11.245402971,48.496168279,0,4,#e78ac3,marker
203950,"9,21E+18",9,1,62,0,2021,9,9,5,3,5,2,0,1,0,0,0,0,1,"692129,122135","5333230,73572",11.58186563,48.123316573,0,1,#66c2a5,bicycle
203951,"9,21E+18",9,1,62,0,2021,9,16,6,3,3,2,0,1,1,0,0,0,0,"688392,367926","5329694,53886",11.530140217,48.092649128,0,1,#66c2a5,bicycle
203953,"9,21E+18",9,7,72,186,2021,10,10,6,3,2,2,0,0,1,0,0,0,1,"636815,492314","5344149,41145",10.842545539,48.235793767,0,2,#fc8d62,car
203956,"9,21E+18",9,7,61,0,2021,10,14,7,2,0,1,0,1,0,0,0,0,0,"639015,671502","5357759,88458",10.87664126,48.35769925,0,1,#66c2a5,bicycle
203957,"9,21E+18",9,1,62,0,2021,10,19,6,2,5,3,2,1,1,0,0,0,0,"698611,887088","5332660,80722",11.668620302,48.11620528,0,1,#66c2a5,bicycle
203963,"9,21E+18",9,1,90,148,2021,10,18,4,3,5,3,0,0,1,0,0,0,0,"640719,206392","5296592,16791",10.879474062,47.807292032,0,2,#fc8d62,car
203964,"9,21E+18",9,7,72,147,2021,9,16,4,3,5,3,0,0,1,0,0,0,1,"636060,655446","5364142,46951",10.838838649,48.415734805,0,2,#fc8d62,car
203969,"9,21E+18",9,1,87,177,2021,9,15,2,3,0,7,0,1,0,0,0,0,0,"737714,896022","5305909,72078",12.178443807,47.86250109,0,1,#66c2a5,bicycle
203971,"9,21E+18",9,1,62,0,2021,9,13,3,3,4,3,0,1,1,0,0,0,0,"690225,616934","5337432,25246",11.558189447,48.161651349,0,1,#66c2a5,bicycle
203973,"9,21E+18",9,1,62,0,2021,10,12,3,3,0,7,0,0,1,1,0,0,0,"692108,536384","5335599,38492",11.582657378,48.1446118,0,2,#fc8d62,car
203975,"9,21E+18",9,7,72,202,2021,9,10,5,2,4,6,0,1,0,0,0,0,0,"636077,359","5359952,958",10.837706559,48.378059419,0,1,#66c2a5,bicycle
203976,"9,21E+18",9,1,62,0,2021,10,17,5,3,5,3,0,0,1,0,0,0,0,"691016,185694","5332278,46914",11.566498776,48.115092518,0,2,#fc8d62,car
203977,"9,21E+18",9,1,62,0,2021,9,17,6,3,5,2,0,1,0,0,0,0,0,"680301,881577","5336793,63494",11.424589932,48.158802643,0,1,#66c2a5,bicycle
203979,"9,21E+18",9,1,84,136,2021,10,7,6,3,0,7,0,1,0,0,0,0,0,"698773,474426","5326238,38129",11.667800139,48.058434758,0,1,#66c2a5,bicycle
203980,"9,21E+18",9,1,87,117,2021,9,13,3,3,0,1,0,1,0,0,0,0,0,"724677,553256","5305246,71394",12.00403427,47.861235114,0,1,#66c2a5,bicycle
203984,"9,21E+18",9,1,62,0,2021,9,6,5,3,0,7,0,0,0,1,0,0,1,"686237,670267","5332277,9963",11.502358615,48.116503637,0,3,#8da0cb,toilet
203985,"9,21E+18",9,1,62,0,2021,10,11,1,3,4,2,0,1,1,0,0,0,0,"684371,63143","5330751,27361",11.476650372,48.103323542,0,1,#66c2a5,bicycle
203988,"9,21E+18",9,7,72,177,2021,9,12,5,3,5,3,0,0,1,0,0,0,0,"637053,665197","5376130,43254",10.856180177,48.523312159,0,2,#fc8d62,car
203991,"9,21E+18",9,1,62,0,2021,10,18,6,3,2,6,0,0,1,0,0,0,0,"690527,831804","5335272,29709",11.561282557,48.142147301,0,2,#fc8d62,car
203992,"9,21E+18",9,1,63,0,2021,10,10,6,1,6,2,0,0,0,1,0,1,0,"733978,045733","5305326,47045",12.128241113,47.858632734,0,3,#8da0cb,toilet
203993,"9,21E+18",9,7,71,130,2021,9,17,3,3,3,2,0,1,0,0,0,0,0,"647062,696446","5357331,63084",10.985056445,48.352025799,0,1,#66c2a5,bicycle
203994,"9,21E+18",9,1,82,119,2021,10,14,1,3,0,1,0,1,0,0,0,0,0,"711539,907886","5294568,28862",11.823395006,47.769732906,0,1,#66c2a5,bicycle
203996,"9,21E+18",9,1,82,116,2021,9,15,1,2,6,4,0,0,1,1,0,0,0,"704665,604001","5293122,779",11.731073482,47.758961018,0,2,#fc8d62,car
203999,"9,21E+18",9,1,63,0,2021,10,8,3,2,0,7,0,1,0,0,0,0,0,"730765,119459","5303293,86942",12.084265736,47.841532833,0,1,#66c2a5,bicycle
204004,"9,21E+18",9,1,62,0,2021,10,18,6,3,0,1,2,1,0,0,0,0,0,"692151,703045","5334403,74858",11.582697665,48.133852605,0,1,#66c2a5,bicycle
204005,"9,21E+18",9,1,82,120,2021,10,18,1,3,5,3,0,1,1,0,0,0,0,"701070,244376","5307097,90933",11.689636567,47.885694545,0,1,#66c2a5,bicycle
204006,"9,21E+18",9,1,62,0,2021,9,15,7,3,1,5,0,1,1,0,0,0,0,"686928,886452","5333954,35462",11.51237196,48.131368786,0,1,#66c2a5,bicycle
204008,"9,21E+18",9,1,90,148,2021,10,11,6,2,0,3,0,0,1,0,0,0,1,"641062,31589","5296350,8458",10.88397564,47.805046808,0,2,#fc8d62,car
204009,"9,21E+18",9,1,62,0,2021,9,15,4,3,3,6,0,1,0,0,0,0,0,"692275,675277","5338281,92756",11.586114162,48.168671385,0,1,#66c2a5,bicycle
204010,"9,21E+18",9,1,62,0,2021,9,14,5,3,5,2,0,0,1,0,0,0,0,"690392,760683","5334741,16346",11.559231223,48.137413915,0,2,#fc8d62,car
204011,"9,21E+18",9,1,84,149,2021,10,13,1,3,1,6,0,1,1,0,0,0,0,"691876,276381","5351184,5089",11.586588495,48.284756248,0,1,#66c2a5,bicycle
204012,"9,21E+18",9,1,74,113,2021,10,14,4,3,8,7,0,0,1,0,0,0,0,"674785,844446","5350421,90616",11.356097719,48.282850679,0,2,#fc8d62,car
204015,"9,21E+18",9,1,62,0,2021,10,19,4,3,5,3,1,1,1,0,0,0,0,"686677,780338","5338261,71575",11.510889557,48.170158368,0,1,#66c2a5,bicycle
204016,"9,21E+18",9,2,74,184,2021,10,14,7,3,0,1,0,1,0,0,0,0,0,"748232,381598","5371524,35982",12.35709836,48.447853217,0,1,#66c2a5,bicycle
204019,"9,21E+18",9,1,62,0,2021,9,22,1,3,4,6,2,0,1,0,1,0,0,"689018,845785","5336215,26589",11.54143657,48.15107288,1,2,#fc8d62,car
204020,"9,21E+18",9,1,85,158,2021,10,21,6,3,0,1,2,1,0,0,0,0,0,"667000,812642","5381561,95937",11.263645538,48.564886556,0,1,#66c2a5,bicycle
204023,"9,21E+18",9,1,79,123,2021,10,15,7,2,4,2,0,1,1,0,0,0,0,"675798,498267","5334002,22255",11.362932573,48.134970864,0,1,#66c2a5,bicycle
204024,"9,21E+18",9,1,77,117,2021,10,15,6,3,5,7,0,0,1,0,0,0,0,"715663,664267","5354853,40357",11.908722668,48.310066811,0,2,#fc8d62,car
204025,"9,21E+18",9,1,62,0,2021,10,12,5,3,0,6,0,1,1,0,0,0,0,"691663,713129","5332785,06043",11.575417575,48.119451167,1,1,#66c2a5,bicycle
204027,"9,21E+18",9,2,61,0,2021,10,8,3,3,0,3,0,1,1,0,0,0,0,"732972,828423","5381305,47806",12.156518708,48.541546621,0,1,#66c2a5,bicycle
204028,"9,21E+18",9,7,61,0,2021,10,17,6,2,5,3,0,1,1,0,0,0,0,"640145,767481","5358309,92914",10.892071584,48.362395267,0,1,#66c2a5,bicycle
204032,"9,21E+18",9,1,62,0,2021,10,15,7,3,6,4,0,1,0,1,0,0,0,"691515,648898","5337194,06972",11.575412688,48.159123343,0,1,#66c2a5,bicycle
204039,"9,21E+18",9,7,62,0,2021,10,9,4,3,6,4,0,0,1,1,0,0,0,"620416,701","5305074,949",10.610790745,47.887703988,0,2,#fc8d62,car
204045,"9,21E+18",9,1,62,0,2021,9,21,4,3,5,3,2,1,0,0,0,0,0,"686192,023736","5335069,77484",11.502965716,48.141610589,1,1,#66c2a5,bicycle
204050,"9,21E+18",9,7,61,0,2021,9,16,6,3,0,1,0,1,0,0,0,0,0,"640312,757303","5358776,12967",10.894480298,48.366550104,0,1,#66c2a5,bicycle
204051,"9,21E+18",9,1,62,0,2021,10,14,1,3,5,3,0,1,1,0,0,0,0,"692770,708001","5334904,739",11.591235572,48.138168201,0,1,#66c2a5,bicycle
204057,"9,21E+18",9,1,62,0,2021,10,4,7,3,8,7,2,0,1,0,0,0,0,"697354,983806","5331823,81967",11.651363639,48.109073719,0,2,#fc8d62,car
204058,"9,21E+18",9,1,84,127,2021,9,16,7,3,0,7,0,1,0,0,0,0,0,"702538,514811","5321360,00401",11.715966785,48.013408907,0,1,#66c2a5,bicycle
204059,"9,21E+18",9,1,62,0,2021,9,8,2,3,0,1,0,1,0,0,0,0,0,"691003,005962","5334191,97799",11.567179291,48.132295001,1,1,#66c2a5,bicycle
204061,"9,21E+18",9,1,62,0,2021,9,6,5,3,5,3,0,1,1,0,0,0,0,"685945,20968","5329422,46039",11.497188576,48.090922217,0,1,#66c2a5,bicycle
204062,"9,21E+18",9,1,62,0,2021,10,13,1,3,5,2,0,0,1,0,0,0,1,"687347,224186","5334933,37537",11.518419473,48.140045494,0,2,#fc8d62,car
204064,"9,21E+18",9,2,61,0,2021,9,17,4,3,0,1,0,1,0,0,0,0,0,"738966,187694","5384104,10443",12.239194381,48.564430158,0,1,#66c2a5,bicycle
204067,"9,21E+18",9,1,87,150,2021,10,15,6,3,5,3,0,0,1,0,0,0,0,"729463,639002","5303581,17899",12.06704908,47.844579915,0,2,#fc8d62,car
204070,"9,21E+18",9,7,72,141,2021,9,17,3,2,0,1,0,1,0,0,0,0,0,"623165,992823","5348131,69209",10.659966253,48.274404824,0,1,#66c2a5,bicycle
204071,"9,21E+18",9,1,62,0,2021,10,17,7,3,5,3,0,0,1,0,0,0,0,"688186,393117","5327360,74165",11.526348731,48.071733114,0,2,#fc8d62,car
204075,"9,21E+18",9,7,72,184,2021,9,16,6,3,4,6,0,1,1,0,0,0,0,"633004,397086","5360600,64494",10.796433063,48.384538802,0,1,#66c2a5,bicycle
204079,"9,21E+18",9,1,86,143,2021,9,17,3,3,0,6,0,0,0,0,0,0,1,"683973,6113","5378311,16991",11.492054352,48.530918348,0,6,#ffd92f,circle
204080,"9,21E+18",9,7,71,113,2021,10,13,7,3,8,1,0,1,0,0,0,0,0,"661460,324825","5367598,63569",11.183203602,48.440810031,0,1,#66c2a5,bicycle
204081,"9,21E+18",9,1,62,0,2021,10,15,6,3,5,3,0,0,1,0,0,0,0,"681218,268023","5338597,83959",11.437670246,48.174759729,0,2,#fc8d62,car
204082,"9,21E+18",9,1,87,181,2021,10,17,1,2,6,4,1,0,1,1,0,0,0,"737528,495406","5314910,05054",12.180910076,47.943424307,0,2,#fc8d62,car
204087,"9,21E+18",9,1,62,0,2021,10,12,1,3,2,6,0,0,1,0,0,0,1,"689802,764767","5331320,1276",11.549785589,48.106841653,0,2,#fc8d62,car
204088,"9,21E+18",9,1,79,121,2021,10,10,4,3,0,1,0,1,0,0,0,0,1,"667201,142788","5338555,41433",11.249258293,48.178221102,1,1,#66c2a5,bicycle
204089,"9,21E+18",9,1,62,0,2021,10,8,4,3,5,2,0,1,1,0,0,0,0,"693838,251001","5331632,203",11.60408212,48.108431391,0,1,#66c2a5,bicycle
204092,"9,21E+18",9,1,62,0,2021,9,17,7,3,6,4,0,0,1,1,0,0,0,"690631,882162","5336778,32106",11.563354305,48.155652188,0,2,#fc8d62,car
204093,"9,21E+18",9,7,61,0,2021,9,16,2,3,5,3,0,0,1,0,0,0,0,"639410,415282","5360085,44002",10.882738008,48.378523022,0,2,#fc8d62,car
204095,"9,21E+18",9,1,84,139,2021,9,9,5,3,0,7,0,1,0,0,0,0,0,"688900,49863","5327751,12853",11.536098207,48.075030913,0,1,#66c2a5,bicycle
204097,"9,21E+18",9,1,62,0,2021,10,17,3,3,2,6,1,0,1,0,0,0,0,"691231,043015","5340023,03047",11.572861909,48.184635244,1,2,#fc8d62,car
204098,"9,21E+18",9,2,61,0,2021,9,17,4,3,3,5,0,1,1,0,0,0,0,"732784,156442","5380765,16523",12.153664655,48.536763171,0,1,#66c2a5,bicycle
204100,"9,21E+18",9,1,62,0,2021,10,18,6,3,5,3,1,0,1,0,0,0,1,"688230,084455","5332372,39536",11.5291442,48.116766323,0,2,#fc8d62,car
204102,"9,21E+18",9,1,81,122,2021,10,18,6,3,5,3,0,0,1,0,0,0,1,"650506,537238","5332138,275",11.022559501,48.124696582,0,2,#fc8d62,car
204103,"9,21E+18",9,1,82,120,2021,9,15,7,3,0,1,0,1,0,0,0,0,0,"700277,208576","5306604,91959",11.678811844,47.881511677,0,1,#66c2a5,bicycle
204105,"9,21E+18",9,1,62,0,2021,10,10,6,3,5,3,0,1,0,0,1,0,0,"690179,016445","5333727,0376",11.55590839,48.128362852,0,1,#66c2a5,bicycle
204106,"9,21E+18",9,1,62,0,2021,9,12,3,2,5,3,0,0,1,0,0,0,0,"695497,904789","5336030,99727",11.628372057,48.147458445,0,2,#fc8d62,car
204110,"9,21E+18",9,1,62,0,2021,9,14,5,3,3,2,0,1,1,0,0,0,0,"689642,595441","5336030,26794",11.549732118,48.149224445,0,1,#66c2a5,bicycle
204111,"9,21E+18",9,1,78,124,2021,9,21,4,3,5,3,2,1,1,0,0,0,0,"704203,241424","5363847,76179",11.758706334,48.394695599,1,1,#66c2a5,bicycle
204113,"9,21E+18",9,1,62,0,2021,10,16,6,3,5,3,0,1,1,0,0,0,0,"694322,201196","5329886,7569",11.609781982,48.092596429,0,1,#66c2a5,bicycle
204115,"9,21E+18",9,1,88,121,2021,10,7,6,3,5,3,0,1,1,0,0,0,0,"670893,262787","5331053,54734",11.295874177,48.109799171,1,1,#66c2a5,bicycle
204116,"9,21E+18",9,2,61,0,2021,9,17,7,2,5,2,0,1,1,0,0,0,0,"728536,754825","5380883,52241",12.096275835,48.53938739,0,1,#66c2a5,bicycle
204117,"9,21E+18",9,1,62,0,2021,9,11,1,3,0,7,0,1,1,0,0,0,0,"690898,915763","5332444,93442",11.56499929,48.116623867,0,1,#66c2a5,bicycle
204118,"9,21E+18",9,1,62,0,2021,10,14,6,3,1,5,0,1,1,0,0,0,0,"691043,423118","5335418,18749",11.568271937,48.143303947,0,1,#66c2a5,bicycle
204120,"9,21E+18",9,1,62,0,2021,9,7,4,3,5,3,0,1,1,0,0,0,0,"684621,774396","5335115,55268",11.481897447,48.142479642,0,1,#66c2a5,bicycle
204122,"9,21E+18",9,1,79,119,2021,10,12,1,3,0,1,0,1,0,0,0,0,0,"669281,439804","5338978,21971",11.277388935,48.181471228,0,1,#66c2a5,bicycle
204124,"9,21E+18",9,1,62,0,2021,9,16,5,3,1,5,0,1,1,0,0,0,0,"691007,173869","5337431,05574",11.568688496,48.161406287,0,1,#66c2a5,bicycle
204125,"9,21E+18",9,1,90,157,2021,10,7,5,3,5,2,0,1,0,0,0,0,1,"660630,054382","5301650,9344",11.147102464,47.84811552,0,1,#66c2a5,bicycle
204126,"9,21E+18",9,1,62,0,2021,9,12,6,3,5,7,0,0,1,0,0,0,1,"690331,760469","5335203,78332",11.558618858,48.141590184,0,2,#fc8d62,car
204131,"9,21E+18",9,1,62,0,2021,10,16,7,3,1,5,0,1,1,0,0,0,0,"686856,36574","5330234,42675",11.509768359,48.097954031,0,1,#66c2a5,bicycle
204133,"9,21E+18",9,7,61,0,2021,9,21,1,3,0,1,2,1,0,0,0,0,0,"639615,819138","5360053,11585",10.885499689,48.378186954,1,1,#66c2a5,bicycle
204137,"9,21E+18",9,1,62,0,2021,10,11,1,3,5,3,0,1,1,0,0,0,0,"692944,908516","5332339,58978",11.592413433,48.11506045,0,1,#66c2a5,bicycle
204138,"9,21E+18",9,1,62,0,2021,10,7,3,3,5,2,0,1,1,0,0,0,0,"696116,918445","5335257,99485",11.636329233,48.140320611,1,1,#66c2a5,bicycle
204139,"9,21E+18",9,7,61,0,2021,10,7,4,3,0,1,1,0,0,0,1,0,0,"640160,944792","5358848,57668",10.892455856,48.367235255,1,4,#e78ac3,marker
204142,"9,21E+18",9,1,62,0,2021,9,14,7,3,5,3,0,0,1,0,0,0,1,"687467,1488","5338948,12021",11.521798916,48.176095583,0,2,#fc8d62,car
204143,"9,21E+18",9,1,62,0,2021,9,5,2,3,5,3,2,0,1,0,0,0,0,"691389,723744","5336287,70742",11.573313433,48.151015002,1,2,#fc8d62,car
204144,"9,21E+18",9,1,62,0,2021,9,8,4,3,5,1,0,1,1,0,0,0,0,"690997,175396","5334194,60658",11.567102185,48.132320376,1,1,#66c2a5,bicycle