OBJECTID,UIDENTSTLA,ULAND,UREGBEZ,UKREIS,UGEMEINDE,UJAHR,UMONAT,USTUNDE,UWOCHENTAG,UKATEGORIE,UART,UTYP1,ULICHTVERH,IstRad,IstPKW,IstFuss,IstKrad,IstGkfz,IstSonstig,LINREFX,LINREFY,XGCSWGS84,YGCSWGS84,STRZUSTAN,Teilnehmer,color,symbol
204145,"9,21E+18",9,1,62,0,2021,9,11,5,3,0,7,0,1,0,0,0,0,0,"691453,193959","5332904,22375",11.572645263,48.120585528,0,1,#66c2a5,bicycle
204148,"9,21E+18",9,1,87,132,2021,9,11,4,3,6,5,0,0,0,1,0,0,1,"744792,928423","5298684,15308",12.268843183,47.794938193,0,3,#8da0cb,toilet
204150,"9,21E+18",9,1,84,149,2021,10,11,6,1,0,1,0,1,0,0,0,0,0,"690844,176175","5350635,32517",11.572441861,48.280132334,0,1,#66c2a5,bicycle
204152,"9,21E+18",9,1,62,0,2021,10,16,5,3,6,7,0,1,0,1,0,0,0,"685046,853996","5332860,17142",11.486626713,48.122083673,0,1,#66c2a5,bicycle
204154,"9,21E+18",9,1,79,145,2021,9,16,2,3,5,2,0,1,0,0,0,0,0,"674827,061888","5338079,72467",11.351561918,48.171892632,0,1,#66c2a5,bicycle
204155,"9,21E+18",9,1,62,0,2021,10,14,6,3,0,7,0,0,0,0,0,0,1,"686594,743064","5337963,99923",11.509643139,48.167506791,0,6,#ffd92f,circle
204156,"9,21E+18",9,1,62,0,2021,9,16,3,3,5,2,0,1,1,0,0,0,0,"689651,268001","5332595,552",11.548319602,48.118350418,0,1,#66c2a5,bicycle
204161,"9,21E+18",9,1,79,121,2021,10,14,6,3,0,7,0,1,0,0,0,0,0,"668310,563599","5339173,39615",11.264415409,48.18348378,0,1,#66c2a5,bicycle
204162,"9,21E+18",9,1,62,0,2021,9,10,5,3,4,3,0,0,1,0,0,0,0,"689900,57598","5334438,92942",11.552487431,48.134844492,0,2,#fc8d62,car
204164,"9,21E+18",9,2,61,0,2021,10,16,3,3,0,1,0,1,0,0,0,0,0,"732821,236815","5379322,06131",12.153360417,48.523786432,0,1,#66c2a5,bicycle
204165,"9,21E+18",9,7,61,0,2021,10,6,6,3,5,3,0,1,1,0,0,0,0,"637755,116755","5352256,06703",10.857834411,48.308485626,0,1,#66c2a5,bicycle
204169,"9,21E+18",9,1,62,0,2021,10,15,6,3,5,3,0,0,1,0,0,0,0,"691469,276154","5340381,78802",11.576225482,48.187787928,0,2,#fc8d62,car
204171,"9,21E+18",9,7,61,0,2021,9,7,2,3,4,6,0,1,0,0,0,0,0,"640895,292827","5358013,99042",10.902085841,48.359567451,0,1,#66c2a5,bicycle
204172,"9,21E+18",9,1,88,121,2021,9,11,5,2,0,1,0,0,0,0,1,0,0,"669983,576105","5329769,85382",11.283151644,48.098502359,0,4,#e78ac3,marker
204173,"9,21E+18",9,2,61,0,2021,9,10,6,3,0,1,0,1,0,0,0,0,0,"732099,49716","5378367,71961",12.143069507,48.515480948,0,1,#66c2a5,bicycle
204175,"9,21E+18",9,1,63,0,2021,10,17,4,3,2,6,0,1,0,0,0,0,0,"732874,382309","5304982,193",12.113322572,47.855940574,0,1,#66c2a5,bicycle
204177,"9,21E+18",9,1,62,0,2021,10,21,4,3,3,6,2,1,0,0,0,0,0,"689016,113425","5335587,73362",11.541121233,48.145433373,0,1,#66c2a5,bicycle
204178,"9,21E+18",9,1,62,0,2021,9,13,6,3,0,7,0,1,0,0,0,0,0,"691248,154001","5334771,903",11.570731117,48.137433699,0,1,#66c2a5,bicycle
204179,"9,21E+18",9,1,62,0,2021,10,7,2,3,5,3,0,0,1,0,1,0,0,"682512,2392","5336392,56965",11.454113323,48.154567008,0,2,#fc8d62,car
204181,"9,21E+18",9,1,88,141,2021,10,7,5,3,6,4,1,0,1,1,0,0,0,"669732,003","5308599,706",11.271400209,47.908248158,0,2,#fc8d62,car
204184,"9,21E+18",9,1,62,0,2021,10,22,6,2,5,3,2,0,1,0,0,0,1,"690516,421639","5341864,54116",11.564083421,48.201401199,1,2,#fc8d62,car
204185,"9,21E+18",9,1,85,113,2021,10,17,1,2,0,1,0,0,1,0,1,0,0,"668100,717366","5375633,01924",11.276150365,48.511295995,0,2,#fc8d62,car
204190,"9,21E+18",9,1,62,0,2021,10,9,3,3,5,3,0,1,1,0,0,0,0,"692561,386293","5338002,07657",11.589826193,48.166069676,1,1,#66c2a5,bicycle
204197,"9,21E+18",9,1,63,0,2021,9,7,5,3,5,3,0,1,0,0,0,0,0,"732381,965271","5305979,74164",12.107285436,47.865080939,0,1,#66c2a5,bicycle
204198,"9,21E+18",9,1,85,158,2021,9,17,6,3,5,3,0,0,0,0,1,0,1,"668502,243","5383231,304",11.284656498,48.579490742,0,4,#e78ac3,marker
204199,"9,21E+18",9,1,62,0,2021,10,16,1,2,9,7,0,0,0,0,0,0,1,"692353,627669","5334281,20277",11.585353528,48.132690191,0,6,#ffd92f,circle
204200,"9,21E+18",9,1,62,0,2021,10,8,3,3,0,2,0,0,1,0,0,0,1,"694524,45929","5334718,03613",11.614698994,48.135956511,0,2,#fc8d62,car
204204,"9,21E+18",9,1,79,121,2021,10,13,6,3,0,1,0,1,0,0,0,0,0,"668265,24849","5339146,65019",11.26379565,48.183255341,0,1,#66c2a5,bicycle
204205,"9,21E+18",9,1,62,0,2021,9,14,6,3,1,5,0,1,1,0,0,0,0,"690818,255584","5337828,30742",11.566328758,48.165033468,0,1,#66c2a5,bicycle
204207,"9,21E+18",9,1,62,0,2021,10,8,6,3,0,7,0,0,1,0,0,0,1,"692586,935899","5337629,91116",11.590000938,48.162717017,0,2,#fc8d62,car
204208,"9,21E+18",9,1,62,0,2021,9,11,3,3,6,4,0,0,1,1,0,0,0,"693805,321766","5335116,01387",11.605224178,48.139752809,0,2,#fc8d62,car
204209,"9,21E+18",9,1,62,0,2021,10,20,7,3,6,4,2,1,0,1,0,0,0,"691994,985842","5334591,13481",11.580677909,48.135584099,0,1,#66c2a5,bicycle
204213,"9,21E+18",9,7,61,0,2021,9,16,6,3,6,4,0,0,1,1,0,0,0,"637791,469501","5359536,24581",10.860706185,48.373940396,0,2,#fc8d62,car
204215,"9,21E+18",9,1,62,0,2021,10,13,3,3,6,4,0,1,0,1,0,0,0,"689659,475537","5334566,64777",11.549306949,48.136064329,0,1,#66c2a5,bicycle
204216,"9,21E+18",9,1,62,0,2021,10,0,4,3,0,2,2,1,0,0,0,0,1,"687364,900093","5335085,02439",11.518723564,48.141403351,1,1,#66c2a5,bicycle
204217,"9,21E+18",9,1,87,154,2021,9,17,3,3,4,2,0,0,1,0,1,0,0,"735315,90804","5296645,9753",12.141387658,47.780159454,0,2,#fc8d62,car
204220,"9,21E+18",9,1,62,0,2021,10,11,7,3,1,1,0,1,1,0,0,0,0,"692858,80084","5340322,93706",11.594875037,48.186838662,0,1,#66c2a5,bicycle
204221,"9,21E+18",9,1,62,0,2021,9,11,7,3,0,1,0,1,0,0,0,0,0,"688464,318865","5338088,186",11.534818004,48.168071468,0,1,#66c2a5,bicycle
204222,"9,21E+18",9,1,62,0,2021,9,11,2,3,3,6,0,1,1,0,0,0,0,"691146,636001","5335564,061",11.569723506,48.144584044,0,1,#66c2a5,bicycle
204223,"9,21E+18",9,1,62,0,2021,9,20,4,3,0,1,2,0,0,0,1,0,0,"693230,562382","5333362,19059",11.596710852,48.124164724,1,4,#e78ac3,marker
204224,"9,21E+18",9,1,87,177,2021,9,16,6,3,5,3,0,0,1,0,0,0,0,"736267,225184","5305966,86883",12.159148999,47.863548405,0,2,#fc8d62,car
204228,"9,21E+18",9,7,61,0,2021,10,0,7,3,5,3,2,0,1,0,0,0,0,"639321,452688","5357232,81648",10.880592359,48.352892574,0,2,#fc8d62,car
204231,"9,21E+18",9,1,81,130,2021,9,13,7,3,5,3,0,1,1,0,0,0,0,"639098,155248","5323675,78457",10.866581093,48.051194919,0,1,#66c2a5,bicycle
204234,"9,21E+18",9,1,82,123,2021,10,16,1,2,0,1,0,1,0,0,0,0,0,"715486,617413","5301140,98529",11.879267381,47.827488887,0,1,#66c2a5,bicycle
204235,"9,21E+18",9,1,84,145,2021,10,16,6,3,6,4,0,0,1,1,0,0,0,"694915,759088","5324744,99969",11.6154008,48.046202691,0,2,#fc8d62,car
204238,"9,21E+18",9,1,62,0,2021,9,11,6,2,4,3,0,1,1,0,0,0,0,"692947,948598","5332329,82952",11.59244982,48.114971806,0,1,#66c2a5,bicycle
204239,"9,21E+18",9,7,61,0,2021,10,16,2,3,5,3,0,1,1,0,0,0,0,"637165,959056","5360816,19927",10.852681756,48.385585861,0,1,#66c2a5,bicycle
204240,"9,21E+18",9,1,84,136,2021,10,17,6,3,1,5,0,0,1,0,0,0,0,"699074,065952","5326583,27261",11.671990437,48.061440697,0,2,#fc8d62,car
204245,"9,21E+18",9,7,61,0,2021,9,8,3,3,4,3,0,1,1,0,0,0,0,"639012,213585","5357755,4356",10.876593136,48.357660007,1,1,#66c2a5,bicycle
204249,"9,21E+18",9,1,62,0,2021,9,21,5,3,5,3,2,0,1,0,0,0,0,"695091,788507","5333680,85443",11.621841594,48.126461126,0,2,#fc8d62,car
204250,"9,21E+18",9,7,72,147,2021,10,15,5,2,1,5,0,1,1,0,0,0,0,"639351,110394","5364516,1644",10.883408089,48.418375859,0,1,#66c2a5,bicycle
204252,"9,21E+18",9,1,62,0,2021,10,20,2,3,5,2,2,0,1,0,0,0,0,"686200,648289","5335683,84495",11.503350084,48.14712755,0,2,#fc8d62,car
204253,"9,21E+18",9,7,78,209,2021,10,12,6,3,0,1,0,0,0,0,0,0,1,"617977,629781","5324222,70587",10.583434309,48.060368054,0,6,#ffd92f,circle
204262,"9,21E+18",9,7,72,184,2021,10,17,4,3,0,7,0,1,0,0,0,0,0,"635818,652149","5361985,04386",10.834871571,48.396387598,0,1,#66c2a5,bicycle
204264,"9,21E+18",9,7,61,0,2021,10,15,7,3,0,1,0,1,0,0,0,0,0,"638071,82723","5360405,8868",10.864775652,48.381698774,0,1,#66c2a5,bicycle
204265,"9,21E+18",9,7,61,0,2021,10,17,6,3,0,7,0,1,0,0,0,0,0,"639302,646209","5358792,31862",10.880854971,48.366919406,0,1,#66c2a5,bicycle
204266,"9,21E+18",9,1,62,0,2021,10,18,7,3,5,7,1,1,1,0,0,0,0,"687480,3121","5338948,31528",11.521975897,48.176093453,0,1,#66c2a5,bicycle
204268,"9,21E+18",9,1,62,0,2021,9,10,2,3,0,7,0,0,1,0,1,0,0,"695538,143196","5332722,75491",11.627394169,48.117713241,0,2,#fc8d62,car
204269,"9,21E+18",9,1,62,0,2021,9,14,4,3,4,3,0,0,1,0,0,0,0,"690427,715693","5342684,86381",11.5632589,48.208800748,0,2,#fc8d62,car
204272,"9,21E+18",9,7,61,0,2021,10,13,3,3,3,6,0,0,1,0,1,0,0,"640324,491524","5359163,84272",10.894768007,48.370033689,0,2,#fc8d62,car
204273,"9,21E+18",9,1,62,0,2021,9,16,3,3,5,2,0,0,1,0,0,0,0,"695697,368202","5332865,20372",11.629596675,48.11894459,0,2,#fc8d62,car
204275,"9,21E+18",9,1,88,121,2021,10,16,7,3,0,6,0,1,1,0,0,0,0,"672218,274694","5330080,72519",11.313267466,48.100696929,0,1,#66c2a5,bicycle
204276,"9,21E+18",9,1,62,0,2021,10,13,5,2,4,3,0,1,1,0,0,0,0,"687551,079781","5341309,39756",11.52396933,48.197294351,0,1,#66c2a5,bicycle
204281,"9,21E+18",9,1,87,122,2021,10,16,1,2,5,7,0,1,0,0,0,0,0,"719750,472002","5306286,684",11.938776343,47.872283715,0,1,#66c2a5,bicycle
204282,"9,21E+18",9,1,62,0,2021,10,18,6,3,1,5,0,0,1,0,1,0,0,"689698,867001","5331912,533",11.548654705,48.112197202,0,2,#fc8d62,car
204283,"9,21E+18",9,7,78,116,2021,9,23,5,3,0,1,2,1,0,0,0,0,0,"619014,376819","5318018,0211",10.595619329,48.004372789,1,1,#66c2a5,bicycle
204285,"9,21E+18",9,1,74,113,2021,9,12,7,3,0,7,0,1,0,0,0,0,0,"678438,60042","5345634,67997",11.403272896,48.238800082,0,1,#66c2a5,bicycle
204286,"9,21E+18",9,1,77,117,2021,10,14,3,3,6,4,0,0,1,1,0,0,0,"714463,408074","5353304,8372",11.891769203,48.296560637,0,2,#fc8d62,car
204287,"9,21E+18",9,1,62,0,2021,10,12,6,3,3,6,0,0,1,0,1,0,0,"691254,206145","5335307,57432",11.571052937,48.14224644,0,2,#fc8d62,car
204288,"9,21E+18",9,1,82,125,2021,10,18,5,3,6,7,1,0,1,1,0,0,0,"712279,877001","5296714,041",11.834307517,47.788772491,0,2,#fc8d62,car
204289,"9,21E+18",9,1,62,0,2021,9,17,2,2,5,2,0,1,0,0,0,0,0,"694758,520598","5333006,74524",11.617059661,48.120504549,0,1,#66c2a5,bicycle
204291,"9,21E+18",9,1,62,0,2021,10,16,6,3,5,7,0,0,0,0,0,0,1,"690332,14774","5335210,98874",11.558627279,48.14165483,0,6,#ffd92f,circle
204292,"9,21E+18",9,1,77,117,2021,10,17,1,3,5,3,0,0,1,0,1,0,0,"714365,106346","5355002,78686",11.891307747,48.311850434,0,2,#fc8d62,car
204293,"9,21E+18",9,7,61,0,2021,9,18,1,3,5,3,1,0,1,0,1,0,0,"639203,044973","5361767,64037",10.880496389,48.393694699,0,2,#fc8d62,car
204297,"9,21E+18",9,1,84,131,2021,10,15,1,3,5,3,0,0,1,0,1,0,0,"704607,838545","5338048,76939",11.751677497,48.162726606,0,2,#fc8d62,car
204298,"9,21E+18",9,1,62,0,2021,10,18,3,3,2,6,1,0,1,1,1,0,0,"699773,644726","5335447,82806",11.685518843,48.140889132,1,2,#fc8d62,car
204299,"9,21E+18",9,1,62,0,2021,10,1,4,3,9,1,2,0,0,0,0,1,0,"689171,646957","5333400,2793",11.542238681,48.125726076,1,5,#a6d854,bus
204309,"9,21E+18",9,1,84,139,2021,10,14,1,2,0,1,0,1,0,0,0,0,0,"687390,082194","5324017,01299",11.514204569,48.041912731,0,1,#66c2a5,bicycle
204310,"9,21E+18",9,2,74,113,2021,10,11,4,3,0,7,0,0,0,0,1,0,0,"729157,083514","5382513,04693",12.10556375,48.553799373,0,4,#e78ac3,marker
204311,"9,21E+18",9,1,62,0,2021,10,11,4,3,0,1,0,0,0,0,1,0,0,"692535,380538","5338826,13955",11.58984995,48.173484,1,4,#e78ac3,marker
204316,"9,21E+18",9,2,61,0,2021,9,16,5,3,2,6,0,0,1,0,0,0,0,"730416,193911","5381146,31334",12.121845054,48.541060813,0,2,#fc8d62,car
204319,"9,21E+18",9,7,61,0,2021,10,18,3,3,5,3,2,1,1,0,0,0,0,"641293,111902","5359233,1024",10.907862813,48.37044034,1,1,#66c2a5,bicycle
204320,"9,21E+18",9,1,82,116,2021,9,21,4,3,0,1,2,1,0,0,0,0,0,"703856,850448","5294074,42455",11.720740279,47.767770027,1,1,#66c2a5,bicycle
204322,"9,21E+18",9,1,78,120,2021,10,15,7,3,0,1,0,1,0,0,0,0,0,"694398,951367","5352793,73956",11.621299325,48.298449323,0,1,#66c2a5,bicycle
204324,"9,21E+18",9,1,62,0,2021,10,8,5,3,3,3,0,1,0,0,0,0,1,"692281,250774","5338162,61879",11.586135125,48.167597381,0,1,#66c2a5,bicycle
204326,"9,21E+18",9,1,62,0,2021,9,11,1,3,0,2,0,0,0,0,1,1,0,"689654,720476","5332498,72092",11.548322876,48.117479064,0,4,#e78ac3,marker
204327,"9,21E+18",9,1,84,136,2021,10,15,6,3,5,2,0,1,1,0,0,0,0,"698301,736092","5326344,75713",11.661525192,48.059537567,0,1,#66c2a5,bicycle
204329,"9,21E+18",9,1,74,131,2021,10,2,1,3,8,7,2,0,1,0,0,0,0,"676026,975784","5363534,0487",11.378292849,48.400370668,0,2,#fc8d62,car
204333,"9,21E+18",9,1,78,143,2021,10,14,5,3,5,3,0,0,1,0,0,0,0,"717356,043785","5373978,37721",11.941414232,48.481320446,0,2,#fc8d62,car
204334,"9,21E+18",9,1,62,0,2021,9,12,6,3,5,2,0,1,1,0,0,0,0,"694509,503287","5334796,14055",11.614533844,48.136663053,0,1,#66c2a5,bicycle
204338,"9,21E+18",9,1,62,0,2021,9,7,2,3,2,6,0,0,1,0,0,0,0,"692671,732414","5332364,3407",11.588758101,48.115365611,0,2,#fc8d62,car
204339,"9,21E+18",9,7,62,0,2021,10,9,7,2,1,6,0,1,1,0,0,0,0,"621350,602817","5304317,48955",10.623065318,47.880715686,0,1,#66c2a5,bicycle
204342,"9,21E+18",9,2,74,114,2021,10,10,6,3,9,1,0,0,1,0,0,0,0,"737561,90098","5370650,9483",12.212536692,48.444124765,0,2,#fc8d62,car
204351,"9,21E+18",9,1,79,121,2021,9,12,7,3,6,4,0,0,1,1,0,0,0,"665329,836917","5336554,45374",11.223326421,48.160721857,0,2,#fc8d62,car
204355,"9,21E+18",9,1,85,158,2021,9,12,6,2,0,1,0,1,0,0,0,0,0,"667333,914889","5380287,71771",11.267644663,48.55334325,0,1,#66c2a5,bicycle
204357,"9,21E+18",9,7,62,0,2021,10,16,3,3,0,7,0,1,0,0,0,0,0,"620518,10633","5303757,72451",10.611779051,47.87583809,1,1,#66c2a5,bicycle
204359,"9,21E+18",9,1,62,0,2021,9,13,5,3,3,2,0,0,0,0,1,0,1,"687423,571528","5334867,15247",11.519415602,48.139427782,0,4,#e78ac3,marker
204362,"9,21E+18",9,1,62,0,2021,10,13,6,3,3,2,0,1,0,0,1,0,0,"687905,38703","5336998,17052",11.526826509,48.158439691,0,1,#66c2a5,bicycle
204364,"9,21E+18",9,1,62,0,2021,9,15,7,3,5,2,0,1,1,0,0,0,0,"687971,440096","5338584,36812",11.528414923,48.172677165,0,1,#66c2a5,bicycle
204366,"9,21E+18",9,1,87,150,2021,9,17,5,3,6,7,0,0,1,1,0,0,0,"728083,119027","5304292,50924",12.048998817,47.851462186,0,2,#fc8d62,car
204372,"9,21E+18",9,1,84,148,2021,10,14,6,3,3,6,0,1,1,0,0,0,0,"695219,453416","5327017,10284",11.620508139,48.066530833,0,1,#66c2a5,bicycle
204374,"9,21E+18",9,1,77,117,2021,10,13,6,3,0,6,0,0,0,0,1,0,0,"714523,539728","5355018,17257",11.893449652,48.311934966,1,4,#e78ac3,marker
204376,"9,21E+18",9,1,62,0,2021,9,14,1,3,6,4,0,0,1,1,0,0,0,"692084,458395","5334123,86514",11.581668604,48.131357358,0,2,#fc8d62,car
204377,"9,21E+18",9,1,62,0,2021,10,8,6,3,5,2,0,1,1,0,0,0,0,"685865,347189","5333290,63283",11.497802365,48.125714436,0,1,#66c2a5,bicycle
204378,"9,21E+18",9,1,62,0,2021,9,1,3,3,0,7,2,0,0,0,0,0,1,"691229,15356","5335892,58501",11.570979252,48.147511983,0,6,#ffd92f,circle
204379,"9,21E+18",9,1,62,0,2021,10,18,7,2,0,1,1,1,0,0,0,0,0,"691736,425554","5332744,30249",11.576375272,48.119062948,0,1,#66c2a5,bicycle
204380,"9,21E+18",9,1,62,0,2021,10,16,6,3,5,3,0,0,1,0,0,0,0,"680299,804001","5335018,743",11.42381015,48.142848928,0,2,#fc8d62,car
204381,"9,21E+18",9,7,71,111,2021,9,10,1,3,4,6,0,0,1,0,0,0,0,"658542,285694","5359447,40894",11.140697129,48.368270001,0,2,#fc8d62,car
204382,"9,21E+18",9,1,62,0,2021,9,11,5,3,0,1,0,1,0,0,0,0,0,"695970,270602","5330510,23446",11.632177925,48.097695358,0,1,#66c2a5,bicycle
204383,"9,21E+18",9,7,72,184,2021,9,7,6,2,5,3,0,1,0,0,1,0,0,"635702,727726","5359885,06908",10.832627992,48.377529649,0,1,#66c2a5,bicycle
204384,"9,21E+18",9,1,62,0,2021,10,7,2,3,5,3,0,1,1,0,0,0,0,"682479,556438","5335435,6126",11.453264012,48.145974594,0,1,#66c2a5,bicycle
204386,"9,21E+18",9,1,84,120,2021,10,17,4,3,0,1,0,1,0,0,0,0,0,"679951,610323","5333086,14053",11.418317276,48.125575442,0,1,#66c2a5,bicycle
204388,"9,21E+18",9,1,62,0,2021,10,18,7,3,1,5,0,1,1,0,0,0,0,"698171,235187","5331492,88589",11.6621636,48.105846108,0,1,#66c2a5,bicycle
204389,"9,21E+18",9,1,62,0,2021,10,12,6,3,4,2,0,0,1,0,0,0,0,"687488,546536","5338924,45711",11.522076031,48.175876582,0,2,#fc8d62,car
204390,"9,21E+18",9,7,61,0,2021,9,22,7,3,0,1,2,1,0,0,0,0,0,"640761,740306","5359245,66255",10.900696088,48.370672015,0,1,#66c2a5,bicycle
204392,"9,21E+18",9,7,61,0,2021,9,17,6,3,4,2,0,1,1,0,0,0,0,"636799,697484","5360117,69131",10.84751,48.379384485,0,1,#66c2a5,bicycle
204401,"9,21E+18",9,1,79,123,2021,9,17,6,2,6,4,0,0,1,1,0,0,0,"675785,510655","5331906,20528",11.361893666,48.116132654,0,2,#fc8d62,car
204402,"9,21E+18",9,1,62,0,2021,10,13,1,3,3,2,0,1,1,0,0,0,0,"686222,435466","5333313,78678",11.502606567,48.125818197,0,1,#66c2a5,bicycle
204403,"9,21E+18",9,1,62,0,2021,10,18,3,3,4,1,1,1,0,0,0,0,1,"691255,845194","5335121,75772",11.570991496,48.140575847,1,1,#66c2a5,bicycle
204405,"9,21E+18",9,1,62,0,2021,9,7,5,3,5,3,0,1,1,0,0,0,0,"686355,045457","5339259,82365",11.506990535,48.179224356,0,1,#66c2a5,bicycle
204406,"9,21E+18",9,1,62,0,2021,10,17,5,3,5,3,0,1,1,0,0,0,0,"678048,948812","5339057,25564",11.39526939,48.179785293,0,1,#66c2a5,bicycle
204407,"9,21E+18",9,1,62,0,2021,9,18,6,3,5,2,0,0,1,0,0,0,1,"686222,672001","5333338,902",11.502620716,48.126043873,0,2,#fc8d62,car
204408,"9,21E+18",9,1,62,0,2021,10,10,2,3,0,1,0,1,0,0,0,0,0,"685995,948184","5333924,89932",11.499832582,48.131377341,0,1,#66c2a5,bicycle
204410,"9,21E+18",9,1,87,137,2021,10,14,6,3,5,3,0,0,1,0,0,0,1,"729668,347748","5307937,48018",12.072095133,47.883645854,0,2,#fc8d62,car
204411,"9,21E+18",9,1,62,0,2021,9,14,4,3,0,6,0,1,1,0,0,0,0,"683010,018419","5335735,0711",11.460517493,48.148513939,0,1,#66c2a5,bicycle
204424,"9,21E+18",9,1,62,0,2021,10,2,7,3,0,1,2,0,0,0,0,0,1,"690145,136572","5334703,51346",11.555889327,48.137149555,0,6,#ffd92f,circle
204425,"9,21E+18",9,7,71,142,2021,9,13,7,3,0,1,0,0,0,0,1,0,0,"647398,289","5351219,705",10.987446473,48.296993696,0,4,#e78ac3,marker
204434,"9,21E+18",9,7,61,0,2021,10,13,6,3,5,1,0,0,1,0,0,0,0,"639397,87087","5354100,08826",10.880586585,48.324706845,0,2,#fc8d62,car
204438,"9,21E+18",9,1,62,0,2021,10,8,6,3,3,5,0,1,1,0,0,0,0,"686233,314807","5332637,44578",11.502457148,48.11973579,0,1,#66c2a5,bicycle
204439,"9,21E+18",9,1,62,0,2021,10,23,7,3,2,7,2,1,0,0,0,0,0,"691801,455319","5335599,2514",11.57853334,48.144703253,0,1,#66c2a5,bicycle
204440,"9,21E+18",9,1,62,0,2021,9,1,7,3,0,7,2,0,0,0,0,0,1,"689777,31399","5335848,98458",11.55146072,48.147554887,0,6,#ffd92f,circle
204442,"9,21E+18",9,1,62,0,2021,9,2,4,3,0,7,2,0,0,0,0,0,1,"689620,984343","5333448,52902",11.548292513,48.126026069,0,6,#ffd92f,circle
204449,"9,21E+18",9,1,90,140,2021,10,13,6,3,2,6,0,0,1,0,0,0,1,"644228,180785","5296276,79105",10.926208699,47.803679315,0,2,#fc8d62,car
204454,"9,21E+18",9,1,62,0,2021,10,8,3,3,5,3,0,0,1,0,0,0,0,"694455,622001","5336912,587",11.614777034,48.155701254,1,2,#fc8d62,car
204456,"9,21E+18",9,1,62,0,2021,9,10,5,3,2,6,0,0,1,0,1,0,0,"689378,245748","5337217,52275",11.546709955,48.159974305,0,2,#fc8d62,car
204457,"9,21E+18",9,7,61,0,2021,10,21,5,3,4,2,0,1,1,0,0,0,0,"641125,179148","5351853,24453",10.903124295,48.304120585,0,1,#66c2a5,bicycle
204460,"9,21E+18",9,1,62,0,2021,10,15,6,2,9,6,0,0,0,0,0,0,1,"690723,618585","5336306,76435",11.564375237,48.151386367,0,6,#ffd92f,circle
204462,"9,21E+18",9,1,62,0,2021,10,13,7,3,2,6,0,0,1,0,0,0,0,"691236,715949","5339953,41975",11.572906821,48.184007888,0,2,#fc8d62,car
204465,"9,21E+18",9,1,79,123,2021,10,8,1,3,5,3,0,1,1,0,0,0,0,"676584,749001","5334043,138",11.373508257,48.13512098,0,1,#66c2a5,bicycle
204469,"9,21E+18",9,1,62,0,2021,10,12,1,3,0,3,0,0,1,0,1,0,0,"691537,800193","5332849,82374",11.573756527,48.120071141,0,2,#fc8d62,car
204472,"9,21E+18",9,7,61,0,2021,9,12,2,3,6,1,0,0,1,1,0,0,0,"639239,54374","5357472,34181",10.879566593,48.355064399,1,2,#fc8d62,car
204476,"9,21E+18",9,1,62,0,2021,9,22,2,3,6,7,2,0,1,0,0,0,1,"698893,475679","5335893,11655",11.673908276,48.14516674,0,2,#fc8d62,car
204478,"9,21E+18",9,1,62,0,2021,9,20,5,3,1,5,2,0,1,0,0,0,0,"686580,56188","5328465,88717",11.505294863,48.082138449,0,2,#fc8d62,car
204482,"9,21E+18",9,1,62,0,2021,10,15,6,3,2,6,0,0,1,0,0,0,0,"694317,38076","5341732,62607",11.615123839,48.199063773,0,2,#fc8d62,car
204483,"9,21E+18",9,7,78,216,2021,10,17,5,3,3,2,0,1,1,0,0,0,0,"625221,624689","5322071,45432",10.679987828,48.039640618,0,1,#66c2a5,bicycle
204486,"9,21E+18",9,1,62,0,2021,10,15,6,1,6,4,0,0,1,1,0,0,0,"690201,712671","5335447,16852",11.556981152,48.143816618,0,2,#fc8d62,car
204489,"9,21E+18",9,1,84,146,2021,10,3,7,3,1,5,2,0,1,0,0,0,0,"698499,106701","5328139,48675",11.665004435,48.075606047,0,2,#fc8d62,car
204491,"9,21E+18",9,1,62,0,2021,9,15,5,3,5,2,0,1,0,0,0,0,0,"690667,477001","5335206,556",11.563128437,48.14151459,0,1,#66c2a5,bicycle
204492,"9,21E+18",9,1,84,149,2021,10,14,1,3,0,7,0,0,1,0,0,0,1,"691833,66733","5350096,51749",11.585520892,48.274990756,0,2,#fc8d62,car
204498,"9,21E+18",9,1,79,142,2021,9,7,7,3,7,7,0,0,0,0,1,0,0,"675996,811734","5343104,08306",11.369364622,48.216734686,0,4,#e78ac3,marker
204501,"9,21E+18",9,1,87,116,2021,10,19,1,3,8,1,1,0,1,0,0,0,0,"744581,436398","5328473,45454",12.282932955,48.062603622,0,2,#fc8d62,car
204503,"9,21E+18",9,1,62,0,2021,10,14,6,3,6,4,0,0,1,1,0,0,0,"690004,627828","5343151,45905",11.557778782,48.213121233,0,2,#fc8d62,car
204506,"9,21E+18",9,1,62,0,2021,9,14,6,3,2,6,0,0,1,0,0,0,0,"696995,981627","5331609,32533",11.646446926,48.107257095,0,2,#fc8d62,car
204509,"9,21E+18",9,1,84,138,2021,10,7,4,3,5,3,1,1,1,0,0,0,0,"680714,871001","5331472,357",11.427881003,48.110853072,1,1,#66c2a5,bicycle
204513,"9,21E+18",9,1,84,146,2021,10,19,6,3,5,2,2,1,1,0,0,0,0,"699395,493786","5328042,59039",11.676980338,48.074455588,0,1,#66c2a5,bicycle