OBJECTID,UIDENTSTLA,ULAND,UREGBEZ,UKREIS,UGEMEINDE,UJAHR,UMONAT,USTUNDE,UWOCHENTAG,UKATEGORIE,UART,UTYP1,ULICHTVERH,IstRad,IstPKW,IstFuss,IstKrad,IstGkfz,IstSonstig,LINREFX,LINREFY,XGCSWGS84,YGCSWGS84,STRZUSTAN,Teilnehmer,color,symbol
204514,"9,21E+18",9,1,62,0,2021,10,16,7,2,5,3,0,1,1,0,0,0,0,"684423,14058","5339331,25507",11.481057491,48.180430068,0,1,#66c2a5,bicycle
204515,"9,21E+18",9,1,62,0,2021,9,2,7,3,0,7,2,0,0,0,0,0,1,"692592,967436","5335487,38146",11.589112394,48.143458676,0,6,#ffd92f,circle
204519,"9,21E+18",9,1,87,117,2021,10,7,4,3,5,2,1,1,1,0,0,0,0,"724372,20454","5305688,89302",12.00018687,47.865314809,0,1,#66c2a5,bicycle
204520,"9,21E+18",9,1,62,0,2021,10,10,4,3,0,7,0,0,0,0,0,0,1,"687681,882325","5334322,61359",11.522644488,48.134457198,0,6,#ffd92f,circle
204524,"9,21E+18",9,1,62,0,2021,9,13,2,3,1,5,0,1,1,0,0,0,0,"685205,57945","5331643,40244",11.488229081,48.111100584,0,1,#66c2a5,bicycle
204526,"9,21E+18",9,1,82,127,2021,9,13,6,3,5,3,0,1,1,0,0,0,0,"700965,871041","5310770,08106",11.68995249,47.918730576,0,1,#66c2a5,bicycle
204528,"9,21E+18",9,7,72,149,2021,10,9,3,3,5,3,0,0,1,0,0,1,0,"637056,826252","5338044,29949",10.843821595,48.180843321,1,2,#fc8d62,car
204531,"9,21E+18",9,1,62,0,2021,10,19,6,3,4,6,1,1,1,0,0,0,0,"686003,112972","5332052,28654",11.49911168,48.114543412,0,1,#66c2a5,bicycle
204533,"9,21E+18",9,1,81,122,2021,9,15,7,2,0,6,0,0,1,0,1,0,0,"651020,266645","5332394,02825",11.029549323,48.126874476,0,2,#fc8d62,car
204535,"9,21E+18",9,1,62,0,2021,10,17,6,3,5,3,0,1,1,0,0,0,0,"687779,381151","5330447,12737",11.522247025,48.099594524,0,1,#66c2a5,bicycle
204537,"9,21E+18",9,1,62,0,2021,9,17,3,3,0,1,0,1,0,0,0,0,0,"692262,841496","5334849,20357",11.584390944,48.137822707,0,1,#66c2a5,bicycle
204542,"9,21E+18",9,1,62,0,2021,9,5,5,3,5,3,2,0,1,0,0,0,0,"691974,737616","5332320,06947",11.579383133,48.115178193,0,2,#fc8d62,car
204543,"9,21E+18",9,1,62,0,2021,9,1,6,3,6,4,2,0,1,1,0,0,0,"690903,612659","5335107,27649",11.566254986,48.140551468,0,2,#fc8d62,car
204546,"9,21E+18",9,1,62,0,2021,9,9,4,3,5,3,0,0,1,0,1,0,0,"692637,994907","5338033,46124",11.590869653,48.166328544,1,2,#fc8d62,car
204552,"9,21E+18",9,7,61,0,2021,9,11,7,3,2,6,0,0,1,0,1,0,0,"640162,577222","5359108,43251",10.89256449,48.369571436,0,2,#fc8d62,car
204553,"9,21E+18",9,1,73,118,2021,10,15,6,3,5,3,0,0,1,0,0,0,0,"691920,979775","5305531,75726",11.566684699,47.874417965,0,2,#fc8d62,car
204556,"9,21E+18",9,1,77,117,2021,10,18,6,3,0,1,0,1,0,0,0,0,0,"716072,579207","5353070,00589",11.913317671,48.293903326,0,1,#66c2a5,bicycle
204558,"9,21E+18",9,1,77,118,2021,9,14,7,3,0,1,0,1,0,0,0,0,0,"706753,809486","5345772,03542",11.784263414,48.231435682,0,1,#66c2a5,bicycle
204559,"9,21E+18",9,1,62,0,2021,10,20,2,3,5,2,2,1,1,0,0,0,0,"691927,339122","5336082,27111",11.580441667,48.149006584,0,1,#66c2a5,bicycle
204562,"9,21E+18",9,2,61,0,2021,9,14,3,3,2,2,0,0,1,0,0,0,1,"733750,617708","5381316,9272",12.167046552,48.541360229,0,2,#fc8d62,car
204563,"9,21E+18",9,1,62,0,2021,10,17,7,3,2,6,0,0,1,0,0,0,0,"694225,119464","5332759,62436",11.609787255,48.118446439,0,2,#fc8d62,car
204564,"9,21E+18",9,1,62,0,2021,10,11,6,3,0,7,0,1,1,0,0,0,0,"689995,928502","5336506,77855",11.554690476,48.153401881,1,1,#66c2a5,bicycle
204565,"9,21E+18",9,1,62,0,2021,10,15,7,3,2,6,0,1,0,0,0,0,0,"694547,235573","5335429,78675",11.615329923,48.142346469,0,1,#66c2a5,bicycle
204566,"9,21E+18",9,1,73,126,2021,9,14,1,3,0,1,0,0,0,0,1,0,0,"684266,336322","5304014,37209",11.463767158,47.863020092,1,4,#e78ac3,marker
204570,"9,21E+18",9,1,62,0,2021,10,17,3,3,0,1,1,0,0,0,1,0,0,"692375,772403","5334908,82363",11.585934282,48.138324429,1,4,#e78ac3,marker
204571,"9,21E+18",9,1,62,0,2021,10,17,4,3,5,3,0,1,1,0,0,0,0,"691352,964937","5337343,88125",11.573294664,48.160518804,0,1,#66c2a5,bicycle
204574,"9,21E+18",9,1,62,0,2021,9,12,7,3,5,2,0,0,1,0,0,0,1,"686254,577365","5331883,06927",11.502413081,48.112948924,0,2,#fc8d62,car
204577,"9,21E+18",9,1,75,113,2021,9,19,6,2,8,1,1,0,0,0,1,0,0,"717834,677017","5317746,54152",11.918983054,47.975910442,0,4,#e78ac3,marker
204580,"9,21E+18",9,1,81,130,2021,9,6,4,3,6,2,1,0,1,1,0,0,0,"638964,42481","5322279,73517",10.864334292,48.038670292,1,2,#fc8d62,car
204582,"9,21E+18",9,1,62,0,2021,10,12,6,3,2,6,0,0,1,0,0,0,0,"690645,852218","5337560,79969",11.563892598,48.162680856,0,2,#fc8d62,car
204584,"9,21E+18",9,1,84,136,2021,10,10,5,2,0,3,0,1,0,0,0,0,1,"699716,592492","5326791,06729",11.68070175,48.063107407,0,1,#66c2a5,bicycle
204586,"9,21E+18",9,1,81,130,2021,9,18,2,3,3,2,0,0,1,0,0,0,0,"639273,169476","5323923,5103",10.86900898,48.053384376,0,2,#fc8d62,car
204587,"9,21E+18",9,1,62,0,2021,10,16,6,3,5,3,0,1,1,0,0,0,0,"691210,791094","5340137,37021",11.572641182,48.185669004,0,1,#66c2a5,bicycle
204588,"9,21E+18",9,1,62,0,2021,9,11,3,3,5,2,0,1,1,0,0,0,0,"690688,478695","5338154,20802",11.564731325,48.16800157,0,1,#66c2a5,bicycle
204591,"9,21E+18",9,1,79,145,2021,10,14,7,3,5,7,0,1,0,0,1,0,0,"674807,764695","5338586,2334",11.351510879,48.176451112,0,1,#66c2a5,bicycle
204594,"9,21E+18",9,1,62,0,2021,9,13,6,3,0,7,0,0,0,0,0,0,1,"689663,459995","5343548,58212",11.553368412,48.216792582,0,6,#ffd92f,circle
204596,"9,21E+18",9,7,62,0,2021,10,12,6,3,0,7,0,1,1,0,0,0,0,"621131,046624","5305492,05421",10.620459514,47.891320909,0,1,#66c2a5,bicycle
204599,"9,21E+18",9,7,61,0,2021,10,15,7,3,2,6,0,0,1,0,0,0,0,"640078,597376","5358134,60078",10.891106874,48.360833673,0,2,#fc8d62,car
204600,"9,21E+18",9,7,71,130,2021,10,17,6,3,5,3,0,1,1,0,0,0,0,"646627,52459","5361753,68903",10.980728179,48.391886701,0,1,#66c2a5,bicycle
204603,"9,21E+18",9,2,61,0,2021,9,11,6,3,0,1,0,1,0,0,0,0,0,"731319,238068","5382175,52018",12.134632569,48.549973807,0,1,#66c2a5,bicycle
204605,"9,21E+18",9,1,87,122,2021,10,18,4,2,0,7,0,1,0,0,0,0,0,"717671,227002","5307188,751",11.911461849,47.881097451,0,1,#66c2a5,bicycle
204606,"9,21E+18",9,7,61,0,2021,9,12,4,3,5,3,0,1,1,0,0,0,0,"641778,328","5360158,27259",10.914722826,48.378650258,0,1,#66c2a5,bicycle
204607,"9,21E+18",9,1,62,0,2021,10,13,4,3,5,7,0,0,1,0,1,0,0,"691519,48811","5340820,11829",11.577098027,48.191712407,1,2,#fc8d62,car
204610,"9,21E+18",9,1,90,144,2021,9,14,7,3,2,6,0,1,0,0,0,0,1,"657552,534","5308695,397",11.108564782,47.912216018,0,1,#66c2a5,bicycle
204614,"9,21E+18",9,7,61,0,2021,10,17,3,3,1,1,0,0,1,0,0,0,0,"641041,864474","5355860,4633",10.903341924,48.340170931,1,2,#fc8d62,car
204618,"9,21E+18",9,1,62,0,2021,10,18,3,3,3,6,2,0,1,0,0,0,0,"689142,192156","5335709,27445",11.542868493,48.14648832,1,2,#fc8d62,car
204626,"9,21E+18",9,1,62,0,2021,9,16,5,3,5,3,0,1,1,0,0,0,0,"679510,132154","5336482,57107",11.41382155,48.156230518,0,1,#66c2a5,bicycle
204627,"9,21E+18",9,1,62,0,2021,10,22,1,2,5,3,2,0,1,0,0,0,1,"690912,233744","5335110,59874",11.566372245,48.140578741,0,2,#fc8d62,car
204628,"9,21E+18",9,1,62,0,2021,10,18,3,3,5,2,1,0,1,0,1,0,0,"689857,90735","5331929,62554",11.550796868,48.112303443,1,2,#fc8d62,car
204630,"9,21E+18",9,7,72,184,2021,9,7,5,3,2,6,0,0,1,0,0,0,1,"636196,469514","5362812,02174",10.840241326,48.403742217,0,2,#fc8d62,car
204631,"9,21E+18",9,1,74,115,2021,10,13,6,3,5,7,0,1,1,0,0,0,0,"682207,431372","5348702,21519",11.455305396,48.265300942,0,1,#66c2a5,bicycle
204634,"9,21E+18",9,1,79,134,2021,10,12,7,3,6,4,0,0,1,1,0,0,0,"667872,403813","5342758,63809",11.259943159,48.215830572,0,2,#fc8d62,car
204635,"9,21E+18",9,1,62,0,2021,9,10,3,3,2,7,0,1,1,0,1,0,0,"692244,772053","5340417,09666",11.586664772,48.187871057,0,1,#66c2a5,bicycle
204639,"9,21E+18",9,1,84,130,2021,9,14,7,3,5,3,0,1,1,0,0,0,0,"701471,854206","5345436,40025",11.713057949,48.230119156,0,1,#66c2a5,bicycle
204642,"9,21E+18",9,7,61,0,2021,10,15,2,3,6,3,0,1,0,1,0,0,0,"641739,962426","5359971,92597",10.914142161,48.37698333,0,1,#66c2a5,bicycle
204646,"9,21E+18",9,1,62,0,2021,10,16,7,3,5,3,0,1,1,0,0,0,0,"693394,422552","5332819,44626",11.598664312,48.119236931,0,1,#66c2a5,bicycle
204647,"9,21E+18",9,7,77,140,2021,10,13,6,3,8,1,0,0,1,0,0,0,0,"624722,776","5317439,861",10.671950479,47.998084873,0,2,#fc8d62,car
204650,"9,21E+18",9,1,62,0,2021,9,9,2,3,0,1,0,1,0,0,0,0,0,"690865,139155","5338131,42073",11.567094681,48.167743742,1,1,#66c2a5,bicycle
204651,"9,21E+18",9,1,62,0,2021,9,7,4,3,5,3,0,1,1,0,0,0,0,"686183,184459","5335926,50845",11.50322166,48.149313808,1,1,#66c2a5,bicycle
204654,"9,21E+18",9,1,62,0,2021,10,18,3,3,2,6,2,1,1,0,0,0,0,"693526,15942","5335180,23172",11.60150474,48.140414943,1,1,#66c2a5,bicycle
204656,"9,21E+18",9,7,61,0,2021,10,16,7,3,2,6,0,0,1,0,0,0,0,"639254,963424","5361004,13731",10.880944247,48.386818032,0,2,#fc8d62,car
204660,"9,21E+18",9,1,62,0,2021,9,0,1,3,0,7,2,1,0,0,0,0,0,"691233,233184","5338095,9476",11.572024342,48.167314288,0,1,#66c2a5,bicycle
204662,"9,21E+18",9,1,74,115,2021,10,11,1,3,1,6,0,0,1,0,0,0,0,"681690,207888","5348800,19079",11.448384344,48.266330151,0,2,#fc8d62,car
204664,"9,21E+18",9,1,62,0,2021,9,16,5,3,5,3,0,0,1,0,0,1,0,"693847,027026","5331580,09227",11.604176216,48.107960364,0,2,#fc8d62,car
204668,"9,21E+18",9,7,61,0,2021,10,7,6,3,5,1,0,1,1,0,0,0,0,"639730,052585","5356393,48833",10.885826055,48.345255261,0,1,#66c2a5,bicycle
204670,"9,21E+18",9,1,62,0,2021,9,15,2,3,0,1,0,1,0,0,0,0,0,"689828,686001","5337602,769",11.552933046,48.163302581,0,1,#66c2a5,bicycle
204676,"9,21E+18",9,1,62,0,2021,10,15,1,3,3,2,0,1,1,0,0,0,0,"698291,752907","5333213,98792",11.664580947,48.121276618,0,1,#66c2a5,bicycle
204677,"9,21E+18",9,1,63,0,2021,10,7,4,3,2,6,0,0,1,0,1,0,0,"733405,105002","5306214,27299",12.121071976,47.866817125,1,2,#fc8d62,car
204678,"9,21E+18",9,1,78,143,2021,10,19,6,2,0,1,2,1,0,0,0,0,0,"716585,450221","5371928,37452",11.929938711,48.46316775,0,1,#66c2a5,bicycle
204680,"9,21E+18",9,1,62,0,2021,9,13,6,3,1,7,0,0,0,0,1,0,1,"689277,992067","5336203,6127",11.544912154,48.150891076,0,4,#e78ac3,marker
204681,"9,21E+18",9,1,62,0,2021,10,9,2,3,3,7,0,1,1,0,0,0,0,"695009,690117","5336281,977",11.621930366,48.149863981,0,1,#66c2a5,bicycle
204682,"9,21E+18",9,7,61,0,2021,10,15,6,2,0,7,0,1,1,0,0,0,0,"639449,779832","5360439,83612",10.883386916,48.381700955,0,1,#66c2a5,bicycle
204683,"9,21E+18",9,1,62,0,2021,9,12,2,3,5,3,0,0,1,0,0,0,0,"693290,900333","5335250,99103",11.598377725,48.141122416,0,2,#fc8d62,car
204684,"9,21E+18",9,1,74,136,2021,10,15,1,3,0,7,0,1,0,0,0,0,0,"682603,887488","5367285,25113",11.468701843,48.432216793,0,1,#66c2a5,bicycle
204685,"9,21E+18",9,1,87,177,2021,10,16,7,3,8,1,0,0,1,0,0,0,0,"739778,523355","5305830,50031",12.205947806,47.86102273,0,2,#fc8d62,car
204689,"9,21E+18",9,1,62,0,2021,10,13,1,3,1,1,0,1,1,0,0,0,0,"687957,569324","5328821,79486",11.523922581,48.084933011,0,1,#66c2a5,bicycle
204693,"9,21E+18",9,1,62,0,2021,10,22,7,3,1,7,2,0,1,1,0,0,0,"690828,699222","5334982,16445",11.565192937,48.13944944,0,2,#fc8d62,car
204698,"9,21E+18",9,2,61,0,2021,9,14,5,2,1,6,0,0,1,0,1,0,0,"731678,797735","5382026,80087",12.139414666,48.548505209,0,2,#fc8d62,car
204699,"9,21E+18",9,1,62,0,2021,9,16,5,3,2,6,0,0,1,0,0,0,0,"690389,242016","5342985,2134",11.562876345,48.211511785,0,2,#fc8d62,car
204701,"9,21E+18",9,7,61,0,2021,10,16,3,3,3,2,0,1,1,0,0,0,0,"640702,098129","5358592,66562",10.899672743,48.36481379,0,1,#66c2a5,bicycle
204702,"9,21E+18",9,1,81,130,2021,9,19,4,3,4,2,2,0,1,0,0,0,0,"638904,141051","5322598,00719",10.863629231,48.041545427,1,2,#fc8d62,car
204709,"9,21E+18",9,1,62,0,2021,9,16,3,3,7,7,0,1,0,0,0,0,1,"687172,70425","5334820,30149",11.516026138,48.139080515,0,1,#66c2a5,bicycle
204710,"9,21E+18",9,1,62,0,2021,10,13,7,3,2,6,0,1,0,0,0,0,0,"691499,719391","5337028,71662",11.575124274,48.157641973,0,1,#66c2a5,bicycle
204716,"9,21E+18",9,1,75,135,2021,10,10,3,3,0,1,0,1,0,0,0,0,0,"708540,646744","5339407,14805",11.805169032,48.173655477,1,1,#66c2a5,bicycle
204720,"9,21E+18",9,7,77,183,2021,10,23,7,2,3,1,2,1,0,0,0,0,0,"631711,965679","5292687,66073",10.758047082,47.774084057,0,1,#66c2a5,bicycle
204721,"9,21E+18",9,7,72,149,2021,10,11,6,3,5,3,0,0,1,0,0,0,0,"637211,418521","5338456,37234",10.84603329,48.184515403,0,2,#fc8d62,car
204722,"9,21E+18",9,2,61,0,2021,9,17,1,3,0,1,0,1,0,0,0,0,0,"730222,028455","5382321,03713",12.119867618,48.551684596,0,1,#66c2a5,bicycle
204727,"9,21E+18",9,1,78,113,2021,10,16,4,2,0,7,0,0,0,0,0,0,1,"691401,402001","5364673,675",11.58632435,48.406133728,0,6,#ffd92f,circle
204735,"9,21E+18",9,1,62,0,2021,10,16,3,3,0,3,0,1,1,0,0,0,0,"682314,100056","5340762,92451",11.453326028,48.193907483,1,1,#66c2a5,bicycle
204736,"9,21E+18",9,2,61,0,2021,9,7,4,3,0,1,0,0,1,0,1,0,0,"731926,0994","5381478,63811",12.142455365,48.54348981,1,2,#fc8d62,car
204738,"9,21E+18",9,1,62,0,2021,10,9,6,3,5,3,0,1,1,0,0,0,0,"686233,723763","5334375,25026",11.503222048,48.135355739,0,1,#66c2a5,bicycle
204739,"9,21E+18",9,1,77,115,2021,9,0,4,3,0,1,2,1,0,0,0,0,0,"735465,118948","5352082,35334",12.173838265,48.278115186,0,1,#66c2a5,bicycle
204744,"9,21E+18",9,7,72,177,2021,9,15,2,3,3,6,0,1,1,0,0,0,0,"636775,216759","5378169,26874",10.853080151,48.541705372,0,1,#66c2a5,bicycle
204746,"9,21E+18",9,1,62,0,2021,9,20,4,3,9,7,2,1,0,0,0,0,0,"693383,352713","5341893,7014",11.602640558,48.200796589,0,1,#66c2a5,bicycle
204747,"9,21E+18",9,1,88,124,2021,9,17,6,3,0,1,0,1,0,0,0,0,0,"662013,034574","5317939,80532",11.171698482,47.994219357,0,1,#66c2a5,bicycle
204751,"9,21E+18",9,1,62,0,2021,10,22,6,2,6,3,2,0,1,1,0,0,0,"686784,940403","5336621,08339",11.511609016,48.155380433,0,2,#fc8d62,car
204753,"9,21E+18",9,1,81,130,2021,10,14,6,3,4,2,0,1,1,0,0,0,0,"639056,40374","5324482,73702",10.866283426,48.058460394,0,1,#66c2a5,bicycle
204755,"9,21E+18",9,1,62,0,2021,9,14,1,3,0,4,0,1,0,1,0,0,0,"688417,429018","5338176,65714",11.534227184,48.168880557,0,1,#66c2a5,bicycle
204756,"9,21E+18",9,1,62,0,2021,10,15,6,3,2,6,0,0,1,0,0,0,0,"691032,194041","5334226,25193",11.567586553,48.132594293,0,2,#fc8d62,car
204757,"9,21E+18",9,1,62,0,2021,9,8,4,3,6,4,0,0,1,1,0,0,0,"692118,70081","5334062,98871",11.582100899,48.130799876,0,2,#fc8d62,car
204762,"9,21E+18",9,1,62,0,2021,9,9,5,3,6,6,0,0,1,1,0,0,0,"687766,856479","5329590,14912",11.521702041,48.091895427,0,2,#fc8d62,car
204763,"9,21E+18",9,1,63,0,2021,10,0,5,3,6,7,2,1,0,1,0,0,0,"732046,51858","5304011,98673",12.101751245,47.84752345,0,1,#66c2a5,bicycle
204764,"9,21E+18",9,1,62,0,2021,9,18,6,3,0,7,0,0,0,0,0,0,1,"692444,424001","5341927,07",11.590032593,48.201381763,0,6,#ffd92f,circle
204768,"9,21E+18",9,1,85,113,2021,9,14,3,2,5,3,0,0,1,0,0,0,1,"666402,777246","5377819,66638",11.254050623,48.531404801,0,2,#fc8d62,car
204770,"9,21E+18",9,1,84,145,2021,10,11,6,3,5,3,0,1,1,0,0,0,0,"693533,235696","5325462,07882",11.597194024,48.053068315,0,1,#66c2a5,bicycle
204774,"9,21E+18",9,1,62,0,2021,10,5,1,3,8,1,2,0,1,0,0,0,0,"689852,578573","5337372,51521",11.553151269,48.161225928,0,2,#fc8d62,car
204775,"9,21E+18",9,1,84,148,2021,10,9,3,3,6,7,0,0,0,1,0,0,1,"695634,274165","5326128,55415",11.625663953,48.058417811,1,3,#8da0cb,toilet
204777,"9,21E+18",9,1,62,0,2021,10,8,4,3,5,2,0,1,0,0,0,0,1,"688593,890923","5335676,15485",11.535489839,48.146353423,1,1,#66c2a5,bicycle
204778,"9,21E+18",9,1,73,120,2021,10,13,7,2,0,7,0,1,0,0,0,0,0,"687014,812903","5310757,93195",11.503401925,47.922842226,0,1,#66c2a5,bicycle
204780,"9,21E+18",9,1,62,0,2021,9,20,7,3,2,6,1,1,1,0,0,0,0,"690480,722091","5337266,97763",11.561542589,48.160089497,0,1,#66c2a5,bicycle
204781,"9,21E+18",9,1,62,0,2021,9,17,2,3,5,1,0,1,1,0,0,0,0,"688232,261001","5330224,431",11.528225755,48.097459247,0,1,#66c2a5,bicycle
204782,"9,21E+18",9,1,62,0,2021,9,11,4,3,2,6,0,0,1,0,0,1,0,"688025,978246","5339619,22973",11.529605595,48.181962505,0,2,#fc8d62,car
204783,"9,21E+18",9,1,62,0,2021,9,21,5,3,3,6,2,0,1,0,0,0,1,"690340,974541","5338834,51157",11.560366856,48.174220235,0,2,#fc8d62,car
204784,"9,21E+18",9,1,62,0,2021,10,19,1,3,5,3,1,1,0,0,1,0,0,"687298,580249","5333840,27259",11.517285623,48.130234702,0,1,#66c2a5,bicycle
204785,"9,21E+18",9,1,62,0,2021,10,13,3,3,5,3,0,1,1,0,0,0,0,"699132,581328","5329061,7195",11.673929523,48.083696905,0,1,#66c2a5,bicycle
204788,"9,21E+18",9,7,61,0,2021,10,21,7,3,1,5,2,0,1,0,0,0,1,"638941,910249","5359500,43238",10.876221026,48.373366116,0,2,#fc8d62,car
204791,"9,21E+18",9,7,77,152,2021,9,17,6,3,0,1,0,1,0,0,0,0,0,"624809,870073","5306403,14845",10.669916067,47.898809922,0,1,#66c2a5,bicycle
204792,"9,21E+18",9,1,62,0,2021,10,1,6,3,0,1,2,1,0,0,0,0,0,"692634,100506","5334003,22723",11.588993598,48.130106981,0,1,#66c2a5,bicycle
204794,"9,21E+18",9,1,62,0,2021,9,20,3,3,5,2,2,0,1,0,0,0,0,"687455,610303","5336050,13329",11.52036668,48.150051267,0,2,#fc8d62,car
204795,"9,21E+18",9,1,90,139,2021,10,14,1,3,8,1,0,1,0,0,0,0,0,"655573,920192","5296776,49893",11.077814352,47.805530607,0,1,#66c2a5,bicycle
204796,"9,21E+18",9,1,62,0,2021,10,4,6,3,0,1,2,1,0,0,0,0,0,"692263,111406","5332770,22225",11.583456623,48.119137104,1,1,#66c2a5,bicycle
204798,"9,21E+18",9,1,79,134,2021,10,13,6,3,0,1,0,1,0,0,0,0,0,"667711,438921","5342052,16355",11.257498626,48.209522027,0,1,#66c2a5,bicycle
204804,"9,21E+18",9,1,81,130,2021,10,9,6,3,4,1,0,0,1,0,0,0,0,"637011,586588","5323663,99827",10.838592363,48.051540309,0,2,#fc8d62,car
204805,"9,21E+18",9,1,74,111,2021,9,14,7,3,0,6,0,0,1,0,1,0,0,"667331,560419","5365685,59204",11.261765159,48.422079756,0,2,#fc8d62,car
204806,"9,21E+18",9,1,62,0,2021,9,9,1,3,2,6,0,0,1,0,0,0,0,"687522,660096","5341120,32103",11.523503747,48.195603298,0,2,#fc8d62,car
204807,"9,21E+18",9,1,62,0,2021,10,18,6,3,0,7,0,1,0,0,0,0,0,"692825,903311","5335368,21519",11.59218657,48.142317085,0,1,#66c2a5,bicycle
204808,"9,21E+18",9,1,62,0,2021,9,7,4,3,3,2,0,0,1,0,0,0,0,"692327,36867","5337777,00416",11.586580358,48.164117623,0,2,#fc8d62,car
204809,"9,21E+18",9,7,61,0,2021,9,17,3,3,0,7,0,0,0,0,0,0,1,"639921,049043","5359328,77412",10.889378386,48.371606276,0,6,#ffd92f,circle
204810,"9,21E+18",9,1,88,139,2021,10,14,1,2,0,1,0,1,0,0,0,0,0,"676799,469754","5321894,00098",11.371364391,48.025848771,0,1,#66c2a5,bicycle
204811,"9,21E+18",9,1,62,0,2021,10,22,6,3,5,3,2,0,1,0,0,0,0,"691514,903856","5336626,53348",11.575147237,48.154022641,0,2,#fc8d62,car
204812,"9,21E+18",9,1,81,118,2021,9,14,1,2,8,1,0,1,0,0,0,0,0,"651825,774928","5328031,67425",11.038814852,48.087459571,0,1,#66c2a5,bicycle
204813,"9,21E+18",9,1,88,139,2021,10,10,6,2,0,1,0,1,0,0,0,0,0,"676771,437759","5321942,1221",11.37100859,48.02628911,0,1,#66c2a5,bicycle
204814,"9,21E+18",9,1,62,0,2021,9,14,5,3,1,6,0,0,1,0,0,0,0,"685102,028226","5331751,02639",11.486885939,48.112098067,0,2,#fc8d62,car
204815,"9,21E+18",9,1,62,0,2021,9,18,6,2,4,2,1,0,1,0,1,0,0,"679487,139038","5337130,31343",11.413785934,48.162059529,0,2,#fc8d62,car
204816,"9,21E+18",9,1,62,0,2021,10,18,2,3,0,7,0,1,1,0,0,0,0,"691363,022741","5338083,45276",11.57376252,48.167162929,0,1,#66c2a5,bicycle
204818,"9,21E+18",9,1,62,0,2021,10,19,4,3,5,3,2,1,0,0,0,0,0,"689456,600572","5337210,80096",11.547759576,48.159890548,0,1,#66c2a5,bicycle
204820,"9,21E+18",9,1,62,0,2021,10,19,7,3,0,7,1,1,0,0,0,0,0,"699901,755762","5333291,21514",11.686227301,48.121467249,0,1,#66c2a5,bicycle
204821,"9,21E+18",9,7,61,0,2021,10,17,6,3,5,2,0,1,1,0,0,0,0,"636949,825958","5359663,92033",10.84938858,48.375271651,0,1,#66c2a5,bicycle
204824,"9,21E+18",9,7,72,171,2021,9,17,6,3,5,2,0,1,1,0,0,0,0,"638139,016516","5369416,96123",10.868651199,48.462709307,0,1,#66c2a5,bicycle
204826,"9,21E+18",9,1,62,0,2021,10,8,3,3,0,1,0,1,0,0,0,0,0,"691281,807866","5332990,50177",11.570383383,48.121412498,1,1,#66c2a5,bicycle
204828,"9,21E+18",9,1,62,0,2021,9,7,4,3,0,1,1,0,0,0,0,0,1,"692436,70964","5338168,72843",11.58822656,48.167605251,1,6,#ffd92f,circle
204829,"9,21E+18",9,7,61,0,2021,10,9,4,3,5,3,0,0,1,0,0,0,0,"638674,687236","5357746,06567",10.872036148,48.357649976,1,2,#fc8d62,car
204833,"9,21E+18",9,1,62,0,2021,9,2,1,3,0,1,2,0,0,0,0,0,1,"694456,307001","5333461,088",11.613210312,48.124680378,0,6,#ffd92f,circle
204834,"9,21E+18",9,1,78,124,2021,9,9,5,3,3,2,0,0,1,0,1,0,0,"701302,795376","5363933,71464",11.719609877,48.396400445,0,2,#fc8d62,car
204835,"9,21E+18",9,2,61,0,2021,9,10,6,3,0,1,0,1,0,0,0,0,0,"730674,415721","5381826,75493",12.125714936,48.547078309,0,1,#66c2a5,bicycle
204839,"9,21E+18",9,1,77,117,2021,10,13,6,3,4,6,0,1,0,0,0,0,1,"714532,716726","5353094,58509",11.892595701,48.294647981,0,1,#66c2a5,bicycle
204840,"9,21E+18",9,1,78,143,2021,10,13,6,2,0,3,0,0,1,0,1,0,0,"716947,330052","5372372,88767",11.935057964,48.467036873,0,2,#fc8d62,car
204841,"9,21E+18",9,1,62,0,2021,9,21,6,3,2,6,2,0,1,0,0,0,0,"690768,194001","5340290,92302",11.566761433,48.187182175,0,2,#fc8d62,car
204842,"9,21E+18",9,1,62,0,2021,10,8,2,3,0,7,0,1,0,0,0,0,0,"684369,9705","5336828,06586",11.479257488,48.157945621,0,1,#66c2a5,bicycle
204844,"9,21E+18",9,1,62,0,2021,9,16,3,3,3,2,0,1,0,0,0,0,1,"690346,369965","5338837,22532",11.560440573,48.17424301,0,1,#66c2a5,bicycle
204845,"9,21E+18",9,1,62,0,2021,10,19,7,3,0,5,2,0,0,0,1,0,0,"681062,78725","5336655,69336",11.434753859,48.157346501,0,4,#e78ac3,marker
204851,"9,21E+18",9,1,79,142,2021,10,15,4,2,0,7,0,0,1,0,0,0,0,"673348,396098","5342335,26796",11.333426941,48.21055253,0,2,#fc8d62,car
204852,"9,21E+18",9,1,62,0,2021,10,10,4,3,5,1,0,0,1,0,1,0,0,"692520,958175","5336847,04068",11.588760315,48.155700761,1,2,#fc8d62,car
204853,"9,21E+18",9,1,62,0,2021,9,16,2,3,3,2,0,1,0,0,0,0,0,"692950,356001","5332321,415",11.592478325,48.114895449,0,1,#66c2a5,bicycle