OBJECTID,UIDENTSTLA,ULAND,UREGBEZ,UKREIS,UGEMEINDE,UJAHR,UMONAT,USTUNDE,UWOCHENTAG,UKATEGORIE,UART,UTYP1,ULICHTVERH,IstRad,IstPKW,IstFuss,IstKrad,IstGkfz,IstSonstig,LINREFX,LINREFY,XGCSWGS84,YGCSWGS84,STRZUSTAN,Teilnehmer,color,symbol
204855,"9,21E+18",9,1,84,121,2021,10,16,6,3,1,5,0,1,1,0,0,0,0,"705427,295584","5330238,70325",11.758920302,48.092276983,0,1,#66c2a5,bicycle
204856,"9,21E+18",9,1,77,130,2021,10,17,1,3,0,1,0,0,0,0,1,0,0,"708252,248311","5351249,39276",11.807112352,48.280164954,1,4,#e78ac3,marker
204857,"9,21E+18",9,1,62,0,2021,9,16,7,2,5,7,0,0,1,0,1,0,0,"692276,682567","5334185,48379",11.584277233,48.131853136,0,2,#fc8d62,car
204859,"9,21E+18",9,1,85,113,2021,9,8,6,3,0,1,0,1,0,0,0,0,0,"669653,370127","5377940,23687",11.298094873,48.531618384,0,1,#66c2a5,bicycle
204861,"9,21E+18",9,7,61,0,2021,10,17,3,3,0,1,0,1,0,0,0,0,0,"638576,502774","5356040,42094",10.870149981,48.342334653,1,1,#66c2a5,bicycle
204865,"9,21E+18",9,1,73,126,2021,10,11,6,3,6,2,0,0,1,1,0,0,0,"685406,057508","5303346,69548",11.478705031,47.856690468,0,2,#fc8d62,car
204866,"9,21E+18",9,1,90,157,2021,9,7,2,3,5,3,0,0,1,0,0,0,0,"660136,959076","5300754,07106",11.140184265,47.84017473,0,2,#fc8d62,car
204867,"9,21E+18",9,1,74,126,2021,10,8,6,3,0,1,1,0,0,0,1,0,0,"681571,156602","5342758,24122",11.444191628,48.212055578,0,4,#e78ac3,marker
204868,"9,21E+18",9,1,79,123,2021,10,16,4,3,0,7,0,1,0,0,0,0,0,"676057,202001","5333121,489",11.36604285,48.126982168,0,1,#66c2a5,bicycle
204869,"9,21E+18",9,7,61,0,2021,10,22,5,3,5,2,2,0,1,0,0,0,0,"642050,001026","5364876,87824",10.919986176,48.42101652,1,2,#fc8d62,car
204874,"9,21E+18",9,1,62,0,2021,10,17,6,3,5,3,0,0,1,0,0,0,1,"685358,769329","5332463,02387",11.490641405,48.118423187,0,2,#fc8d62,car
204876,"9,21E+18",9,1,62,0,2021,10,19,3,3,5,3,2,1,1,0,0,0,0,"691701,766001","5332890,054",11.575975571,48.120383383,0,1,#66c2a5,bicycle
204879,"9,21E+18",9,1,62,0,2021,10,15,1,3,0,7,0,1,0,0,0,0,0,"690390,742536","5335596,58642",11.559586563,48.145103042,0,1,#66c2a5,bicycle
204884,"9,21E+18",9,1,62,0,2021,10,11,3,3,3,2,0,1,1,0,0,0,0,"686376,338841","5329395,58157",11.50296106,48.090554699,0,1,#66c2a5,bicycle
204886,"9,21E+18",9,7,61,0,2021,10,16,6,3,5,3,0,0,1,0,0,0,1,"640490,269169","5354174,92103",10.895340485,48.325137882,0,2,#fc8d62,car
204887,"9,21E+18",9,1,78,120,2021,10,20,7,3,9,5,2,1,1,0,0,0,0,"694405,908001","5353185,173",11.621573272,48.301965111,0,1,#66c2a5,bicycle
204888,"9,21E+18",9,1,62,0,2021,10,7,6,3,6,4,2,0,1,1,0,0,0,"689958,160078","5343890,45884",11.557484889,48.21977718,1,2,#fc8d62,car
204893,"9,21E+18",9,7,61,0,2021,10,10,4,3,2,1,0,0,1,0,0,0,0,"639130,973938","5356884,30792",10.877907481,48.34980085,0,2,#fc8d62,car
204894,"9,21E+18",9,1,87,150,2021,10,15,3,3,0,7,0,1,1,0,0,0,0,"728802,623829","5304128,88272",12.058516437,47.849736374,0,1,#66c2a5,bicycle
204895,"9,21E+18",9,1,85,166,2021,10,16,6,2,9,1,0,0,1,0,0,0,0,"672238,089748","5384349,8751",11.335729518,48.588529555,0,2,#fc8d62,car
204897,"9,21E+18",9,1,73,126,2021,10,17,6,3,0,7,0,1,0,0,0,0,0,"684244,261988","5305626,4594",11.464159562,47.877517576,0,1,#66c2a5,bicycle
204898,"9,21E+18",9,1,62,0,2021,10,8,4,3,3,2,0,1,1,0,0,0,0,"690577,000395","5332939,70116",11.560899527,48.121167251,0,1,#66c2a5,bicycle
204899,"9,21E+18",9,1,77,117,2021,10,7,2,3,2,6,0,0,1,0,0,0,0,"715957,639843","5352543,96924",11.911501084,48.289216062,1,2,#fc8d62,car
204900,"9,21E+18",9,1,62,0,2021,10,12,7,3,3,2,0,1,0,0,0,0,1,"695367,46302","5332624,98772",11.625058489,48.11688694,0,1,#66c2a5,bicycle
204906,"9,21E+18",9,1,62,0,2021,10,14,5,3,6,4,0,1,0,1,0,0,0,"690305,412522","5335770,39323",11.558518275,48.146690744,0,1,#66c2a5,bicycle
204908,"9,21E+18",9,7,72,216,2021,10,17,4,3,6,4,0,0,1,1,0,0,0,"622667,16","5368433,657",10.659167246,48.457074153,0,2,#fc8d62,car
204909,"9,21E+18",9,1,87,117,2021,10,23,7,3,5,3,2,1,1,0,0,0,0,"723943,062045","5305487,9673",11.994352644,47.863659193,0,1,#66c2a5,bicycle
204911,"9,21E+18",9,1,62,0,2021,10,20,3,3,2,2,2,1,0,0,0,0,0,"692092,13729","5334489,24957",11.581936442,48.134639055,0,1,#66c2a5,bicycle
204914,"9,21E+18",9,1,62,0,2021,10,22,1,3,3,6,2,0,1,0,1,0,0,"693303,950141","5332354,97541",11.597239366,48.115089855,0,2,#fc8d62,car
204915,"9,21E+18",9,1,62,0,2021,10,16,5,3,3,6,0,1,1,0,0,0,0,"690582,636416","5334746,48456",11.56178324,48.137404903,0,1,#66c2a5,bicycle
204920,"9,21E+18",9,1,62,0,2021,10,6,6,3,5,2,1,1,1,0,0,0,0,"692670,965709","5334805,34931",11.589851293,48.137305117,0,1,#66c2a5,bicycle
204921,"9,21E+18",9,7,77,151,2021,10,12,6,3,5,3,0,0,1,0,1,0,0,"621288,749114","5292838,18697",10.619023371,47.777484221,0,2,#fc8d62,car
204923,"9,21E+18",9,1,62,0,2021,10,13,2,2,5,3,0,1,1,0,0,0,0,"696261,639485","5330347,76379",11.636012465,48.096145483,0,1,#66c2a5,bicycle
204924,"9,21E+18",9,1,62,0,2021,10,8,5,3,0,1,0,0,0,0,0,0,1,"695001,796265","5334848,31493",11.621167799,48.136981315,1,6,#ffd92f,circle
204929,"9,21E+18",9,7,71,113,2021,10,6,3,2,2,6,2,1,1,0,0,0,0,"655040,721372","5365782,22929",11.095789926,48.426093295,0,1,#66c2a5,bicycle
204931,"9,21E+18",9,1,62,0,2021,10,8,3,3,1,5,0,0,1,0,1,0,0,"684340,496072","5332828,65081",11.477130388,48.122005253,0,2,#fc8d62,car
204933,"9,21E+18",9,1,62,0,2021,10,20,6,3,2,6,2,0,1,0,0,0,0,"688948,82823","5334942,72499",11.539931372,48.139655951,0,2,#fc8d62,car
204934,"9,21E+18",9,7,61,0,2021,10,19,6,3,0,1,2,1,0,0,0,0,0,"638490,945484","5360864,21611",10.87058412,48.385728104,0,1,#66c2a5,bicycle
204936,"9,21E+18",9,7,71,113,2021,10,16,5,3,0,7,0,1,0,0,0,0,1,"657474,820267","5368158,95941",11.12956306,48.446856973,0,1,#66c2a5,bicycle
204937,"9,21E+18",9,1,62,0,2021,10,15,2,3,5,3,0,1,1,0,0,0,0,"688458,695714","5336050,49695",11.533839819,48.14975813,0,1,#66c2a5,bicycle
204939,"9,21E+18",9,1,62,0,2021,10,9,2,3,2,2,0,0,1,0,0,0,0,"690963,720625","5335779,99507",11.567363856,48.146579772,0,2,#fc8d62,car
204941,"9,21E+18",9,2,61,0,2021,10,14,3,3,0,1,0,1,0,0,0,0,0,"732687,325002","5379422,26499",12.151605458,48.524736173,0,1,#66c2a5,bicycle
204944,"9,21E+18",9,1,62,0,2021,10,2,5,3,0,7,2,0,0,0,1,0,0,"684488,413418","5333283,82255",11.479313149,48.126053747,0,4,#e78ac3,marker
204945,"9,21E+18",9,1,84,138,2021,10,12,4,3,0,7,0,1,1,0,0,0,0,"680047,877192","5330606,59515",11.418562956,48.103259642,0,1,#66c2a5,bicycle
204947,"9,21E+18",9,7,61,0,2021,10,11,7,3,3,2,0,1,1,0,0,0,0,"641016,084385","5359209,45529",10.904116366,48.370289674,0,1,#66c2a5,bicycle
204948,"9,21E+18",9,1,79,123,2021,10,16,2,3,4,3,0,1,1,0,0,0,0,"675598,950452","5333462,84669",11.360030472,48.130177326,0,1,#66c2a5,bicycle
204952,"9,21E+18",9,1,85,158,2021,10,8,4,3,5,3,0,1,1,0,0,0,0,"666987,492114","5381674,04728",11.263510115,48.565897693,0,1,#66c2a5,bicycle
204955,"9,21E+18",9,7,72,200,2021,10,13,4,3,5,3,0,1,1,0,0,0,0,"630598,805831","5337187,22002",10.756722054,48.174496319,0,1,#66c2a5,bicycle
204964,"9,21E+18",9,1,62,0,2021,10,8,6,3,5,2,0,1,1,0,0,0,0,"698951,75029","5333741,11955",11.673685804,48.125808171,0,1,#66c2a5,bicycle
204969,"9,21E+18",9,7,78,111,2021,10,21,6,3,4,6,2,0,1,0,0,0,1,"626178,593853","5323989,37342",10.693386337,48.05670039,0,2,#fc8d62,car
204972,"9,21E+18",9,1,62,0,2021,10,20,5,3,5,3,2,1,1,0,0,0,0,"692308,789258","5337526,22476",11.58621737,48.1618693,0,1,#66c2a5,bicycle
204973,"9,21E+18",9,1,62,0,2021,10,16,2,3,2,6,0,0,1,0,0,0,0,"682674,926001","5337590,274",11.456813072,48.165286051,0,2,#fc8d62,car
204974,"9,21E+18",9,1,62,0,2021,10,23,4,3,5,3,2,0,1,0,0,0,0,"692618,092668","5334802,09901",11.589139865,48.13729191,0,2,#fc8d62,car
204975,"9,21E+18",9,1,62,0,2021,10,20,2,3,1,5,2,0,1,0,0,0,1,"690561,591161","5334745,78272",11.561500332,48.137404898,0,2,#fc8d62,car
204977,"9,21E+18",9,1,62,0,2021,10,11,2,3,5,7,0,1,0,0,0,0,1,"694454,159974","5333051,3558",11.612994589,48.120998514,0,1,#66c2a5,bicycle
204982,"9,21E+18",9,1,62,0,2021,10,17,5,3,5,3,0,1,0,0,0,0,1,"691486,169727","5337325,377",11.575075782,48.16031239,0,1,#66c2a5,bicycle
204985,"9,21E+18",9,1,62,0,2021,10,17,6,3,0,7,0,1,0,1,0,0,0,"692304,152189","5337376,16683",11.58608724,48.160522018,0,1,#66c2a5,bicycle
204987,"9,21E+18",9,1,62,0,2021,10,8,3,3,6,6,0,0,1,1,0,0,0,"680345,417383","5336672,8612",11.425123636,48.157704677,0,2,#fc8d62,car
204989,"9,21E+18",9,7,61,0,2021,10,17,7,3,0,6,0,1,1,0,0,0,0,"639815,061931","5357085,49056",10.88720252,48.351458764,0,1,#66c2a5,bicycle
204992,"9,21E+18",9,2,61,0,2021,10,7,5,3,4,6,0,1,0,0,0,0,0,"731770,327226","5381723,14361",12.14048407,48.545743711,0,1,#66c2a5,bicycle
204993,"9,21E+18",9,1,74,126,2021,10,16,5,3,4,7,0,0,1,0,0,0,1,"681512,263604","5344877,3417",11.444306807,48.231120265,0,2,#fc8d62,car
204994,"9,21E+18",9,1,62,0,2021,10,6,3,2,6,4,2,1,0,1,0,0,0,"689239,076232","5333008,72347",11.54297009,48.122186685,0,1,#66c2a5,bicycle
204995,"9,21E+18",9,2,61,0,2021,10,15,1,3,5,2,0,1,1,0,0,0,0,"731541,745302","5382674,27919",12.137920379,48.554371983,0,1,#66c2a5,bicycle
205000,"9,21E+18",9,1,62,0,2021,10,17,1,3,3,6,0,1,1,0,0,0,0,"691398,834699","5334026,94543",11.572419745,48.130692795,0,1,#66c2a5,bicycle
205001,"9,21E+18",9,1,62,0,2021,10,13,7,3,3,6,0,1,1,0,0,0,0,"689603,040405","5333218,66313",11.547949362,48.12396536,0,1,#66c2a5,bicycle
205006,"9,21E+18",9,1,62,0,2021,10,12,3,3,6,7,0,0,0,1,0,0,1,"693284,238767","5331391,72537",11.596538343,48.106438376,0,3,#8da0cb,toilet
205007,"9,21E+18",9,1,62,0,2021,10,9,4,3,3,2,0,0,1,0,0,0,1,"694957,693376","5336698,86863",11.621422981,48.153626742,0,2,#fc8d62,car
205008,"9,21E+18",9,1,62,0,2021,10,12,5,3,5,3,0,0,1,0,0,0,0,"688683,097186","5337886,07413",11.537667872,48.166189968,0,2,#fc8d62,car
205010,"9,21E+18",9,1,62,0,2021,10,23,7,3,3,6,2,1,0,0,0,0,0,"690129,133026","5336380,7111",11.556423379,48.152228983,0,1,#66c2a5,bicycle
205013,"9,21E+18",9,1,62,0,2021,10,11,3,3,2,6,0,0,1,0,0,0,0,"689808,892478","5334903,29039",11.551463287,48.139045539,0,2,#fc8d62,car
205016,"9,21E+18",9,1,62,0,2021,10,14,5,3,2,6,0,0,1,0,0,0,0,"691442,306342","5335460,92899",11.573647892,48.143568203,0,2,#fc8d62,car
205017,"9,21E+18",9,1,87,142,2021,10,12,7,3,4,6,0,0,1,0,0,0,0,"733017,955734","5315414,11509",12.120872783,47.949608952,0,2,#fc8d62,car
205021,"9,21E+18",9,1,62,0,2021,10,8,3,3,1,7,0,1,1,0,0,0,0,"694300,346843","5335394,39449",11.611998389,48.14210382,0,1,#66c2a5,bicycle
205023,"9,21E+18",9,1,79,145,2021,10,11,7,3,8,7,0,0,1,0,0,0,0,"675925,301426","5337744,31912",11.366182292,48.168574548,0,2,#fc8d62,car
205026,"9,21E+18",9,1,90,139,2021,10,15,5,3,1,5,0,1,1,0,0,0,0,"653769,165584","5294689,62975",11.052986881,47.787199718,0,1,#66c2a5,bicycle
205028,"9,21E+18",9,7,61,0,2021,10,15,7,3,1,1,0,1,0,0,0,0,0,"639987,157837","5356250,55385",10.889246527,48.343913105,0,1,#66c2a5,bicycle
205029,"9,21E+18",9,1,62,0,2021,10,14,2,3,2,6,0,1,1,0,0,0,0,"690427,425701","5333555,73323",11.559166888,48.126748904,0,1,#66c2a5,bicycle
205031,"9,21E+18",9,1,62,0,2021,10,16,2,3,5,2,0,1,1,0,0,0,0,"686243,872586","5332607,19483",11.50258566,48.119460794,0,1,#66c2a5,bicycle
205033,"9,21E+18",9,1,74,126,2021,10,11,4,3,0,2,0,0,1,1,0,0,0,"683698,495626","5344205,6645",11.473427934,48.224453529,0,2,#fc8d62,car
205034,"9,21E+18",9,1,62,0,2021,10,17,5,3,5,2,0,0,1,0,0,0,0,"699852,744","5334577,38181",11.686172558,48.13304153,0,2,#fc8d62,car
205037,"9,21E+18",9,1,84,120,2021,10,15,1,3,5,3,0,1,1,0,0,0,0,"681575,177359","5331964,4758",11.439637779,48.115031979,0,1,#66c2a5,bicycle
205038,"9,21E+18",9,2,61,0,2021,10,14,7,3,0,2,0,1,1,0,0,0,0,"732527,812019","5381171,36943",12.15042391,48.540507016,0,1,#66c2a5,bicycle
205040,"9,21E+18",9,7,61,0,2021,10,11,3,3,1,5,0,0,1,0,0,0,0,"641243,788811","5359209,4874",10.907189261,48.370239044,0,2,#fc8d62,car
205046,"9,21E+18",9,1,62,0,2021,10,7,4,3,6,4,0,1,0,1,0,0,0,"692183,430862","5339099,34984",11.585244297,48.176046065,0,1,#66c2a5,bicycle
205047,"9,21E+18",9,1,62,0,2021,10,7,3,3,5,3,0,1,1,0,0,0,0,"686739,426645","5330241,45968",11.508202324,48.098051526,0,1,#66c2a5,bicycle
205048,"9,21E+18",9,7,72,171,2021,10,19,1,3,0,1,2,0,0,0,0,0,1,"636574,001626","5372078,48693",10.848361647,48.486982808,0,6,#ffd92f,circle
205052,"9,21E+18",9,7,71,122,2021,10,19,6,3,0,1,2,1,0,0,0,0,0,"651869,894807","5360976,93188",11.051217919,48.383662424,1,1,#66c2a5,bicycle
205053,"9,21E+18",9,1,62,0,2021,10,16,5,3,5,3,0,0,1,0,0,0,1,"689894,678351","5331554,62598",11.551123452,48.108921953,0,2,#fc8d62,car
205055,"9,21E+18",9,1,84,134,2021,10,13,2,3,0,1,0,1,0,0,0,0,0,"693182,963167","5321611,16175",11.590761502,48.018562713,0,1,#66c2a5,bicycle
205056,"9,21E+18",9,1,62,0,2021,10,17,4,3,5,3,0,1,1,0,0,0,0,"688703,118533","5343308,83786",11.540346251,48.214924056,0,1,#66c2a5,bicycle
205060,"9,21E+18",9,1,77,123,2021,10,21,6,3,0,7,2,0,0,0,0,0,1,"726814,633786","5343822,57283",12.052990537,48.207066577,0,6,#ffd92f,circle
205062,"9,21E+18",9,7,77,177,2021,10,17,1,2,0,1,0,1,0,0,0,0,0,"633520,94417","5319440,6029",10.790457996,48.014300321,0,1,#66c2a5,bicycle
205063,"9,21E+18",9,1,79,123,2021,10,12,2,3,8,7,0,0,1,1,0,0,0,"676014,504067","5333314,55593",11.365549281,48.128729514,0,2,#fc8d62,car
205065,"9,21E+18",9,1,62,0,2021,10,12,2,3,0,7,0,1,0,0,0,0,0,"691376,254905","5336262,87433",11.573121363,48.150795858,0,1,#66c2a5,bicycle
205067,"9,21E+18",9,1,62,0,2021,10,9,4,3,5,3,0,0,1,0,0,0,1,"690742,290001","5343088,893",11.567670479,48.212337639,0,2,#fc8d62,car
205068,"9,21E+18",9,1,79,121,2021,10,17,3,3,0,1,0,1,0,0,0,0,0,"665716,819297","5337133,52317",11.228752036,48.165827012,0,1,#66c2a5,bicycle
205069,"9,21E+18",9,2,61,0,2021,10,15,3,3,1,5,0,0,1,0,0,0,0,"732915,905481","5379492,75734",12.154735919,48.525284637,0,2,#fc8d62,car
205071,"9,21E+18",9,1,73,126,2021,10,9,7,2,4,2,0,1,1,0,0,0,0,"685300,72111","5303436,26434",11.47733652,47.857525985,0,1,#66c2a5,bicycle
205073,"9,21E+18",9,1,75,124,2021,10,15,6,3,6,4,0,0,0,1,0,1,0,"715139,078898","5328332,47971",11.888223272,48.071944598,0,3,#8da0cb,toilet
205075,"9,21E+18",9,1,84,149,2021,10,10,1,3,0,7,0,0,1,0,0,0,0,"692011,491054","5350568,04878",11.588129234,48.279174785,0,2,#fc8d62,car
205076,"9,21E+18",9,1,79,121,2021,10,5,1,3,8,1,2,0,1,0,0,0,0,"666301,326711","5339756,15153",11.237633222,48.189251906,0,2,#fc8d62,car
205080,"9,21E+18",9,1,88,141,2021,10,15,6,3,4,6,0,0,1,0,0,0,0,"669011,769703","5307313,78294",11.261265833,47.896877476,0,2,#fc8d62,car
205085,"9,21E+18",9,1,62,0,2021,10,18,4,3,6,4,2,1,0,1,0,0,0,"692022,991473","5337723,42352",11.582466965,48.163728057,0,1,#66c2a5,bicycle
205089,"9,21E+18",9,1,77,139,2021,10,18,4,2,0,1,1,1,0,0,0,0,0,"737624,060384","5358337,70479",12.206412895,48.333498306,1,1,#66c2a5,bicycle
205093,"9,21E+18",9,2,61,0,2021,10,16,3,3,0,1,0,1,0,0,0,0,0,"733737,335473","5381203,78584",12.166803419,48.540348875,0,1,#66c2a5,bicycle
205094,"9,21E+18",9,1,87,150,2021,10,10,5,3,5,2,0,0,1,0,0,0,0,"729389,561013","5304188,85635",12.066382504,47.850066042,0,2,#fc8d62,car
205096,"9,21E+18",9,1,62,0,2021,10,5,2,3,0,1,2,0,1,0,0,0,0,"687656,490408","5329177,25043",11.520039874,48.088216661,0,2,#fc8d62,car
205097,"9,21E+18",9,7,61,0,2021,10,3,3,3,5,3,2,1,1,0,0,0,0,"638516,719585","5362331,76483",10.871416053,48.398918301,0,1,#66c2a5,bicycle
205100,"9,21E+18",9,1,62,0,2021,10,15,6,2,5,3,0,1,0,0,0,0,1,"689829,374001","5336714,449",11.552545923,48.155318158,0,1,#66c2a5,bicycle
205101,"9,21E+18",9,1,62,0,2021,10,8,6,3,5,2,0,1,1,0,0,0,0,"690659,585629","5338499,3663",11.56449789,48.171112484,0,1,#66c2a5,bicycle
205102,"9,21E+18",9,1,62,0,2021,10,19,5,3,2,6,2,0,1,0,0,0,0,"691204,701161","5333303,92732",11.569488912,48.124252707,0,2,#fc8d62,car
205103,"9,21E+18",9,7,71,113,2021,10,14,2,3,5,3,0,0,1,0,0,0,0,"654164,519375","5363091,27586",11.082965011,48.402115112,0,2,#fc8d62,car
205107,"9,21E+18",9,1,79,123,2021,10,18,3,2,0,7,2,1,0,0,0,0,0,"675385,533047","5333237,89117",11.357072095,48.128213963,0,1,#66c2a5,bicycle
205112,"9,21E+18",9,1,82,120,2021,10,8,5,3,6,6,0,1,0,1,0,0,0,"702116,49717","5306591,2576",11.703378699,47.880812557,0,1,#66c2a5,bicycle
205113,"9,21E+18",9,1,62,0,2021,10,12,1,3,5,3,0,0,1,0,0,0,0,"690518,755665","5336823,08592",11.561854757,48.156088432,0,2,#fc8d62,car
205119,"9,21E+18",9,7,78,116,2021,10,7,5,3,7,7,2,0,1,0,0,0,0,"617215,008","5318807,695",10.571720585,48.011807444,1,2,#fc8d62,car
205120,"9,21E+18",9,1,62,0,2021,10,6,5,3,5,2,1,0,1,0,0,0,0,"680215,209001","5338501,514",11.424149255,48.174179108,0,2,#fc8d62,car
205121,"9,21E+18",9,1,87,177,2021,10,7,3,3,2,3,0,1,1,0,0,0,0,"735282,443739","5305492,46949",12.145743862,47.859647829,0,1,#66c2a5,bicycle
205122,"9,21E+18",9,7,61,0,2021,10,16,4,3,5,3,0,1,0,0,0,0,1,"642486,724565","5360815,38422",10.924506948,48.384399101,0,1,#66c2a5,bicycle
205125,"9,21E+18",9,1,62,0,2021,10,10,1,3,5,2,0,1,1,0,0,0,0,"686692,332976","5339485,81536",11.511622749,48.181156618,0,1,#66c2a5,bicycle
205126,"9,21E+18",9,7,72,184,2021,10,16,3,2,0,7,0,1,0,0,0,0,0,"632767,209592","5358715,66907",10.792635767,48.367638716,0,1,#66c2a5,bicycle
205128,"9,21E+18",9,1,81,130,2021,10,13,2,3,6,7,0,0,1,1,0,0,0,"640379,198988","5323104,4427",10.883574634,48.045776776,0,2,#fc8d62,car
205129,"9,21E+18",9,1,75,124,2021,10,12,1,2,5,3,0,1,0,0,0,0,0,"712981,862001","5329253,588",11.859759411,48.080945487,0,1,#66c2a5,bicycle
205133,"9,21E+18",9,1,62,0,2021,10,16,5,3,5,2,0,1,1,0,0,0,0,"686169,691811","5335201,29672",11.502723308,48.142799291,0,1,#66c2a5,bicycle
205134,"9,21E+18",9,1,86,143,2021,10,7,4,3,0,1,0,1,0,0,0,0,0,"684534,206128","5378299,8464",11.499635482,48.53065201,0,1,#66c2a5,bicycle
205137,"9,21E+18",9,1,90,157,2021,10,15,3,2,5,4,0,1,0,1,0,1,0,"661063,826169","5302781,19182",11.153317225,47.858169181,0,1,#66c2a5,bicycle
205139,"9,21E+18",9,1,81,130,2021,10,14,7,3,5,3,0,1,1,0,0,0,0,"639096,654705","5323674,25718",10.866560471,48.051181511,0,1,#66c2a5,bicycle
205140,"9,21E+18",9,1,62,0,2021,10,9,1,3,5,3,0,0,1,0,0,0,0,"679982,241484","5338523,82085",11.421027863,48.174445642,0,2,#fc8d62,car
205141,"9,21E+18",9,1,62,0,2021,10,14,3,3,3,6,0,1,1,0,0,0,0,"691101,379597","5338075,11442",11.570243445,48.167166694,0,1,#66c2a5,bicycle
205142,"9,21E+18",9,1,86,143,2021,10,14,6,3,0,1,0,1,0,0,0,0,0,"685453,496691","5377975,42387",11.511931124,48.527465256,0,1,#66c2a5,bicycle
205147,"9,21E+18",9,1,79,136,2021,10,7,5,3,0,7,0,0,0,1,1,0,0,"658942,04837","5341753,08509",11.139432995,48.20908981,1,3,#8da0cb,toilet
205149,"9,21E+18",9,1,62,0,2021,10,16,3,3,0,3,0,0,1,0,1,0,0,"682327,831001","5335632,663",11.451310539,48.147789327,0,2,#fc8d62,car
205151,"9,21E+18",9,1,62,0,2021,10,15,6,3,5,3,0,1,1,0,0,0,0,"690716,346841","5340275,26798",11.566057534,48.187057037,0,1,#66c2a5,bicycle
205156,"9,21E+18",9,7,71,130,2021,10,16,2,3,4,2,0,0,1,0,0,1,0,"647162,419571","5362210,55236",10.988109418,48.395869836,0,2,#fc8d62,car
205161,"9,21E+18",9,1,63,0,2021,10,16,6,3,5,3,1,1,1,0,0,0,0,"733453,734529","5307367,48362",12.122344154,47.877159921,0,1,#66c2a5,bicycle
205166,"9,21E+18",9,1,79,142,2021,10,8,2,3,5,3,0,0,1,0,0,0,0,"672655,391019","5343117,89141",11.324425027,48.21777677,0,2,#fc8d62,car
205169,"9,21E+18",9,7,61,0,2021,10,10,2,3,0,7,0,1,0,0,0,0,0,"641695,646287","5360224,42624",10.913629155,48.379263657,0,1,#66c2a5,bicycle
205170,"9,21E+18",9,1,62,0,2021,10,14,3,3,5,2,0,1,1,0,0,0,0,"692945,488391","5332312,34263",11.592408889,48.114815383,0,1,#66c2a5,bicycle
205171,"9,21E+18",9,1,81,130,2021,10,7,5,2,5,3,0,1,1,0,0,0,0,"638668,193","5326230,108",10.861642827,48.074257821,1,1,#66c2a5,bicycle
205172,"9,21E+18",9,1,62,0,2021,10,10,5,3,9,7,0,0,0,0,0,0,1,"691751,316776","5335408,98438",11.577774313,48.143008276,0,6,#ffd92f,circle
205174,"9,21E+18",9,1,62,0,2021,10,11,7,2,1,5,0,1,1,0,0,0,0,"698074,570543","5332528,37058",11.6613473,48.115182379,0,1,#66c2a5,bicycle
205176,"9,21E+18",9,1,62,0,2021,10,16,1,3,2,6,0,1,0,0,0,0,1,"690304,22429","5332435,97023",11.557013026,48.11672129,0,1,#66c2a5,bicycle
205177,"9,21E+18",9,1,84,149,2021,10,13,3,2,5,3,0,0,1,0,0,0,0,"691818,242693","5349588,17409",11.585082601,48.270426646,0,2,#fc8d62,car
205178,"9,21E+18",9,1,62,0,2021,10,7,5,3,5,3,1,1,0,0,0,0,0,"680618,169156","5337085,32268",11.428963057,48.161334815,1,1,#66c2a5,bicycle
205179,"9,21E+18",9,1,73,123,2021,10,15,7,3,5,3,0,0,0,0,1,0,1,"678701,721413","5303337,46167",11.389152616,47.858506912,0,4,#e78ac3,marker
205181,"9,21E+18",9,7,61,0,2021,10,13,5,3,5,3,0,0,1,0,0,0,0,"641046,094982","5351856,6322",10.90205956,48.304168684,0,2,#fc8d62,car
205183,"9,21E+18",9,1,63,0,2021,10,10,3,3,6,7,0,0,1,1,0,0,0,"732323,364464","5306348,67966",12.10670131,47.868416727,0,2,#fc8d62,car
205184,"9,21E+18",9,1,62,0,2021,10,18,4,3,5,2,2,1,1,0,0,0,0,"692441,079029","5331821,49929",11.585417365,48.110556379,0,1,#66c2a5,bicycle
205186,"9,21E+18",9,1,62,0,2021,10,10,3,2,6,2,0,0,1,1,0,0,0,"690232,646703","5335891,21794",11.557594993,48.147798478,1,2,#fc8d62,car
205189,"9,21E+18",9,7,61,0,2021,10,18,4,3,3,6,2,1,1,0,0,0,0,"641313,615935","5359239,81767",10.908141773,48.370496131,0,1,#66c2a5,bicycle
205192,"9,21E+18",9,1,62,0,2021,10,22,2,3,5,3,2,0,1,0,0,0,1,"690381,711499","5336133,8391",11.55970554,48.149934554,0,2,#fc8d62,car
205193,"9,21E+18",9,1,79,123,2021,10,7,6,3,1,5,1,1,1,0,0,0,0,"676684,25609","5332157,59193",11.374062855,48.118143711,0,1,#66c2a5,bicycle
205195,"9,21E+18",9,1,62,0,2021,10,16,1,2,0,1,0,1,0,0,0,0,0,"692771,922056","5334289,40355",11.590973422,48.132637343,0,1,#66c2a5,bicycle
205196,"9,21E+18",9,1,62,0,2021,10,16,5,3,4,2,0,1,0,0,1,0,0,"687548,134294","5335540,2923",11.521384812,48.145441424,0,1,#66c2a5,bicycle