OBJECTID,UIDENTSTLA,ULAND,UREGBEZ,UKREIS,UGEMEINDE,UJAHR,UMONAT,USTUNDE,UWOCHENTAG,UKATEGORIE,UART,UTYP1,ULICHTVERH,IstRad,IstPKW,IstFuss,IstKrad,IstGkfz,IstSonstig,LINREFX,LINREFY,XGCSWGS84,YGCSWGS84,STRZUSTAN,Teilnehmer,color,symbol
205200,"9,21E+18",9,1,74,115,2021,10,17,5,3,1,6,0,0,1,0,0,0,0,"681328,574629","5347484,06732",11.442951654,48.254603676,0,2,#fc8d62,car
205201,"9,21E+18",9,1,62,0,2021,10,7,2,3,6,4,0,0,1,1,0,0,0,"687548,982807","5341306,17832",11.523939716,48.197266036,0,2,#fc8d62,car
205202,"9,21E+18",9,1,62,0,2021,10,17,3,3,5,3,0,1,1,0,0,0,0,"688357,418655","5341104,17594",11.534718597,48.195211148,0,1,#66c2a5,bicycle
205203,"9,21E+18",9,1,62,0,2021,10,14,7,3,5,2,0,1,1,0,0,0,0,"695618,290452","5330938,84126",11.627651889,48.101655632,0,1,#66c2a5,bicycle
205205,"9,21E+18",9,1,62,0,2021,10,10,6,2,6,2,0,0,1,1,0,0,0,"691204,2408","5335820,91899",11.570612475,48.146875346,0,2,#fc8d62,car
205206,"9,21E+18",9,1,62,0,2021,10,14,5,3,0,7,0,1,0,0,0,0,1,"686745,409373","5333399,16914",11.509665139,48.126432447,0,1,#66c2a5,bicycle
205208,"9,21E+18",9,7,61,0,2021,10,7,2,3,0,7,1,1,1,0,0,0,0,"637597,404887","5359197,72592",10.85797623,48.370938816,0,1,#66c2a5,bicycle
205211,"9,21E+18",9,1,84,139,2021,10,17,4,3,0,7,0,1,0,0,0,0,0,"689112,308001","5327831,906",11.538974721,48.075694186,0,1,#66c2a5,bicycle
205213,"9,21E+18",9,1,79,123,2021,10,14,6,3,4,6,0,1,0,0,0,0,0,"677738,286191","5334070,95355",11.389010836,48.13504989,0,1,#66c2a5,bicycle
205215,"9,21E+18",9,7,61,0,2021,10,14,5,3,1,1,0,1,0,0,0,0,1,"641522,608847","5360484,81687",10.911381284,48.381643817,0,1,#66c2a5,bicycle
205217,"9,21E+18",9,1,62,0,2021,10,11,4,3,3,6,0,0,1,0,0,0,0,"700094,488001","5332908,475",11.688634612,48.117966995,0,2,#fc8d62,car
205218,"9,21E+18",9,7,62,0,2021,10,17,1,3,0,7,0,1,0,0,0,0,0,"621518,997258","5304724,9286",10.625431317,47.884348236,0,1,#66c2a5,bicycle
205220,"9,21E+18",9,1,77,123,2021,10,17,2,3,6,4,0,0,1,1,0,0,0,"726908,566501","5344512,23611",12.054621843,48.213228988,0,2,#fc8d62,car
205225,"9,21E+18",9,1,78,157,2021,10,21,5,3,5,3,2,0,1,0,0,0,0,"704407,615132","5370222,61115",11.76457122,48.451914105,0,2,#fc8d62,car
205226,"9,21E+18",9,1,62,0,2021,10,15,5,3,3,6,0,1,0,0,0,0,0,"686213,53815","5334908,75426",11.503184238,48.14015698,0,1,#66c2a5,bicycle
205227,"9,21E+18",9,7,61,0,2021,10,7,4,3,1,3,0,1,1,0,0,0,0,"635496,698606","5353680,79482",10.827850192,48.321784792,0,1,#66c2a5,bicycle
205228,"9,21E+18",9,1,82,137,2021,10,17,1,2,0,1,0,1,0,0,0,0,0,"709384,817401","5304307,56162",11.799370767,47.857960918,0,1,#66c2a5,bicycle
205231,"9,21E+18",9,1,74,115,2021,10,16,4,3,6,4,0,0,1,1,0,0,0,"682931,772277","5348420,66787",11.464935008,48.262561526,0,2,#fc8d62,car
205232,"9,21E+18",9,1,74,115,2021,10,12,7,3,5,6,0,0,1,0,1,0,0,"682191,593388","5347778,1369",11.454694232,48.256999411,0,2,#fc8d62,car
205233,"9,21E+18",9,1,62,0,2021,10,18,1,3,0,1,1,1,0,0,0,0,0,"692387,612011","5338843,16293",11.58787208,48.173681749,0,1,#66c2a5,bicycle
205235,"9,21E+18",9,1,81,124,2021,10,13,7,3,1,6,0,1,1,0,0,0,0,"646608,664428","5318780,31131",10.965630716,48.005494508,0,1,#66c2a5,bicycle
205237,"9,21E+18",9,1,62,0,2021,10,12,4,3,0,1,0,1,0,0,0,0,0,"694936,621165","5338365,00873",11.621903442,48.168607644,0,1,#66c2a5,bicycle
205238,"9,21E+18",9,1,62,0,2021,10,8,4,3,1,7,0,1,1,0,0,0,0,"691767,294168","5341818,67068",11.580880015,48.200612369,0,1,#66c2a5,bicycle
205239,"9,21E+18",9,1,62,0,2021,10,13,2,3,5,3,0,0,1,0,0,0,0,"692873,105998","5332437,90619",11.591494181,48.115965847,0,2,#fc8d62,car
205240,"9,21E+18",9,7,61,0,2021,10,11,6,3,0,1,0,0,1,0,0,0,0,"639230,965993","5355312,66747",10.878736773,48.335646931,0,2,#fc8d62,car
205242,"9,21E+18",9,1,62,0,2021,10,11,6,3,0,5,0,1,1,0,0,0,0,"691262,712644","5334455,29993",11.570784455,48.134583725,0,1,#66c2a5,bicycle
205245,"9,21E+18",9,1,62,0,2021,10,7,2,3,4,6,0,0,1,0,0,1,0,"680879,720201","5337695,35975",11.432736561,48.166743968,0,2,#fc8d62,car
205248,"9,21E+18",9,1,62,0,2021,10,9,7,3,3,7,0,1,0,0,0,0,1,"691740,53637","5335192,96963",11.577532277,48.141070017,0,1,#66c2a5,bicycle
205254,"9,21E+18",9,1,62,0,2021,10,18,5,3,4,2,2,1,1,0,0,0,0,"690134,615606","5335253,06328",11.555993391,48.142092055,0,1,#66c2a5,bicycle
205255,"9,21E+18",9,1,62,0,2021,10,12,5,3,2,5,0,1,1,0,0,0,0,"691558,667525","5335412,21521",11.575188636,48.143095347,0,1,#66c2a5,bicycle
205260,"9,21E+18",9,1,62,0,2021,10,18,3,3,5,3,1,1,1,0,0,0,0,"693571,36422","5335888,02988",11.602433526,48.14676265,0,1,#66c2a5,bicycle
205261,"9,21E+18",9,1,62,0,2021,10,15,5,3,0,1,0,1,0,0,0,0,0,"696819,476805","5329279,51561",11.643004226,48.08637261,1,1,#66c2a5,bicycle
205263,"9,21E+18",9,1,63,0,2021,10,23,2,3,8,7,2,1,0,0,0,0,0,"733262,963004","5304215,94125",12.118096487,47.848915599,0,1,#66c2a5,bicycle
205264,"9,21E+18",9,1,62,0,2021,10,14,7,3,0,2,0,0,1,0,1,0,0,"690295,490648","5335388,19572",11.558214199,48.143258528,0,2,#fc8d62,car
205270,"9,21E+18",9,7,61,0,2021,10,8,5,3,0,1,0,0,0,0,1,0,0,"641167,356333","5358076,93462",10.905777706,48.36007265,1,4,#e78ac3,marker
205273,"9,21E+18",9,1,62,0,2021,10,19,6,3,3,7,2,0,1,0,1,0,0,"689455,530154","5336079,13977",11.547241369,48.149719451,0,2,#fc8d62,car
205274,"9,21E+18",9,1,87,150,2021,10,16,2,2,5,3,0,1,1,0,0,0,0,"729146,169539","5304349,03903",12.06321859,47.851592015,0,1,#66c2a5,bicycle
205275,"9,21E+18",9,1,77,117,2021,10,13,4,3,6,4,0,0,1,1,0,0,0,"714478,526048","5353690,09882",11.892168466,48.300017184,0,2,#fc8d62,car
205281,"9,21E+18",9,1,62,0,2021,10,15,4,3,3,7,0,0,1,0,1,0,0,"690976,95129","5334321,07569",11.566887335,48.133463141,0,2,#fc8d62,car
205282,"9,21E+18",9,1,74,115,2021,10,14,4,3,0,7,0,1,0,0,0,0,0,"680807,605232","5347893,54973",11.436114442,48.258433214,0,1,#66c2a5,bicycle
205287,"9,21E+18",9,1,62,0,2021,10,9,1,3,0,1,0,0,0,0,0,0,1,"691218,536908","5336743,03906",11.571218745,48.155158954,0,6,#ffd92f,circle
205291,"9,21E+18",9,1,62,0,2021,10,16,2,3,5,3,0,1,1,0,0,0,0,"688029,978042","5336286,39764",11.528185722,48.152005325,0,1,#66c2a5,bicycle
205294,"9,21E+18",9,7,61,0,2021,10,12,6,3,0,7,0,1,0,0,0,0,0,"640545,499143","5358845,77145",10.897644222,48.367124521,0,1,#66c2a5,bicycle
205295,"9,21E+18",9,1,62,0,2021,10,17,6,3,5,3,0,0,1,0,0,0,0,"694869,227602","5341386,94781",11.622383869,48.195787899,0,2,#fc8d62,car
205300,"9,21E+18",9,1,78,143,2021,10,20,1,3,0,1,2,0,0,0,1,0,0,"716950,386984","5372374,39489",11.935100046,48.46704936,0,4,#e78ac3,marker
205301,"9,21E+18",9,1,63,0,2021,10,17,2,3,5,2,0,0,1,0,1,0,0,"734131,245002","5304423,64799",12.129797588,47.850466005,0,2,#fc8d62,car
205302,"9,21E+18",9,1,86,143,2021,10,22,4,3,0,1,2,1,0,0,0,0,0,"685099,593456","5379277,94647",11.507720776,48.539276424,0,1,#66c2a5,bicycle
205304,"9,21E+18",9,1,79,123,2021,10,7,6,2,0,7,0,1,0,0,0,0,0,"675520,82525","5332505,98284",11.358587333,48.121597285,0,1,#66c2a5,bicycle
205305,"9,21E+18",9,1,62,0,2021,10,23,3,3,5,3,2,0,1,0,0,0,0,"694399,30621","5335398,28231",11.613329049,48.142108535,1,2,#fc8d62,car
205306,"9,21E+18",9,1,62,0,2021,10,1,5,2,5,3,2,0,1,0,0,1,0,"687887,785147","5330402,39562",11.523681949,48.099160506,0,2,#fc8d62,car
205310,"9,21E+18",9,1,62,0,2021,10,19,6,3,5,2,2,1,1,0,0,0,0,"692233,041945","5335495,88554",11.584282706,48.14364396,0,1,#66c2a5,bicycle
205312,"9,21E+18",9,1,62,0,2021,10,10,3,3,1,6,0,0,1,0,0,0,0,"688616,198828","5334959,76651",11.535472117,48.139907809,0,2,#fc8d62,car
205313,"9,21E+18",9,1,62,0,2021,10,11,5,3,1,6,0,0,1,0,0,0,0,"686086,173001","5337608,587",11.502654289,48.164461307,0,2,#fc8d62,car
205320,"9,21E+18",9,7,61,0,2021,10,6,6,3,5,3,2,1,1,0,0,0,0,"642803,06362","5360969,48801",10.928829463,48.385713189,1,1,#66c2a5,bicycle
205321,"9,21E+18",9,7,71,114,2021,10,11,6,3,0,3,0,0,1,0,0,0,1,"645352,159476","5374990,04959",10.968105997,48.511192376,0,2,#fc8d62,car
205322,"9,21E+18",9,7,72,147,2021,10,12,6,2,4,2,0,0,1,0,0,0,1,"636002,738807","5364443,09609",10.838153813,48.418450511,0,2,#fc8d62,car
205323,"9,21E+18",9,7,61,0,2021,10,21,6,3,0,7,2,0,0,0,0,0,1,"638645,207635","5356108,18915",10.871098979,48.34292894,0,6,#ffd92f,circle
205327,"9,21E+18",9,1,62,0,2021,10,21,2,3,5,3,2,0,1,0,0,0,0,"687424,555145","5336427,79397",11.520115867,48.153454922,0,2,#fc8d62,car
205331,"9,21E+18",9,1,81,139,2021,10,10,5,3,0,7,0,1,0,0,0,0,0,"656308,079492","5323966,79557",11.097478671,48.049828687,0,1,#66c2a5,bicycle
205333,"9,21E+18",9,7,71,130,2021,10,19,6,3,6,7,2,0,1,1,0,0,0,"647418,880537","5358013,9344",10.99010021,48.35807748,0,2,#fc8d62,car
205334,"9,21E+18",9,1,62,0,2021,10,15,6,3,3,6,0,0,1,0,0,0,0,"687938,141346","5339009,07868",11.528155247,48.176504372,0,2,#fc8d62,car
205335,"9,21E+18",9,7,78,116,2021,10,15,6,3,0,1,0,1,0,0,0,0,0,"619196,862791","5318654,4601",10.598241799,48.010062709,0,1,#66c2a5,bicycle
205336,"9,21E+18",9,1,62,0,2021,10,19,6,3,2,6,1,0,1,0,0,0,0,"692464,8434","5335461,09346",11.587379907,48.143261177,0,2,#fc8d62,car
205339,"9,21E+18",9,1,62,0,2021,10,8,2,3,5,2,0,1,1,0,0,0,0,"690200,664001","5335426,968",11.556958045,48.143635369,0,1,#66c2a5,bicycle
205345,"9,21E+18",9,1,62,0,2021,10,7,4,3,5,3,0,0,1,0,0,0,0,"690363,227395","5333811,45293",11.558419241,48.129066515,0,2,#fc8d62,car
205347,"9,21E+18",9,1,62,0,2021,10,17,7,3,1,6,0,1,1,0,0,0,0,"690778,535776","5334753,0176",11.564416682,48.137404922,0,1,#66c2a5,bicycle
205353,"9,21E+18",9,1,62,0,2021,10,14,5,3,0,2,0,1,1,0,0,0,0,"688550,700339","5336314,68426",11.535192604,48.152105415,0,1,#66c2a5,bicycle
205354,"9,21E+18",9,1,62,0,2021,10,2,5,3,5,2,2,1,1,0,0,0,0,"687401,966087","5333987,11562",11.518738316,48.131524137,0,1,#66c2a5,bicycle
205356,"9,21E+18",9,1,75,124,2021,10,12,1,3,0,3,0,0,1,0,1,0,0,"716765,762002","5328314,586",11.910023194,48.0712331,0,2,#fc8d62,car
205357,"9,21E+18",9,1,79,126,2021,10,20,7,3,0,1,2,1,0,0,0,0,0,"676331,199801","5341220,76852",11.373079637,48.199712495,0,1,#66c2a5,bicycle
205359,"9,21E+18",9,1,62,0,2021,10,17,3,3,3,6,0,1,0,0,0,0,0,"692310,685814","5337574,72807",11.586264776,48.162304662,0,1,#66c2a5,bicycle
205360,"9,21E+18",9,1,84,120,2021,10,16,5,3,0,7,0,0,0,0,0,0,1,"680771,0129","5333597,22671",11.429535541,48.129937387,0,6,#ffd92f,circle
205362,"9,21E+18",9,1,62,0,2021,10,21,1,3,5,3,2,0,1,0,1,0,0,"690518,656499","5336822,64171",11.561853226,48.15608447,0,2,#fc8d62,car
205365,"9,21E+18",9,1,87,137,2021,10,7,5,3,5,3,0,0,1,0,0,0,0,"729905,718925","5308416,03874",12.075520293,47.887860464,0,2,#fc8d62,car
205367,"9,21E+18",9,1,62,0,2021,10,20,2,3,0,7,2,0,0,0,1,0,0,"679024,825579","5339099,9921",11.408403735,48.179895243,0,4,#e78ac3,marker
205368,"9,21E+18",9,1,62,0,2021,10,15,3,3,3,5,0,1,1,0,0,0,0,"689497,966892","5334907,31525",11.547289818,48.139174385,0,1,#66c2a5,bicycle
205369,"9,21E+18",9,7,61,0,2021,10,15,6,3,2,6,0,0,1,0,0,0,0,"641861,074314","5361164,1534",10.916179245,48.387676084,0,2,#fc8d62,car
205370,"9,21E+18",9,1,62,0,2021,10,15,6,3,6,7,0,1,0,1,0,0,0,"691553,08386","5336123,47384",11.575433667,48.14948972,0,1,#66c2a5,bicycle
205371,"9,21E+18",9,1,83,119,2021,10,8,6,3,5,1,0,0,1,0,0,0,0,"736707,302809","5339309,19847",12.183425472,48.162912076,0,2,#fc8d62,car
205372,"9,21E+18",9,1,62,0,2021,10,16,5,3,6,7,0,0,1,1,0,0,0,"688238,826743","5336040,02814",11.530882029,48.149729139,0,2,#fc8d62,car
205374,"9,21E+18",9,1,87,172,2021,10,17,1,2,3,6,0,1,1,0,0,0,0,"741508,703119","5294701,25544",12.2228453,47.760398516,0,1,#66c2a5,bicycle
205379,"9,21E+18",9,7,61,0,2021,10,6,4,3,2,6,2,0,1,0,0,0,0,"639195,759425","5358952,22507",10.879465525,48.368380827,1,2,#fc8d62,car
205382,"9,21E+18",9,1,62,0,2021,10,15,4,3,5,5,0,1,1,0,0,0,0,"692223,093782","5338958,52254",11.585713593,48.174768351,0,1,#66c2a5,bicycle
205383,"9,21E+18",9,1,62,0,2021,10,1,1,3,0,1,2,1,0,0,0,0,0,"692585,212574","5334160,47223",11.588408312,48.131535059,0,1,#66c2a5,bicycle
205384,"9,21E+18",9,1,62,0,2021,10,3,7,3,5,3,2,0,1,0,0,0,0,"690146,023398","5334616,55481",11.555862417,48.136367705,0,2,#fc8d62,car
205385,"9,21E+18",9,2,61,0,2021,10,16,2,2,6,4,0,0,1,1,0,0,0,"734328,180262","5382467,55338",12.175506552,48.551480329,0,2,#fc8d62,car
205386,"9,21E+18",9,2,61,0,2021,10,11,4,3,0,1,0,1,0,0,0,0,0,"732682,256025","5380894,21151",12.152358368,48.537960142,0,1,#66c2a5,bicycle
205387,"9,21E+18",9,7,61,0,2021,10,12,6,3,5,2,0,0,1,0,0,0,0,"640962,47346","5357202,96888",10.902720605,48.352260026,0,2,#fc8d62,car
205394,"9,21E+18",9,1,81,130,2021,10,11,5,3,4,2,0,1,1,0,0,0,0,"638670,04113","5325024,01723",10.861276382,48.063411859,0,1,#66c2a5,bicycle
205395,"9,21E+18",9,1,62,0,2021,10,14,1,3,1,2,0,0,1,0,0,0,0,"692174,932959","5334416,37119",11.583015262,48.133959041,0,2,#fc8d62,car
205397,"9,21E+18",9,1,86,143,2021,10,14,2,2,0,1,0,1,0,0,0,0,0,"687951,352435","5379255,44909",11.546306679,48.538226532,1,1,#66c2a5,bicycle
205399,"9,21E+18",9,7,72,202,2021,10,13,2,3,6,4,0,0,1,1,0,0,0,"637359,709138","5358235,41692",10.8544541,48.362337617,0,2,#fc8d62,car
205400,"9,21E+18",9,2,61,0,2021,10,17,4,3,0,1,0,1,0,0,0,0,0,"733288,999002","5381387,16899",12.16084141,48.542162962,1,1,#66c2a5,bicycle
205401,"9,21E+18",9,1,62,0,2021,10,19,5,3,5,3,2,1,1,0,0,0,0,"687505,656729","5336039,43185",11.521034171,48.149940329,0,1,#66c2a5,bicycle
205402,"9,21E+18",9,1,62,0,2021,10,16,5,3,0,1,0,0,1,0,0,0,0,"686449,112299","5330517,80688",11.50442753,48.100620463,0,2,#fc8d62,car
205403,"9,21E+18",9,1,73,126,2021,10,13,4,2,0,7,0,0,0,0,0,0,1,"684914,933671","5304770,69789",11.472754555,47.86963236,0,6,#ffd92f,circle
205405,"9,21E+18",9,1,62,0,2021,10,20,6,3,2,6,2,0,1,0,0,0,0,"688638,338264","5331519,13211",11.534246742,48.108976222,0,2,#fc8d62,car
205407,"9,21E+18",9,1,62,0,2021,10,19,3,3,5,2,2,1,0,0,0,0,1,"692295,923975","5338141,28998",11.586322622,48.167401245,0,1,#66c2a5,bicycle
205409,"9,21E+18",9,1,62,0,2021,10,17,6,3,5,3,0,1,1,0,0,0,0,"688219,95818","5334057,18076",11.529752235,48.131912528,0,1,#66c2a5,bicycle
205411,"9,21E+18",9,1,62,0,2021,10,15,5,3,0,7,0,0,0,0,0,0,1,"680219,159238","5337083,1986",11.423601236,48.161428946,0,6,#ffd92f,circle
205418,"9,21E+18",9,7,61,0,2021,10,13,6,2,6,4,0,0,1,1,0,0,0,"638673,923409","5357767,01327",10.872032746,48.357838501,0,2,#fc8d62,car
205420,"9,21E+18",9,1,62,0,2021,10,15,2,3,5,2,0,0,1,0,0,0,0,"691382,261788","5329845,10682",11.570320906,48.09311166,0,2,#fc8d62,car
205425,"9,21E+18",9,1,62,0,2021,10,10,4,3,0,7,0,1,1,0,0,0,0,"687855,512511","5339620,77493",11.527315236,48.182026817,0,1,#66c2a5,bicycle
205428,"9,21E+18",9,7,61,0,2021,10,13,4,3,5,3,0,0,1,0,0,0,1,"641947,632978","5360628,47557",10.917166779,48.382840042,0,2,#fc8d62,car
205429,"9,21E+18",9,7,61,0,2021,10,16,5,3,0,4,0,0,1,0,0,0,1,"640345,566053","5359791,47981",10.895261913,48.37567251,0,2,#fc8d62,car
205431,"9,21E+18",9,1,62,0,2021,10,15,4,3,5,2,0,1,1,0,0,0,0,"695536,65999","5336708,35889",11.629203701,48.1535343,0,1,#66c2a5,bicycle
205433,"9,21E+18",9,1,63,0,2021,10,15,7,3,5,3,0,1,0,0,0,0,0,"733983,162351","5304302,48894",12.127755599,47.849431427,0,1,#66c2a5,bicycle
205434,"9,21E+18",9,1,87,122,2021,10,15,2,3,5,3,0,0,1,0,0,0,0,"716975,860002","5306656,593",11.901906053,47.876550916,0,2,#fc8d62,car
205436,"9,21E+18",9,7,71,112,2021,10,21,6,3,4,6,2,0,1,0,0,0,0,"647300,393657","5368083,33136",10.99203522,48.448640275,1,2,#fc8d62,car
205439,"9,21E+18",9,2,61,0,2021,10,16,3,2,0,1,0,1,0,0,0,0,0,"733174,918984","5380771,17253",12.158953531,48.536672082,1,1,#66c2a5,bicycle
205440,"9,21E+18",9,1,77,117,2021,10,16,5,3,4,2,0,1,1,0,0,0,0,"714895,840238","5352352,06538",11.897107546,48.287853096,0,1,#66c2a5,bicycle
205441,"9,21E+18",9,1,62,0,2021,10,13,4,3,1,6,0,1,1,0,0,0,0,"691246,252319","5334771,99919",11.570705625,48.137435135,0,1,#66c2a5,bicycle
205443,"9,21E+18",9,1,63,0,2021,10,13,4,3,0,1,0,1,0,0,0,0,0,"730910,019626","5302617,22879",12.085838629,47.835401624,0,1,#66c2a5,bicycle
205444,"9,21E+18",9,1,62,0,2021,10,14,7,3,1,5,0,0,1,0,0,0,0,"684283,533028","5335067,14219",11.477333881,48.142142563,0,2,#fc8d62,car
205445,"9,21E+18",9,7,72,202,2021,10,13,6,3,4,2,0,1,0,0,1,0,0,"636269,800113","5359818,90437",10.840260599,48.376812482,0,1,#66c2a5,bicycle
205446,"9,21E+18",9,1,62,0,2021,10,15,1,3,6,1,0,0,0,1,1,0,0,"679709,796547","5338242,49533",11.417247533,48.171993935,0,3,#8da0cb,toilet
205447,"9,21E+18",9,1,86,143,2021,10,7,2,3,4,6,0,1,0,0,0,0,0,"683991,885748","5377768,40381",11.492062127,48.526034699,0,1,#66c2a5,bicycle
205448,"9,21E+18",9,1,62,0,2021,10,16,5,3,6,4,0,0,0,1,0,0,1,"695900,316107","5338506,28214",11.634916068,48.169581069,0,3,#8da0cb,toilet
205451,"9,21E+18",9,1,62,0,2021,10,5,4,3,5,3,2,0,1,0,0,0,0,"686222,621216","5333334,7431",11.502618217,48.126006506,0,2,#fc8d62,car
205452,"9,21E+18",9,1,77,133,2021,10,6,3,2,9,1,2,0,1,0,0,0,0,"707658,899069","5355362,15251",11.801146985,48.317316911,0,2,#fc8d62,car
205453,"9,21E+18",9,1,84,138,2021,10,11,3,3,0,1,0,1,0,0,0,0,0,"680837,627655","5331027,05416",11.429339919,48.10681544,1,1,#66c2a5,bicycle
205455,"9,21E+18",9,1,62,0,2021,10,10,5,2,1,1,0,0,1,0,1,0,0,"690354,400954","5334402,26038",11.558564688,48.134379332,0,2,#fc8d62,car
205460,"9,21E+18",9,1,62,0,2021,10,23,3,3,0,7,2,0,0,0,0,0,1,"691703,637566","5334650,43641",11.576792584,48.136204923,0,6,#ffd92f,circle
205462,"9,21E+18",9,1,90,135,2021,10,14,7,3,5,3,0,0,1,0,1,0,0,"659784,762917","5294038,69439",11.133005717,47.779882817,0,2,#fc8d62,car
205463,"9,21E+18",9,1,62,0,2021,10,17,1,3,5,3,0,0,1,0,0,0,0,"686650,857087","5328861,33617",11.506410595,48.085672342,0,2,#fc8d62,car
205464,"9,21E+18",9,1,62,0,2021,10,7,5,3,0,5,0,1,1,0,0,0,0,"693982,063038","5332122,26029",11.606234914,48.112792099,0,1,#66c2a5,bicycle
205467,"9,21E+18",9,1,62,0,2021,10,14,4,3,5,7,0,0,1,0,0,0,0,"695086,226772","5333641,40002",11.621748871,48.126108231,0,2,#fc8d62,car
205468,"9,21E+18",9,1,62,0,2021,10,18,4,3,0,7,0,1,0,0,0,0,0,"691391,039438","5336583,73878",11.573464228,48.153675296,0,1,#66c2a5,bicycle
205469,"9,21E+18",9,1,62,0,2021,10,10,3,3,3,6,0,0,1,0,1,0,0,"692151,725366","5341877,94617",11.58607521,48.201028899,0,2,#fc8d62,car
205470,"9,21E+18",9,7,61,0,2021,10,16,6,3,5,3,0,1,1,0,0,0,0,"639282,1536","5361288,21855",10.88140549,48.389366407,0,1,#66c2a5,bicycle
205471,"9,21E+18",9,1,87,117,2021,10,14,7,3,4,7,0,1,0,0,0,0,0,"724329,551374","5305502,26076",11.999520509,47.863652801,0,1,#66c2a5,bicycle
205474,"9,21E+18",9,1,62,0,2021,10,19,4,3,6,4,1,1,0,1,0,0,0,"692122,368087","5337620,87535",11.583755726,48.162776355,0,1,#66c2a5,bicycle
205482,"9,21E+18",9,1,62,0,2021,10,9,5,3,6,4,0,0,1,1,0,0,0,"684418,207244","5333640,6809",11.478525001,48.129281732,0,2,#fc8d62,car
205484,"9,21E+18",9,1,62,0,2021,10,1,1,3,4,2,2,0,1,0,0,0,0,"687516,278055","5336172,97928",11.521235667,48.151137553,0,2,#fc8d62,car
205486,"9,21E+18",9,1,82,125,2021,10,7,2,3,0,1,0,1,0,0,0,0,0,"711846,020515","5296869,43966",11.828597911,47.790311811,0,1,#66c2a5,bicycle
205487,"9,21E+18",9,1,62,0,2021,10,11,3,3,4,7,0,1,1,0,0,0,0,"691522,580981","5334551,79133",11.574317102,48.135372828,1,1,#66c2a5,bicycle
205492,"9,21E+18",9,1,77,117,2021,10,15,5,3,1,6,0,0,1,0,0,0,0,"715172,15615","5352895,99936",11.90110478,48.29264659,0,2,#fc8d62,car
205493,"9,21E+18",9,1,62,0,2021,10,15,4,3,1,5,0,1,1,0,0,0,0,"688995,68147","5328888,6195",11.537877937,48.085226739,0,1,#66c2a5,bicycle
205502,"9,21E+18",9,7,72,163,2021,10,17,4,3,0,7,0,1,1,0,0,0,0,"640483,933763","5348144,84669",10.893248478,48.270918094,0,1,#66c2a5,bicycle
205503,"9,21E+18",9,1,62,0,2021,10,16,2,2,3,1,0,1,0,0,0,0,0,"696684,682831","5337781,44768",11.645119167,48.162824532,0,1,#66c2a5,bicycle
205504,"9,21E+18",9,1,82,120,2021,10,15,3,3,6,4,0,1,0,1,0,0,0,"703050,990528","5306428,18805",11.715786732,47.879052177,0,1,#66c2a5,bicycle
205505,"9,21E+18",9,1,62,0,2021,10,15,7,3,6,4,0,0,1,1,0,0,0,"691764,388345","5334518,29484",11.577548826,48.13499895,0,2,#fc8d62,car
205506,"9,21E+18",9,1,77,130,2021,10,7,6,3,8,6,1,0,1,0,0,0,1,"707465,341213","5348240,79765",11.795042781,48.253387887,0,2,#fc8d62,car
205507,"9,21E+18",9,7,61,0,2021,10,15,4,2,5,3,0,1,0,0,1,0,0,"644153,163165","5358109,9137",10.946073859,48.359694513,0,1,#66c2a5,bicycle
205510,"9,21E+18",9,1,90,157,2021,10,12,2,3,3,5,0,1,1,0,0,0,0,"660348,289045","5301281,32936",11.143201935,47.844862709,0,1,#66c2a5,bicycle
205511,"9,21E+18",9,7,61,0,2021,10,0,7,3,0,1,2,0,0,0,0,0,1,"639978,054511","5358069,47878",10.889728615,48.360270414,0,6,#ffd92f,circle
205515,"9,21E+18",9,1,84,121,2021,10,3,5,3,9,1,2,0,1,0,0,0,0,"706482,409547","5328872,9647",11.772413319,48.07966284,0,2,#fc8d62,car
205516,"9,21E+18",9,7,61,0,2021,10,16,3,3,1,3,0,1,1,0,0,0,0,"642815,914502","5362255,16708",10.929440089,48.397270418,0,1,#66c2a5,bicycle
205518,"9,21E+18",9,7,61,0,2021,10,14,5,3,0,7,0,1,0,1,0,0,0,"639515,52108","5363266,3974",10.885213333,48.407101993,0,1,#66c2a5,bicycle
205522,"9,21E+18",9,1,83,144,2021,10,16,6,2,5,3,0,0,1,0,0,0,0,"745714,970007","5352313,97022",12.311896029,48.276302188,0,2,#fc8d62,car
205524,"9,21E+18",9,1,62,0,2021,10,17,1,3,5,3,0,1,1,0,0,0,0,"693068,686074","5332348,75697",11.594078895,48.115105331,0,1,#66c2a5,bicycle
205525,"9,21E+18",9,1,87,122,2021,10,0,1,3,0,1,2,1,0,0,0,0,0,"719475,543976","5306709,95591",11.935319635,47.87618105,0,1,#66c2a5,bicycle
205530,"9,21E+18",9,1,86,143,2021,10,18,4,3,0,1,0,1,0,0,0,0,0,"685234,158485","5378487,95114",11.50919092,48.532136468,0,1,#66c2a5,bicycle
205531,"9,21E+18",9,7,72,200,2021,10,13,5,3,8,1,0,1,0,0,0,0,0,"630645,602464","5338140,46403",10.757644304,48.183058906,0,1,#66c2a5,bicycle
205533,"9,21E+18",9,1,62,0,2021,10,8,4,3,5,2,0,1,1,0,0,0,0,"691433,897262","5332902,10434",11.572385284,48.120572281,0,1,#66c2a5,bicycle