OBJECTID,UIDENTSTLA,ULAND,UREGBEZ,UKREIS,UGEMEINDE,UJAHR,UMONAT,USTUNDE,UWOCHENTAG,UKATEGORIE,UART,UTYP1,ULICHTVERH,IstRad,IstPKW,IstFuss,IstKrad,IstGkfz,IstSonstig,LINREFX,LINREFY,XGCSWGS84,YGCSWGS84,STRZUSTAN,Teilnehmer,color,symbol
205911,"9,21E+18",9,1,84,112,2021,10,14,4,3,5,3,0,1,1,0,0,0,0,"703039,68159","5339137,15576",11.731132672,48.173010301,0,1,#66c2a5,bicycle
205913,"9,21E+18",9,1,87,122,2021,10,0,1,3,0,7,2,1,0,0,0,0,0,"719482,402348","5306708,49009",11.935410491,47.876165536,0,1,#66c2a5,bicycle
205918,"9,21E+18",9,1,62,0,2021,10,15,4,3,0,1,0,0,1,0,0,0,1,"691766,517759","5334518,30843",11.577577424,48.134998431,0,2,#fc8d62,car
205921,"9,21E+18",9,1,62,0,2021,10,15,7,3,3,6,0,0,1,0,0,0,0,"688454,478312","5339014,48723",11.535096395,48.176400075,0,2,#fc8d62,car
205924,"9,21E+18",9,7,61,0,2021,10,11,4,3,0,1,0,1,0,0,0,0,0,"639107,218796","5356834,09751",10.877570436,48.349354601,1,1,#66c2a5,bicycle
205925,"9,21E+18",9,1,62,0,2021,10,8,5,3,1,1,0,1,1,0,0,0,0,"688563,084363","5336464,15283",11.535425171,48.153445186,1,1,#66c2a5,bicycle
205926,"9,21E+18",9,1,84,136,2021,10,9,2,1,5,3,0,1,1,0,0,0,0,"698623,094451","5327011,94777",11.666143341,48.065433887,0,1,#66c2a5,bicycle
205927,"9,21E+18",9,2,61,0,2021,10,7,5,2,0,1,1,1,0,0,0,0,0,"731619,356753","5379466,9252",12.13718793,48.525532211,1,1,#66c2a5,bicycle
205929,"9,21E+18",9,1,62,0,2021,10,10,7,3,5,3,0,0,1,0,0,0,0,"687740,508419","5336576,88356",11.524425683,48.154701782,0,2,#fc8d62,car
205930,"9,21E+18",9,1,62,0,2021,10,11,2,3,0,7,0,1,0,0,0,0,1,"691348,050652","5338304,98085",11.573661046,48.169158494,0,1,#66c2a5,bicycle
205934,"9,21E+18",9,7,72,147,2021,10,16,3,3,5,3,0,0,1,0,1,0,0,"637987,081","5365757,064",10.865391079,48.429833922,0,2,#fc8d62,car
205939,"9,21E+18",9,1,73,126,2021,10,16,2,3,5,3,0,0,1,0,0,0,0,"686571,005177","5303034,31096",11.49412933,47.853545315,0,2,#fc8d62,car
205940,"9,21E+18",9,1,62,0,2021,10,17,3,3,5,6,0,1,0,0,0,0,0,"694768,707778","5333472,61475",11.617409252,48.12468848,0,1,#66c2a5,bicycle
205942,"9,21E+18",9,1,62,0,2021,10,15,7,3,1,2,0,1,1,0,0,0,0,"691463,237225","5335066,36035",11.57375158,48.140015571,0,1,#66c2a5,bicycle
205944,"9,21E+18",9,1,84,131,2021,10,19,7,3,0,7,2,1,0,0,0,0,0,"705943,809557","5338193,56314",11.769692755,48.163596469,0,1,#66c2a5,bicycle
205947,"9,21E+18",9,1,62,0,2021,10,13,4,3,6,4,0,1,0,1,0,0,0,"684277,117001","5337521,685",11.478310554,48.164207137,0,1,#66c2a5,bicycle
205948,"9,21E+18",9,1,74,143,2021,10,13,4,2,6,7,0,0,1,1,0,0,0,"674410,566466","5353083,84369",11.352142864,48.306882694,0,2,#fc8d62,car
205949,"9,21E+18",9,1,62,0,2021,10,17,7,3,0,7,0,1,0,0,0,0,0,"688275,895129","5330438,18532",11.528905515,48.099367636,0,1,#66c2a5,bicycle
205950,"9,21E+18",9,1,62,0,2021,10,9,6,3,4,2,0,1,1,0,0,0,0,"687715,66739","5337242,20378",11.524385533,48.160689144,1,1,#66c2a5,bicycle
205951,"9,21E+18",9,7,61,0,2021,10,1,1,2,9,1,2,0,1,0,0,0,0,"637678,917572","5357207,73019",10.858425043,48.35302724,0,2,#fc8d62,car
205952,"9,21E+18",9,7,61,0,2021,10,16,1,3,0,7,0,1,0,0,0,0,0,"641153,953111","5358132,78505",10.905615602,48.360577834,0,1,#66c2a5,bicycle
205956,"9,21E+18",9,1,62,0,2021,10,17,2,3,6,4,0,0,1,1,0,0,0,"686201,697773","5335013,14521",11.503070874,48.141098749,0,2,#fc8d62,car
205957,"9,21E+18",9,1,62,0,2021,10,13,4,3,6,4,0,0,0,1,0,0,1,"692207,853786","5334313,2067",11.58341074,48.133021876,0,3,#8da0cb,toilet
205961,"9,21E+18",9,1,74,131,2021,10,20,6,3,5,6,2,0,1,0,0,0,0,"676277,878001","5357506,015",11.379152614,48.34611562,0,2,#fc8d62,car
205963,"9,21E+18",9,2,61,0,2021,10,12,2,3,2,6,0,0,1,0,0,0,0,"731380,372612","5383160,79678",12.136007193,48.558801833,0,2,#fc8d62,car
205969,"9,21E+18",9,1,87,122,2021,10,14,4,3,0,1,0,1,0,0,0,0,0,"720952,050156","5306561,48249",11.9549638,47.874340695,0,1,#66c2a5,bicycle
205975,"9,21E+18",9,1,62,0,2021,10,8,3,3,2,6,0,0,1,0,0,0,0,"688577,853718","5333705,02643",11.534401771,48.128641368,0,2,#fc8d62,car
205984,"9,21E+18",9,1,79,121,2021,11,20,5,3,5,3,2,1,1,0,0,0,0,"665627,910719","5336893,68766",11.227463823,48.163694033,1,1,#66c2a5,bicycle
205986,"9,21E+18",9,1,62,0,2021,11,11,2,3,5,3,0,1,1,0,0,0,0,"687574,00181","5341483,21767",11.524354292,48.198849899,0,1,#66c2a5,bicycle
205987,"9,21E+18",9,1,87,117,2021,11,15,6,3,3,2,0,1,1,0,0,0,0,"724990,387344","5305617,11148",12.008403764,47.864453675,0,1,#66c2a5,bicycle
205988,"9,21E+18",9,1,87,117,2021,11,14,7,3,6,2,0,0,1,1,0,0,0,"725433,614928","5305456,75932",12.014238197,47.862857564,0,2,#fc8d62,car
205991,"9,21E+18",9,1,90,157,2021,11,13,4,3,5,7,0,0,1,0,1,0,0,"662490,833371","5300956,6103",11.171695958,47.841405167,0,2,#fc8d62,car
205992,"9,21E+18",9,1,62,0,2021,11,8,2,3,1,6,0,0,1,0,0,0,0,"693651,885654","5333327,31032",11.602350869,48.123723217,1,2,#fc8d62,car
205994,"9,21E+18",9,1,82,125,2021,11,8,5,3,6,4,0,0,1,1,0,0,0,"712026,3529","5296732,9849",11.830936051,47.789026225,0,2,#fc8d62,car
205995,"9,21E+18",9,1,62,0,2021,11,20,4,3,3,5,2,1,1,0,0,0,0,"687386,088856","5337001,57637",11.519851849,48.158623546,0,1,#66c2a5,bicycle
206002,"9,21E+18",9,1,79,126,2021,11,1,1,2,1,1,2,0,1,0,0,0,0,"676498,866926","5341234,4042",11.375339773,48.199788483,1,2,#fc8d62,car
206004,"9,21E+18",9,1,86,143,2021,11,6,3,3,0,1,1,1,0,0,0,0,0,"685144,776073","5378618,8376",11.508039486,48.533339212,1,1,#66c2a5,bicycle
206005,"9,21E+18",9,1,62,0,2021,11,11,3,3,5,3,0,1,1,0,0,0,0,"688024,357698","5339139,61881",11.529371611,48.177652181,1,1,#66c2a5,bicycle
206007,"9,21E+18",9,1,79,121,2021,11,19,6,3,5,3,2,1,1,0,0,0,0,"665629,347384","5336885,50143",11.227479941,48.163620064,0,1,#66c2a5,bicycle
206008,"9,21E+18",9,1,62,0,2021,11,22,4,3,1,1,2,0,1,0,0,0,0,"692218,411678","5337092,93411",11.584807461,48.158002312,1,2,#fc8d62,car
206010,"9,21E+18",9,1,62,0,2021,11,15,2,3,5,3,0,1,1,0,0,0,0,"690831,009496","5339424,7815",11.567216711,48.179378553,1,1,#66c2a5,bicycle
206012,"9,21E+18",9,1,62,0,2021,11,11,6,3,6,4,0,1,0,1,0,0,0,"683075,616001","5335641,112",11.461358181,48.147650498,0,1,#66c2a5,bicycle
206013,"9,21E+18",9,1,62,0,2021,11,16,7,3,4,2,2,1,1,0,0,0,0,"700450,988587","5334429,94656",11.694134852,48.131528398,1,1,#66c2a5,bicycle
206015,"9,21E+18",9,7,61,0,2021,11,13,4,3,3,1,0,1,1,0,0,0,0,"642939,712879","5362069,20303",10.931048312,48.395570279,0,1,#66c2a5,bicycle
206016,"9,21E+18",9,1,63,0,2021,11,11,6,3,5,3,0,0,1,0,0,0,0,"733986,629406","5306452,52971",12.128965051,47.868746094,0,2,#fc8d62,car
206018,"9,21E+18",9,1,75,132,2021,11,7,3,3,5,3,0,1,1,0,0,0,0,"707585,435823","5331368,46634",11.788418414,48.101730256,0,1,#66c2a5,bicycle
206022,"9,21E+18",9,1,87,150,2021,11,8,6,3,0,2,0,1,1,0,0,0,0,"729307,176799","5303969,75309",12.065166752,47.848126893,0,1,#66c2a5,bicycle
206031,"9,21E+18",9,1,77,119,2021,11,10,6,3,0,1,0,0,0,0,1,0,0,"722345,452002","5339619,20299",11.990719897,48.170881876,0,4,#e78ac3,marker
206032,"9,21E+18",9,1,62,0,2021,11,8,4,2,0,7,0,1,0,0,0,0,0,"696053,79868","5333640,90854",11.634737547,48.125806577,1,1,#66c2a5,bicycle
206033,"9,21E+18",9,7,61,0,2021,11,8,4,3,5,1,1,1,1,0,0,0,0,"641160,739123","5354499,50071",10.904489246,48.327907035,0,1,#66c2a5,bicycle
206034,"9,21E+18",9,1,62,0,2021,11,7,2,3,0,1,0,1,0,0,0,0,0,"693327,543085","5335234,52083",11.598862305,48.140963255,1,1,#66c2a5,bicycle
206036,"9,21E+18",9,1,62,0,2021,11,12,7,3,5,3,0,1,1,0,0,0,0,"687511,510268","5339480,261",11.522629852,48.180865471,0,1,#66c2a5,bicycle
206037,"9,21E+18",9,7,61,0,2021,11,17,7,3,2,1,2,0,1,0,0,0,0,"641458,148195","5359108,79291",10.910048174,48.36928563,1,2,#fc8d62,car
206046,"9,21E+18",9,1,62,0,2021,11,18,7,3,2,6,1,0,1,0,0,0,0,"694151,627807","5341762,69167",11.612909294,48.199384688,1,2,#fc8d62,car
206047,"9,21E+18",9,1,84,136,2021,11,10,7,3,0,7,0,1,0,0,0,0,0,"697671,018043","5327030,81854",11.653386458,48.065899192,0,1,#66c2a5,bicycle
206050,"9,21E+18",9,7,72,157,2021,11,8,5,3,6,7,0,0,1,1,0,0,0,"627313,434274","5335410,35196",10.71201828,48.159183865,0,2,#fc8d62,car
206051,"9,21E+18",9,2,61,0,2021,11,14,5,3,5,3,0,1,1,0,0,0,0,"731793,045179","5379933,86577",12.139796329,48.529662566,0,1,#66c2a5,bicycle
206061,"9,21E+18",9,1,62,0,2021,11,8,2,3,5,3,0,0,1,0,0,0,0,"684160,973683","5338142,62472",11.477018985,48.169822113,0,2,#fc8d62,car
206064,"9,21E+18",9,1,62,0,2021,11,16,1,3,4,2,1,1,1,0,0,0,0,"688482,480153","5334241,63026",11.53335866,48.133492705,0,1,#66c2a5,bicycle
206065,"9,21E+18",9,1,62,0,2021,11,16,2,3,5,3,0,1,1,0,0,0,0,"686477,750394","5339515,87278",11.508751975,48.181489796,0,1,#66c2a5,bicycle
206068,"9,21E+18",9,1,77,117,2021,10,14,1,3,0,1,0,1,0,0,0,0,0,"715045,688887","5354360,37738",11.900147736,48.305847271,1,1,#66c2a5,bicycle
206071,"9,21E+18",9,1,87,122,2021,11,20,2,3,5,3,2,1,0,0,0,0,0,"719408,115841","5306802,62938",11.934466118,47.877036813,0,1,#66c2a5,bicycle
206074,"9,21E+18",9,1,62,0,2021,11,11,3,3,5,2,0,1,1,0,0,0,0,"694433,211064","5333196,69207",11.612779674,48.12231114,0,1,#66c2a5,bicycle
206076,"9,21E+18",9,7,72,184,2021,11,17,5,3,2,6,1,0,1,0,0,0,0,"636097,364135","5364022,48547",10.839295567,48.414647994,0,2,#fc8d62,car
206077,"9,21E+18",9,1,62,0,2021,11,13,4,3,5,2,0,1,1,0,0,0,0,"689082,160895","5333261,76766",11.540975877,48.1245077,0,1,#66c2a5,bicycle
206079,"9,21E+18",9,1,62,0,2021,11,17,2,3,0,7,2,0,0,0,1,0,0,"681669,201828","5337396,0362",11.443216815,48.163828299,1,4,#e78ac3,marker
206080,"9,21E+18",9,1,62,0,2021,11,8,3,3,5,3,0,1,1,0,0,0,0,"695447,215202","5329904,08375",11.624882663,48.092408166,0,1,#66c2a5,bicycle
206083,"9,21E+18",9,7,61,0,2021,10,11,1,3,3,7,0,1,1,0,0,0,0,"642046,71688","5358311,74712",10.917721573,48.361986751,0,1,#66c2a5,bicycle
206086,"9,21E+18",9,1,62,0,2021,11,14,3,3,2,6,0,0,1,0,0,0,0,"695080,818402","5333610,08735",11.621661936,48.125828464,0,2,#fc8d62,car
206087,"9,21E+18",9,1,62,0,2021,11,3,5,3,0,7,2,1,0,0,0,0,0,"685175,98608","5337679,14964",11.490456026,48.165361318,1,1,#66c2a5,bicycle
206089,"9,21E+18",9,7,61,0,2021,11,14,3,3,0,1,0,1,0,0,0,0,0,"637522,926917","5352743,09296",10.854863449,48.312915482,0,1,#66c2a5,bicycle
206094,"9,21E+18",9,1,77,117,2021,11,8,4,3,9,1,1,1,0,0,0,0,0,"714935,071331","5353990,13119",11.89846939,48.30255813,0,1,#66c2a5,bicycle
206097,"9,21E+18",9,1,62,0,2021,11,8,4,3,3,6,0,0,1,0,0,0,0,"687548,070781","5332006,25677",11.519828543,48.113676588,1,2,#fc8d62,car
206098,"9,21E+18",9,1,62,0,2021,11,18,7,3,6,7,2,0,0,1,0,0,1,"690351,251442","5334613,68567",11.558616872,48.136280563,0,3,#8da0cb,toilet
206099,"9,21E+18",9,1,84,120,2021,11,7,2,3,5,3,0,0,1,0,1,0,0,"681717,909447","5332559,63751",11.44180736,48.12034107,0,2,#fc8d62,car
206100,"9,21E+18",9,1,62,0,2021,11,14,3,3,5,3,0,1,0,0,0,0,1,"689016,010656","5336203,9347",11.541393457,48.150971877,0,1,#66c2a5,bicycle
206101,"9,21E+18",9,7,72,147,2021,11,15,5,3,8,1,0,0,0,0,1,0,0,"638425,888532","5366316,99309",10.871504799,48.434772346,0,4,#e78ac3,marker
206102,"9,21E+18",9,1,87,150,2021,11,13,5,2,6,4,0,0,1,1,0,0,0,"729782,072104","5304665,7246",12.071874896,47.854210273,0,2,#fc8d62,car
206103,"9,21E+18",9,1,62,0,2021,11,10,1,3,5,3,0,0,1,0,0,0,0,"691424,46563","5335417,72403",11.573388879,48.143185251,0,2,#fc8d62,car
206105,"9,21E+18",9,7,72,147,2021,11,11,7,3,4,2,0,0,1,0,0,0,0,"636002,537117","5364444,20766",10.838151449,48.41846055,1,2,#fc8d62,car
206107,"9,21E+18",9,7,72,163,2021,10,22,1,3,0,7,2,1,0,0,0,0,0,"639884,404276","5348468,77294",10.885280582,48.273963507,0,1,#66c2a5,bicycle
206110,"9,21E+18",9,1,87,150,2021,11,13,4,3,6,2,0,0,1,1,0,0,0,"729462,050178","5304165,07312",12.067337461,47.849826491,0,2,#fc8d62,car
206111,"9,21E+18",9,2,61,0,2021,11,22,3,3,6,4,2,0,1,1,0,0,0,"731975,793019","5379789,30723",12.142187479,48.528296523,0,2,#fc8d62,car
206114,"9,21E+18",9,1,74,113,2021,11,13,1,2,5,3,0,1,1,0,0,0,0,"678162,171001","5345628,881",11.399550802,48.238825685,0,1,#66c2a5,bicycle
206115,"9,21E+18",9,1,62,0,2021,11,22,2,2,0,7,2,1,0,0,0,0,0,"690259,766174","5334928,29855",11.557528971,48.139135661,0,1,#66c2a5,bicycle
206117,"9,21E+18",9,1,90,149,2021,11,23,6,3,9,1,2,0,1,0,0,0,0,"635558,814808","5298406,95624",10.811154736,47.824719943,1,2,#fc8d62,car
206118,"9,21E+18",9,1,62,0,2021,10,19,7,3,6,1,2,1,0,1,0,0,0,"690074,733932","5339328,09228",11.557009956,48.178736191,0,1,#66c2a5,bicycle
206122,"9,21E+18",9,1,62,0,2021,11,7,1,3,0,7,0,0,0,0,1,0,0,"690392,147195","5335848,21223",11.559717955,48.147364226,1,4,#e78ac3,marker
206123,"9,21E+18",9,1,62,0,2021,11,19,2,3,0,7,2,1,0,0,0,0,0,"690231,178601","5333263,7312",11.556401908,48.124183057,1,1,#66c2a5,bicycle
206124,"9,21E+18",9,1,62,0,2021,11,6,3,3,5,3,1,1,1,0,0,0,0,"689826,705439","5336702,52412",11.552504757,48.155211774,0,1,#66c2a5,bicycle
206128,"9,21E+18",9,7,61,0,2021,11,6,2,3,4,2,1,1,1,0,0,0,0,"638906,196952","5358472,54996",10.875399525,48.364131485,1,1,#66c2a5,bicycle
206129,"9,21E+18",9,1,62,0,2021,11,9,3,3,5,3,0,1,1,0,0,0,0,"687431,409094","5337522,6364",11.520690257,48.16329359,0,1,#66c2a5,bicycle
206130,"9,21E+18",9,1,62,0,2021,11,21,6,3,3,7,2,0,1,0,0,0,0,"690534,73507","5341762,44974",11.564283812,48.200478121,0,2,#fc8d62,car
206132,"9,21E+18",9,1,62,0,2021,10,4,1,3,1,7,2,1,1,0,0,0,0,"689307,118093","5334402,23461",11.544502523,48.134691482,0,1,#66c2a5,bicycle
206141,"9,21E+18",9,1,62,0,2021,11,7,6,3,4,6,0,0,1,0,0,0,0,"688257,949226","5330481,51468",11.528683822,48.099762394,0,2,#fc8d62,car
206146,"9,21E+18",9,1,62,0,2021,11,13,3,3,6,4,0,0,1,1,0,0,0,"691512,087096","5334262,68045",11.574046233,48.132777491,0,2,#fc8d62,car
206147,"9,21E+18",9,1,62,0,2021,11,8,4,3,5,2,0,1,1,0,0,0,0,"696736,356828","5333456,49437",11.643815116,48.12393861,1,1,#66c2a5,bicycle
206149,"9,21E+18",9,1,62,0,2021,11,6,2,3,5,3,1,0,1,0,0,0,1,"692671,863032","5339413,50786",11.591950115,48.178721727,0,2,#fc8d62,car
206150,"9,21E+18",9,7,72,147,2021,11,14,5,3,5,3,0,0,1,0,0,0,0,"639003,50171","5364679,95588",10.878766883,48.419925405,1,2,#fc8d62,car
206151,"9,21E+18",9,7,61,0,2021,11,11,6,2,6,4,0,0,1,1,0,0,0,"639258,386037","5360166,26287",10.880712782,48.379283334,0,2,#fc8d62,car
206152,"9,21E+18",9,1,78,143,2021,11,20,6,3,1,1,2,0,1,0,0,0,0,"716482,396516","5372115,11977",11.928643122,48.464881062,0,2,#fc8d62,car
206157,"9,21E+18",9,2,74,126,2021,11,15,4,3,5,3,0,0,1,0,0,0,0,"732528,30439","5384407,4225",12.152237686,48.569575304,1,2,#fc8d62,car
206159,"9,21E+18",9,1,84,136,2021,11,11,5,3,0,7,0,1,0,0,0,0,0,"698341,189786","5325566,56358",11.661693378,48.052531386,0,1,#66c2a5,bicycle
206162,"9,21E+18",9,1,62,0,2021,11,8,5,3,3,2,0,0,1,0,0,0,1,"690232,873692","5336231,80929",11.557750253,48.150859638,1,2,#fc8d62,car
206164,"9,21E+18",9,1,90,157,2021,11,14,3,3,0,1,0,1,0,0,0,0,0,"660839,583045","5300833,90641",11.14959748,47.84071715,0,1,#66c2a5,bicycle
206165,"9,21E+18",9,1,73,126,2021,11,8,4,3,2,6,0,1,1,0,0,0,0,"685068,161448","5303408,64052",11.474218544,47.857344694,0,1,#66c2a5,bicycle
206169,"9,21E+18",9,7,62,0,2021,11,10,4,3,4,6,0,1,0,0,0,0,0,"621502,600983","5304656,56079",10.625192854,47.883736457,0,1,#66c2a5,bicycle
206170,"9,21E+18",9,7,72,170,2021,11,14,6,3,1,3,0,1,1,0,0,0,0,"630654,209","5336255,588",10.757180609,48.166107059,0,1,#66c2a5,bicycle
206171,"9,21E+18",9,1,78,143,2021,11,6,6,2,3,6,1,1,0,0,1,0,0,"716984,542759","5373138,78148",11.93595801,48.473905308,1,1,#66c2a5,bicycle
206172,"9,21E+18",9,1,62,0,2021,11,13,4,3,2,6,0,1,1,0,0,0,0,"690326,297948","5335763,8399",11.558795844,48.146625595,0,1,#66c2a5,bicycle
206173,"9,21E+18",9,1,62,0,2021,11,14,2,3,5,2,0,1,0,0,0,0,1,"698181,766001","5333906,081",11.663426412,48.127530882,1,1,#66c2a5,bicycle
206175,"9,21E+18",9,1,77,116,2021,11,18,7,3,2,7,2,0,1,0,0,0,0,"712747,927607","5363321,59017",11.873727267,48.387143575,1,2,#fc8d62,car
206176,"9,21E+18",9,1,62,0,2021,11,15,7,3,2,6,0,0,1,0,0,0,0,"686049,462138","5340275,79933",11.503328568,48.188445799,1,2,#fc8d62,car
206177,"9,21E+18",9,1,62,0,2021,10,10,1,2,5,6,0,1,1,0,0,0,0,"686466,771276","5339666,38379",11.508670467,48.182845851,0,1,#66c2a5,bicycle
206182,"9,21E+18",9,1,62,0,2021,11,10,5,3,5,3,0,1,1,0,0,0,0,"686439,531924","5333896,0632",11.505775936,48.130988371,0,1,#66c2a5,bicycle
206183,"9,21E+18",9,1,90,148,2021,11,6,5,3,6,7,2,0,1,1,0,0,0,"642115,886285","5298095,48422",10.898610769,47.820503787,0,2,#fc8d62,car
206185,"9,21E+18",9,1,62,0,2021,11,8,2,3,1,6,0,0,1,0,0,1,0,"688592,06264","5334970,71351",11.535152843,48.140013357,0,2,#fc8d62,car
206187,"9,21E+18",9,1,77,117,2021,11,21,7,2,5,2,2,0,1,0,0,0,0,"715087,425619","5352931,07015",11.899981762,48.292990505,1,2,#fc8d62,car
206191,"9,21E+18",9,1,62,0,2021,11,11,2,3,5,4,0,0,1,1,0,0,0,"696550,897824","5338341,1926",11.643580623,48.167896522,0,2,#fc8d62,car
206193,"9,21E+18",9,1,62,0,2021,11,14,4,3,3,6,0,1,1,0,0,0,0,"690159,2995","5335314,27405",11.55635221,48.142634841,0,1,#66c2a5,bicycle
206198,"9,21E+18",9,1,62,0,2021,11,17,5,3,5,3,2,0,1,0,1,0,0,"689112,527001","5333363,882",11.541428842,48.125416498,1,2,#fc8d62,car
206200,"9,21E+18",9,1,62,0,2021,11,8,3,3,5,2,0,1,1,0,0,0,0,"687916,239675","5336250,53543",11.526642144,48.151716603,0,1,#66c2a5,bicycle
206201,"9,21E+18",9,1,84,147,2021,11,17,7,3,5,3,1,0,1,0,1,0,0,"695833,676238","5340144,78633",11.634775658,48.184327476,0,2,#fc8d62,car
206202,"9,21E+18",9,1,62,0,2021,11,6,7,3,0,1,2,1,0,0,0,0,0,"691225,59179","5334399,46723",11.570260969,48.134093061,1,1,#66c2a5,bicycle
206203,"9,21E+18",9,1,62,0,2021,11,13,2,3,5,3,0,1,1,0,0,0,0,"686185,397979","5337938,47016",11.504131855,48.167397352,1,1,#66c2a5,bicycle
206204,"9,21E+18",9,1,84,138,2021,11,9,6,3,0,1,0,1,0,0,0,0,0,"682505,180001","5331809,432",11.452055077,48.113372488,0,1,#66c2a5,bicycle
206205,"9,21E+18",9,7,72,125,2021,11,12,5,3,6,2,0,0,1,1,0,0,0,"636647,417883","5348643,93468",10.841734679,48.276245367,0,2,#fc8d62,car
206207,"9,21E+18",9,1,62,0,2021,11,17,5,3,1,7,1,0,1,0,0,0,0,"688377,519898","5328371,3443",11.529357426,48.080760285,0,2,#fc8d62,car
206209,"9,21E+18",9,1,63,0,2021,11,8,3,3,1,6,0,1,1,0,0,0,0,"734280,851997","5303253,12391",12.131160829,47.839895537,0,1,#66c2a5,bicycle
206210,"9,21E+18",9,7,61,0,2021,11,18,3,3,1,1,2,0,1,0,0,0,0,"640490,308944","5354175,74111",10.895341295,48.325145247,0,2,#fc8d62,car
206211,"9,21E+18",9,1,62,0,2021,11,18,6,3,6,2,2,0,1,1,0,0,0,"679576,777913","5335401,36235",11.414260698,48.14649277,0,2,#fc8d62,car
206214,"9,21E+18",9,7,71,113,2021,11,17,4,3,5,3,2,0,1,0,0,1,0,"657277,342","5368999,248",11.127210092,48.454460769,0,2,#fc8d62,car
206215,"9,21E+18",9,1,88,139,2021,11,20,6,2,9,1,2,0,1,0,0,0,0,"674391,896333","5319639,20432",11.338183172,48.006240719,1,2,#fc8d62,car
206217,"9,21E+18",9,1,62,0,2021,11,10,2,3,0,1,0,1,0,0,0,0,0,"701363,60512","5332306,54557",11.705383662,48.112157442,1,1,#66c2a5,bicycle
206218,"9,21E+18",9,1,62,0,2021,11,2,3,3,8,1,2,0,1,0,0,0,0,"684249,289236","5330819,33812",11.475037938,48.103970741,1,2,#fc8d62,car
206220,"9,21E+18",9,1,75,115,2021,11,17,5,3,3,2,2,1,1,0,0,0,0,"720787,819357","5328863,61511",11.964227607,48.074786728,0,1,#66c2a5,bicycle
206221,"9,21E+18",9,2,61,0,2021,11,6,2,3,4,2,2,0,1,0,0,0,0,"732730,563442","5381825,26818",12.153531815,48.54630563,1,2,#fc8d62,car
206225,"9,21E+18",9,1,84,145,2021,10,11,7,3,0,1,0,1,0,0,0,0,0,"693666,24635","5325542,51056",11.599013513,48.053750876,1,1,#66c2a5,bicycle
206226,"9,21E+18",9,1,62,0,2021,11,11,2,3,9,1,0,0,1,0,0,0,0,"688636,278517","5331496,55033",11.534209113,48.108773862,1,2,#fc8d62,car
206228,"9,21E+18",9,1,62,0,2021,11,17,6,3,3,2,2,1,1,0,0,0,0,"690768,937191","5339999,35005",11.56664049,48.184561335,0,1,#66c2a5,bicycle
206229,"9,21E+18",9,7,61,0,2021,11,19,7,3,0,2,2,1,0,0,0,0,0,"639180,625916","5356139,5187",10.87833109,48.343092913,1,1,#66c2a5,bicycle
206231,"9,21E+18",9,1,90,141,2021,11,15,6,3,0,1,0,0,0,0,1,0,0,"678005,010765","5293543,10371",11.375824171,47.77065175,0,4,#e78ac3,marker
206233,"9,21E+18",9,1,84,148,2021,11,22,3,3,0,1,2,1,0,0,0,0,0,"695114,876103","5326920,16845",11.619061647,48.065691612,0,1,#66c2a5,bicycle
206235,"9,21E+18",9,1,62,0,2021,11,18,4,3,2,6,2,0,1,0,0,0,0,"698894,813665","5333529,55018",11.672822782,48.123924547,0,2,#fc8d62,car
206244,"9,21E+18",9,1,84,136,2021,11,6,3,3,5,3,0,1,0,0,0,0,1,"698359,573528","5326754,10014",11.66249043,48.063198506,0,1,#66c2a5,bicycle
206245,"9,21E+18",9,1,62,0,2021,11,18,7,3,6,2,2,0,1,1,0,0,0,"694641,607604","5340962,69279",11.619129613,48.192044722,0,2,#fc8d62,car
206247,"9,21E+18",9,1,78,124,2021,11,12,6,3,5,6,0,1,1,0,0,0,1,"703788,322477","5362261,69529",11.752338441,48.380577119,0,1,#66c2a5,bicycle
206250,"9,21E+18",9,1,62,0,2021,11,17,7,3,6,7,2,0,1,1,0,0,0,"686747,293769","5329833,50531",11.508129427,48.094382361,1,2,#fc8d62,car
206252,"9,21E+18",9,1,73,126,2021,11,17,3,3,4,2,1,0,1,0,0,0,0,"685617,431879","5303608,29164",11.481640448,47.858980925,1,2,#fc8d62,car
206255,"9,21E+18",9,1,63,0,2021,11,15,5,3,7,7,0,1,0,0,0,0,1,"732311,332339","5304598,26673",12.105600378,47.852695069,0,1,#66c2a5,bicycle
206256,"9,21E+18",9,1,62,0,2021,11,19,5,3,5,3,2,0,1,0,0,0,0,"694049,107299","5330819,83491",11.60654236,48.101065873,0,2,#fc8d62,car
206258,"9,21E+18",9,7,61,0,2021,11,12,2,3,1,1,0,0,1,0,0,0,0,"639536,696553","5358140,40883",10.883797082,48.361005901,1,2,#fc8d62,car
206261,"9,21E+18",9,1,62,0,2021,11,7,6,3,1,7,0,0,1,0,0,0,0,"686756,915427","5331271,17632",11.508887625,48.107301897,0,2,#fc8d62,car
206262,"9,21E+18",9,1,86,143,2021,11,17,2,3,5,3,2,0,1,0,0,0,1,"685230,714312","5379716,855",11.509690549,48.543182508,1,2,#fc8d62,car