OBJECTID,UIDENTSTLA,ULAND,UREGBEZ,UKREIS,UGEMEINDE,UJAHR,UMONAT,USTUNDE,UWOCHENTAG,UKATEGORIE,UART,UTYP1,ULICHTVERH,IstRad,IstPKW,IstFuss,IstKrad,IstGkfz,IstSonstig,LINREFX,LINREFY,XGCSWGS84,YGCSWGS84,STRZUSTAN,Teilnehmer,color,symbol
206263,"9,21E+18",9,1,62,0,2021,11,7,4,3,6,4,0,1,0,1,0,0,0,"692268,271382","5337272,04887",11.585558173,48.159597081,0,1,#66c2a5,bicycle
206265,"9,21E+18",9,1,81,130,2021,11,14,4,3,5,3,0,0,1,0,0,0,1,"639120,122982","5324705,05761",10.86721045,48.060445679,0,2,#fc8d62,car
206268,"9,21E+18",9,1,62,0,2021,11,14,4,3,5,3,0,0,1,0,0,0,0,"692947,540001","5332331,273",11.592444989,48.114984904,0,2,#fc8d62,car
206270,"9,21E+18",9,1,84,119,2021,11,8,2,3,5,2,0,0,1,0,0,0,0,"697494,340249","5348855,669",11.661151333,48.262099317,0,2,#fc8d62,car
206277,"9,21E+18",9,1,62,0,2021,11,19,1,2,6,4,2,0,1,1,0,0,0,"685945,754261","5334321,04789",11.499331529,48.134952752,0,2,#fc8d62,car
206279,"9,21E+18",9,1,62,0,2021,11,16,3,3,1,6,1,0,1,0,1,0,0,"691430,703765","5337713,50568",11.574505334,48.163817529,0,2,#fc8d62,car
206280,"9,21E+18",9,7,61,0,2021,11,13,6,3,5,3,0,1,1,0,0,0,0,"641231,174134","5358010,73373",10.906616537,48.359463123,0,1,#66c2a5,bicycle
206281,"9,21E+18",9,1,84,127,2021,11,17,5,3,6,7,2,0,1,1,0,0,0,"702024,776822","5321507,45276",11.709155199,48.014896636,0,2,#fc8d62,car
206283,"9,21E+18",9,1,78,145,2021,11,15,3,3,5,3,0,0,1,0,0,0,0,"696359,5785","5354334,7099",11.648424359,48.311692818,0,2,#fc8d62,car
206287,"9,21E+18",9,1,62,0,2021,11,4,1,3,1,6,2,0,1,0,0,0,0,"690542,801195","5335256,72217",11.561476614,48.142002831,0,2,#fc8d62,car
206288,"9,21E+18",9,1,62,0,2021,11,16,1,3,5,3,1,0,1,0,0,0,0,"682778,662576","5334798,40999",11.457007855,48.140161116,0,2,#fc8d62,car
206290,"9,21E+18",9,1,62,0,2021,11,9,3,3,5,3,0,1,1,0,0,0,0,"691670,086873","5334357,25091",11.576210172,48.133579916,0,1,#66c2a5,bicycle
206291,"9,21E+18",9,1,62,0,2021,11,20,4,3,5,2,2,1,1,0,0,0,0,"688288,833924","5330501,17841",11.529106921,48.099930011,0,1,#66c2a5,bicycle
206294,"9,21E+18",9,1,62,0,2021,11,15,5,3,6,4,0,0,1,1,0,0,0,"690693,568455","5331002,23313",11.561598087,48.103718378,0,2,#fc8d62,car
206295,"9,21E+18",9,1,62,0,2021,11,15,4,3,5,2,0,1,1,0,0,0,0,"692206,744251","5334304,45857",11.583391896,48.132943584,0,1,#66c2a5,bicycle
206299,"9,21E+18",9,2,61,0,2021,11,12,1,3,8,7,0,0,1,0,0,0,0,"732915,544073","5380764,61888",12.155441524,48.536709519,0,2,#fc8d62,car
206303,"9,21E+18",9,1,62,0,2021,11,14,3,3,1,6,0,0,1,0,0,0,0,"693830,580001","5334649,296",11.605350963,48.135550415,1,2,#fc8d62,car
206306,"9,21E+18",9,1,81,130,2021,11,16,2,3,4,2,1,0,1,0,0,0,0,"639015,90295","5324960,73686",10.865895536,48.062767545,1,2,#fc8d62,car
206310,"9,21E+18",9,7,61,0,2021,10,12,1,3,0,1,0,1,0,0,0,0,0,"640596,924938","5358861,72851",10.89834351,48.367256548,0,1,#66c2a5,bicycle
206313,"9,21E+18",9,1,90,140,2021,11,13,3,3,5,3,0,0,1,0,0,0,0,"645102,854509","5297856,00256",10.938411902,47.817683542,0,2,#fc8d62,car
206316,"9,21E+18",9,1,62,0,2021,11,14,7,3,6,4,0,1,0,1,0,0,0,"691306,261616","5329821,50302",11.569290689,48.092922326,0,1,#66c2a5,bicycle
206317,"9,21E+18",9,1,62,0,2021,11,19,2,3,3,2,2,1,1,0,0,0,0,"692297,221443","5337526,38759",11.586062041,48.161874262,0,1,#66c2a5,bicycle
206320,"9,21E+18",9,1,62,0,2021,10,15,7,3,1,7,0,1,1,0,0,0,0,"698487,509334","5329236,60461",11.66535856,48.085469801,0,1,#66c2a5,bicycle
206323,"9,21E+18",9,1,75,115,2021,11,10,2,3,1,6,0,0,1,0,0,0,0,"721130,417226","5329678,02429",11.969242223,48.081985484,0,2,#fc8d62,car
206326,"9,21E+18",9,1,62,0,2021,11,19,3,3,4,6,2,1,0,0,0,0,0,"693106,631661","5335301,10622",11.595925995,48.141628788,0,1,#66c2a5,bicycle
206327,"9,21E+18",9,1,62,0,2021,11,12,6,3,6,4,0,0,0,1,1,0,0,"691738,361951","5332743,19592",11.576400766,48.119052419,0,3,#8da0cb,toilet
206330,"9,21E+18",9,1,87,117,2021,11,15,5,3,5,2,0,0,1,0,0,0,0,"724415,072031","5305868,90161",12.000852699,47.866917222,0,2,#fc8d62,car
206332,"9,21E+18",9,7,72,163,2021,11,16,2,3,5,3,1,1,1,0,0,0,0,"640503,86711","5349526,38459",10.893976225,48.283336227,0,1,#66c2a5,bicycle
206333,"9,21E+18",9,1,62,0,2021,11,20,3,3,8,1,2,0,1,0,0,0,0,"690241,889259","5342471,92919",11.560664702,48.20694264,1,2,#fc8d62,car
206341,"9,21E+18",9,1,62,0,2021,11,13,1,3,5,2,0,1,1,0,0,0,0,"682056,699185","5338484,36007",11.448889195,48.173500065,0,1,#66c2a5,bicycle
206342,"9,21E+18",9,1,62,0,2021,11,8,2,3,1,5,0,1,1,0,0,0,0,"690669,375857","5336566,11562",11.563762864,48.153733661,1,1,#66c2a5,bicycle
206352,"9,21E+18",9,1,88,117,2021,11,16,4,3,6,4,0,0,1,1,0,0,0,"663024,695965","5315335,72719",11.184260711,47.97054986,0,2,#fc8d62,car
206354,"9,21E+18",9,1,84,149,2021,11,23,1,3,9,1,2,0,1,0,0,0,0,"691244,242218","5349996,03976",11.577539573,48.274265964,0,2,#fc8d62,car
206356,"9,21E+18",9,1,63,0,2021,11,13,6,3,8,7,0,1,0,0,0,0,0,"731505,52638","5304141,52891",12.094600053,47.848882327,0,1,#66c2a5,bicycle
206361,"9,21E+18",9,1,79,123,2021,11,8,3,3,5,3,0,1,1,0,0,0,0,"676186,44914","5334188,49833",11.368219508,48.136538062,1,1,#66c2a5,bicycle
206362,"9,21E+18",9,7,61,0,2021,11,9,3,3,1,6,0,0,1,0,1,0,0,"641862,643569","5360422,55018",10.915950052,48.381007572,1,2,#fc8d62,car
206363,"9,21E+18",9,1,62,0,2021,11,8,4,3,2,6,0,0,1,0,0,0,0,"699399,71572","5334561,45217",11.680082976,48.133040459,0,2,#fc8d62,car
206365,"9,21E+18",9,1,62,0,2021,11,14,2,3,0,1,0,1,1,0,0,0,0,"686162,721051","5334856,07753",11.502478777,48.139698372,0,1,#66c2a5,bicycle
206366,"9,21E+18",9,1,62,0,2021,11,8,5,3,3,2,0,1,0,0,0,1,0,"692075,016698","5333328,29727",11.581183278,48.124209767,1,1,#66c2a5,bicycle
206372,"9,21E+18",9,1,74,115,2021,11,16,2,3,6,4,1,0,1,1,0,0,0,"681566,673342","5347820,67665",11.446300829,48.257561144,0,2,#fc8d62,car
206373,"9,21E+18",9,1,88,139,2021,11,10,3,3,6,7,0,0,1,1,0,0,0,"674839,811802","5318797,87137",11.343840629,47.998555082,0,2,#fc8d62,car
206375,"9,21E+18",9,1,62,0,2021,11,14,6,3,2,6,0,0,1,0,1,0,0,"690718,554229","5334141,88353",11.56333766,48.131930053,0,2,#fc8d62,car
206376,"9,21E+18",9,1,62,0,2021,11,19,5,3,5,2,1,1,1,0,0,0,0,"689738,108132","5333338,72409",11.549816028,48.125004237,0,1,#66c2a5,bicycle
206377,"9,21E+18",9,1,86,143,2021,11,12,5,3,0,7,0,0,1,0,0,0,0,"683973,028056","5378051,09747",11.491931694,48.528581031,0,2,#fc8d62,car
206378,"9,21E+18",9,1,62,0,2021,11,13,2,3,0,1,0,0,0,0,0,0,1,"689896,348759","5333244,8773",11.551898565,48.124113556,1,6,#ffd92f,circle
206379,"9,21E+18",9,1,63,0,2021,11,14,3,2,5,3,0,1,1,0,0,0,0,"733694,454198","5304484,05074",12.124000301,47.851167599,0,1,#66c2a5,bicycle
206380,"9,21E+18",9,1,62,0,2021,11,17,6,3,1,3,2,1,1,0,0,0,0,"685604,876673","5339247,74252",11.496903379,48.179335332,0,1,#66c2a5,bicycle
206381,"9,21E+18",9,7,61,0,2021,11,14,7,3,6,2,0,0,1,1,0,0,0,"639281,339278","5361186,30939",10.881360707,48.388450249,1,2,#fc8d62,car
206385,"9,21E+18",9,1,63,0,2021,11,13,3,3,0,7,0,1,0,0,0,0,0,"734236,236688","5305903,9948",12.132000557,47.863727132,0,1,#66c2a5,bicycle
206386,"9,21E+18",9,1,62,0,2021,11,20,3,3,5,3,2,0,1,0,0,0,0,"687441,823092","5336062,75684",11.520187054,48.150168794,0,2,#fc8d62,car
206387,"9,21E+18",9,7,71,142,2021,11,16,4,2,9,1,2,0,1,0,0,0,0,"646868,688993","5350931,10454",10.980209659,48.294521939,0,2,#fc8d62,car
206389,"9,21E+18",9,1,62,0,2021,11,7,2,3,5,2,0,1,1,0,0,0,0,"690191,080001","5333719,213",11.556066859,48.12828892,1,1,#66c2a5,bicycle
206391,"9,21E+18",9,1,62,0,2021,11,22,6,2,3,1,2,0,1,0,0,0,1,"692256,868655","5340952,69353",11.587069806,48.192681184,0,2,#fc8d62,car
206392,"9,21E+18",9,1,88,121,2021,10,13,1,3,8,5,0,1,1,0,0,0,0,"672791,848889","5330825,79608",11.321266991,48.107239548,1,1,#66c2a5,bicycle
206394,"9,21E+18",9,1,62,0,2021,11,8,3,3,5,2,0,1,1,0,0,0,0,"693187,424143","5330931,87804",11.595030954,48.102334734,1,1,#66c2a5,bicycle
206398,"9,21E+18",9,1,62,0,2021,11,19,7,3,1,5,2,1,1,0,0,0,0,"690267,253011","5334929,2341",11.557629925,48.139141831,0,1,#66c2a5,bicycle
206399,"9,21E+18",9,1,84,148,2021,11,10,5,3,5,3,0,0,1,0,0,0,0,"694806,236743","5326524,80064",11.614743103,48.062232482,1,2,#fc8d62,car
206404,"9,21E+18",9,1,63,0,2021,11,16,1,2,6,6,0,1,0,1,0,0,0,"734210,478002","5302236,40599",12.129671868,47.830786971,0,1,#66c2a5,bicycle
206405,"9,21E+18",9,7,61,0,2021,11,15,7,3,6,4,0,0,1,1,0,0,0,"642071,917753","5357521,60338",10.917794822,48.354876442,0,2,#fc8d62,car
206406,"9,21E+18",9,1,88,139,2021,11,13,3,3,5,7,0,0,1,0,0,0,0,"672960,117923","5319556,06962",11.318969241,48.005882356,0,2,#fc8d62,car
206408,"9,21E+18",9,1,62,0,2021,11,17,2,3,6,4,0,0,1,1,0,0,0,"691448,648766","5333031,2474",11.572641293,48.121728573,0,2,#fc8d62,car
206409,"9,21E+18",9,7,61,0,2021,11,11,3,3,0,1,0,1,0,0,0,0,0,"641525,664","5358026,249",10.910595064,48.359536687,1,1,#66c2a5,bicycle
206412,"9,21E+18",9,1,62,0,2021,11,11,5,3,3,7,0,0,0,0,0,0,1,"690152,765581","5334935,51517",11.556095344,48.139232508,0,6,#ffd92f,circle
206414,"9,21E+18",9,1,62,0,2021,11,18,5,3,2,6,2,0,1,0,0,0,0,"690951,758776","5340324,06489",11.569243596,48.187424897,0,2,#fc8d62,car
206417,"9,21E+18",9,7,61,0,2021,11,17,2,3,5,3,1,0,1,0,0,0,0,"641418,970484","5359278,64753",10.909576601,48.370821675,0,2,#fc8d62,car
206418,"9,21E+18",9,1,62,0,2021,11,10,2,3,0,1,0,0,0,0,0,0,1,"691473,975001","5333266,654",11.573087002,48.123836771,1,6,#ffd92f,circle
206419,"9,21E+18",9,1,62,0,2021,11,18,3,3,1,7,2,1,1,0,0,0,0,"691933,928915","5332413,75594",11.578877567,48.116032536,1,1,#66c2a5,bicycle
206420,"9,21E+18",9,1,62,0,2021,11,15,6,3,0,4,0,0,0,1,0,0,1,"696993,994178","5330900,42759",11.646093003,48.10088655,0,3,#8da0cb,toilet
206422,"9,21E+18",9,1,79,118,2021,11,7,5,2,0,7,0,1,0,0,0,0,0,"672986,027713","5338686,51263",11.327066807,48.177851101,1,1,#66c2a5,bicycle
206423,"9,21E+18",9,1,62,0,2021,11,15,5,3,5,2,0,1,1,0,0,0,0,"686496,729216","5334851,64831",11.506962264,48.139560752,0,1,#66c2a5,bicycle
206424,"9,21E+18",9,1,77,143,2021,11,15,3,3,4,6,0,0,1,0,0,0,0,"721281,628264","5366196,84017",11.990352521,48.410040412,0,2,#fc8d62,car
206426,"9,21E+18",9,1,62,0,2021,11,21,6,3,2,1,2,0,1,0,0,0,0,"692180,170309","5336956,07814",11.584231948,48.15678384,0,2,#fc8d62,car
206427,"9,21E+18",9,1,62,0,2021,11,12,7,3,1,4,0,0,1,1,0,0,0,"690953,975001","5334301,382",11.566570009,48.13329303,1,2,#fc8d62,car
206429,"9,21E+18",9,1,74,131,2021,11,10,5,3,1,6,0,0,1,0,0,0,1,"675626,955148","5357749,20499",11.370476629,48.348482942,0,2,#fc8d62,car
206430,"9,21E+18",9,1,79,126,2021,11,11,6,3,0,7,0,1,1,0,0,0,0,"676291,36404","5340539,7595",11.372261221,48.19360186,0,1,#66c2a5,bicycle
206431,"9,21E+18",9,1,62,0,2021,11,15,4,3,6,4,0,0,0,1,1,0,0,"690278,866293","5334429,29888",11.557562548,48.134644942,0,3,#8da0cb,toilet
206433,"9,21E+18",9,1,62,0,2021,11,23,3,3,0,7,2,1,0,0,0,0,0,"691152,149648","5336253,21601",11.570106997,48.150776439,1,1,#66c2a5,bicycle
206434,"9,21E+18",9,7,61,0,2021,11,18,4,3,5,3,2,1,1,0,0,0,0,"639726,646624","5358801,76527",10.886579713,48.36691063,1,1,#66c2a5,bicycle
206438,"9,21E+18",9,1,62,0,2021,11,8,6,3,0,7,0,0,1,0,0,0,1,"692916,721445","5337837,16928",11.594525341,48.164479811,1,2,#fc8d62,car
206440,"9,21E+18",9,1,62,0,2021,11,10,1,3,0,3,0,0,1,0,0,0,0,"690461,457282","5338128,43031",11.561669544,48.167837942,0,2,#fc8d62,car
206441,"9,21E+18",9,1,62,0,2021,11,16,3,3,2,6,1,0,1,0,0,0,0,"687897,421169","5330282,7643",11.523758587,48.098082383,0,2,#fc8d62,car
206442,"9,21E+18",9,1,62,0,2021,11,2,1,3,5,3,2,0,1,0,0,0,0,"692241,69039","5333595,29722",11.583541172,48.126559212,0,2,#fc8d62,car
206445,"9,21E+18",9,1,62,0,2021,11,18,4,3,5,3,2,0,1,0,0,0,0,"689938,99501","5336607,00273",11.553970468,48.154319701,0,2,#fc8d62,car
206447,"9,21E+18",9,1,62,0,2021,11,5,5,3,5,3,2,0,1,0,1,0,0,"690500,189565","5330601,96218",11.558824433,48.100178577,0,2,#fc8d62,car
206448,"9,21E+18",9,1,84,132,2021,11,19,4,3,8,1,2,1,0,0,0,0,0,"683539,335676","5329924,78964",11.465125552,48.096134848,1,1,#66c2a5,bicycle
206449,"9,21E+18",9,1,84,122,2021,11,14,2,3,5,3,0,1,1,0,0,0,0,"688321,032797","5324817,34575",11.527034617,48.048832499,1,1,#66c2a5,bicycle
206450,"9,21E+18",9,2,61,0,2021,11,7,4,3,0,1,0,1,0,0,0,0,0,"733904,436229","5381003,3825",12.16895131,48.53848648,0,1,#66c2a5,bicycle
206451,"9,21E+18",9,1,62,0,2021,11,19,7,3,3,7,2,0,1,0,0,0,0,"694593,974368","5336078,06779",11.616253851,48.148158647,0,2,#fc8d62,car
206453,"9,21E+18",9,1,62,0,2021,11,17,2,3,0,1,2,1,0,0,0,0,0,"690657,958165","5333428,31202",11.562204818,48.125534643,1,1,#66c2a5,bicycle
206454,"9,21E+18",9,1,62,0,2021,11,9,6,3,1,6,0,0,1,0,0,0,0,"682502,021001","5337676,843",11.454527021,48.166113851,0,2,#fc8d62,car
206455,"9,21E+18",9,1,78,124,2021,11,18,4,3,5,2,2,0,1,0,1,0,0,"703839,47435","5364960,79",11.7543382,48.404815115,1,2,#fc8d62,car
206457,"9,21E+18",9,1,73,147,2021,11,16,5,3,4,2,0,0,1,0,1,0,0,"681302,814788","5308722,45722",11.426156542,47.90618563,0,2,#fc8d62,car
206458,"9,21E+18",9,1,63,0,2021,11,9,2,2,9,1,0,0,1,0,0,0,0,"733995,144002","5306920,70899",12.129332193,47.872949096,1,2,#fc8d62,car
206460,"9,21E+18",9,1,79,123,2021,11,11,7,3,0,1,0,1,0,0,0,0,0,"675434,561512","5334373,74162",11.358198168,48.138411009,0,1,#66c2a5,bicycle
206461,"9,21E+18",9,2,61,0,2021,11,15,7,3,2,6,0,0,1,0,0,0,0,"731750,741212","5381716,67921",12.140215499,48.545692877,1,2,#fc8d62,car
206463,"9,21E+18",9,1,62,0,2021,11,10,4,3,5,3,0,0,1,0,0,0,1,"691651,310849","5338422,38997",11.577788582,48.170122384,0,2,#fc8d62,car
206464,"9,21E+18",9,1,79,123,2021,11,8,6,3,3,3,0,0,1,0,0,0,0,"676184,905834","5334690,48091",11.368406442,48.141050948,0,2,#fc8d62,car
206467,"9,21E+18",9,7,72,184,2021,11,21,5,3,0,1,2,1,0,0,0,0,0,"633402,098088","5359441,80538",10.801434067,48.374034377,1,1,#66c2a5,bicycle
206468,"9,21E+18",9,1,84,119,2021,11,11,4,2,1,5,0,1,1,0,0,0,0,"697126,267883","5347907,89363",11.655755747,48.253696182,0,1,#66c2a5,bicycle
206474,"9,21E+18",9,1,62,0,2021,11,15,6,3,3,6,0,0,0,0,1,0,1,"693294,61662","5335231,82111",11.598418928,48.140948994,0,4,#e78ac3,marker
206479,"9,21E+18",9,1,62,0,2021,11,16,2,3,5,3,0,1,1,0,0,0,0,"687904,743984","5334374,64097",11.525659918,48.13485907,0,1,#66c2a5,bicycle
206480,"9,21E+18",9,1,90,140,2021,11,18,4,2,0,1,2,1,0,0,0,0,0,"644067,303266","5295226,11004",10.923712448,47.79426717,1,1,#66c2a5,bicycle
206482,"9,21E+18",9,1,73,137,2021,11,17,2,3,5,3,2,0,1,0,0,0,0,"677527,992001","5308177,189",11.375463639,47.902339674,1,2,#fc8d62,car
206483,"9,21E+18",9,1,62,0,2021,11,7,2,3,3,6,0,1,0,0,0,0,0,"692825,903311","5335368,21519",11.59218657,48.142317085,0,1,#66c2a5,bicycle
206486,"9,21E+18",9,1,74,115,2021,10,13,1,3,0,7,0,0,0,0,1,0,0,"679079,338001","5346873,846",11.412418684,48.249758091,0,4,#e78ac3,marker
206489,"9,21E+18",9,1,62,0,2021,11,17,1,2,6,2,2,0,1,1,0,0,0,"690542,566107","5335268,05407",11.561478528,48.142104752,0,2,#fc8d62,car
206490,"9,21E+18",9,1,62,0,2021,11,4,1,3,0,7,2,0,0,0,0,0,1,"687030,275148","5339075,08592",11.51598387,48.177365505,1,6,#ffd92f,circle
206492,"9,21E+18",9,1,88,139,2021,11,14,4,3,2,6,0,0,1,0,0,0,0,"674636,915009","5319186,35163",11.341281119,48.002102837,0,2,#fc8d62,car
206494,"9,21E+18",9,1,62,0,2021,11,20,5,3,3,6,2,1,0,0,0,0,0,"690376,678451","5333490,95428",11.558456661,48.126181849,0,1,#66c2a5,bicycle
206496,"9,21E+18",9,7,61,0,2021,11,17,4,3,1,1,2,0,1,0,0,0,1,"638892,958407","5356158,34037",10.874457203,48.343325468,0,2,#fc8d62,car
206497,"9,21E+18",9,1,62,0,2021,11,9,2,3,6,7,0,0,0,1,0,1,0,"690528,880743","5334923,89807",11.561140775,48.139015588,1,3,#8da0cb,toilet
206498,"9,21E+18",9,1,63,0,2021,11,17,4,3,5,3,2,1,1,0,0,0,0,"733730,001002","5303671,64199",12.124035998,47.843855966,0,1,#66c2a5,bicycle
206500,"9,21E+18",9,7,71,112,2021,11,12,1,3,8,1,0,0,1,0,0,0,0,"647394,359009","5367585,82298",10.993130064,48.444145162,1,2,#fc8d62,car
206501,"9,21E+18",9,1,87,117,2021,11,7,3,3,0,1,0,1,0,0,0,0,0,"724172,870763","5304015,97176",11.996658187,47.850353045,1,1,#66c2a5,bicycle
206505,"9,21E+18",9,1,62,0,2021,11,16,5,3,0,2,1,1,1,0,0,0,0,"694128,148871","5334744,42914",11.609389755,48.136314737,0,1,#66c2a5,bicycle
206506,"9,21E+18",9,1,79,121,2021,11,11,5,3,6,7,0,0,1,1,0,0,0,"667483,248391","5338879,03553",11.253177802,48.181056142,0,2,#fc8d62,car
206507,"9,21E+18",9,1,62,0,2021,11,2,1,3,1,5,2,0,1,0,0,0,0,"696014,99148","5338882,51057",11.636630243,48.172927026,0,2,#fc8d62,car
206513,"9,21E+18",9,1,62,0,2021,11,14,3,3,5,3,0,1,1,0,0,0,0,"692560,34919","5335301,96372",11.588590511,48.141802057,0,1,#66c2a5,bicycle
206516,"9,21E+18",9,7,72,216,2021,11,11,4,1,6,7,0,0,1,1,0,0,0,"622830,402371","5367837,00571",10.661199168,48.451676808,0,2,#fc8d62,car
206517,"9,21E+18",9,1,62,0,2021,11,14,4,3,6,6,0,1,0,1,0,0,0,"683903,978509","5334483,96162",11.471984614,48.137010419,0,1,#66c2a5,bicycle
206518,"9,21E+18",9,1,62,0,2021,11,9,7,3,5,3,0,0,1,0,0,0,0,"683450,311783","5335921,19353",11.466511643,48.150060092,0,2,#fc8d62,car
206519,"9,21E+18",9,1,62,0,2021,11,6,2,3,0,2,0,0,1,0,1,0,0,"689304,488991","5333471,16349",11.544053577,48.126323703,1,2,#fc8d62,car
206520,"9,21E+18",9,1,62,0,2021,11,7,5,3,4,2,1,1,1,0,0,0,0,"683458,099946","5337544,04398",11.467316003,48.164644984,0,1,#66c2a5,bicycle
206523,"9,21E+18",9,1,63,0,2021,11,7,4,3,5,3,0,0,1,0,0,0,0,"731105,380445","5304160,4129",12.089269319,47.849195958,0,2,#fc8d62,car
206531,"9,21E+18",9,1,90,139,2021,11,15,1,2,5,2,0,1,1,0,0,0,0,"654117,584967","5294784,7701",11.057669345,47.78797192,0,1,#66c2a5,bicycle
206532,"9,21E+18",9,1,62,0,2021,11,15,2,3,1,6,0,0,1,0,0,0,0,"695366,156644","5332668,92906",11.625061087,48.117282266,0,2,#fc8d62,car
206535,"9,21E+18",9,7,61,0,2021,10,13,7,3,5,3,0,0,1,0,0,0,0,"641052,066332","5359201,38422",10.904599238,48.370209061,0,2,#fc8d62,car
206539,"9,21E+18",9,1,62,0,2021,11,14,1,3,0,5,0,1,1,0,0,0,0,"691511,655189","5332871,31659",11.57341523,48.120272181,1,1,#66c2a5,bicycle
206540,"9,21E+18",9,1,62,0,2021,11,14,2,3,6,7,0,0,1,1,0,0,0,"682983,953547","5335786,71347",11.460189593,48.148985633,1,2,#fc8d62,car
206541,"9,21E+18",9,1,62,0,2021,11,6,3,3,5,2,0,1,1,0,0,0,0,"688615,591974","5331755,05124",11.534045782,48.111103447,1,1,#66c2a5,bicycle
206543,"9,21E+18",9,1,63,0,2021,11,23,6,3,0,7,2,1,0,0,0,0,0,"733402,75702","5306313,12923",12.121093999,47.867706106,1,1,#66c2a5,bicycle
206544,"9,21E+18",9,1,62,0,2021,11,9,4,3,6,4,0,0,0,1,1,0,0,"687772,444909","5332170,76532",11.522912555,48.115089123,0,3,#8da0cb,toilet
206546,"9,21E+18",9,1,79,123,2021,11,23,4,3,0,1,2,1,0,0,0,0,0,"675235,993651","5333029,32713",11.35497838,48.126380287,1,1,#66c2a5,bicycle
206547,"9,21E+18",9,1,82,136,2021,11,16,7,3,5,2,0,1,0,0,1,0,0,"704693,873471","5303877,46091",11.736526445,47.855606903,0,1,#66c2a5,bicycle
206548,"9,21E+18",9,1,62,0,2021,11,16,7,3,6,4,1,1,0,1,0,0,0,"690883,7517","5335003,72015",11.565941865,48.139626669,1,1,#66c2a5,bicycle
206549,"9,21E+18",9,1,62,0,2021,10,11,1,3,4,7,0,0,1,0,0,0,1,"683078,879234","5335526,67995",11.461352799,48.14662097,0,2,#fc8d62,car
206553,"9,21E+18",9,1,63,0,2021,11,11,4,3,2,6,0,0,1,0,0,0,0,"733842,709884","5304019,37378",12.125728017,47.846939019,0,2,#fc8d62,car
206554,"9,21E+18",9,1,62,0,2021,11,7,5,3,1,1,0,1,1,0,0,0,0,"690771,403668","5336915,00016",11.565289726,48.15683881,1,1,#66c2a5,bicycle
206555,"9,21E+18",9,1,74,113,2021,11,9,2,3,4,1,0,0,1,0,0,0,0,"673382,312981","5345480,50771",11.335169546,48.238816949,1,2,#fc8d62,car
206557,"9,21E+18",9,2,74,113,2021,11,11,6,3,1,7,0,0,0,0,0,1,1,"728168,298326","5381678,92317",12.091727036,48.546666723,0,5,#a6d854,bus
206558,"9,21E+18",9,1,79,136,2021,11,12,7,3,6,7,0,0,1,1,0,0,0,"661485,675","5342651,288",11.173987956,48.216522934,1,2,#fc8d62,car
206559,"9,21E+18",9,7,71,113,2021,10,9,7,3,4,2,0,0,1,0,1,0,0,"655850,682387","5366932,95077",11.107158921,48.436238889,1,2,#fc8d62,car
206561,"9,21E+18",9,1,62,0,2021,11,13,3,3,1,7,0,1,1,0,0,0,0,"690339,568001","5335964,357",11.559063718,48.148423866,0,1,#66c2a5,bicycle
206563,"9,21E+18",9,7,62,0,2021,11,14,3,3,6,7,0,0,1,1,0,0,0,"622522,51","5308332,689",10.639873242,47.91660443,0,2,#fc8d62,car
206564,"9,21E+18",9,1,63,0,2021,11,16,5,2,6,7,1,1,0,1,0,0,0,"731888,592002","5306705,83499",12.101087815,47.871782559,0,1,#66c2a5,bicycle
206566,"9,21E+18",9,1,62,0,2021,11,14,5,3,5,2,0,1,1,0,0,0,0,"692782,152738","5333497,78529",11.590752664,48.125519358,1,1,#66c2a5,bicycle
206567,"9,21E+18",9,7,61,0,2021,11,12,6,3,5,3,0,1,0,0,1,0,0,"639460,511191","5359749,60796",10.883302755,48.375492241,0,1,#66c2a5,bicycle
206568,"9,21E+18",9,1,62,0,2021,11,8,5,3,0,6,0,1,0,0,0,0,0,"692358,730424","5335520,98991",11.585981954,48.143831604,1,1,#66c2a5,bicycle
206573,"9,21E+18",9,2,61,0,2021,11,11,4,3,0,1,0,0,1,0,0,0,0,"730839,983443","5380122,58668",12.127011005,48.531709002,0,2,#fc8d62,car
206575,"9,21E+18",9,1,62,0,2021,11,22,6,3,6,2,2,0,1,1,0,0,0,"689052,993145","5333349,37554",11.540623165,48.125303794,0,2,#fc8d62,car
206578,"9,21E+18",9,1,62,0,2021,11,6,4,3,5,3,1,1,1,0,0,0,0,"692301,211335","5337342,20009",11.58603238,48.160217622,1,1,#66c2a5,bicycle
206580,"9,21E+18",9,1,62,0,2021,11,11,2,3,5,3,0,1,1,0,0,0,0,"689652,680409","5333026,13913",11.548530102,48.122220153,1,1,#66c2a5,bicycle
206581,"9,21E+18",9,2,61,0,2021,11,23,3,3,8,1,2,0,1,0,0,0,0,"732736,342398","5379465,43784",12.152292412,48.525105816,0,2,#fc8d62,car
206582,"9,21E+18",9,1,62,0,2021,11,5,6,2,6,4,2,0,1,1,0,0,0,"692950,356001","5332321,415",11.592478325,48.114895449,0,2,#fc8d62,car
206583,"9,21E+18",9,1,62,0,2021,11,13,7,2,0,1,0,1,0,0,0,0,0,"688431,988872","5336419,01984",11.533644262,48.153078378,1,1,#66c2a5,bicycle