OBJECTID,UIDENTSTLA,ULAND,UREGBEZ,UKREIS,UGEMEINDE,UJAHR,UMONAT,USTUNDE,UWOCHENTAG,UKATEGORIE,UART,UTYP1,ULICHTVERH,IstRad,IstPKW,IstFuss,IstKrad,IstGkfz,IstSonstig,LINREFX,LINREFY,XGCSWGS84,YGCSWGS84,STRZUSTAN,Teilnehmer,color,symbol
206585,"9,21E+18",9,1,62,0,2021,11,16,4,3,5,3,0,1,1,0,0,0,0,"684761,470819","5332248,8849",11.482530621,48.116671978,0,1,#66c2a5,bicycle
206588,"9,21E+18",9,1,62,0,2021,11,5,3,2,5,2,2,0,1,0,1,0,0,"689612,963157","5335524,04295",11.549108656,48.144683308,1,2,#fc8d62,car
206589,"9,21E+18",9,1,62,0,2021,11,12,4,3,3,6,0,1,0,0,0,0,1,"690631,244935","5334065,77714",11.562131353,48.131272166,1,1,#66c2a5,bicycle
206590,"9,21E+18",9,1,74,115,2021,11,17,6,3,4,2,2,1,1,0,0,0,0,"682269,884322","5347773,92744",11.455746238,48.25693906,0,1,#66c2a5,bicycle
206592,"9,21E+18",9,1,62,0,2021,11,23,2,3,5,3,2,0,1,0,0,0,1,"694683,517721","5341560,66898",11.619967114,48.197406168,1,2,#fc8d62,car
206594,"9,21E+18",9,1,85,158,2021,11,15,7,3,6,7,0,0,1,1,0,0,0,"662915,473083","5379467,48327",11.207493678,48.547133035,1,2,#fc8d62,car
206596,"9,21E+18",9,1,73,126,2021,10,13,1,3,0,7,0,1,0,0,0,0,0,"685468,109253","5304906,71484",11.48020305,47.87069552,1,1,#66c2a5,bicycle
206597,"9,21E+18",9,1,62,0,2021,11,9,4,2,5,2,0,0,1,0,0,0,1,"692411,740095","5334481,71615",11.586224329,48.1344748,0,2,#fc8d62,car
206598,"9,21E+18",9,1,78,124,2021,11,13,6,3,5,7,0,0,1,0,0,0,1,"702133,85013","5365083,58848",11.731377799,48.406467768,0,2,#fc8d62,car
206601,"9,21E+18",9,1,62,0,2021,11,9,5,3,5,3,0,1,1,0,0,0,0,"689602,512979","5336312,38202",11.549319433,48.151772045,0,1,#66c2a5,bicycle
206602,"9,21E+18",9,7,61,0,2021,11,16,2,3,0,3,1,1,1,0,0,0,0,"640872,156758","5358274,11018",10.901860779,48.361911522,1,1,#66c2a5,bicycle
206603,"9,21E+18",9,1,62,0,2021,11,15,2,3,0,7,0,0,0,0,0,0,1,"686755,860389","5337273,05498",11.511504566,48.161249081,0,6,#ffd92f,circle
206605,"9,21E+18",9,1,78,143,2021,11,22,7,3,0,1,2,1,0,0,0,0,0,"718159,893149","5372480,95139",11.951496359,48.467588473,1,1,#66c2a5,bicycle
206606,"9,21E+18",9,1,62,0,2021,10,7,7,3,0,7,0,0,0,0,0,0,1,"685399,664762","5331265,39636",11.490669771,48.10764641,0,6,#ffd92f,circle
206608,"9,21E+18",9,1,62,0,2021,11,13,3,3,0,7,0,1,0,0,0,0,0,"688656,852177","5333510,123",11.535376116,48.126866135,1,1,#66c2a5,bicycle
206609,"9,21E+18",9,1,62,0,2021,11,17,2,3,4,5,2,0,1,0,0,0,1,"691814,6906","5337302,96157",11.579478931,48.160011906,0,2,#fc8d62,car
206616,"9,21E+18",9,2,74,113,2021,11,6,3,2,0,1,2,1,0,0,0,0,0,"729414,200513","5382838,90735",12.109222425,48.556632609,2,1,#66c2a5,bicycle
206617,"9,21E+18",9,1,81,132,2021,11,13,4,3,6,6,0,0,1,1,0,0,0,"643956,835982","5326265,23393",10.932614445,48.073401706,0,2,#fc8d62,car
206618,"9,21E+18",9,1,62,0,2021,11,14,7,2,0,7,0,1,0,1,0,0,0,"689485,970863","5333950,28896",11.546703045,48.130576133,0,1,#66c2a5,bicycle
206621,"9,21E+18",9,7,61,0,2021,11,12,3,3,5,3,0,1,1,0,0,0,0,"641042,496922","5358629,01352",10.904278149,48.365064652,0,1,#66c2a5,bicycle
206622,"9,21E+18",9,7,71,113,2021,11,15,6,2,8,7,0,1,0,0,0,0,0,"657411,186","5369718,738",11.129289669,48.460895697,0,1,#66c2a5,bicycle
206623,"9,21E+18",9,1,62,0,2021,11,7,5,3,5,2,0,1,1,0,0,0,0,"690232,393744","5336231,28552",11.557743572,48.150855074,0,1,#66c2a5,bicycle
206630,"9,21E+18",9,1,62,0,2021,11,17,6,3,5,3,1,1,1,0,0,0,0,"692545,66471","5339201,62226",11.590158221,48.176855614,0,1,#66c2a5,bicycle
206631,"9,21E+18",9,1,88,120,2021,10,17,1,3,0,1,1,1,0,0,0,0,0,"678803,283001","5328855,452",11.401126294,48.087868916,0,1,#66c2a5,bicycle
206632,"9,21E+18",9,1,78,140,2021,11,15,5,3,0,1,0,0,0,0,1,0,0,"707255,645351","5365922,17194",11.800916331,48.412340173,0,4,#e78ac3,marker
206635,"9,21E+18",9,1,75,135,2021,11,7,3,3,0,1,0,1,0,0,0,0,0,"709264,790306","5338902,69551",11.814649343,48.168884436,1,1,#66c2a5,bicycle
206639,"9,21E+18",9,1,62,0,2021,11,14,2,3,1,6,0,0,1,0,0,0,0,"687753,329957","5335956,76242",11.52432435,48.14912422,0,2,#fc8d62,car
206642,"9,21E+18",9,1,88,126,2021,10,16,1,2,0,1,0,1,0,0,0,0,0,"659308,904026","5327119,47394",11.138892084,48.07743188,0,1,#66c2a5,bicycle
206647,"9,21E+18",9,1,62,0,2021,11,3,7,3,8,1,2,0,1,0,0,0,0,"690215,569937","5337411,17117",11.558045046,48.161464877,0,2,#fc8d62,car
206649,"9,21E+18",9,1,62,0,2021,11,9,5,3,2,6,0,0,1,0,1,0,0,"691550,958319","5333869,01685",11.57439117,48.129227589,0,2,#fc8d62,car
206650,"9,21E+18",9,1,73,134,2021,11,10,2,3,4,6,0,0,1,0,0,0,1,"686154,79955","5300823,0986",11.487619727,47.833789551,1,2,#fc8d62,car
206651,"9,21E+18",9,1,62,0,2021,11,14,2,3,5,2,0,1,1,0,0,0,0,"686237,674767","5332248,41702",11.502345757,48.116237765,0,1,#66c2a5,bicycle
206653,"9,21E+18",9,1,79,121,2021,11,18,7,3,3,6,2,1,1,0,0,0,0,"668311,043016","5338022,76239",11.263966142,48.173139601,1,1,#66c2a5,bicycle
206656,"9,21E+18",9,1,62,0,2021,11,13,3,3,5,2,0,0,1,0,0,0,0,"690280,088726","5336163,71701",11.558353979,48.150233503,0,2,#fc8d62,car
206660,"9,21E+18",9,1,62,0,2021,11,18,7,3,1,5,2,1,1,0,0,0,0,"691403,89424","5336333,2763",11.573524254,48.151420305,0,1,#66c2a5,bicycle
206665,"9,21E+18",9,1,88,120,2021,11,16,4,3,6,4,2,0,1,1,0,0,0,"677483,491602","5327036,94493",11.382663538,48.071890707,0,2,#fc8d62,car
206666,"9,21E+18",9,1,88,124,2021,11,12,1,3,0,1,0,1,0,0,0,0,0,"659123,636422","5322376,12919",11.134642124,48.034831478,0,1,#66c2a5,bicycle
206667,"9,21E+18",9,1,62,0,2021,11,14,7,3,5,2,0,1,1,0,0,0,0,"691983,825565","5336203,36878",11.581254939,48.150077941,0,1,#66c2a5,bicycle
206670,"9,21E+18",9,1,62,0,2021,11,16,5,3,2,6,0,0,1,0,0,0,0,"691267,168723","5329797,25875",11.568755349,48.092716152,0,2,#fc8d62,car
206672,"9,21E+18",9,1,78,124,2021,11,16,5,2,0,1,0,1,0,0,0,0,0,"704096,365688","5364042,56115",11.757358884,48.396480687,0,1,#66c2a5,bicycle
206674,"9,21E+18",9,7,61,0,2021,11,15,2,3,5,3,0,0,1,0,0,0,1,"642157,757933","5360359,39",10.91991208,48.380373236,1,2,#fc8d62,car
206676,"9,21E+18",9,1,87,179,2021,11,13,7,3,0,1,1,1,0,0,0,0,0,"728246,642555","5315525,93616",12.057123731,47.952331372,1,1,#66c2a5,bicycle
206679,"9,21E+18",9,1,62,0,2021,11,14,4,3,5,7,0,1,1,0,0,0,0,"690338,441421","5332510,86573",11.557505738,48.117384226,0,1,#66c2a5,bicycle
206682,"9,21E+18",9,1,88,139,2021,11,8,3,3,5,3,0,1,1,0,0,0,0,"675454,153198","5319414,68128",11.352321306,48.003931676,0,1,#66c2a5,bicycle
206685,"9,21E+18",9,1,62,0,2021,11,12,1,3,5,2,0,1,1,0,0,0,0,"688444,100498","5330499,97262",11.53118983,48.099873273,0,1,#66c2a5,bicycle
206686,"9,21E+18",9,1,62,0,2021,11,14,2,3,0,1,0,1,0,0,0,0,0,"690640,84414","5330104,53951",11.560489616,48.095665656,1,1,#66c2a5,bicycle
206689,"9,21E+18",9,1,62,0,2021,10,18,7,3,4,2,2,0,1,0,1,0,0,"696842,516001","5332477,941",11.644788377,48.115111145,0,2,#fc8d62,car
206691,"9,21E+18",9,2,74,126,2021,11,6,3,3,0,1,1,1,0,0,0,0,0,"733259,015278","5382290,27076",12.160941463,48.550286334,2,1,#66c2a5,bicycle
206693,"9,21E+18",9,1,62,0,2021,11,17,2,3,5,2,2,0,1,0,0,0,0,"688006,374878","5339234,50727",11.52917192,48.178510372,1,2,#fc8d62,car
206694,"9,21E+18",9,1,62,0,2021,11,6,3,3,3,2,2,1,0,0,0,0,1,"698188,536011","5334675,83336",11.663875318,48.134446729,0,1,#66c2a5,bicycle
206697,"9,21E+18",9,7,61,0,2021,11,18,5,3,0,7,2,1,0,0,0,0,0,"640436,134512","5358625,68213",10.896094937,48.36516989,1,1,#66c2a5,bicycle
206700,"9,21E+18",9,1,62,0,2021,11,13,2,2,3,6,0,1,1,0,0,0,0,"692153,645768","5334926,16607",11.582959407,48.138547414,1,1,#66c2a5,bicycle
206701,"9,21E+18",9,1,62,0,2021,11,9,3,3,5,3,0,1,0,0,0,0,1,"689592,512161","5335387,75117",11.548773313,48.143464406,0,1,#66c2a5,bicycle
206704,"9,21E+18",9,1,62,0,2021,10,17,1,3,4,6,2,1,0,1,0,0,0,"686203,967336","5335397,47273",11.503269415,48.144552562,0,1,#66c2a5,bicycle
206706,"9,21E+18",9,7,71,130,2021,11,16,2,3,2,6,0,0,1,0,0,0,0,"645526,204648","5357484,08899",10.964382286,48.353752531,0,2,#fc8d62,car
206708,"9,21E+18",9,1,62,0,2021,11,2,3,3,3,3,2,0,1,0,0,0,0,"696782,777001","5334248,359",11.644803866,48.131041061,1,2,#fc8d62,car
206711,"9,21E+18",9,1,63,0,2021,11,8,2,3,2,6,0,0,1,0,0,0,0,"733743,685156","5303761,66169",12.124267231,47.844659733,0,2,#fc8d62,car
206713,"9,21E+18",9,1,87,150,2021,11,6,5,3,5,3,1,1,1,0,0,0,0,"728989,457002","5304333,38599",12.06111847,47.851507224,1,1,#66c2a5,bicycle
206714,"9,21E+18",9,7,61,0,2021,11,7,2,3,0,1,0,1,0,0,0,0,0,"641025,157194","5357897,57266",10.903798985,48.358491669,1,1,#66c2a5,bicycle
206715,"9,21E+18",9,1,62,0,2021,11,16,3,3,6,4,0,0,1,1,0,0,0,"686195,473852","5335804,31033",11.503333276,48.148211851,0,2,#fc8d62,car
206716,"9,21E+18",9,1,62,0,2021,11,1,7,3,3,7,2,0,1,0,0,0,0,"690058,554689","5340177,68191",11.557172551,48.186377083,0,2,#fc8d62,car
206717,"9,21E+18",9,7,61,0,2021,11,17,7,3,0,1,2,0,1,0,0,0,1,"642859,572301","5358319,3993",10.928691793,48.361872137,1,2,#fc8d62,car
206720,"9,21E+18",9,1,62,0,2021,11,8,3,3,0,7,0,0,0,0,0,0,1,"687387,306626","5340184,10979",11.521271031,48.187228431,0,6,#ffd92f,circle
206729,"9,21E+18",9,1,62,0,2021,11,10,2,3,5,2,0,0,1,0,0,0,0,"685454,421521","5339101,22513",11.494817392,48.17806231,0,2,#fc8d62,car
206732,"9,21E+18",9,1,84,139,2021,11,8,4,3,5,7,0,0,1,0,0,0,0,"687986,246163","5325695,89872",11.522932673,48.056827944,0,2,#fc8d62,car
206736,"9,21E+18",9,1,62,0,2021,10,16,7,2,5,3,0,0,1,0,1,0,0,"690500,893098","5338787,27674",11.562494598,48.173747778,0,2,#fc8d62,car
206742,"9,21E+18",9,1,62,0,2021,11,19,3,3,2,6,2,0,1,0,0,0,0,"699014,373631","5333726,12269",11.674519438,48.125653818,0,2,#fc8d62,car
206743,"9,21E+18",9,1,88,139,2021,11,16,7,3,6,4,1,0,1,1,0,0,0,"672922,600246","5319188,58089",11.318318528,48.002588854,0,2,#fc8d62,car
206744,"9,21E+18",9,1,63,0,2021,11,22,6,3,1,1,2,0,1,0,0,0,0,"732010,375146","5305530,36237",12.102083154,47.861177912,1,2,#fc8d62,car
206746,"9,21E+18",9,2,61,0,2021,11,10,5,3,5,3,0,0,1,0,0,0,0,"732120,336811","5381611,59912",12.145157108,48.544612346,1,2,#fc8d62,car
206747,"9,21E+18",9,7,72,149,2021,11,11,2,3,5,3,0,0,1,0,0,0,0,"637248,22172","5338620,27216",10.846581128,48.185981275,1,2,#fc8d62,car
206748,"9,21E+18",9,1,62,0,2021,11,22,3,3,5,2,2,0,1,0,1,0,0,"690509,900503","5337383,60754",11.561986797,48.161129016,0,2,#fc8d62,car
206749,"9,21E+18",9,1,77,130,2021,11,19,7,3,8,1,2,0,1,0,0,0,0,"706830,953001","5349972,298",11.787353042,48.269154693,1,2,#fc8d62,car
206752,"9,21E+18",9,1,79,123,2021,11,15,5,3,1,7,0,1,1,0,0,0,0,"675551,557014","5332964,80527",11.359188901,48.125713331,0,1,#66c2a5,bicycle
206756,"9,21E+18",9,1,62,0,2021,11,11,5,2,5,3,0,0,1,0,0,0,0,"687945,403529","5332755,35102",11.525491758,48.120292507,0,2,#fc8d62,car
206760,"9,21E+18",9,1,62,0,2021,11,15,6,3,0,6,0,0,0,0,0,0,1,"691514,112831","5335671,20881",11.574706791,48.145436559,1,6,#ffd92f,circle
206764,"9,21E+18",9,2,61,0,2021,11,23,3,2,0,7,2,1,0,0,0,0,0,"731455,428596","5382637,76915",12.136732123,48.554075877,1,1,#66c2a5,bicycle
206768,"9,21E+18",9,7,71,113,2021,11,19,5,3,2,6,2,0,1,0,0,0,0,"657073,119443","5369653,06347",11.124695292,48.460389757,1,2,#fc8d62,car
206775,"9,21E+18",9,1,62,0,2021,11,9,3,3,5,3,0,1,1,0,0,0,0,"701911,084212","5332185,55888",11.712673411,48.110896829,0,1,#66c2a5,bicycle
206778,"9,21E+18",9,1,62,0,2021,11,7,4,3,5,2,0,1,1,0,0,0,0,"690275,72109","5336169,8661",11.558298065,48.150290078,1,1,#66c2a5,bicycle
206779,"9,21E+18",9,1,62,0,2021,11,12,7,3,0,7,0,1,0,0,0,0,0,"683408,425385","5335679,65187",11.465844943,48.147901048,0,1,#66c2a5,bicycle
206780,"9,21E+18",9,1,62,0,2021,11,6,2,3,1,2,2,1,0,0,1,0,0,"690626,046059","5333365,5634",11.56174834,48.124980216,1,1,#66c2a5,bicycle
206781,"9,21E+18",9,1,62,0,2021,11,12,5,3,1,7,0,0,1,0,0,0,0,"688421,675069","5329818,5241",11.530588133,48.093754876,0,2,#fc8d62,car
206783,"9,21E+18",9,1,62,0,2021,11,9,5,3,5,3,0,0,1,0,0,0,0,"687587,782154","5329753,78131",11.51937138,48.093418938,0,2,#fc8d62,car
206786,"9,21E+18",9,1,74,131,2021,11,19,2,3,0,6,2,0,1,0,0,0,0,"674794,576828","5359585,13675",11.36001428,48.365216997,0,2,#fc8d62,car
206790,"9,21E+18",9,1,62,0,2021,11,14,5,3,5,3,0,1,1,0,0,0,0,"693306,689377","5331172,03222",11.59674009,48.104457012,0,1,#66c2a5,bicycle
206793,"9,21E+18",9,7,72,171,2021,11,17,2,3,6,2,2,0,1,1,0,0,0,"638021,29304","5369603,57328",10.86712116,48.464413102,1,2,#fc8d62,car
206795,"9,21E+18",9,1,62,0,2021,11,16,6,3,0,7,0,1,0,0,0,0,0,"694259,128197","5341145,84453",11.614072253,48.193807895,1,1,#66c2a5,bicycle
206796,"9,21E+18",9,7,72,147,2021,11,11,7,3,0,7,0,0,0,0,0,0,1,"639010,730831","5365217,25148",10.879042661,48.424755,0,6,#ffd92f,circle
206798,"9,21E+18",9,7,71,130,2021,11,5,4,3,5,2,2,0,1,0,0,0,0,"645645,444777","5357474,54631",10.96598756,48.35363924,0,2,#fc8d62,car
206801,"9,21E+18",9,1,62,0,2021,11,8,3,3,0,1,0,1,0,0,0,0,0,"692172,148001","5332825,468",11.582260527,48.119661103,1,1,#66c2a5,bicycle
206804,"9,21E+18",9,1,62,0,2021,11,14,2,3,0,3,0,1,0,1,0,0,0,"690794,120687","5334634,63842",11.56457293,48.136336264,0,1,#66c2a5,bicycle
206807,"9,21E+18",9,1,87,179,2021,10,14,1,3,2,6,0,1,0,0,1,0,0,"723467,199168","5314631,30604",11.992734953,47.945978398,0,1,#66c2a5,bicycle
206809,"9,21E+18",9,1,62,0,2021,11,8,3,3,0,2,0,1,1,0,0,0,0,"694857,101372","5336714,75906",11.620079153,48.153800385,1,1,#66c2a5,bicycle
206812,"9,21E+18",9,1,62,0,2021,11,15,3,3,6,4,1,1,0,1,0,0,0,"691741,709617","5335201,46657",11.577551858,48.141146033,0,1,#66c2a5,bicycle
206813,"9,21E+18",9,1,62,0,2021,11,19,7,3,4,2,2,0,1,0,1,0,0,"691541,291277","5337030,79201",11.575683646,48.157648106,0,2,#fc8d62,car
206814,"9,21E+18",9,1,62,0,2021,11,17,5,3,1,1,2,1,1,0,0,0,0,"691510,285202","5332872,08774",11.573397187,48.120279524,1,1,#66c2a5,bicycle
206815,"9,21E+18",9,2,74,134,2021,11,8,6,2,5,3,0,1,1,0,0,0,0,"740240,443846","5374636,56434",12.250985855,48.478907262,1,1,#66c2a5,bicycle
206816,"9,21E+18",9,1,62,0,2021,11,16,5,3,4,6,0,0,1,0,0,0,0,"697516,042333","5334658,24794",11.65483818,48.134497745,1,2,#fc8d62,car
206819,"9,21E+18",9,2,61,0,2021,11,16,1,3,0,7,0,1,1,0,0,0,0,"731731,250762","5380012,67441",12.139004389,48.530393304,0,1,#66c2a5,bicycle
206820,"9,21E+18",9,1,62,0,2021,11,12,7,3,6,4,0,1,0,1,0,0,0,"690613,374298","5340278,44953",11.564674924,48.187116538,1,1,#66c2a5,bicycle
206822,"9,21E+18",9,1,62,0,2021,11,9,6,3,2,2,0,0,1,0,1,0,1,"692238,104544","5335526,3554",11.58436445,48.143916288,0,2,#fc8d62,car
206824,"9,21E+18",9,1,62,0,2021,11,10,4,3,0,7,0,0,0,0,0,0,1,"690629,155623","5335500,5927",11.562745453,48.144168861,0,6,#ffd92f,circle
206825,"9,21E+18",9,1,62,0,2021,11,14,5,3,6,3,0,0,1,1,0,0,0,"698260,71074","5331801,91314",11.663507837,48.108595585,0,2,#fc8d62,car
206826,"9,21E+18",9,1,62,0,2021,11,7,2,3,5,3,1,0,1,0,1,0,0,"691476,622001","5332316,785",11.572695955,48.115298631,1,2,#fc8d62,car
206828,"9,21E+18",9,1,73,147,2021,11,13,7,2,6,4,0,0,1,1,0,0,0,"682631,136371","5308376,41007",11.44376869,47.902698171,0,2,#fc8d62,car
206832,"9,21E+18",9,1,62,0,2021,11,16,3,3,3,6,0,1,0,0,0,0,0,"688512,372094","5332395,06792",11.532943326,48.116886607,0,1,#66c2a5,bicycle
206836,"9,21E+18",9,7,61,0,2021,11,14,6,3,5,3,0,1,1,0,0,0,0,"640613,803556","5357142,94223",10.897996872,48.351798015,0,1,#66c2a5,bicycle
206837,"9,21E+18",9,7,78,116,2021,11,15,5,3,6,7,0,0,1,1,0,0,0,"618763,952294","5317976,95999",10.592251877,48.004050075,0,2,#fc8d62,car
206839,"9,21E+18",9,1,73,126,2021,11,18,5,3,4,7,2,0,1,0,0,0,0,"686765,300916","5302831,56721",11.496636645,47.851666445,0,2,#fc8d62,car
206840,"9,21E+18",9,7,61,0,2021,11,17,2,3,5,3,2,0,1,0,0,0,0,"642460,077318","5359801,01677",10.923803422,48.375284423,1,2,#fc8d62,car
206842,"9,21E+18",9,1,62,0,2021,11,19,6,3,5,2,2,1,1,1,0,0,0,"686222,495999","5333308,86892",11.502605231,48.125773976,0,1,#66c2a5,bicycle
206843,"9,21E+18",9,7,78,203,2021,11,8,7,3,5,3,0,1,1,0,0,0,0,"621913,600648","5323762,8995",10.636107838,48.055492809,0,1,#66c2a5,bicycle
206846,"9,21E+18",9,7,77,151,2021,11,7,4,3,5,7,0,1,1,0,0,0,0,"620715,762757","5292482,79565",10.611279214,47.774395453,0,1,#66c2a5,bicycle
206848,"9,21E+18",9,1,62,0,2021,11,15,3,3,4,2,0,0,1,0,0,0,0,"686455,500587","5328446,40314",11.503608772,48.081999903,0,2,#fc8d62,car
206849,"9,21E+18",9,1,62,0,2021,11,11,4,3,0,1,0,1,0,0,0,0,0,"692574,798732","5335164,17202",11.588722241,48.140559244,0,1,#66c2a5,bicycle
206851,"9,21E+18",9,1,62,0,2021,11,17,2,3,5,7,2,1,0,0,0,0,0,"688525,832001","5331160,465",11.532578328,48.105785751,0,1,#66c2a5,bicycle
206854,"9,21E+18",9,1,87,117,2021,10,14,1,3,0,1,0,1,0,0,0,0,0,"725277,321002","5305385,16999",12.012114106,47.862269153,0,1,#66c2a5,bicycle
206855,"9,21E+18",9,1,78,113,2021,11,15,2,3,5,6,0,1,1,0,0,0,0,"692021,258001","5367218,019",11.595855953,48.428811991,0,1,#66c2a5,bicycle
206859,"9,21E+18",9,1,62,0,2021,11,14,3,3,6,7,0,1,0,1,0,0,0,"689859,240141","5336682,76088",11.552932967,48.15502443,0,1,#66c2a5,bicycle
206860,"9,21E+18",9,1,62,0,2021,11,20,7,3,4,3,2,1,1,0,0,0,0,"682704,762965","5337646,76167",11.457238237,48.165785225,0,1,#66c2a5,bicycle
206864,"9,21E+18",9,1,84,138,2021,11,17,5,3,2,6,2,0,1,0,1,0,0,"682505,181001","5331827,663",11.452062892,48.113536362,1,2,#fc8d62,car
206867,"9,21E+18",9,1,62,0,2021,11,18,7,3,5,3,2,1,1,0,0,0,0,"692589,200795","5337781,29625",11.590099909,48.164076938,0,1,#66c2a5,bicycle
206871,"9,21E+18",9,1,62,0,2021,11,23,5,3,7,7,2,1,0,0,0,0,0,"691655,197558","5335464,7411",11.576508603,48.143538371,0,1,#66c2a5,bicycle
206872,"9,21E+18",9,1,74,126,2021,11,17,4,2,0,7,2,1,0,0,0,0,0,"683465,636895","5344059,50641",11.470232358,48.223207175,1,1,#66c2a5,bicycle
206877,"9,21E+18",9,1,63,0,2021,11,17,7,3,0,1,2,1,0,0,0,0,0,"733857,145955","5304048,80778",12.125936589,47.847198204,0,1,#66c2a5,bicycle
206878,"9,21E+18",9,1,62,0,2021,11,15,6,3,4,2,0,0,1,0,0,0,0,"690269,861001","5335644,617",11.557984593,48.145570904,0,2,#fc8d62,car
206879,"9,21E+18",9,1,62,0,2021,10,15,1,3,2,6,0,1,1,0,0,0,0,"688908,901334","5328468,20805",11.53652791,48.081473706,0,1,#66c2a5,bicycle
206880,"9,21E+18",9,1,62,0,2021,11,16,4,3,5,2,1,1,0,0,0,1,0,"690216,102053","5335424,547",11.55716429,48.143608993,0,1,#66c2a5,bicycle
206882,"9,21E+18",9,1,62,0,2021,11,17,3,2,6,4,2,0,1,1,0,0,0,"688790,695037","5337748,0644",11.539052257,48.164917581,0,2,#fc8d62,car
206889,"9,21E+18",9,1,62,0,2021,10,17,7,3,5,3,0,1,1,0,0,0,0,"692269,310377","5337228,05705",11.585552249,48.159201378,0,1,#66c2a5,bicycle
206890,"9,21E+18",9,1,62,0,2021,11,11,1,3,3,2,0,1,0,0,0,0,1,"690648,25735","5334072,94907",11.562362976,48.131331532,1,1,#66c2a5,bicycle
206894,"9,21E+18",9,1,78,155,2021,11,16,6,3,0,1,0,1,0,0,0,0,0,"721820,024671","5374552,30646",12.002043038,48.484917872,0,1,#66c2a5,bicycle
206896,"9,21E+18",9,1,62,0,2021,11,10,2,2,5,3,0,0,0,0,1,0,1,"692164,524728","5333634,06057",11.582522711,48.126930908,0,4,#e78ac3,marker
206897,"9,21E+18",9,1,75,115,2021,11,15,4,3,9,7,0,0,1,0,0,0,0,"723926,98194","5328774,42551",12.006266584,48.072891029,0,2,#fc8d62,car
206899,"9,21E+18",9,1,62,0,2021,11,16,4,2,6,4,0,1,0,1,0,0,0,"690139,176419","5334992,40316",11.55593826,48.139747879,0,1,#66c2a5,bicycle
206900,"9,21E+18",9,2,61,0,2021,11,7,2,3,5,3,0,1,1,0,0,0,0,"731440,136627","5382308,20069",12.13634205,48.551121064,0,1,#66c2a5,bicycle
206901,"9,21E+18",9,1,77,119,2021,11,8,3,3,5,3,0,1,1,0,0,0,0,"721031,254541","5341240,536",11.973910825,48.185907509,0,1,#66c2a5,bicycle
206902,"9,21E+18",9,1,62,0,2021,11,16,6,3,6,2,0,0,1,1,0,0,0,"691933,928915","5332413,75594",11.578877567,48.116032536,0,2,#fc8d62,car
206904,"9,21E+18",9,1,79,121,2021,10,17,1,3,6,4,1,0,1,1,0,0,0,"667500,275609","5337914,43473",11.253026527,48.172379946,0,2,#fc8d62,car
206907,"9,21E+18",9,1,62,0,2021,11,21,1,3,4,7,2,0,1,0,0,0,0,"692320,157489","5334237,11244",11.584884241,48.13230403,1,2,#fc8d62,car
206909,"9,21E+18",9,7,61,0,2021,11,10,3,3,0,7,0,1,0,0,0,0,0,"640681,697934","5358647,81762",10.899415916,48.365314245,1,1,#66c2a5,bicycle
206910,"9,21E+18",9,7,61,0,2021,11,22,7,3,5,3,2,0,1,0,0,0,0,"638480,325812","5359948,68279",10.870139074,48.377498154,1,2,#fc8d62,car
206914,"9,21E+18",9,1,62,0,2021,11,14,4,3,5,3,0,0,1,0,0,0,1,"690939,057117","5337538,07367",11.567821445,48.162388611,0,2,#fc8d62,car
206915,"9,21E+18",9,1,79,118,2021,11,17,3,3,0,1,2,1,0,0,0,0,0,"672552,723846","5338629,62559",11.321219729,48.177457527,0,1,#66c2a5,bicycle
206919,"9,21E+18",9,1,62,0,2021,11,23,2,3,8,1,2,0,1,0,0,0,0,"689011,025403","5340122,5909",11.54306834,48.186194458,1,2,#fc8d62,car
206920,"9,21E+18",9,1,84,129,2021,11,13,6,3,5,3,0,1,1,0,0,0,0,"700106,388489","5326477,58325",11.685781185,48.060167932,0,1,#66c2a5,bicycle
206922,"9,21E+18",9,1,62,0,2021,11,10,3,3,0,7,0,0,1,0,1,0,0,"690348,912964","5335363,41479",11.558920555,48.143019817,0,2,#fc8d62,car
206932,"9,21E+18",9,1,77,117,2021,11,7,3,3,0,7,1,0,1,0,1,0,0,"715930,59635","5354619,56473",11.912198386,48.307874695,1,2,#fc8d62,car
206934,"9,21E+18",9,1,63,0,2021,11,21,5,3,8,1,2,0,1,0,0,0,0,"732747,079002","5304452,77899",12.111338423,47.851230359,0,2,#fc8d62,car
206936,"9,21E+18",9,1,62,0,2021,11,9,2,3,5,3,0,0,1,0,0,0,0,"690933,669062","5342803,65048",11.570115656,48.209716395,0,2,#fc8d62,car
206939,"9,21E+18",9,1,62,0,2021,11,6,1,3,5,7,1,1,1,0,0,0,0,"691280,648922","5335243,60325",11.571379305,48.141663526,0,1,#66c2a5,bicycle
206940,"9,21E+18",9,7,61,0,2021,11,12,2,2,5,3,0,1,1,0,0,0,0,"638351,124","5358868,908",10.868039902,48.367817365,0,1,#66c2a5,bicycle
206942,"9,21E+18",9,2,61,0,2021,11,9,2,2,5,3,0,1,0,0,0,0,0,"731887,787717","5380598,0506",12.1414471,48.535593827,1,1,#66c2a5,bicycle
206943,"9,21E+18",9,1,78,124,2021,11,19,2,3,4,6,1,0,1,0,0,0,1,"703427,469826","5364053,86761",11.748338354,48.396798406,0,2,#fc8d62,car