OBJECTID,UIDENTSTLA,ULAND,UREGBEZ,UKREIS,UGEMEINDE,UJAHR,UMONAT,USTUNDE,UWOCHENTAG,UKATEGORIE,UART,UTYP1,ULICHTVERH,IstRad,IstPKW,IstFuss,IstKrad,IstGkfz,IstSonstig,LINREFX,LINREFY,XGCSWGS84,YGCSWGS84,STRZUSTAN,Teilnehmer,color,symbol
207330,"9,21E+18",9,1,74,136,2021,11,13,3,3,4,1,0,0,1,0,0,0,0,"683487,3159","5366704,93125",11.480379668,48.426744089,1,2,#fc8d62,car
207332,"9,21E+18",9,1,63,0,2021,12,19,3,3,2,6,2,0,1,0,0,0,0,"731288,57613","5304112,90308",12.091689085,47.848703232,0,2,#fc8d62,car
207337,"9,21E+18",9,1,84,122,2021,12,15,2,3,5,3,0,1,1,0,0,0,0,"688276,514903","5323321,81029",11.525780205,48.035403211,0,1,#66c2a5,bicycle
207343,"9,21E+18",9,1,90,157,2021,12,16,2,3,0,1,0,1,0,0,0,0,0,"660696,130816","5300816,68951",11.147675263,47.840598222,1,1,#66c2a5,bicycle
207344,"9,21E+18",9,1,74,136,2021,12,11,6,2,5,2,0,0,1,0,0,0,0,"683276,510907","5365441,12218",11.476980489,48.415446205,0,2,#fc8d62,car
207345,"9,21E+18",9,1,84,149,2021,12,18,5,3,0,3,2,1,1,0,0,0,0,"692124,605902","5350240,84247",11.589503576,48.276199692,1,1,#66c2a5,bicycle
207346,"9,21E+18",9,1,62,0,2021,11,17,2,3,5,3,2,1,1,0,0,0,0,"687649,918617","5329155,49478",11.519942151,48.088023048,1,1,#66c2a5,bicycle
207347,"9,21E+18",9,1,62,0,2021,12,9,2,3,0,1,0,0,0,0,0,0,1,"692214,343244","5336360,17651",11.584421832,48.151417678,1,6,#ffd92f,circle
207348,"9,21E+18",9,1,62,0,2021,12,9,3,2,0,7,0,1,0,0,0,0,0,"687844,966694","5334478,46723",11.524903034,48.135809931,1,1,#66c2a5,bicycle
207350,"9,21E+18",9,1,73,126,2021,12,23,1,2,0,1,2,1,0,0,0,0,0,"685980,961754","5303383,01946",11.486399109,47.856850853,2,1,#66c2a5,bicycle
207351,"9,21E+18",9,1,62,0,2021,12,8,4,3,4,2,0,1,1,0,0,0,0,"690834,818797","5338133,68034",11.566688317,48.167773154,1,1,#66c2a5,bicycle
207352,"9,21E+18",9,1,77,143,2021,12,21,6,3,6,4,2,0,0,1,0,0,1,"721237,712767","5365582,41286",11.989436059,48.404535635,0,3,#8da0cb,toilet
207356,"9,21E+18",9,1,62,0,2021,11,7,6,3,5,3,0,1,1,0,0,0,0,"695770,132528","5337808,73891",11.632845878,48.163352066,1,1,#66c2a5,bicycle
207358,"9,21E+18",9,1,88,126,2021,12,13,1,3,6,6,0,0,1,1,0,0,0,"658809,52331","5327098,05716",11.132184225,48.077363897,0,2,#fc8d62,car
207360,"9,21E+18",9,1,62,0,2021,12,1,6,3,8,1,2,0,1,0,0,0,0,"688626,647995","5331678,51557",11.534160325,48.110412255,2,2,#fc8d62,car
207362,"9,21E+18",9,1,84,112,2021,12,7,4,3,1,7,2,0,0,1,0,1,0,"700301,645344","5340257,22395",11.69487316,48.183945073,1,3,#8da0cb,toilet
207365,"9,21E+18",9,1,62,0,2021,12,16,2,3,4,2,2,1,1,0,0,0,0,"684708,954396","5329281,25107",11.480541143,48.090012403,0,1,#66c2a5,bicycle
207366,"9,21E+18",9,1,62,0,2021,11,8,5,3,5,3,0,1,0,0,0,0,0,"690141,037001","5338084,591",11.557344809,48.167539839,1,1,#66c2a5,bicycle
207367,"9,21E+18",9,1,74,115,2021,11,0,1,3,0,7,2,1,0,0,0,0,0,"680236,270949","5348000,06927",11.428469127,48.259553453,1,1,#66c2a5,bicycle
207370,"9,21E+18",9,1,62,0,2021,12,12,6,3,3,2,0,1,1,0,0,0,0,"686780,814471","5336995,79655",11.511718085,48.158749674,0,1,#66c2a5,bicycle
207371,"9,21E+18",9,1,62,0,2021,11,8,3,3,5,3,0,0,1,0,0,0,1,"694999,83931","5334844,60993",11.621139827,48.136948616,2,2,#fc8d62,car
207373,"9,21E+18",9,1,62,0,2021,12,16,3,3,1,6,0,0,1,0,0,0,0,"687757,042172","5334393,36842",11.523684885,48.13507099,0,2,#fc8d62,car
207377,"9,21E+18",9,7,61,0,2021,11,20,5,3,9,1,2,1,0,0,0,0,0,"639249,943","5358871,164",10.88016988,48.367639994,1,1,#66c2a5,bicycle
207379,"9,21E+18",9,1,88,120,2021,12,7,6,3,5,3,1,1,1,0,0,0,0,"677420,464637","5327441,70685",11.381986197,48.075546765,1,1,#66c2a5,bicycle
207380,"9,21E+18",9,1,86,143,2021,12,7,6,3,5,3,1,0,1,0,0,0,0,"685237,570849","5378532,05052",11.509256695,48.532531813,1,2,#fc8d62,car
207383,"9,21E+18",9,1,63,0,2021,12,14,2,3,5,3,0,0,1,0,0,0,0,"732859,371056","5305249,26659",12.113265968,47.858345433,1,2,#fc8d62,car
207384,"9,21E+18",9,1,74,115,2021,12,7,3,3,5,3,1,0,1,0,0,0,0,"680945,815628","5347190,82854",11.437674417,48.25207726,1,2,#fc8d62,car
207386,"9,21E+18",9,1,62,0,2021,12,17,1,3,5,3,2,1,1,0,0,0,0,"690355,190683","5334146,33298",11.558460944,48.132078821,1,1,#66c2a5,bicycle
207388,"9,21E+18",9,1,87,122,2021,12,6,5,3,6,7,2,0,1,1,0,0,0,"717506,577734","5307014,96733",11.909175018,47.879591664,1,2,#fc8d62,car
207391,"9,21E+18",9,7,61,0,2021,12,16,7,3,0,1,0,1,0,0,0,0,0,"641404,241811","5360322,98636",10.909729113,48.380215246,0,1,#66c2a5,bicycle
207392,"9,21E+18",9,1,81,130,2021,12,19,3,2,5,3,2,1,1,0,0,0,0,"639787,526322","5324122,28162",10.875972632,48.055059317,1,1,#66c2a5,bicycle
207393,"9,21E+18",9,1,78,145,2021,11,22,7,3,8,1,2,1,0,0,0,0,0,"697508,727438","5354458,79282",11.663964376,48.312450159,1,1,#66c2a5,bicycle
207394,"9,21E+18",9,7,77,112,2021,11,20,2,3,0,1,2,1,0,0,0,0,0,"622560,236","5296677,366",10.637073174,47.811772551,2,1,#66c2a5,bicycle
207397,"9,21E+18",9,1,87,117,2021,12,10,4,2,0,7,0,1,0,0,0,0,0,"727369,899516","5305887,45809",12.040316924,47.866045042,1,1,#66c2a5,bicycle
207399,"9,21E+18",9,1,62,0,2021,12,7,5,3,5,2,2,1,1,0,0,0,0,"691392,625176","5332031,87088",11.571440687,48.11276309,1,1,#66c2a5,bicycle
207403,"9,21E+18",9,7,72,184,2021,12,16,5,3,5,2,2,0,1,0,0,0,0,"636060,225248","5364144,5558",10.838833515,48.415753658,1,2,#fc8d62,car
207404,"9,21E+18",9,1,62,0,2021,12,22,7,3,2,1,2,0,1,0,0,0,0,"688073,055001","5340228,474",11.530508004,48.187424528,1,2,#fc8d62,car
207405,"9,21E+18",9,1,88,121,2021,12,15,3,3,7,1,0,1,0,0,0,0,0,"670989,43643","5329824,04026",11.296672447,48.098720356,1,1,#66c2a5,bicycle
207406,"9,21E+18",9,1,62,0,2021,11,22,6,3,1,1,2,0,1,0,1,0,0,"691602,918717","5333675,38177",11.575001713,48.12747158,1,2,#fc8d62,car
207409,"9,21E+18",9,1,62,0,2021,12,16,6,3,1,5,1,0,1,0,0,0,0,"691289,065996","5335325,68082",11.571529207,48.1423987,0,2,#fc8d62,car
207410,"9,21E+18",9,1,62,0,2021,11,9,3,3,0,6,0,1,1,0,0,0,0,"688039,272001","5331286,031",11.526104016,48.107058175,2,1,#66c2a5,bicycle
207411,"9,21E+18",9,1,62,0,2021,12,20,4,3,5,2,2,0,1,0,0,0,0,"690503,352977","5339868,14684",11.563012154,48.183461789,1,2,#fc8d62,car
207412,"9,21E+18",9,7,72,125,2021,12,16,5,3,5,3,0,0,1,0,0,0,0,"633918,655859","5348405,78386",10.804900108,48.27468686,1,2,#fc8d62,car
207413,"9,21E+18",9,1,62,0,2021,12,17,4,3,5,3,2,1,1,0,0,0,0,"697469,152666","5331839,7868",11.652903126,48.109181839,1,1,#66c2a5,bicycle
207416,"9,21E+18",9,1,79,121,2021,11,8,2,2,4,6,0,0,0,0,0,0,1,"666762,128","5341043,29",11.244334055,48.200702429,2,6,#ffd92f,circle
207417,"9,21E+18",9,1,62,0,2021,12,11,6,3,0,7,0,0,0,0,0,0,1,"698177,526012","5329046,28223",11.661112361,48.083855744,0,6,#ffd92f,circle
207419,"9,21E+18",9,7,71,145,2021,12,9,6,3,5,3,0,0,1,0,0,0,0,"648926,578496","5342936,82883",11.005124436,48.222162387,1,2,#fc8d62,car
207421,"9,21E+18",9,1,62,0,2021,12,15,2,3,5,3,0,1,1,0,0,0,0,"691446,221256","5340002,06384",11.575744479,48.184381995,0,1,#66c2a5,bicycle
207422,"9,21E+18",9,1,88,139,2021,12,18,4,3,4,1,2,0,1,0,0,0,0,"671335,829711","5318726,2185",11.296878368,47.99885946,2,2,#fc8d62,car
207425,"9,21E+18",9,1,62,0,2021,12,18,7,3,0,1,2,1,1,0,0,0,0,"692972,257001","5334394,408",11.593710747,48.133520389,1,1,#66c2a5,bicycle
207426,"9,21E+18",9,1,84,121,2021,11,7,5,3,5,3,0,1,1,0,0,0,0,"705765,695684","5331196,11168",11.763921043,48.100771635,0,1,#66c2a5,bicycle
207435,"9,21E+18",9,1,62,0,2021,12,8,4,3,5,3,0,0,1,0,1,0,0,"690554,356413","5337771,84228",11.562757947,48.164605118,1,2,#fc8d62,car
207438,"9,21E+18",9,7,61,0,2021,12,16,7,3,5,3,1,0,1,0,0,0,0,"640732,117605","5359243,18761",10.900295495,48.370656368,1,2,#fc8d62,car
207440,"9,21E+18",9,1,62,0,2021,11,16,5,3,1,6,1,0,1,0,0,0,0,"689017,193893","5336809,50297",11.541678316,48.156414423,1,2,#fc8d62,car
207441,"9,21E+18",9,7,71,130,2021,11,10,1,3,0,1,0,1,0,0,0,0,0,"646682,762879","5357643,94127",10.980040118,48.35492222,2,1,#66c2a5,bicycle
207446,"9,21E+18",9,7,77,112,2021,12,7,5,3,4,1,1,0,1,0,0,0,0,"623269,801526","5296361,36356",10.646457161,47.808794968,1,2,#fc8d62,car
207449,"9,21E+18",9,1,62,0,2021,12,16,4,3,1,7,0,0,1,0,0,0,0,"682046,685607","5337200,39321",11.448204948,48.161961742,0,2,#fc8d62,car
207452,"9,21E+18",9,1,62,0,2021,12,8,7,3,3,7,0,0,1,0,0,0,0,"689062,139892","5332537,93883",11.5403861,48.11800777,1,2,#fc8d62,car
207459,"9,21E+18",9,1,62,0,2021,12,17,7,3,2,6,2,1,1,0,0,0,0,"691658,227614","5335911,66733",11.576750482,48.147554364,1,1,#66c2a5,bicycle
207463,"9,21E+18",9,1,63,0,2021,11,13,6,3,5,7,0,1,1,0,0,0,0,"732903,887002","5305643,31899",12.114072435,47.86186951,1,1,#66c2a5,bicycle
207464,"9,21E+18",9,1,79,119,2021,11,18,2,2,0,7,2,1,0,0,0,0,1,"670399,097903","5338996,96711",11.292420161,48.18134099,2,1,#66c2a5,bicycle
207468,"9,21E+18",9,1,62,0,2021,12,17,3,3,4,2,2,1,1,0,0,0,0,"692618,443462","5334803,32513",11.58914513,48.137302824,0,1,#66c2a5,bicycle
207475,"9,21E+18",9,1,88,139,2021,12,13,6,3,6,4,0,0,1,1,0,0,0,"674959,239001","5319383,01",11.345678823,48.003782599,1,2,#fc8d62,car
207476,"9,21E+18",9,1,74,146,2021,11,13,3,3,5,3,0,0,1,0,0,0,0,"667572,00244","5351625,58268",11.259413508,48.295621959,2,2,#fc8d62,car
207482,"9,21E+18",9,7,72,184,2021,12,7,4,3,5,3,0,0,1,0,0,0,0,"636061,652557","5364137,63392",10.838850549,48.415691109,1,2,#fc8d62,car
207483,"9,21E+18",9,7,61,0,2021,12,14,5,3,2,6,0,1,1,0,0,0,0,"644062,250845","5357234,16346",10.944547492,48.351841009,0,1,#66c2a5,bicycle
207485,"9,21E+18",9,1,62,0,2021,12,9,3,3,5,3,0,1,1,0,0,0,0,"686005,328533","5329411,92223",11.497990569,48.090809954,1,1,#66c2a5,bicycle
207486,"9,21E+18",9,1,62,0,2021,12,22,7,3,2,6,2,0,1,0,0,0,0,"692039,056001","5336430,809",11.582099357,48.152105457,1,2,#fc8d62,car
207487,"9,21E+18",9,1,84,149,2021,12,9,2,3,4,7,0,0,1,0,0,0,0,"691526,90804","5349594,1241",11.581163199,48.270568281,1,2,#fc8d62,car
207488,"9,21E+18",9,2,74,113,2021,11,10,6,3,4,3,0,0,1,0,0,0,0,"729250,085795","5382937,93616",12.107056135,48.5575822,0,2,#fc8d62,car
207490,"9,21E+18",9,1,86,143,2021,12,15,2,3,1,7,0,1,1,0,0,0,0,"685276,437112","5378175,94996",11.509624393,48.529319812,0,1,#66c2a5,bicycle
207493,"9,21E+18",9,1,62,0,2021,11,6,3,2,1,3,2,0,1,0,1,0,0,"689380,972507","5334438,65533",11.545510385,48.134996862,1,2,#fc8d62,car
207496,"9,21E+18",9,1,75,135,2021,12,16,5,3,5,3,2,0,1,0,0,1,0,"707479,764858","5339334,8248",11.790880973,48.173352762,1,2,#fc8d62,car
207497,"9,21E+18",9,1,79,121,2021,12,18,3,3,1,7,2,0,1,0,0,0,0,"667835,995225","5338777,04375",11.257879254,48.18004616,0,2,#fc8d62,car
207498,"9,21E+18",9,1,79,145,2021,12,16,4,3,0,3,2,1,1,0,0,0,0,"674061,964504","5337540,93201",11.341059115,48.167259207,0,1,#66c2a5,bicycle
207499,"9,21E+18",9,1,62,0,2021,11,13,5,3,0,2,0,0,1,0,0,0,0,"690573,730135","5329288,51181",11.559224944,48.088351227,0,2,#fc8d62,car
207503,"9,21E+18",9,1,62,0,2021,12,9,5,3,5,2,0,1,1,0,0,0,0,"692144,147923","5340926,49007",11.585542747,48.192479785,1,1,#66c2a5,bicycle
207504,"9,21E+18",9,1,62,0,2021,11,8,2,3,5,3,0,1,1,0,0,0,0,"687095,269595","5337245,25026",11.516052172,48.160899382,0,1,#66c2a5,bicycle
207505,"9,21E+18",9,1,62,0,2021,12,18,2,3,2,6,2,0,1,0,0,0,0,"689785,006297","5331921,65856",11.549814882,48.112253562,1,2,#fc8d62,car
207506,"9,21E+18",9,1,62,0,2021,12,6,3,3,8,1,2,0,1,0,0,0,0,"692179,860379","5330340,55141",11.581244669,48.097324664,2,2,#fc8d62,car
207509,"9,21E+18",9,1,84,136,2021,12,15,4,3,5,3,0,1,0,0,0,0,0,"697572,668144","5327823,64916",11.652434133,48.073055165,0,1,#66c2a5,bicycle
207511,"9,21E+18",9,1,88,139,2021,12,8,5,3,0,7,0,0,1,0,0,0,1,"676821,263699","5322326,14503",11.371834782,48.029727465,1,2,#fc8d62,car
207513,"9,21E+18",9,1,62,0,2021,12,9,2,3,4,1,0,0,1,0,0,0,1,"689414,157091","5333620,97447",11.545592475,48.127637598,1,2,#fc8d62,car
207514,"9,21E+18",9,1,62,0,2021,11,9,2,3,0,1,0,1,0,0,0,0,0,"686701,892665","5333761,49069",11.509239636,48.129701884,1,1,#66c2a5,bicycle
207515,"9,21E+18",9,2,61,0,2021,12,10,2,3,2,2,0,0,1,0,0,0,0,"731594,439801","5381545,243",12.138005632,48.544210607,0,2,#fc8d62,car
207517,"9,21E+18",9,1,62,0,2021,12,12,6,3,6,4,0,0,1,1,0,0,0,"687984,754677","5337767,22942",11.528232582,48.165328661,1,2,#fc8d62,car
207518,"9,21E+18",9,1,62,0,2021,11,8,3,3,3,2,0,1,0,0,0,1,0,"687992,513024","5334285,08991",11.52679893,48.134028246,1,1,#66c2a5,bicycle
207522,"9,21E+18",9,1,78,143,2021,12,11,6,3,5,3,0,0,1,0,1,0,0,"717542,978002","5373315,972",11.943595846,48.475304392,1,2,#fc8d62,car
207524,"9,21E+18",9,1,62,0,2021,11,7,2,3,5,3,1,1,1,0,0,0,0,"684130,72677","5336153,08535",11.475751381,48.151947857,1,1,#66c2a5,bicycle
207526,"9,21E+18",9,1,62,0,2021,12,11,2,3,0,7,0,1,0,0,0,0,0,"683018,697378","5335760,17422",11.46064486,48.148737085,0,1,#66c2a5,bicycle
207527,"9,21E+18",9,7,72,200,2021,11,18,2,3,0,1,2,0,0,0,0,0,1,"630407,238","5337288,879",10.754177666,48.17544985,2,6,#ffd92f,circle
207531,"9,21E+18",9,1,90,157,2021,12,15,4,3,3,6,0,1,1,0,0,0,0,"659904,575563","5300820,40621",11.137105268,47.840828999,0,1,#66c2a5,bicycle
207532,"9,21E+18",9,7,71,113,2021,12,12,5,3,5,2,0,0,1,0,0,0,1,"657948,032803","5368171,82687",11.135962638,48.446854092,1,2,#fc8d62,car
207537,"9,21E+18",9,7,61,0,2021,11,11,6,3,5,2,0,0,1,0,0,0,0,"641789,31703","5361455,65397",10.915308941,48.390313259,1,2,#fc8d62,car
207541,"9,21E+18",9,7,61,0,2021,12,17,6,3,3,7,2,0,1,0,0,0,1,"641210,23022","5359201,50155",10.906733705,48.370174748,2,2,#fc8d62,car
207545,"9,21E+18",9,1,87,165,2021,12,15,3,3,0,7,0,0,1,0,0,0,0,"733241,236238","5297797,29773",12.114352365,47.791257431,0,2,#fc8d62,car
207546,"9,21E+18",9,1,62,0,2021,12,20,3,3,5,3,2,0,1,0,0,0,0,"689005,980001","5332116,591",11.539445511,48.114237301,0,2,#fc8d62,car
207548,"9,21E+18",9,7,72,202,2021,11,12,5,2,2,6,0,1,0,0,0,0,0,"637016,978","5357685,906",10.849650546,48.357470935,0,1,#66c2a5,bicycle
207550,"9,21E+18",9,1,62,0,2021,12,15,6,3,5,3,0,0,1,0,0,0,0,"688890,311036","5342681,27505",11.542584251,48.209227845,0,2,#fc8d62,car
207553,"9,21E+18",9,7,61,0,2021,12,8,2,3,5,3,0,1,1,0,0,0,0,"640703,414704","5359973,76423",10.900152644,48.377231854,1,1,#66c2a5,bicycle
207557,"9,21E+18",9,1,62,0,2021,12,17,7,3,4,2,2,0,1,0,1,0,0,"690352,970312","5334301,67701",11.558500537,48.133475717,1,2,#fc8d62,car
207559,"9,21E+18",9,1,87,165,2021,12,19,5,2,8,7,2,0,0,0,1,0,0,"731251,751556","5298907,08288",12.0884192,47.801945493,0,4,#e78ac3,marker
207561,"9,21E+18",9,1,88,127,2021,12,13,1,3,5,3,0,1,1,0,0,0,0,"676763,961918","5329860,94444",11.374181297,48.097476379,0,1,#66c2a5,bicycle
207563,"9,21E+18",9,1,84,149,2021,11,11,6,3,0,1,0,1,0,0,0,0,0,"691549,634478","5351559,95495",11.582360065,48.288229515,1,1,#66c2a5,bicycle
207567,"9,21E+18",9,1,62,0,2021,12,11,6,3,2,2,0,1,1,0,0,0,0,"695571,495741","5336697,2435",11.629666486,48.15342369,1,1,#66c2a5,bicycle
207570,"9,21E+18",9,7,61,0,2021,12,20,5,3,5,3,2,0,1,0,0,0,0,"638370,093788","5359291,83005",10.868435054,48.371616044,1,2,#fc8d62,car
207580,"9,21E+18",9,1,62,0,2021,12,17,3,3,6,2,2,0,1,1,0,0,0,"686216,512611","5333880,84291",11.502774838,48.130916853,1,2,#fc8d62,car
207586,"9,21E+18",9,1,62,0,2021,12,10,5,3,5,3,0,0,1,0,0,0,0,"698533,562001","5333275,419",11.667855257,48.121753363,0,2,#fc8d62,car
207590,"9,21E+18",9,1,62,0,2021,11,18,5,3,5,2,2,1,1,0,0,0,0,"689931,777747","5336601,71025",11.55387116,48.154274288,0,1,#66c2a5,bicycle
207591,"9,21E+18",9,2,74,126,2021,11,12,2,2,5,3,0,1,1,0,0,0,0,"733648,162521","5384034,90251",12.1671856,48.565812772,1,1,#66c2a5,bicycle
207593,"9,21E+18",9,2,61,0,2021,12,12,6,3,8,7,0,1,0,0,0,0,0,"734788,141547","5381468,77611",12.181166819,48.542336887,0,1,#66c2a5,bicycle
207596,"9,21E+18",9,7,61,0,2021,12,12,5,3,5,2,0,1,1,0,0,0,0,"642373,634841","5360860,32317",10.922995616,48.384828704,0,1,#66c2a5,bicycle
207597,"9,21E+18",9,1,62,0,2021,12,8,3,2,0,7,0,1,0,0,0,0,0,"690232,535779","5335417,85853",11.557382,48.143543964,2,1,#66c2a5,bicycle
207602,"9,21E+18",9,1,63,0,2021,11,17,7,3,6,2,2,0,1,1,0,0,0,"732651,231763","5304873,05774",12.110285101,47.855040901,0,2,#fc8d62,car
207603,"9,21E+18",9,1,84,147,2021,12,12,5,3,5,3,0,0,1,0,1,0,0,"696976,828001","5340258,252",11.650191375,48.184993831,0,2,#fc8d62,car
207607,"9,21E+18",9,1,79,119,2021,12,17,3,2,6,4,2,0,1,1,0,0,0,"669441,074346","5339560,90881",11.279767176,48.186666915,0,2,#fc8d62,car
207610,"9,21E+18",9,1,62,0,2021,12,15,4,3,0,1,0,1,0,0,0,0,0,"686077,337001","5332261,169",11.500199103,48.116399255,1,1,#66c2a5,bicycle
207613,"9,21E+18",9,1,84,112,2021,12,15,7,2,6,7,0,0,1,1,0,0,0,"702457,784767","5338966,3297",11.723233286,48.171660752,0,2,#fc8d62,car
207614,"9,21E+18",9,1,62,0,2021,12,21,2,3,0,7,2,0,0,0,0,0,1,"690878,400024","5337389,57945",11.566939922,48.161072174,0,6,#ffd92f,circle
207615,"9,21E+18",9,1,62,0,2021,11,17,6,3,4,2,2,1,1,0,0,0,0,"691011,427086","5335894,99764",11.568056164,48.147599082,1,1,#66c2a5,bicycle
207619,"9,21E+18",9,2,61,0,2021,12,11,4,3,0,6,0,0,0,0,0,0,1,"731633,742037","5382374,20109",12.138998285,48.551642475,0,6,#ffd92f,circle
207621,"9,21E+18",9,7,72,125,2021,12,15,5,3,0,1,0,1,0,0,0,0,0,"636213,586778","5347322,75797",10.835464988,48.264458638,2,1,#66c2a5,bicycle
207623,"9,21E+18",9,7,78,116,2021,12,11,3,2,6,7,0,0,1,1,0,0,0,"619272,931104","5317886,65157",10.59904783,48.003143101,0,2,#fc8d62,car
207625,"9,21E+18",9,1,77,120,2021,11,4,1,2,6,4,2,0,0,1,1,0,0,"717917,022911","5360329,99849",11.941904879,48.358500708,1,3,#8da0cb,toilet
207626,"9,21E+18",9,7,61,0,2021,12,10,6,3,0,7,0,1,0,0,0,0,0,"640451,085254","5359544,11033",10.896603418,48.373424769,0,1,#66c2a5,bicycle
207629,"9,21E+18",9,1,77,117,2021,12,17,4,3,6,4,2,0,1,1,0,0,0,"716143,094297","5354362,00533",11.914928539,48.305487946,1,2,#fc8d62,car
207630,"9,21E+18",9,7,61,0,2021,12,5,2,3,2,6,2,0,1,0,0,0,0,"639102,984266","5359144,82599",10.878277254,48.370133103,0,2,#fc8d62,car
207631,"9,21E+18",9,7,61,0,2021,12,7,3,3,5,3,1,1,1,0,0,0,0,"641992,546519","5358811,93919",10.917159506,48.36649645,1,1,#66c2a5,bicycle
207637,"9,21E+18",9,1,88,139,2021,12,7,6,3,4,6,1,1,1,0,0,0,0,"674397,544511","5318961,83129",11.337983501,48.00014981,2,1,#66c2a5,bicycle
207638,"9,21E+18",9,1,81,130,2021,12,16,6,3,5,3,2,0,1,0,0,0,0,"638632,711991","5325124,49534",10.860808188,48.064323506,2,2,#fc8d62,car
207639,"9,21E+18",9,1,74,113,2021,11,10,3,3,8,1,0,0,1,0,0,1,0,"677684,886001","5347753,653",11.394020165,48.258059051,2,2,#fc8d62,car
207640,"9,21E+18",9,1,62,0,2021,12,21,1,3,0,7,2,0,0,0,0,0,1,"682897,869001","5335920,183",11.459090656,48.150210102,1,6,#ffd92f,circle
207644,"9,21E+18",9,7,61,0,2021,12,14,6,3,0,1,0,0,0,0,0,0,1,"637167,870325","5361538,56801",10.85294343,48.392080888,1,6,#ffd92f,circle
207645,"9,21E+18",9,1,62,0,2021,12,7,4,3,5,3,0,1,1,0,0,0,0,"698195,537516","5332298,79103",11.662864117,48.11308145,1,1,#66c2a5,bicycle
207646,"9,21E+18",9,1,77,133,2021,12,15,5,3,5,3,0,0,1,0,0,1,0,"709930,811903","5359267,77523",11.833700084,48.351661412,1,2,#fc8d62,car
207650,"9,21E+18",9,7,61,0,2021,11,8,6,3,0,7,0,1,0,0,0,0,0,"640334,66601","5359166,51893",10.894906206,48.37005549,1,1,#66c2a5,bicycle
207653,"9,21E+18",9,1,63,0,2021,12,10,2,3,6,4,0,1,0,1,0,0,0,"733521,684304","5305896,59522",12.122456889,47.863920739,1,1,#66c2a5,bicycle
207654,"9,21E+18",9,1,62,0,2021,12,17,2,3,4,2,2,0,1,0,0,0,0,"686204,040649","5334849,15771",11.503030637,48.139624083,0,2,#fc8d62,car
207656,"9,21E+18",9,1,84,112,2021,12,15,6,3,4,6,0,1,1,0,0,0,0,"701831,489726","5343973,78785",11.717198937,48.216860764,0,1,#66c2a5,bicycle
207661,"9,21E+18",9,1,88,124,2021,12,9,3,3,1,5,0,0,1,0,0,0,0,"662143,290305","5318128,60146",11.17351451,47.995883756,0,2,#fc8d62,car
207662,"9,21E+18",9,1,62,0,2021,11,16,6,3,5,3,2,0,1,0,0,0,0,"684849,556001","5332112,43",11.483653867,48.115419884,1,2,#fc8d62,car
207663,"9,21E+18",9,1,62,0,2021,11,14,2,3,0,7,0,0,0,0,0,0,1,"692323,950984","5337555,29585",11.586434196,48.162125997,0,6,#ffd92f,circle
207664,"9,21E+18",9,2,74,126,2021,12,11,2,3,0,7,0,0,1,0,0,0,1,"733967,343573","5384182,65422",12.171588383,48.567020931,0,2,#fc8d62,car
207666,"9,21E+18",9,1,62,0,2021,11,15,3,3,4,2,1,0,1,0,0,0,0,"699998,343001","5335306,739",11.688469716,48.139550571,1,2,#fc8d62,car
207668,"9,21E+18",9,1,62,0,2021,12,19,5,3,5,3,2,1,1,0,0,0,0,"688582,378488","5334761,10276",11.534929984,48.138132213,1,1,#66c2a5,bicycle
207673,"9,21E+18",9,1,79,114,2021,11,9,2,3,4,6,0,0,1,0,0,0,0,"654158,721903","5341725,0981",11.075081568,48.210018008,2,2,#fc8d62,car
207674,"9,21E+18",9,1,62,0,2021,12,18,7,3,0,7,2,1,0,0,0,0,0,"688611,527624","5335674,26041",11.53572587,48.146331166,0,1,#66c2a5,bicycle
207675,"9,21E+18",9,1,62,0,2021,12,15,6,2,6,4,0,0,0,1,0,0,1,"690484,326386","5333439,04111",11.559878635,48.125683052,0,3,#8da0cb,toilet
207677,"9,21E+18",9,7,72,163,2021,12,16,2,3,5,3,2,0,1,0,0,0,0,"638939,736169","5347511,45353",10.872241406,48.265563309,1,2,#fc8d62,car
207678,"9,21E+18",9,7,77,112,2021,12,4,3,3,9,1,2,0,1,0,0,0,0,"621399,414248","5297650,96075",10.621846919,47.820748971,2,2,#fc8d62,car
207680,"9,21E+18",9,1,62,0,2021,12,17,3,3,6,1,2,0,1,1,0,0,0,"692583,290321","5338070,65604",11.590151532,48.166679414,1,2,#fc8d62,car
207683,"9,21E+18",9,1,73,147,2021,11,16,7,3,0,1,1,0,0,0,1,0,0,"681732,749001","5308533,481",11.431824859,47.904365226,0,4,#e78ac3,marker
207685,"9,21E+18",9,1,62,0,2021,12,8,5,3,5,3,0,0,1,0,0,0,0,"696587,608181","5336458,17755",11.64320373,48.150961858,2,2,#fc8d62,car
207686,"9,21E+18",9,1,62,0,2021,11,13,2,3,5,2,0,1,1,0,0,0,0,"695818,933408","5331070,82652",11.630404652,48.102780222,2,1,#66c2a5,bicycle
207688,"9,21E+18",9,2,74,134,2021,12,21,2,3,8,1,2,0,1,0,0,0,0,"743636,209003","5376824,18699",12.298134647,48.497249151,0,2,#fc8d62,car