OBJECTID,UIDENTSTLA,ULAND,UREGBEZ,UKREIS,UGEMEINDE,UJAHR,UMONAT,USTUNDE,UWOCHENTAG,UKATEGORIE,UART,UTYP1,ULICHTVERH,IstRad,IstPKW,IstFuss,IstKrad,IstGkfz,IstSonstig,LINREFX,LINREFY,XGCSWGS84,YGCSWGS84,STRZUSTAN,Teilnehmer,color,symbol
207693,"9,21E+18",9,1,77,113,2021,12,15,4,3,0,7,0,1,1,0,0,0,0,"722367,020754","5352612,57185",11.997826171,48.287613596,0,1,#66c2a5,bicycle
207695,"9,21E+18",9,1,88,124,2021,12,7,5,3,7,1,2,0,1,0,0,0,0,"661791,515695","5320323,75359",11.169630434,48.015708859,1,2,#fc8d62,car
207697,"9,21E+18",9,7,61,0,2021,12,13,7,3,5,3,0,1,1,0,0,0,0,"641078,179778","5363655,44564",10.906447573,48.410252323,2,1,#66c2a5,bicycle
207699,"9,21E+18",9,1,63,0,2021,11,12,6,3,2,6,0,0,1,0,0,0,0,"733512,218011","5305930,48464",12.12234881,47.864228643,1,2,#fc8d62,car
207700,"9,21E+18",9,1,79,121,2021,11,11,1,3,5,3,0,0,1,0,0,0,0,"665480,499","5337132,439",11.225575794,48.165878828,2,2,#fc8d62,car
207701,"9,21E+18",9,1,62,0,2021,12,0,7,3,9,1,2,0,1,0,0,0,0,"692508,88648","5340852,38606",11.590411973,48.191703316,1,2,#fc8d62,car
207702,"9,21E+18",9,1,90,139,2021,12,17,6,3,5,3,2,0,1,0,0,0,0,"654593,51555","5295106,09156",11.064133828,47.790747082,0,2,#fc8d62,car
207703,"9,21E+18",9,1,62,0,2021,12,22,6,3,5,3,2,0,1,0,0,0,0,"695426,925655","5335117,91872",11.626999763,48.139273968,1,2,#fc8d62,car
207706,"9,21E+18",9,1,63,0,2021,12,7,3,3,5,2,1,0,1,0,0,0,0,"733987,734232","5304312,83245",12.127822212,47.84952269,1,2,#fc8d62,car
207708,"9,21E+18",9,1,62,0,2021,11,18,5,3,5,2,2,0,1,0,0,0,0,"690339,503384","5335865,1604",11.559018498,48.147532309,0,2,#fc8d62,car
207709,"9,21E+18",9,1,62,0,2021,11,16,7,3,5,7,1,1,1,0,0,0,0,"691382,090909","5331960,50944",11.571267283,48.112124863,1,1,#66c2a5,bicycle
207710,"9,21E+18",9,1,62,0,2021,12,17,6,3,4,2,2,0,1,0,0,0,0,"683145,600552","5337548,49053",11.463119166,48.164775055,0,2,#fc8d62,car
207711,"9,21E+18",9,7,61,0,2021,12,13,2,3,5,3,0,0,1,0,0,0,0,"640318,999652","5359899,01837",10.894939254,48.37664537,0,2,#fc8d62,car
207712,"9,21E+18",9,1,81,128,2021,12,17,6,3,8,1,2,0,1,0,0,0,0,"639705,630193","5329591,71988",10.876662709,48.104259724,2,2,#fc8d62,car
207713,"9,21E+18",9,1,62,0,2021,11,9,2,3,5,2,0,0,1,0,0,1,0,"690358,60465","5334076,31893",11.558475502,48.131448514,0,2,#fc8d62,car
207714,"9,21E+18",9,1,79,123,2021,12,16,1,3,5,3,0,0,1,0,0,0,0,"676717,425191","5332264,33028",11.374552383,48.119094006,0,2,#fc8d62,car
207717,"9,21E+18",9,1,62,0,2021,12,19,4,3,5,3,2,0,1,0,0,0,0,"695500,564559","5336030,36425",11.628407486,48.147451939,1,2,#fc8d62,car
207718,"9,21E+18",9,1,90,140,2021,12,6,5,3,0,7,2,1,1,0,0,0,0,"643955,618924","5295289,21738",10.922242945,47.794859636,1,1,#66c2a5,bicycle
207719,"9,21E+18",9,7,61,0,2021,12,9,4,3,0,1,0,1,0,0,0,0,0,"639227,300256","5355843,75824",10.878862866,48.340423208,2,1,#66c2a5,bicycle
207725,"9,21E+18",9,1,79,142,2021,12,19,7,2,5,3,2,0,1,0,0,0,0,"673625,812781","5343798,56424",11.337757098,48.223630785,2,2,#fc8d62,car
207727,"9,21E+18",9,1,62,0,2021,12,17,5,3,5,2,2,1,1,0,0,0,0,"683372,676167","5335502,14359",11.465288312,48.1463158,1,1,#66c2a5,bicycle
207729,"9,21E+18",9,1,62,0,2021,12,19,3,2,5,3,2,1,1,0,0,0,0,"686789,863735","5328067,76001",11.507928407,48.078498626,1,1,#66c2a5,bicycle
207730,"9,21E+18",9,2,61,0,2021,12,18,3,2,6,4,2,0,1,1,0,0,0,"728781,912498","5380948,78368",12.099628062,48.539884318,0,2,#fc8d62,car
207731,"9,21E+18",9,1,87,137,2021,12,11,4,3,5,3,0,0,1,0,0,0,0,"730143,192073","5308767,76263",12.078879772,47.890935393,1,2,#fc8d62,car
207732,"9,21E+18",9,1,62,0,2021,12,13,7,3,3,5,0,0,1,0,0,0,0,"690810,949609","5335147,1491",11.565028507,48.140937635,1,2,#fc8d62,car
207733,"9,21E+18",9,1,62,0,2021,12,11,4,3,3,2,0,1,1,0,0,0,0,"693827,184926","5334671,07117",11.605315285,48.135747157,0,1,#66c2a5,bicycle
207742,"9,21E+18",9,1,62,0,2021,12,9,6,3,5,2,0,1,1,0,0,0,0,"687527,707974","5331979,22981",11.519543346,48.113439658,1,1,#66c2a5,bicycle
207743,"9,21E+18",9,1,88,126,2021,12,14,4,3,6,4,0,0,1,1,0,0,0,"660279,631","5327181,213",11.151938788,48.07774369,0,2,#fc8d62,car
207744,"9,21E+18",9,1,63,0,2021,12,7,5,3,5,6,1,1,0,0,0,0,0,"733601,416002","5305804,95899",12.123471851,47.863068496,1,1,#66c2a5,bicycle
207745,"9,21E+18",9,1,88,124,2021,12,18,5,3,6,2,2,0,1,1,0,0,0,"662104,260394","5318757,90614",11.173229423,48.001551547,1,2,#fc8d62,car
207747,"9,21E+18",9,1,62,0,2021,12,12,7,3,6,4,0,0,1,1,0,0,0,"694029,358742","5335028,37787",11.608192632,48.138896893,0,2,#fc8d62,car
207748,"9,21E+18",9,1,84,131,2021,12,17,2,3,6,2,2,0,1,1,0,0,0,"704942,814877","5337877,35082",11.756094454,48.161078268,0,2,#fc8d62,car
207749,"9,21E+18",9,7,61,0,2021,11,13,6,3,1,1,0,0,1,0,0,0,1,"641280,186523","5352287,41164",10.905358783,48.307989896,1,2,#fc8d62,car
207750,"9,21E+18",9,1,62,0,2021,11,10,7,3,6,7,0,0,1,1,0,0,0,"682402,210709","5341671,11032",11.454900774,48.202045511,0,2,#fc8d62,car
207755,"9,21E+18",9,7,61,0,2021,12,7,5,3,2,6,1,0,1,0,0,0,0,"637387,798259","5360790,00665",10.85566791,48.385302062,1,2,#fc8d62,car
207757,"9,21E+18",9,1,62,0,2021,12,16,2,3,2,6,0,1,1,0,0,0,0,"693679,566646","5334408,17978",11.603213691,48.133429316,0,1,#66c2a5,bicycle
207758,"9,21E+18",9,7,61,0,2021,12,15,3,3,1,5,0,1,1,0,0,0,0,"638187,711","5358078,556",10.865575049,48.360746446,1,1,#66c2a5,bicycle
207761,"9,21E+18",9,1,62,0,2021,12,16,5,3,6,4,2,0,1,1,0,0,0,"685330,584611","5333734,08329",11.490815713,48.129856285,0,2,#fc8d62,car
207764,"9,21E+18",9,1,62,0,2021,11,7,2,3,5,3,0,1,1,0,0,0,0,"695831,391587","5333707,29912",11.631782428,48.126471715,1,1,#66c2a5,bicycle
207765,"9,21E+18",9,7,61,0,2021,12,22,1,3,5,3,2,0,1,0,0,0,0,"641881,056397","5359907,61964",10.916024767,48.376373405,1,2,#fc8d62,car
207766,"9,21E+18",9,1,62,0,2021,12,13,2,3,5,2,1,1,0,0,0,0,1,"687835,82455","5334444,95971",11.524765499,48.135511456,0,1,#66c2a5,bicycle
207770,"9,21E+18",9,1,87,165,2021,12,7,5,3,5,2,0,1,0,0,0,0,0,"732692,121002","5297455,25599",12.106848124,47.788383022,0,1,#66c2a5,bicycle
207772,"9,21E+18",9,1,62,0,2021,12,15,5,3,3,2,0,1,1,0,0,0,0,"685309,196225","5332704,06011",11.490080713,48.120604168,1,1,#66c2a5,bicycle
207774,"9,21E+18",9,1,62,0,2021,12,20,7,3,3,2,2,1,0,0,0,0,1,"689940,751425","5336608,539",11.553994746,48.154332985,1,1,#66c2a5,bicycle
207775,"9,21E+18",9,1,82,119,2021,12,10,3,3,6,4,0,0,1,1,0,0,0,"712802,210001","5292504,521",11.839211406,47.750771379,0,2,#fc8d62,car
207777,"9,21E+18",9,1,62,0,2021,11,17,2,3,4,2,2,0,1,0,0,0,0,"695561,454861","5336697,59951",11.629531787,48.153429977,0,2,#fc8d62,car
207778,"9,21E+18",9,1,74,115,2021,12,14,2,3,3,5,0,1,1,0,0,0,0,"681062,543","5346856,85019",11.43910262,48.249041916,0,1,#66c2a5,bicycle
207780,"9,21E+18",9,1,62,0,2021,12,13,6,3,6,4,0,0,1,1,0,0,0,"690798,639207","5339670,06413",11.566891823,48.18159284,0,2,#fc8d62,car
207786,"9,21E+18",9,1,90,157,2021,12,13,6,3,5,7,0,1,1,0,0,0,0,"660313,474607","5300357,74268",11.142394866,47.836567295,0,1,#66c2a5,bicycle
207789,"9,21E+18",9,1,63,0,2021,12,20,3,3,2,6,2,0,1,0,0,0,0,"733360,99468","5304457,45475",12.119535145,47.851049797,1,2,#fc8d62,car
207792,"9,21E+18",9,1,62,0,2021,12,14,6,3,5,3,0,0,1,0,0,0,0,"692125,359809","5332264,59177",11.58137978,48.114634145,0,2,#fc8d62,car
207797,"9,21E+18",9,1,62,0,2021,12,14,2,3,2,6,0,0,1,0,0,0,1,"691334,109273","5340357,17946",11.574397629,48.187607478,0,2,#fc8d62,car
207798,"9,21E+18",9,1,74,115,2021,11,15,6,3,5,7,0,0,1,0,0,0,0,"683582,128309","5348288,77412",11.473632603,48.261187904,1,2,#fc8d62,car
207802,"9,21E+18",9,7,61,0,2021,12,12,6,3,2,6,0,0,1,0,0,0,0,"638531,90891","5359325,53164",10.870629964,48.371883583,1,2,#fc8d62,car
207805,"9,21E+18",9,7,61,0,2021,12,10,3,3,2,6,0,1,1,0,0,0,0,"642143,748","5361686,582",10.920171998,48.39230987,1,1,#66c2a5,bicycle
207812,"9,21E+18",9,1,62,0,2021,12,12,5,3,0,1,0,1,0,0,0,0,0,"693744,957359","5332940,09615",11.603424278,48.120214738,2,1,#66c2a5,bicycle
207815,"9,21E+18",9,1,62,0,2021,12,9,2,3,4,6,0,1,0,0,0,0,1,"691952,190381","5334189,82055",11.579922468,48.131990058,1,1,#66c2a5,bicycle
207823,"9,21E+18",9,1,87,182,2021,12,10,3,2,6,7,0,0,1,1,0,0,0,"740847,866285","5328110,53513",12.232697496,48.060763696,1,2,#fc8d62,car
207824,"9,21E+18",9,1,81,130,2021,11,17,7,3,5,3,2,0,1,0,0,0,1,"638637,492177","5325121,19809",10.860871246,48.064292817,1,2,#fc8d62,car
207825,"9,21E+18",9,1,62,0,2021,11,16,2,3,0,4,0,0,0,1,1,0,0,"693587,81821","5333832,47629",11.60172028,48.128282983,0,3,#8da0cb,toilet
207826,"9,21E+18",9,1,63,0,2021,12,11,2,3,5,3,0,1,1,0,0,0,0,"731971,387629","5304584,06231",12.101055177,47.852690222,0,1,#66c2a5,bicycle
207827,"9,21E+18",9,7,61,0,2021,12,14,6,3,5,1,0,1,1,0,0,0,0,"639360,744674","5357292,14654",10.881142078,48.353417387,1,1,#66c2a5,bicycle
207828,"9,21E+18",9,1,74,141,2021,12,19,4,3,0,1,2,1,0,0,0,0,0,"681039,852925","5356107,75307",11.442762267,48.332200668,1,1,#66c2a5,bicycle
207830,"9,21E+18",9,1,62,0,2021,12,20,5,3,2,6,2,0,1,0,0,0,0,"690755,926072","5339998,25331",11.566465126,48.184555385,1,2,#fc8d62,car
207831,"9,21E+18",9,1,62,0,2021,12,15,4,3,5,7,0,0,1,0,0,0,1,"690330,019013","5335211,58434",11.558598958,48.14166082,1,2,#fc8d62,car
207835,"9,21E+18",9,1,84,138,2021,11,10,7,3,5,3,0,0,1,0,0,1,0,"679872,899835","5330998,00813",11.416379677,48.106827483,1,2,#fc8d62,car
207836,"9,21E+18",9,1,84,112,2021,12,23,7,1,0,7,2,1,0,0,0,0,0,"701488,440305","5338679,13773",11.710073838,48.16938782,0,1,#66c2a5,bicycle
207838,"9,21E+18",9,7,61,0,2021,11,6,3,3,4,6,2,1,1,0,0,0,0,"640567,159953","5357740,08169",10.897567076,48.357177692,2,1,#66c2a5,bicycle
207839,"9,21E+18",9,1,62,0,2021,12,15,3,3,5,2,0,0,1,0,0,0,0,"680218,855001","5338500,984",11.424198029,48.17417331,1,2,#fc8d62,car
207840,"9,21E+18",9,1,90,157,2021,12,20,4,2,8,1,2,1,0,0,0,0,0,"660135,065843","5300747,88996",11.140156694,47.840119627,0,1,#66c2a5,bicycle
207844,"9,21E+18",9,1,62,0,2021,12,10,3,3,2,6,0,0,1,0,0,0,0,"692950,372557","5335145,72103",11.593757241,48.140279633,0,2,#fc8d62,car
207845,"9,21E+18",9,7,61,0,2021,11,13,6,3,1,1,0,0,1,0,0,0,0,"641767,068487","5352102,43792",10.911859122,48.306217729,1,2,#fc8d62,car
207846,"9,21E+18",9,7,61,0,2021,11,13,1,3,5,3,0,0,1,0,0,0,0,"638491,57338","5360170,63679",10.870364017,48.37949145,0,2,#fc8d62,car
207847,"9,21E+18",9,1,90,140,2021,12,19,7,3,9,1,2,0,1,0,0,0,0,"644466,27298","5294270,82535",10.928718745,47.785587471,2,2,#fc8d62,car
207849,"9,21E+18",9,1,62,0,2021,12,13,6,3,5,3,0,1,1,0,0,0,0,"691226,466052","5339601,65016",11.57261075,48.180849332,0,1,#66c2a5,bicycle
207853,"9,21E+18",9,2,61,0,2021,12,15,4,3,5,3,1,1,1,0,0,0,0,"731600,897392","5381871,2476",12.138274225,48.547136665,0,1,#66c2a5,bicycle
207854,"9,21E+18",9,1,87,129,2021,12,16,1,3,9,7,0,0,1,0,0,0,1,"725787,156156","5294720,66902",12.013367202,47.766269677,0,2,#fc8d62,car
207858,"9,21E+18",9,1,62,0,2021,12,14,5,3,5,3,0,0,1,0,0,0,0,"687529,41588","5331986,3777",11.519569413,48.113503402,1,2,#fc8d62,car
207859,"9,21E+18",9,1,90,140,2021,11,10,3,3,8,7,0,0,1,0,0,0,0,"646391,34551","5296245,68112",10.955070631,47.802911275,2,2,#fc8d62,car
207864,"9,21E+18",9,7,72,131,2021,12,0,6,3,8,1,2,0,1,0,0,0,0,"615475,273219","5357952,07565",10.559045334,48.364172275,2,2,#fc8d62,car
207865,"9,21E+18",9,1,62,0,2021,12,17,4,3,0,1,2,1,0,0,0,0,0,"689476,048113","5342612,9486",11.550430038,48.20843916,1,1,#66c2a5,bicycle
207867,"9,21E+18",9,2,61,0,2021,12,17,5,3,5,3,2,1,1,0,0,0,0,"731932,269391","5382449,47586",12.143079379,48.552208349,1,1,#66c2a5,bicycle
207869,"9,21E+18",9,1,74,115,2021,12,13,3,3,5,3,0,1,0,0,0,0,0,"681275,064415","5347242,88483",11.44212812,48.25245109,0,1,#66c2a5,bicycle
207872,"9,21E+18",9,1,62,0,2021,12,12,1,3,5,3,0,1,1,0,0,0,0,"698141,720652","5329365,26396",11.660780067,48.08673367,0,1,#66c2a5,bicycle
207873,"9,21E+18",9,1,63,0,2021,12,14,6,3,4,6,0,1,0,0,0,0,0,"733995,514583","5304413,09545",12.127980273,47.850420621,0,1,#66c2a5,bicycle
207874,"9,21E+18",9,1,62,0,2021,11,22,3,3,7,1,2,1,0,0,0,0,0,"696988,269422","5331513,7693",11.646299317,48.106400678,1,1,#66c2a5,bicycle
207877,"9,21E+18",9,7,61,0,2021,12,13,4,3,1,5,0,1,1,0,0,0,0,"639293,90312","5360220,41952",10.881210127,48.379762456,1,1,#66c2a5,bicycle
207879,"9,21E+18",9,7,77,121,2021,12,6,4,3,0,1,2,1,0,0,0,0,0,"628790,121495","5322534,54405",10.727980261,48.043095305,1,1,#66c2a5,bicycle
207881,"9,21E+18",9,7,61,0,2021,11,20,7,3,5,3,2,1,1,0,0,0,0,"639626,700746","5359551,16251",10.885479841,48.373671123,0,1,#66c2a5,bicycle
207882,"9,21E+18",9,1,62,0,2021,12,8,6,3,0,7,0,1,0,0,0,0,0,"689311,161836","5333467,12788",11.544141369,48.126285446,0,1,#66c2a5,bicycle
207885,"9,21E+18",9,7,61,0,2021,12,17,2,3,3,6,2,1,0,0,0,0,1,"639835,734","5357090,332",10.887483,48.35149772,1,1,#66c2a5,bicycle
207887,"9,21E+18",9,1,62,0,2021,12,11,2,3,1,5,0,1,1,0,0,0,0,"693905,47477","5335227,81514",11.606619941,48.140727127,0,1,#66c2a5,bicycle
207891,"9,21E+18",9,1,62,0,2021,12,6,5,3,5,3,2,0,1,0,0,0,0,"698773,406748","5333253,53454",11.67106441,48.121481853,1,2,#fc8d62,car
207892,"9,21E+18",9,1,62,0,2021,12,11,5,3,5,3,0,0,1,0,0,0,0,"692076,318465","5337839,84463",11.583235965,48.164758315,1,2,#fc8d62,car
207893,"9,21E+18",9,1,62,0,2021,11,21,2,2,6,7,2,0,0,1,0,0,1,"694518,588342","5335115,097",11.614801494,48.139526927,1,3,#8da0cb,toilet
207895,"9,21E+18",9,2,61,0,2021,12,18,3,3,5,3,2,0,1,0,0,0,0,"730771,519003","5380069,46687",12.126055606,48.531257002,1,2,#fc8d62,car
207898,"9,21E+18",9,7,61,0,2021,12,2,6,3,0,1,2,0,1,0,0,0,0,"641350,817041","5360454,80172",10.909052337,48.381412447,2,2,#fc8d62,car
207900,"9,21E+18",9,1,62,0,2021,12,11,2,3,5,3,0,0,1,0,0,0,0,"691015,768442","5336915,65874",11.568572554,48.156771376,0,2,#fc8d62,car
207906,"9,21E+18",9,1,62,0,2021,12,13,5,2,5,3,0,1,1,0,0,0,0,"684005,644288","5339652,94184",11.475585637,48.183442589,1,1,#66c2a5,bicycle
207912,"9,21E+18",9,7,72,177,2021,12,2,6,3,8,1,2,0,1,0,0,0,0,"636570,590961","5379706,73309",10.850813546,48.555574257,2,2,#fc8d62,car
207913,"9,21E+18",9,7,62,0,2021,12,18,4,2,6,4,2,0,1,1,0,0,0,"621579,040846","5304901,24612",10.626283772,47.88592262,2,2,#fc8d62,car
207916,"9,21E+18",9,1,62,0,2021,12,14,3,3,5,3,0,0,1,0,0,0,0,"699792,888882","5333069,50838",11.684662149,48.119508916,1,2,#fc8d62,car
207917,"9,21E+18",9,7,61,0,2021,12,12,7,3,6,1,0,1,0,1,0,0,0,"639143,908102","5356895,6068",10.878085696,48.349899598,1,1,#66c2a5,bicycle
207918,"9,21E+18",9,1,62,0,2021,12,18,2,3,2,6,2,0,1,0,0,1,0,"698563,416001","5335267,292",11.669184166,48.139645437,1,2,#fc8d62,car
207919,"9,21E+18",9,1,62,0,2021,11,16,5,2,0,5,2,0,1,0,0,0,1,"691534,258587","5336702,6228",11.575441458,48.154700692,0,2,#fc8d62,car
207920,"9,21E+18",9,1,79,121,2021,11,10,2,3,0,1,0,1,0,0,0,0,0,"667660,085872","5339967,371",11.255984462,48.190793543,2,1,#66c2a5,bicycle
207923,"9,21E+18",9,1,62,0,2021,12,22,7,3,2,6,2,0,1,0,0,0,0,"692024,286581","5336387,53504",11.581881457,48.151720978,1,2,#fc8d62,car
207924,"9,21E+18",9,1,62,0,2021,11,6,3,3,5,3,2,1,1,0,0,0,0,"688628,969265","5331661,31726",11.534183874,48.110256985,0,1,#66c2a5,bicycle
207927,"9,21E+18",9,1,78,130,2021,12,8,5,3,4,1,0,0,1,0,0,0,0,"702905,300001","5356223,548",11.737516282,48.326600838,2,2,#fc8d62,car
207930,"9,21E+18",9,1,62,0,2021,11,19,5,3,0,2,2,1,1,0,0,0,0,"688863,717106","5336245,19128",11.539366206,48.151387934,0,1,#66c2a5,bicycle
207932,"9,21E+18",9,1,62,0,2021,12,20,6,3,9,7,2,0,1,0,0,0,0,"693178,442067","5337965,90771",11.598099927,48.165557398,0,2,#fc8d62,car
207933,"9,21E+18",9,7,61,0,2021,12,10,2,3,6,1,0,0,1,1,0,0,0,"640286,779845","5357287,34435",10.893633362,48.353169167,0,2,#fc8d62,car
207934,"9,21E+18",9,1,62,0,2021,12,20,6,3,3,6,2,0,1,0,0,0,0,"692487,678508","5335459,27371",11.58768574,48.143237913,1,2,#fc8d62,car
207941,"9,21E+18",9,1,62,0,2021,12,11,4,3,5,2,0,0,1,0,0,1,0,"699998,343001","5335306,739",11.688469716,48.139550571,0,2,#fc8d62,car
207946,"9,21E+18",9,1,79,121,2021,12,8,3,2,6,4,0,1,0,1,0,0,0,"667487,152027","5339226,95571",11.253367429,48.184182893,1,1,#66c2a5,bicycle
207948,"9,21E+18",9,1,62,0,2021,12,19,7,3,4,3,2,0,1,0,0,0,1,"688281,843972","5330492,50429",11.5290093,48.099854111,0,2,#fc8d62,car
207951,"9,21E+18",9,1,62,0,2021,11,15,3,3,5,3,0,0,1,0,0,0,0,"690319,82771","5335870,2341",11.55875651,48.147583799,1,2,#fc8d62,car
207956,"9,21E+18",9,2,61,0,2021,12,7,3,3,7,7,1,0,1,0,0,0,1,"731423,805174","5381454,39236",12.135646752,48.543457467,1,2,#fc8d62,car
207960,"9,21E+18",9,7,61,0,2021,12,17,6,3,4,1,2,0,1,0,0,0,1,"643017,948415","5357661,87557",10.930605219,48.355924148,2,2,#fc8d62,car
207962,"9,21E+18",9,7,61,0,2021,12,16,5,3,5,2,0,1,1,0,0,0,0,"643541,03087","5359437,81774",10.938268137,48.371773775,1,1,#66c2a5,bicycle
207964,"9,21E+18",9,1,62,0,2021,12,15,2,3,2,3,0,1,1,0,0,0,0,"693102,873839","5333777,70597",11.595185003,48.127938014,1,1,#66c2a5,bicycle
207967,"9,21E+18",9,7,61,0,2021,12,14,5,3,0,1,0,0,0,0,1,0,0,"641841,296845","5359403,0124",10.915317906,48.371845135,1,4,#e78ac3,marker
207974,"9,21E+18",9,1,87,117,2021,12,10,1,3,5,3,0,1,1,0,0,0,0,"724463,755097","5305191,61916",12.001151157,47.860814803,0,1,#66c2a5,bicycle
207980,"9,21E+18",9,1,74,121,2021,12,19,3,3,0,1,2,0,1,0,0,0,0,"690357,89871","5355523,01981",11.568098096,48.324207707,1,2,#fc8d62,car
207981,"9,21E+18",9,1,62,0,2021,12,19,3,3,3,1,2,1,0,0,0,0,0,"692269,04257","5338496,99368",11.586122295,48.17060635,1,1,#66c2a5,bicycle
207983,"9,21E+18",9,1,62,0,2021,11,19,5,3,5,2,2,1,1,0,0,0,0,"690545,155382","5336945,59394",11.562264239,48.157181617,1,1,#66c2a5,bicycle
207985,"9,21E+18",9,7,61,0,2021,12,19,7,3,3,1,2,0,1,0,0,0,0,"641913,703481","5361085,75043",10.916863232,48.386959282,0,2,#fc8d62,car
207986,"9,21E+18",9,1,78,143,2021,12,12,6,3,4,3,0,0,1,0,0,0,0,"716753,148885","5373102,47908",11.932812542,48.473658927,1,2,#fc8d62,car
207988,"9,21E+18",9,1,79,117,2021,11,16,3,3,4,6,1,0,1,0,0,0,0,"664737,653548","5348665,67882",11.220073421,48.269756707,2,2,#fc8d62,car
207989,"9,21E+18",9,1,62,0,2021,12,16,5,3,5,7,2,0,1,0,1,0,0,"688901,854165","5342831,79245",11.542806488,48.210577258,1,2,#fc8d62,car
207991,"9,21E+18",9,1,62,0,2021,12,18,3,3,6,4,2,0,0,1,0,0,1,"694091,612704","5332862,80775",11.608042233,48.119414524,1,3,#8da0cb,toilet
207994,"9,21E+18",9,7,61,0,2021,12,9,4,3,2,6,0,0,1,0,0,0,0,"644502,434012","5356055,0713",10.95008085,48.341138726,1,2,#fc8d62,car
207995,"9,21E+18",9,1,62,0,2021,12,18,5,3,6,2,2,0,1,1,0,0,0,"689617,082326","5342140,8693",11.552115521,48.204154033,1,2,#fc8d62,car
207997,"9,21E+18",9,1,62,0,2021,12,11,1,3,5,2,0,1,1,0,0,0,0,"688542,286308","5334407,05187",11.534234899,48.134961827,0,1,#66c2a5,bicycle
207998,"9,21E+18",9,1,84,149,2021,12,13,2,3,5,3,0,1,1,0,0,0,0,"690415,396001","5351183,655",11.566915321,48.285189648,0,1,#66c2a5,bicycle
208000,"9,21E+18",9,7,61,0,2021,11,9,2,3,2,6,0,0,1,0,0,0,0,"639972,364618","5359282,90834",10.890055649,48.371182485,2,2,#fc8d62,car
208001,"9,21E+18",9,7,72,209,2021,12,14,1,3,0,1,0,1,0,0,0,0,0,"636836,095688","5336806,49473",10.840455179,48.169760235,0,1,#66c2a5,bicycle
208002,"9,21E+18",9,1,62,0,2021,12,16,6,3,6,2,2,0,1,1,0,0,0,"691515,947312","5337192,16849",11.57541584,48.159106165,1,2,#fc8d62,car
208004,"9,21E+18",9,1,62,0,2021,12,15,4,3,6,4,0,1,0,1,0,0,0,"689537,182349","5332112,67203",11.546573595,48.114044209,0,1,#66c2a5,bicycle
208008,"9,21E+18",9,7,71,113,2021,11,9,6,3,0,7,0,1,0,0,0,0,0,"657179,616063","5369603,06919",11.126116039,48.4599137,1,1,#66c2a5,bicycle
208010,"9,21E+18",9,7,72,147,2021,12,13,6,3,6,7,0,0,0,1,1,0,0,"639031,090873","5365041,61305",10.879259477,48.423171223,1,3,#8da0cb,toilet
208013,"9,21E+18",9,1,62,0,2021,11,11,3,3,6,2,0,0,1,1,0,0,0,"689498,636952","5332877,58836",11.546396173,48.12093083,1,2,#fc8d62,car
208015,"9,21E+18",9,1,62,0,2021,12,7,5,2,6,4,0,0,1,1,0,0,0,"681085,951045","5335420,7073",11.434539586,48.146238843,1,2,#fc8d62,car
208016,"9,21E+18",9,1,87,182,2021,12,10,4,2,6,7,0,0,1,1,0,0,0,"740716,594069","5328150,85438",12.230961131,48.061175404,1,2,#fc8d62,car
208017,"9,21E+18",9,1,62,0,2021,12,20,2,3,5,3,2,0,1,0,0,0,0,"693685,827571","5332919,59539",11.602621266,48.120048472,0,2,#fc8d62,car
208018,"9,21E+18",9,1,84,139,2021,12,17,3,3,0,7,2,1,0,0,0,0,0,"687891,115644","5325648,58029",11.521636442,48.056430645,1,1,#66c2a5,bicycle
208022,"9,21E+18",9,1,86,143,2021,12,12,6,2,4,2,0,1,1,0,0,0,0,"685585,088705","5377914,30327",11.513684522,48.526877033,1,1,#66c2a5,bicycle
208026,"9,21E+18",9,1,85,158,2021,12,13,2,3,2,7,0,1,1,0,0,0,0,"667089,491","5380917,598",11.264587848,48.559070589,0,1,#66c2a5,bicycle
208027,"9,21E+18",9,1,78,124,2021,12,0,3,3,6,4,2,0,1,1,0,0,0,"704161,76393","5363875,14834",11.758159976,48.394955126,0,2,#fc8d62,car
208029,"9,21E+18",9,1,62,0,2021,12,17,1,3,3,6,2,0,1,0,0,0,0,"684507,21391","5333139,66864",11.479503158,48.124752563,1,2,#fc8d62,car
208030,"9,21E+18",9,1,62,0,2021,12,8,6,3,1,1,0,0,1,0,0,0,0,"687379,086104","5340071,98077",11.521111076,48.186223021,1,2,#fc8d62,car
208032,"9,21E+18",9,2,74,126,2021,12,23,5,3,5,3,2,0,1,0,0,0,0,"732759,165189","5384290,61857",12.155297033,48.568440427,1,2,#fc8d62,car
208037,"9,21E+18",9,1,77,117,2021,12,12,6,3,0,1,0,1,0,0,0,0,0,"714733,61107","5355249,27666",11.896396909,48.3139402,0,1,#66c2a5,bicycle
208038,"9,21E+18",9,1,84,127,2021,12,21,5,3,0,7,2,1,0,0,0,0,0,"702217,377147","5322302,04649",11.71210976,48.021976794,1,1,#66c2a5,bicycle
208043,"9,21E+18",9,1,77,115,2021,12,18,2,3,0,1,2,1,0,0,0,0,0,"733390,497483","5351554,0597",12.145626758,48.274137353,1,1,#66c2a5,bicycle