OBJECTID,UIDENTSTLA,ULAND,UREGBEZ,UKREIS,UGEMEINDE,UJAHR,UMONAT,USTUNDE,UWOCHENTAG,UKATEGORIE,UART,UTYP1,ULICHTVERH,IstRad,IstPKW,IstFuss,IstKrad,IstGkfz,IstSonstig,LINREFX,LINREFY,XGCSWGS84,YGCSWGS84,STRZUSTAN,Teilnehmer,color,symbol
208044,"9,21E+18",9,1,86,152,2021,12,1,7,2,6,7,2,0,1,1,0,0,0,"690825,326976","5376059,89898",11.58373932,48.508640104,1,2,#fc8d62,car
208045,"9,21E+18",9,1,62,0,2021,12,17,4,3,3,3,2,1,1,0,0,0,0,"690595,03878","5337228,97206",11.563061272,48.15971365,1,1,#66c2a5,bicycle
208046,"9,21E+18",9,1,73,147,2021,12,9,5,3,5,7,0,0,1,0,0,0,0,"682187,171815","5308701,44558",11.437970892,47.905746202,0,2,#fc8d62,car
208048,"9,21E+18",9,1,62,0,2021,12,12,7,3,4,2,0,0,1,0,0,0,0,"686201,614295","5335683,85039",11.503363061,48.147127316,1,2,#fc8d62,car
208049,"9,21E+18",9,1,84,148,2021,12,14,2,3,5,3,0,1,1,0,0,0,0,"695438,325838","5327120,80685",11.62349036,48.067395872,1,1,#66c2a5,bicycle
208050,"9,21E+18",9,1,78,145,2021,11,14,7,3,5,3,0,0,1,0,0,0,0,"697453,059354","5354661,00272",11.663309016,48.314284793,1,2,#fc8d62,car
208053,"9,21E+18",9,1,84,119,2021,12,16,6,3,5,3,1,1,1,0,0,0,0,"697136,800005","5346575,56102",11.655277144,48.241719069,1,1,#66c2a5,bicycle
208054,"9,21E+18",9,1,62,0,2021,11,13,3,3,5,3,0,1,1,0,0,0,0,"683315,601114","5338960,96966",11.466012325,48.177422235,1,1,#66c2a5,bicycle
208055,"9,21E+18",9,1,62,0,2021,12,14,4,3,5,3,0,0,1,0,0,1,0,"687991,573776","5339460,32608",11.529072903,48.180544439,1,2,#fc8d62,car
208056,"9,21E+18",9,7,72,149,2021,12,15,5,2,5,3,0,1,1,0,0,0,0,"637269,208558","5340346,35169",10.847421391,48.201497994,1,1,#66c2a5,bicycle
208057,"9,21E+18",9,1,62,0,2021,12,15,5,2,5,3,0,1,1,0,0,0,0,"690882,285863","5334272,54031",11.565594532,48.133055307,1,1,#66c2a5,bicycle
208062,"9,21E+18",9,7,61,0,2021,12,1,7,2,6,4,2,0,1,1,0,0,0,"640392,092214","5359178,43637",10.895685156,48.370149876,1,2,#fc8d62,car
208066,"9,21E+18",9,7,61,0,2021,12,15,3,3,0,5,0,1,1,0,0,0,0,"641335,102699","5359222,03646",10.908425763,48.370331438,1,1,#66c2a5,bicycle
208068,"9,21E+18",9,1,73,126,2021,12,15,4,3,4,7,0,0,1,0,0,0,0,"684057,589033","5306225,31546",11.46192049,47.882954264,0,2,#fc8d62,car
208069,"9,21E+18",9,1,62,0,2021,12,10,6,3,2,6,0,0,1,0,0,0,0,"689649,970138","5334565,66022",11.549178874,48.136058285,1,2,#fc8d62,car
208078,"9,21E+18",9,1,62,0,2021,12,11,6,3,0,7,0,1,0,0,0,0,0,"690441,814681","5335350,96507",11.560162601,48.142880118,1,1,#66c2a5,bicycle
208079,"9,21E+18",9,1,62,0,2021,12,12,4,3,1,5,0,1,1,0,0,0,0,"691627,428357","5335394,51784",11.576104078,48.142915579,0,1,#66c2a5,bicycle
208080,"9,21E+18",9,7,72,202,2021,12,7,5,3,5,3,2,1,0,0,0,0,1,"636919,188435","5358728,64752",10.848670528,48.366868407,1,1,#66c2a5,bicycle
208084,"9,21E+18",9,1,62,0,2021,11,14,5,2,2,6,0,0,1,0,0,0,0,"688715,653173","5333425,51018",11.53612808,48.126088192,0,2,#fc8d62,car
208085,"9,21E+18",9,7,61,0,2021,11,16,1,3,4,2,2,0,1,0,0,0,0,"638510,433321","5362332,69524",10.871331477,48.398928048,1,2,#fc8d62,car
208088,"9,21E+18",9,1,62,0,2021,12,20,4,3,4,2,2,0,1,0,1,0,0,"689476,680866","5342612,91587",11.550438532,48.208438677,1,2,#fc8d62,car
208092,"9,21E+18",9,1,62,0,2021,12,19,4,3,2,6,2,0,1,0,1,0,0,"679539,362671","5336227,47714",11.414106612,48.153929241,1,2,#fc8d62,car
208094,"9,21E+18",9,1,74,122,2021,12,21,7,3,0,1,2,1,0,0,0,0,0,"682719,086914","5351640,60635",11.463463763,48.291565093,1,1,#66c2a5,bicycle
208101,"9,21E+18",9,1,78,124,2021,12,17,4,3,0,7,2,1,0,0,0,0,0,"704256,604298","5365322,14306",11.760143621,48.407927269,2,1,#66c2a5,bicycle
208124,"9,21E+18",9,1,63,0,2021,12,15,5,2,5,3,0,1,1,0,0,0,0,"733329,754571","5305277,76398",12.119560612,47.85843085,0,1,#66c2a5,bicycle
208133,"9,21E+18",9,1,62,0,2021,12,17,5,3,6,2,2,0,1,1,0,0,0,"684430,396303","5333633,83328",11.478685696,48.12921665,1,2,#fc8d62,car
208134,"9,21E+18",9,7,61,0,2021,12,7,3,3,5,3,2,0,1,0,0,0,0,"637445,064","5357325,356",10.855308561,48.354135862,1,2,#fc8d62,car
208143,"9,21E+18",9,1,62,0,2021,12,22,7,3,8,1,2,0,1,0,0,0,0,"696812,806001","5337078,321",11.646515054,48.156465656,1,2,#fc8d62,car
208148,"9,21E+18",9,1,62,0,2021,12,12,6,3,4,7,0,0,1,0,1,0,0,"692414,112091","5338895,52558",11.588251866,48.174144348,0,2,#fc8d62,car
208153,"9,21E+18",9,7,61,0,2021,12,14,4,3,5,3,0,0,1,0,0,0,0,"640574,303163","5352992,60508",10.896079382,48.314488109,0,2,#fc8d62,car
208166,"9,21E+18",9,1,62,0,2021,12,7,4,3,5,3,1,1,1,0,0,0,0,"698264,925832","5333189,26065",11.664209358,48.121062742,2,1,#66c2a5,bicycle
208171,"9,21E+18",9,1,62,0,2021,12,16,5,2,4,1,2,0,1,0,0,0,0,"694546,398674","5342682,15578",11.618637865,48.207527511,1,2,#fc8d62,car
208176,"9,21E+18",9,1,77,112,2021,12,15,4,3,0,7,0,0,0,0,0,0,1,"715682,248447","5366594,39688",11.914991238,48.41555312,0,6,#ffd92f,circle
208181,"9,21E+18",9,1,63,0,2021,12,5,6,3,5,3,2,1,1,0,0,0,0,"732577,060924","5303581,99148",12.108601134,47.843468592,1,1,#66c2a5,bicycle
208182,"9,21E+18",9,1,62,0,2021,12,15,2,3,4,7,0,1,1,0,0,0,0,"689077,836001","5334934,493",11.541660126,48.13954364,0,1,#66c2a5,bicycle
208193,"9,21E+18",9,1,90,148,2021,12,12,5,3,1,7,0,0,1,0,0,0,1,"641771,421","5298054,479",10.893998038,47.820211047,0,2,#fc8d62,car
208194,"9,21E+18",9,1,62,0,2021,12,14,2,3,3,2,0,1,0,0,0,1,0,"695759,198562","5332860,29901",11.630424334,48.118881504,0,1,#66c2a5,bicycle
208210,"9,21E+18",9,7,72,163,2021,12,10,4,3,2,6,0,0,1,0,0,0,1,"639980,839203","5347696,17318",10.886323757,48.266995073,0,2,#fc8d62,car
208220,"9,21E+18",9,1,62,0,2021,12,9,5,3,3,2,0,1,1,0,0,0,0,"685078,902926","5337690,98993",11.489156774,48.165496015,1,1,#66c2a5,bicycle
208221,"9,21E+18",9,1,62,0,2021,12,17,3,3,6,4,2,0,1,1,0,0,0,"684269,208028","5337522,26401",11.478204542,48.164214634,1,2,#fc8d62,car
208238,"9,21E+18",9,7,61,0,2021,12,20,6,3,8,2,2,0,1,0,0,0,0,"641807,089968","5361306,07489",10.915498385,48.388964317,1,2,#fc8d62,car
208239,"9,21E+18",9,1,62,0,2021,12,11,3,3,9,1,0,0,1,0,0,0,0,"687879,969401","5329952,30753",11.52337898,48.095117285,1,2,#fc8d62,car
208256,"9,21E+18",9,1,90,148,2021,12,12,6,3,5,3,0,1,1,0,0,0,0,"641232,709829","5296666,37634",10.886352855,47.807846887,0,1,#66c2a5,bicycle
208260,"9,21E+18",9,1,62,0,2021,12,11,4,3,5,3,0,0,1,0,0,0,0,"698030,132794","5334622,11152",11.661723614,48.134013224,1,2,#fc8d62,car
208265,"9,21E+18",9,1,62,0,2021,12,14,6,3,4,1,0,0,1,0,0,0,0,"688419,822301","5333853,37739",11.532345647,48.130021571,1,2,#fc8d62,car
208266,"9,21E+18",9,1,62,0,2021,12,15,4,3,1,6,0,0,1,0,0,0,0,"681569,38205","5337380,2522",11.441868895,48.163714936,0,2,#fc8d62,car
208272,"9,21E+18",9,1,73,126,2021,12,12,4,3,5,3,0,0,1,0,0,0,0,"683950,274896","5306343,37804",11.460536734,47.884046292,0,2,#fc8d62,car
208289,"9,21E+18",9,7,61,0,2021,12,13,1,3,5,3,0,0,1,0,0,0,0,"641793,835884","5358080,32995",10.914231508,48.359962791,1,2,#fc8d62,car
208295,"9,21E+18",9,7,61,0,2021,12,17,4,3,1,1,2,0,1,0,0,0,0,"641094,323266","5358304,42196",10.904868607,48.36213446,1,2,#fc8d62,car
208300,"9,21E+18",9,1,87,117,2021,12,14,5,3,5,3,0,1,1,0,0,0,0,"724161,071002","5305041,14099",11.997031906,47.859568402,0,1,#66c2a5,bicycle
208307,"9,21E+18",9,1,62,0,2021,12,12,5,3,5,3,0,0,1,0,0,0,0,"686799,897695","5332201,39106",11.50987185,48.115650409,0,2,#fc8d62,car
208311,"9,21E+18",9,1,62,0,2021,12,7,4,3,0,7,0,1,0,0,0,0,0,"689353,871527","5333613,41254",11.544779749,48.127587566,0,1,#66c2a5,bicycle
208317,"9,21E+18",9,1,62,0,2021,12,20,4,3,6,2,2,0,1,1,0,0,0,"687751,745445","5331236,40232",11.522223452,48.106696906,1,2,#fc8d62,car
208323,"9,21E+18",9,1,88,139,2021,12,8,4,3,6,4,0,0,1,1,0,0,0,"674764,95597","5319291,06038",11.343038872,48.003009145,0,2,#fc8d62,car
208328,"9,21E+18",9,1,62,0,2021,12,14,5,3,2,6,0,0,1,0,0,0,0,"686501,495469","5337489,64975",11.50818222,48.163270562,1,2,#fc8d62,car
208339,"9,21E+18",9,1,62,0,2021,12,18,4,3,2,6,2,0,1,0,0,0,0,"685330,068671","5337745,28477",11.49255509,48.165910867,0,2,#fc8d62,car
208345,"9,21E+18",9,1,62,0,2021,12,11,4,3,1,1,0,1,1,0,0,0,0,"690408,744001","5335499,648",11.55978497,48.144226374,1,1,#66c2a5,bicycle
208350,"9,21E+18",9,1,88,121,2021,12,17,4,3,0,7,2,1,1,0,0,0,0,"670874,691469","5330922,954",11.295572575,48.108630148,0,1,#66c2a5,bicycle
208362,"9,21E+18",9,1,62,0,2021,12,15,6,3,5,2,0,1,0,0,0,0,0,"688608,910204","5332647,33084",11.534350728,48.119125409,0,1,#66c2a5,bicycle
208367,"9,21E+18",9,7,61,0,2021,12,16,4,3,3,6,0,0,1,0,0,0,0,"640399,440572","5359179,67922",10.895784738,48.370159417,1,2,#fc8d62,car
208372,"9,21E+18",9,1,77,131,2021,12,14,4,3,5,3,0,1,1,0,0,0,0,"711098,888415","5348049,2125",11.843837527,48.250466634,0,1,#66c2a5,bicycle
208377,"9,21E+18",9,1,81,146,2021,12,10,4,3,6,7,0,0,1,1,0,0,0,"652283,360674","5325642,9163",11.044104268,48.065872297,0,2,#fc8d62,car
208381,"9,21E+18",9,1,79,123,2021,12,14,5,3,1,5,0,0,1,0,0,0,0,"677282,91747","5334206,30211",11.382951974,48.136393582,1,2,#fc8d62,car
208387,"9,21E+18",9,1,62,0,2021,12,14,6,3,1,6,0,0,1,0,0,0,1,"684078,312782","5337538,79835",11.475646869,48.164418555,0,2,#fc8d62,car
208391,"9,21E+18",9,1,62,0,2021,12,7,4,3,2,6,1,0,1,0,0,1,0,"685077,443669","5328948,30082",11.485340645,48.086912766,1,2,#fc8d62,car
208397,"9,21E+18",9,1,79,142,2021,12,16,5,3,0,1,1,1,0,0,0,0,0,"673654,640805","5342195,68166",11.337488579,48.209214025,1,1,#66c2a5,bicycle
208408,"9,21E+18",9,1,62,0,2021,12,15,3,3,5,3,0,0,1,0,0,0,0,"686486,893364","5338340,25821",11.508359056,48.170920364,1,2,#fc8d62,car
208420,"9,21E+18",9,1,87,122,2021,12,15,5,3,0,7,0,1,0,0,0,0,0,"716793,736486","5306493,35096",11.899391596,47.875145552,0,1,#66c2a5,bicycle
208426,"9,21E+18",9,1,82,116,2021,12,11,6,3,4,2,0,0,1,0,0,0,0,"703697,835001","5292500,141",11.717882895,47.753671536,0,2,#fc8d62,car
208434,"9,21E+18",9,1,78,137,2021,12,15,5,2,0,1,0,1,0,0,0,0,0,"694367,515385","5365097,52166",11.626556962,48.409035375,0,1,#66c2a5,bicycle
208442,"9,21E+18",9,1,88,139,2021,12,12,6,2,5,2,0,1,1,0,0,0,0,"674927,390777","5318594,55646",11.344930796,47.9967034,0,1,#66c2a5,bicycle
208451,"9,21E+18",9,7,62,0,2021,12,14,6,3,5,3,0,0,1,0,0,0,0,"622423,895766","5307741,22317",10.638385949,47.911303836,1,2,#fc8d62,car
208462,"9,21E+18",9,1,63,0,2021,12,13,6,3,6,4,0,0,1,1,0,0,0,"732517,432291","5305233,63166",12.108692898,47.85832877,0,2,#fc8d62,car
208463,"9,21E+18",9,1,62,0,2021,12,23,3,3,5,3,2,0,1,0,1,0,0,"688334,292792","5340829,78802",11.534286012,48.192751789,1,2,#fc8d62,car
208474,"9,21E+18",9,1,79,121,2021,12,15,5,3,5,3,0,0,1,0,0,0,0,"665223,62605","5336585,62266",11.221911337,48.161029681,0,2,#fc8d62,car
208475,"9,21E+18",9,1,62,0,2021,12,16,2,3,6,4,1,0,1,1,0,0,0,"691067,731795","5334363,17287",11.568125108,48.133814261,0,2,#fc8d62,car
208480,"9,21E+18",9,1,62,0,2021,12,16,5,2,3,2,1,0,1,0,0,0,1,"687354,884281","5331973,40809",11.517221127,48.113438194,0,2,#fc8d62,car
208497,"9,21E+18",9,1,78,143,2021,12,16,4,3,2,3,2,0,1,0,0,0,0,"716752,536537","5373104,57378",11.932805353,48.473677958,0,2,#fc8d62,car
208529,"9,21E+18",9,1,62,0,2021,12,0,7,3,1,1,2,0,1,0,0,0,0,"685523,142241","5334431,21083",11.493704686,48.136066285,1,2,#fc8d62,car
208543,"9,21E+18",9,1,87,122,2021,12,16,4,3,0,7,1,1,0,0,0,0,0,"719547,297249","5308308,55113",11.937090564,47.890520766,1,1,#66c2a5,bicycle
208554,"9,21E+18",9,1,62,0,2021,12,20,7,2,6,4,2,0,1,1,0,0,0,"695551,42964","5336683,75444",11.629390773,48.153308628,1,2,#fc8d62,car
208563,"9,21E+18",9,1,62,0,2021,12,17,4,3,2,6,2,0,1,0,0,0,0,"688679,446892","5332403,68311",11.535189758,48.116914562,0,2,#fc8d62,car
208566,"9,21E+18",9,1,62,0,2021,12,13,5,3,6,2,0,0,1,1,0,0,0,"695866,518001","5334449,906",11.632595308,48.13313507,0,2,#fc8d62,car
208567,"9,21E+18",9,1,84,149,2021,12,10,2,3,5,3,0,1,0,0,0,0,0,"690818,318001","5350636,757",11.572094323,48.280152996,0,1,#66c2a5,bicycle
208583,"9,21E+18",9,1,73,126,2021,12,18,4,3,6,2,2,0,1,1,0,0,0,"685608,69676","5303595,42305",11.481518252,47.858867773,1,2,#fc8d62,car
208592,"9,21E+18",9,1,62,0,2021,12,15,5,3,5,3,0,0,1,0,0,0,0,"686498,861419","5331062,89674",11.505333332,48.105505397,0,2,#fc8d62,car
208593,"9,21E+18",9,1,75,122,2021,12,13,4,3,4,6,0,1,1,0,0,0,0,"720741,068289","5325534,33992",11.961882905,48.044889202,0,1,#66c2a5,bicycle
208603,"9,21E+18",9,7,61,0,2021,12,16,1,3,5,3,0,0,1,0,0,0,0,"639996,575","5359448,393",10.890437476,48.372665103,1,2,#fc8d62,car
208613,"9,21E+18",9,7,61,0,2021,12,12,4,3,6,7,0,0,1,1,0,0,0,"641414,001211","5362154,52726",10.910477383,48.396681488,1,2,#fc8d62,car
208645,"9,21E+18",9,7,61,0,2021,12,13,6,3,2,5,0,0,1,0,0,0,0,"639494,214402","5360072,32084",10.883864725,48.378386537,1,2,#fc8d62,car
208646,"9,21E+18",9,1,62,0,2021,12,16,3,3,4,7,1,1,0,0,0,0,1,"683228,648796","5336201,18941",11.463654756,48.152640762,1,1,#66c2a5,bicycle
208668,"9,21E+18",9,1,84,146,2021,12,16,4,3,0,2,1,1,1,0,0,0,0,"698724,747001","5328097,828",11.668011059,48.075161377,0,1,#66c2a5,bicycle
208680,"9,21E+18",9,2,61,0,2021,12,16,4,3,5,3,1,1,1,0,0,0,0,"730602,410161","5381845,0131",12.124750856,48.547268791,1,1,#66c2a5,bicycle
208696,"9,21E+18",9,2,61,0,2021,12,19,5,3,0,7,2,1,0,0,0,0,0,"731731,368321","5381779,88604",12.139988566,48.546267807,2,1,#66c2a5,bicycle
208697,"9,21E+18",9,7,61,0,2021,12,19,2,3,2,6,2,0,1,0,0,0,0,"639261,265411","5360360,57462",10.880816032,48.381029898,0,2,#fc8d62,car
208703,"9,21E+18",9,1,62,0,2021,12,10,2,3,2,6,0,0,1,0,0,0,0,"693286,885957","5331381,77743",11.596569361,48.106348163,1,2,#fc8d62,car
208714,"9,21E+18",9,1,62,0,2021,12,15,4,3,1,6,0,0,1,0,0,0,0,"687566,391989","5329881,26823",11.519140397,48.094571129,0,2,#fc8d62,car
208724,"9,21E+18",9,7,61,0,2021,12,10,4,3,2,6,0,0,1,0,0,0,0,"640754,444634","5359999,7532",10.900850095,48.377454156,1,2,#fc8d62,car
208729,"9,21E+18",9,7,78,203,2021,12,9,6,3,5,3,0,0,1,0,0,0,0,"622248,708592","5321790,68116",10.640039813,48.037691701,1,2,#fc8d62,car
208730,"9,21E+18",9,1,87,182,2021,12,14,5,3,6,6,0,0,1,1,0,0,0,"740349,36338","5328234,56442",12.2260872,48.06206577,0,2,#fc8d62,car
208740,"9,21E+18",9,1,77,117,2021,12,12,6,3,9,6,0,1,1,0,0,0,0,"715628,355991","5353986,43279",11.90780418,48.302289024,1,1,#66c2a5,bicycle
208758,"9,21E+18",9,7,78,134,2021,12,7,5,3,0,7,1,0,1,1,0,0,0,"617119,080727","5340333,71999",10.576345495,48.205421916,0,2,#fc8d62,car
208759,"9,21E+18",9,1,62,0,2021,12,19,4,3,6,2,2,0,1,1,0,0,0,"695537,657312","5336708,32988",11.629217083,48.153533733,1,2,#fc8d62,car
208767,"9,21E+18",9,7,61,0,2021,12,4,5,3,5,2,2,1,1,0,0,0,0,"638861,519913","5360280,58873",10.875393787,48.380398797,0,1,#66c2a5,bicycle
208768,"9,21E+18",9,1,62,0,2021,12,18,3,3,5,7,2,0,1,0,0,0,0,"693863,351769","5332979,70501",11.605031494,48.120534695,1,2,#fc8d62,car
208784,"9,21E+18",9,1,62,0,2021,12,18,3,3,2,6,2,0,1,0,0,0,0,"691408,767443","5332079,96496",11.571678922,48.113190505,0,2,#fc8d62,car
208789,"9,21E+18",9,1,84,112,2021,12,12,5,3,2,6,0,0,1,0,0,1,1,"703059,596001","5338350,843",11.731024734,48.165937592,0,2,#fc8d62,car
208790,"9,21E+18",9,1,62,0,2021,12,2,2,3,1,1,2,0,1,0,0,0,0,"678804,994377","5334870,75328",11.403671371,48.141940509,1,2,#fc8d62,car
208800,"9,21E+18",9,1,78,124,2021,12,17,1,3,2,6,2,0,1,0,0,0,0,"704950,727001","5363471,122",11.76860857,48.391068636,0,2,#fc8d62,car
208817,"9,21E+18",9,1,62,0,2021,12,6,3,3,5,2,2,1,1,0,0,0,0,"691001,81928","5336437,30762",11.568170474,48.152476196,1,1,#66c2a5,bicycle
208826,"9,21E+18",9,7,72,163,2021,12,21,2,3,3,3,2,0,1,0,0,0,0,"640565,578844","5349756,65676",10.894884233,48.285393092,1,2,#fc8d62,car
208842,"9,21E+18",9,1,62,0,2021,12,13,7,3,1,6,0,0,1,0,0,0,0,"688561,849632","5332383,28109",11.533602244,48.116766016,1,2,#fc8d62,car
208857,"9,21E+18",9,1,62,0,2021,12,16,5,3,5,3,2,1,1,0,0,0,0,"692981,962723","5340991,02829",11.596833942,48.192805823,1,1,#66c2a5,bicycle
208868,"9,21E+18",9,1,62,0,2021,12,10,5,3,1,5,0,1,1,0,0,0,0,"691678,558949","5334430,63373",11.576356941,48.13423692,0,1,#66c2a5,bicycle
208869,"9,21E+18",9,1,62,0,2021,12,18,3,3,5,3,2,0,1,0,0,0,0,"688469,58324","5339911,25302",11.535697109,48.184455801,1,2,#fc8d62,car
208892,"9,21E+18",9,1,62,0,2021,12,17,4,3,1,6,2,1,1,0,0,0,0,"687560,179458","5327967,66632",11.518216761,48.077372835,0,1,#66c2a5,bicycle
208899,"9,21E+18",9,1,74,126,2021,12,16,5,3,0,1,0,1,0,0,0,0,0,"683092,525699","5343531,25583",11.464985408,48.218566778,0,1,#66c2a5,bicycle
208929,"9,21E+18",9,1,62,0,2021,12,16,6,3,5,7,1,0,1,0,0,0,0,"694313,994168","5332828,16397",11.611011407,48.119035335,0,2,#fc8d62,car
208940,"9,21E+18",9,1,75,122,2021,12,11,6,2,0,1,0,1,0,0,0,0,0,"720984,121096","5323135,08371",11.963902003,48.023247623,0,1,#66c2a5,bicycle
208945,"9,21E+18",9,1,62,0,2021,12,12,4,3,3,6,0,0,1,0,1,0,0,"691697,668975","5333728,07782",11.576297455,48.12791668,0,2,#fc8d62,car
208956,"9,21E+18",9,1,79,128,2021,12,7,4,3,6,4,1,0,1,1,0,0,0,"655893,738","5343262,418",11.098985035,48.223415963,0,2,#fc8d62,car
208961,"9,21E+18",9,7,61,0,2021,12,16,5,3,2,6,2,0,1,0,0,0,0,"641690,300721","5362168,71838",10.914212763,48.396747061,0,2,#fc8d62,car
208962,"9,21E+18",9,2,74,113,2021,12,14,3,3,4,6,0,1,1,0,0,0,0,"729412,460002","5381834,74899",12.108645714,48.547612829,0,1,#66c2a5,bicycle
208984,"9,21E+18",9,1,78,124,2021,12,19,5,2,0,1,2,1,0,0,0,0,0,"702677,249186","5364285,4427",11.738326577,48.399120956,2,1,#66c2a5,bicycle
208990,"9,21E+18",9,1,62,0,2021,12,11,6,3,3,2,0,1,1,0,0,0,0,"689902,942001","5334436,173",11.552517972,48.134819011,0,1,#66c2a5,bicycle
209000,"9,21E+18",9,1,62,0,2021,12,17,6,2,5,2,2,0,1,0,0,0,0,"692649,132496","5332356,3775",11.58845117,48.115300876,1,2,#fc8d62,car
209012,"9,21E+18",9,1,84,134,2021,12,12,7,2,0,7,0,1,0,0,0,0,0,"691608,316701","5324527,09253",11.570970339,48.045245419,1,1,#66c2a5,bicycle
209021,"9,21E+18",9,1,62,0,2021,12,9,4,3,5,2,0,1,1,0,0,0,0,"688123,46536","5336871,96289",11.529700314,48.157240838,1,1,#66c2a5,bicycle
209026,"9,21E+18",9,1,62,0,2021,12,14,5,3,5,6,0,0,1,0,1,0,0,"685433,084001","5333704,251",11.492178956,48.129558287,0,2,#fc8d62,car
209027,"9,21E+18",9,1,62,0,2021,12,10,4,3,0,5,0,1,1,0,0,0,0,"692394,158402","5335458,03479",11.586429283,48.143255065,1,1,#66c2a5,bicycle
209036,"9,21E+18",9,1,78,145,2021,12,18,5,3,0,1,2,1,0,0,0,0,0,"697217,333172","5355460,99206",11.660507092,48.32154783,1,1,#66c2a5,bicycle
209043,"9,21E+18",9,1,62,0,2021,12,18,4,3,6,4,2,0,0,1,0,0,1,"696294,824001","5330844,447",11.636686084,48.100599201,1,3,#8da0cb,toilet
209052,"9,21E+18",9,1,84,123,2021,12,15,5,3,5,3,0,0,1,0,0,0,1,"702460,641756","5331930,35955",11.719926983,48.108428948,0,2,#fc8d62,car
209053,"9,21E+18",9,1,83,119,2021,12,17,3,3,5,3,2,1,1,0,0,0,0,"735703,314407","5339169,90946",12.169867362,48.16203376,1,1,#66c2a5,bicycle
209058,"9,21E+18",9,1,62,0,2021,12,19,3,3,3,2,2,1,1,0,0,0,0,"687478,818202","5335657,54483",11.5205055,48.146515749,0,1,#66c2a5,bicycle
209063,"9,21E+18",9,1,79,123,2021,12,16,2,3,3,6,2,0,1,0,0,0,0,"676594,239467","5334282,87148",11.373735096,48.137273369,1,2,#fc8d62,car
209074,"9,21E+18",9,1,84,120,2021,12,18,4,3,6,7,2,0,1,1,0,0,0,"680865,123787","5333578,43629",11.430791222,48.129741748,0,2,#fc8d62,car
209079,"9,21E+18",9,1,62,0,2021,12,9,4,3,5,3,0,1,1,0,0,0,0,"686977,254522","5332157,70223",11.512233314,48.115205671,1,1,#66c2a5,bicycle
209112,"9,21E+18",9,1,84,123,2021,12,13,6,3,0,7,0,1,0,0,0,0,0,"704034,537001","5332854,366",11.741488233,48.116230563,0,1,#66c2a5,bicycle
209117,"9,21E+18",9,1,62,0,2021,12,11,2,3,6,4,0,0,1,1,0,0,0,"686185,393372","5334379,0195",11.502574715,48.13540376,0,2,#fc8d62,car
209128,"9,21E+18",9,1,62,0,2021,12,14,4,3,6,4,0,0,1,1,0,0,0,"694185,365589","5334316,78078",11.609963083,48.132453735,0,2,#fc8d62,car
209133,"9,21E+18",9,1,77,133,2021,12,5,7,3,5,3,2,0,1,0,0,0,0,"706454,359563","5359489,31989",11.786940884,48.354798063,1,2,#fc8d62,car
209139,"9,21E+18",9,1,74,118,2021,12,12,4,2,8,1,0,0,1,0,0,0,0,"670446,405394","5355235,04977",11.299595848,48.327301405,0,2,#fc8d62,car
209145,"9,21E+18",9,7,61,0,2021,12,22,3,3,3,2,2,0,1,0,0,0,1,"639389,309169","5359582,74093",10.882286442,48.374007549,1,2,#fc8d62,car
209170,"9,21E+18",9,1,62,0,2021,12,16,4,3,6,3,2,0,1,1,0,0,0,"690144,870793","5334729,67495",11.555897436,48.137384774,1,2,#fc8d62,car
209175,"9,21E+18",9,1,74,126,2021,12,17,5,3,4,2,1,0,1,0,0,0,0,"682894,153125","5344610,77286",11.462782985,48.228327242,1,2,#fc8d62,car
209182,"9,21E+18",9,1,78,143,2021,12,20,6,3,4,3,2,0,1,0,0,0,0,"716753,08076","5373102,71212",11.932811742,48.473661044,1,2,#fc8d62,car
209187,"9,21E+18",9,1,62,0,2021,12,7,4,2,5,3,2,1,1,0,0,0,0,"680454,542722","5336996,08309",11.426726792,48.160579114,1,1,#66c2a5,bicycle
209204,"9,21E+18",9,1,82,120,2021,12,13,6,3,2,6,0,0,1,0,0,0,0,"702550,790002","5306613,08054",11.709191041,47.880871836,0,2,#fc8d62,car
209205,"9,21E+18",9,7,74,198,2021,12,17,3,3,5,3,2,1,1,0,0,0,0,"613674,207","5350061,503",10.532609742,48.29353578,1,1,#66c2a5,bicycle
209216,"9,21E+18",9,1,62,0,2021,12,2,1,3,2,7,2,0,1,0,0,0,0,"690896,604289","5334415,21996",11.565850713,48.134333409,0,2,#fc8d62,car
209221,"9,21E+18",9,1,62,0,2021,12,21,6,3,6,4,2,0,1,1,0,0,0,"689103,650645","5334291,88243",11.541721499,48.133760115,0,2,#fc8d62,car
209226,"9,21E+18",9,7,61,0,2021,12,13,4,3,6,4,0,0,1,1,0,0,0,"640953,144084","5351178,71508",10.900580422,48.298093736,0,2,#fc8d62,car
209231,"9,21E+18",9,1,78,124,2021,12,11,4,3,3,7,0,1,1,0,0,0,0,"702832,121001","5364641,439",11.740588496,48.402270234,1,1,#66c2a5,bicycle
209239,"9,21E+18",9,7,61,0,2021,12,18,7,3,0,7,2,0,0,0,0,0,1,"640710,429","5358542,994",10.899768541,48.364365303,1,6,#ffd92f,circle